name,prompts_count,volume,volume_trend,intents
Ar condicionado e refrigeração,622,739015,47;47;48;58;84;84;84;100;96;96;96;96,task:2;informational:45;navigational:7;commercial:33;transactional:13
Geladeiras e Refrigeradores Frost Free e Inox,828,715796,27;27;29;35;100;100;100;48;46;46;46;46,task:2;informational:43;navigational:6;commercial:37;transactional:12
Máquinas de Lavar Roupa,1020,671917,53;52;62;71;94;94;94;100;99;99;99;99,task:5;informational:45;navigational:5;commercial:36;transactional:9
Climatizadores de Ar,223,339623,22;23;24;78;93;93;93;98;100;100;100;100,task:2;informational:44;navigational:2;commercial:40;transactional:12
Máquinas de Lavar e Secar,324,230136,37;37;41;53;97;97;97;100;97;97;97;97,task:8;informational:37;navigational:5;commercial:38;transactional:12
"Electrolux no Brasil: Geladeiras, Serviços e Lojas",138,217538,88;89;94;95;99;99;99;99;100;100;100;100,task:3;informational:45;navigational:30;commercial:12;transactional:10
Lojas Cem Brasil: móveis e eletrodomésticos,398,201445,76;71;73;85;100;100;100;94;96;96;96;96,task:2;informational:36;navigational:43;commercial:9;transactional:10
Eletrônicos e Componentes,56,132402,30;30;31;76;88;88;88;97;100;100;100;100,task:5;informational:47;navigational:4;commercial:34;transactional:10
Melhores Ar Condicionado,133,119140,18;23;25;49;73;74;74;98;100;100;100;100,task:2;informational:42;navigational:1;commercial:48;transactional:7
Geladeiras Brastemp,212,116014,66;67;71;76;94;94;94;86;100;100;100;100,task:2;informational:37;navigational:23;commercial:16;transactional:22
Freezers e Geladeiras,142,113169,66;67;70;78;88;88;88;99;100;100;100;100,task:5;informational:45;navigational:4;commercial:31;transactional:15
Refrigerantes no Brasil,67,104943,15;16;17;91;95;95;95;38;100;100;100;100,task:2;informational:64;navigational:5;commercial:19;transactional:10
Promoções de Casa: liquidificadores e móveis,86,90737,100;100;42;46;49;49;49;52;54;54;54;54,informational:25;navigational:8;commercial:41;transactional:26
Aquecedores e Sistemas de Aquecimento,146,77998,36;41;43;100;80;80;80;78;77;77;77;77,task:2;informational:43;navigational:2;commercial:35;transactional:18
Frigobar: Preços e Promoções,75,70598,60;61;65;86;100;100;100;97;95;95;95;95,informational:50;navigational:2;commercial:34;transactional:14
Eletrodomésticos e outlets no Brasil,74,65997,22;23;25;44;81;81;81;100;87;87;87;87,task:2;informational:39;navigational:15;commercial:36;transactional:8
Geladeiras side by side,74,64112,76;76;35;64;100;100;100;98;94;94;94;94,task:2;informational:53;navigational:2;commercial:30;transactional:13
Envelopamento e adesivos para geladeiras,69,54488,41;42;34;74;100;100;100;94;95;95;95;95,task:8;informational:52;navigational:4;commercial:24;transactional:12
Ar condicionado Agratto Brasil,76,54171,18;21;32;69;95;95;95;100;100;100;100;100,task:3;informational:41;navigational:29;commercial:18;transactional:9
Atacado de bebidas: refrigerantes e cervejas,102,53927,21;22;25;69;89;89;89;96;100;100;100;100,task:5;informational:41;navigational:7;commercial:28;transactional:19
Geladeira Não gela: Vazamento de gás e falhas,172,53308,71;72;72;81;95;95;95;96;100;100;100;100,task:5;informational:73;navigational:2;commercial:6;transactional:14
Utilidades domésticas e lojas de variedades,68,53006,71;76;61;66;99;99;99;100;95;95;95;95,task:8;informational:38;navigational:11;commercial:31;transactional:12
Chaleiras elétricas,92,51885,48;49;51;57;100;100;100;64;63;63;63;63,task:8;informational:37;navigational:4;commercial:35;transactional:16
Geladeiras Consul,100,50804,80;79;82;88;89;89;89;98;100;100;100;100,task:3;informational:50;navigational:10;commercial:21;transactional:16
Máquinas de gelo,85,49986,36;38;41;46;63;63;63;99;100;100;100;100,task:8;informational:42;navigational:4;commercial:34;transactional:12
Secadoras de roupas no Brasil,135,49370,45;47;50;59;68;68;68;100;73;73;73;73,task:8;informational:42;navigational:6;commercial:35;transactional:9
Geladeiras Electrolux no Brasil,114,46843,51;52;55;61;69;69;69;78;99;100;100;100,task:1;informational:54;navigational:15;commercial:15;transactional:15
Lavadoras e secadoras Midea,73,45773,27;29;31;31;69;69;69;100;85;85;85;86,task:3;informational:43;navigational:17;commercial:19;transactional:18
Radiadores no Brasil,28,45018,30;14;15;90;99;100;100;100;100;100;100;100,task:2;informational:43;navigational:8;commercial:33;transactional:14
Frost Free e Degelo em Geladeiras,100,44476,65;81;84;95;88;89;89;99;100;100;100;100,task:5;informational:78;navigational:5;commercial:7;transactional:5
Cervejeiras e Geladeiras para Cerveja,59,41007,83;85;93;100;95;95;95;99;100;100;100;100,task:2;informational:46;navigational:2;commercial:39;transactional:11
Whirlpool e Consul no Brasil,53,37773,25;28;31;48;95;95;95;89;100;100;100;100,task:2;informational:43;navigational:27;commercial:19;transactional:9
Frigelar Brasil: Refrigeração e Ar Condicionado,59,37243,91;98;98;100;72;72;72;78;76;76;76;76,informational:27;navigational:54;commercial:9;transactional:10
Geladeiras Midea,66,36637,38;45;46;69;88;89;89;87;100;100;100;100,task:2;informational:48;navigational:17;commercial:21;transactional:12
Schneider Electric Brasil,33,36173,30;18;20;37;97;98;98;100;100;100;100;100,task:4;informational:32;navigational:48;commercial:9;transactional:7
Geladeiras Panasonic no Brasil,98,32604,99;100;43;47;50;50;50;55;53;53;53;53,informational:50;navigational:9;commercial:28;transactional:13
Ar Condicionado Electrolux no Brasil,113,31633,30;31;33;39;73;73;73;100;67;67;67;67,task:2;informational:49;navigational:16;commercial:16;transactional:17
Grupo Flextronics no Brasil,35,30926,98;94;96;95;100;100;100;89;89;90;90;89,task:3;informational:53;navigational:26;commercial:12;transactional:6
Câmaras Frias e Refrigeração Comercial,89,29860,49;52;57;75;83;84;84;100;100;99;99;99,task:3;informational:59;navigational:4;commercial:28;transactional:6
Coolers de Vinho e Bebidas,31,28677,17;20;24;85;86;86;87;99;100;100;100;100,task:5;informational:61;navigational:4;commercial:22;transactional:8
Eletrodomésticos para Cozinha,70,27782,35;38;50;72;80;80;80;93;100;100;100;100,task:2;informational:62;navigational:2;commercial:26;transactional:8
Relés e protetores térmicos para geladeiras,75,27756,15;19;29;56;79;79;79;99;100;100;100;100,task:10;informational:54;navigational:5;commercial:23;transactional:8
Dufrio ar condicionado Brasil,38,27312,82;94;98;96;50;51;51;100;99;99;99;99,task:1;informational:31;navigational:51;commercial:7;transactional:10
Motores de Geladeira,53,27302,18;22;25;36;98;98;98;100;99;99;99;99,task:2;informational:64;navigational:5;commercial:19;transactional:10
Geladeiras com freezer embaixo,57,26686,98;100;46;51;64;64;64;77;75;75;75;75,task:5;informational:39;navigational:4;commercial:42;transactional:10
Caixas térmicas e coolers,54,26472,68;69;72;80;90;90;90;100;100;100;100;100,task:2;informational:40;navigational:4;commercial:35;transactional:19
Expositores de Geladeira,22,24750,94;97;100;85;82;82;82;83;82;82;82;82,task:5;informational:43;navigational:4;commercial:38;transactional:10
Geladeiras: melhores marcas e custo-benefício,67,24218,24;27;33;45;88;89;89;98;100;100;100;100,task:5;informational:42;navigational:1;commercial:48;transactional:4
Vedação de Geladeira: borrachas e gaxetas,50,23867,21;24;33;67;91;91;91;99;100;100;100;100,task:5;informational:63;navigational:4;commercial:16;transactional:12
Midea Brasil: Eletrodomésticos e Logotipos,46,22926,71;73;79;89;93;93;93;100;100;100;100;100,task:2;informational:32;navigational:44;commercial:13;transactional:9
Geladeiras Samsung no Brasil,63,21652,99;100;100;43;42;42;42;62;50;50;50;50,task:2;informational:50;navigational:8;commercial:18;transactional:22
Geladeiras de 3 portas,67,21573,99;100;44;49;58;58;58;60;54;54;54;54,task:8;informational:54;navigational:4;commercial:26;transactional:8
Frigobares Consul,37,21522,97;100;45;50;63;63;63;97;97;99;98;98,informational:38;navigational:30;commercial:23;transactional:9
Conserto de Geladeiras e Assistência Técnica,34,21060,62;67;71;72;63;64;64;100;100;100;100;100,task:5;informational:21;navigational:18;commercial:18;transactional:38
Brastemp Retrô: Frigobar e Geladeira,45,20987,100;97;42;46;48;48;48;44;44;44;44;44,task:2;informational:41;navigational:26;commercial:17;transactional:14
Geladeiras Electrolux 240–260 litros,72,19852,53;48;54;57;96;97;97;95;100;100;100;100,task:2;informational:50;navigational:5;commercial:30;transactional:13
Ar condicionados Springer e Midea no Brasil,28,19013,39;44;45;73;100;100;100;98;99;99;99;99,task:3;informational:38;navigational:9;commercial:29;transactional:21
Ricardo Eletro e lojas de eletrodomésticos,52,18242,90;96;98;100;94;95;95;91;96;96;96;95,task:2;informational:51;navigational:29;commercial:12;transactional:6
Gás de Geladeira,73,18106,69;68;71;83;92;93;93;100;100;100;100;100,task:2;informational:74;navigational:5;commercial:12;transactional:7
Philco e Britânia: Eletrodomésticos no Brasil,41,17891,73;79;89;96;97;97;97;96;100;100;100;100,task:2;informational:56;navigational:18;commercial:16;transactional:8
Coldres de arma e acessórios,23,17843,17;23;24;96;29;30;30;100;100;100;100;100,task:8;informational:60;navigational:8;commercial:16;transactional:8
Geladeiras frost free Consul 300–342 L,66,16502,41;46;50;50;100;100;100;86;87;87;87;87,task:2;informational:52;navigational:9;commercial:23;transactional:14
Geladeiras LG,37,16014,93;96;100;46;48;48;48;53;64;64;64;64,task:2;informational:49;navigational:13;commercial:24;transactional:12
Geladeiras Consul com gelo seco,50,15804,23;29;32;67;81;82;82;99;100;100;100;100,task:5;informational:55;navigational:4;commercial:27;transactional:9
Freezers Electrolux pt,37,15490,92;97;100;46;44;46;46;46;97;97;98;98,task:2;informational:19;navigational:31;commercial:15;transactional:33
Peças para Geladeira e Fogão Electrolux/Consul,37,14892,29;35;40;65;90;90;91;96;100;100;100;100,task:5;informational:30;navigational:12;commercial:34;transactional:19
Geladeiras Electrolux 2 portas,46,14650,98;100;46;46;45;45;45;48;48;48;48;48,task:2;informational:42;navigational:25;commercial:17;transactional:14
Geladeiras Bosch,30,14193,27;30;32;70;79;80;82;99;100;100;100;100,task:2;informational:62;navigational:8;commercial:21;transactional:7
Geladeiras 2 portas e side by side,38,14122,54;60;71;84;88;88;88;100;95;95;95;95,task:2;informational:54;navigational:2;commercial:32;transactional:10
Geladeiras e Freezers,26,13701,18;23;24;44;80;81;81;90;100;100;100;100,task:6;informational:69;navigational:4;commercial:16;transactional:5
Estabilizadores e Nobreaks para Geladeiras,30,13513,33;39;37;40;75;76;77;99;100;100;100;100,task:5;informational:60;navigational:3;commercial:27;transactional:5
Geladeiras Consul 450-451 litros,33,12967,31;39;42;42;39;40;40;48;99;99;99;100,task:5;informational:42;navigational:4;commercial:33;transactional:16
Freezers Verticais e Mini Freezers,32,11943,96;100;48;51;54;54;54;52;53;53;53;53,task:5;informational:46;navigational:1;commercial:37;transactional:11
freezers Midea,28,11699,72;79;82;97;42;42;43;44;100;100;100;99,task:3;informational:42;navigational:16;commercial:17;transactional:22
Geladeiras Portáteis para Carros,41,11622,92;97;100;44;54;54;54;51;51;51;51;51,task:5;informational:57;navigational:5;commercial:20;transactional:13
Geladinhos e Sacolés,24,11333,73;77;78;83;92;94;94;95;100;100;99;99,task:2;informational:80;navigational:5;commercial:10;transactional:3
Geladeiras Electrolux DF42/DW42X,41,10897,42;50;51;27;41;42;43;100;100;100;100;100,task:3;informational:53;navigational:25;commercial:12;transactional:7
Geladeiras Electrolux DF50,47,10795,17;24;25;38;62;63;63;100;97;98;98;97,task:2;informational:61;navigational:15;commercial:15;transactional:7
Geladeiras Philco Side by Side,29,10704,67;75;41;41;42;43;43;41;94;100;96;96,task:1;informational:56;navigational:13;commercial:15;transactional:15
Conserto de Eletrodomésticos,21,10588,34;42;46;43;40;41;41;55;100;100;100;100,task:17;informational:35;navigational:2;commercial:29;transactional:17
Ventiladores e Climatizadores de Ar,40,10465,22;26;29;39;65;65;67;91;100;100;100;100,task:2;informational:61;navigational:10;commercial:19;transactional:8
Geladeiras 450 litros,19,10298,79;89;91;87;83;84;84;82;99;100;99;100,task:5;informational:39;navigational:4;commercial:42;transactional:10
Ventiladores no Brasil: ofertas e modelos,32,10110,29;35;37;100;68;69;69;60;62;62;61;61,informational:52;navigational:6;commercial:31;transactional:11
Equipamentos e Máquinas,17,9735,27;32;100;82;82;83;83;83;84;83;84;83,task:2;informational:68;navigational:5;commercial:19;transactional:6
Casa e Móveis Brasil,17,9690,27;32;32;31;31;32;32;99;99;100;99;99,task:5;informational:63;navigational:15;commercial:12;transactional:5
Comidas Congeladas no Brasil,21,9303,56;93;95;95;93;94;94;98;99;99;100;100,task:5;informational:71;navigational:5;commercial:15;transactional:4
Geladeiras Brastemp 588 litros,28,8956,93;100;60;62;55;56;57;72;74;73;73;72,task:8;informational:58;navigational:3;commercial:16;transactional:15
Frios e padarias no Brasil,19,8930,69;64;66;66;40;41;41;100;100;100;100;99,task:4;informational:61;navigational:6;commercial:21;transactional:8
Geladeiras e Freezers Brastemp 400L,45,8915,97;100;48;49;49;50;51;50;52;53;52;52,task:2;informational:38;navigational:14;commercial:28;transactional:18
Borrachas de Geladeira (Electrolux/Brastemp),27,8780,16;22;22;28;51;52;52;94;100;100;100;100,task:2;informational:49;navigational:5;commercial:26;transactional:18
Compressores de Geladeira,29,8648,19;26;27;33;68;69;70;92;100;100;100;100,task:2;informational:65;navigational:2;commercial:21;transactional:10
Freezers Consul 2 portas,40,8604,71;80;86;97;98;100;100;100;100;100;100;100,task:5;informational:40;navigational:7;commercial:29;transactional:19
Geladeiras Electrolux 480 litros,53,8543,71;80;45;100;48;49;50;52;55;55;55;55,task:2;informational:60;navigational:10;commercial:20;transactional:8
Peças de Ar Condicionado e Refrigeração,23,8452,88;98;100;53;84;85;85;97;98;98;98;98,task:2;informational:36;navigational:9;commercial:42;transactional:11
Eletrônicos e Gadgets no Brasil,38,8270,40;62;63;56;97;91;96;90;92;92;100;96,task:6;informational:66;navigational:5;commercial:17;transactional:6
Eletrodomésticos Viking no Brasil,29,8257,31;41;42;49;51;53;53;99;100;100;100;100,task:2;informational:49;navigational:17;commercial:16;transactional:16
Placas de Geladeira,31,8245,37;43;43;27;75;77;77;97;100;100;100;100,task:5;informational:52;navigational:5;commercial:22;transactional:16
Refrigerantes antigos do Brasil,45,8238,78;70;78;77;81;82;82;83;93;92;100;94,task:8;informational:70;navigational:3;commercial:13;transactional:6
Ventiladores Domésticos,24,7988,90;97;100;48;59;60;60;54;59;59;59;58,task:5;informational:42;navigational:5;commercial:34;transactional:14
Geladeiras Brastemp BRM44 375L,38,7903,86;97;100;99;76;77;77;97;100;100;99;99,task:1;informational:44;navigational:27;commercial:20;transactional:8
Peças de Refrigeração,26,7894,67;97;100;92;64;65;65;69;72;72;72;71,task:8;informational:48;navigational:20;commercial:16;transactional:8
Coifas e Depuradores Electrolux,39,7894,92;97;100;47;46;47;48;49;48;48;48;49,task:4;informational:34;navigational:26;commercial:22;transactional:14
Motores e Ventilação Brastemp de Geladeira,34,7849,17;22;25;48;95;96;96;99;100;100;100;100,task:2;informational:60;navigational:9;commercial:19;transactional:10
Refrigerantes Xereta,20,7835,85;93;94;93;27;30;30;99;99;100;100;100,task:3;informational:45;navigational:16;commercial:21;transactional:15
Linha Branca: Eletrodomésticos,25,7744,34;42;42;91;94;93;96;87;94;98;100;98,task:1;informational:69;navigational:14;commercial:12;transactional:4
Geladeiras de baixo consumo,43,7691,65;58;61;75;84;83;83;100;94;95;92;92,task:2;informational:64;navigational:4;commercial:24;transactional:6
"Freezer: tradução, plural e diferenças com congelador",35,7650,64;69;68;68;99;100;100;62;70;70;70;70,task:2;informational:79;navigational:2;commercial:9;transactional:8
Protetores de energia para geladeira,46,7627,19;27;33;76;79;81;81;100;97;97;99;98,task:2;informational:45;navigational:2;commercial:40;transactional:11
Refrigeração e Geladeiras,40,7211,89;92;90;93;97;98;99;96;98;98;98;100,task:8;informational:71;navigational:4;commercial:12;transactional:5
Geladeiras Consul 334 L,42,7205,26;35;36;50;54;56;56;84;100;100;96;94,informational:59;navigational:10;commercial:22;transactional:9
Geladeiras GE e assistência (General Electric),30,7034,27;72;74;81;96;98;98;93;100;99;100;100,task:2;informational:60;navigational:9;commercial:22;transactional:7
Sensores de Geladeira,50,7015,38;50;52;67;82;85;85;100;96;96;96;96,task:5;informational:59;navigational:4;commercial:19;transactional:13
Freezers e Cervejeiras Metalfrio,30,6833,93;99;100;44;42;43;43;45;43;43;43;42,task:2;informational:49;navigational:24;commercial:20;transactional:5
Geladeiras em aço inox,25,6792,20;29;29;34;99;100;100;73;77;77;77;77,task:3;informational:54;navigational:4;commercial:35;transactional:4
Geladeiras e Freezers Prosdocimo,26,6718,48;52;57;58;89;91;91;100;98;98;98;97,task:2;informational:57;navigational:19;commercial:19;transactional:3
Frigobar Midea no Brasil,21,6713,90;97;100;45;43;44;45;51;52;52;52;51,task:2;informational:37;navigational:23;commercial:22;transactional:16
Geladeiras e freezers Coca‑Cola,30,6694,36;47;48;64;68;71;72;100;94;94;94;93,task:5;informational:56;navigational:5;commercial:26;transactional:8
Geladeiras com portas reversíveis,33,6626,29;36;33;49;93;93;93;97;100;100;100;100,task:5;informational:69;navigational:4;commercial:20;transactional:2
Geladeiras e freezers usados no OLX Brasil,29,6523,85;95;100;97;89;91;92;92;94;94;94;93,task:3;informational:20;navigational:52;commercial:6;transactional:19
Geladeira Samsung RT53,16,6511,3;20;19;15;16;11;12;27;39;100;65;84,task:2;informational:62;navigational:15;commercial:10;transactional:11
Geladeiras em Promoção Casas Bahia,17,6504,9;32;31;22;23;13;18;19;23;23;44;100,task:2;informational:25;navigational:19;commercial:22;transactional:32
Geladeiras Esmaltec,33,6493,53;59;61;32;93;94;94;100;46;46;46;46,task:2;informational:53;navigational:14;commercial:22;transactional:9
Casa e compras Brasil,16,6379,63;75;76;72;74;77;67;82;83;92;91;100,task:5;informational:60;navigational:15;commercial:12;transactional:8
Poloar Ar Condicionado,18,6375,69;84;90;87;97;99;99;100;96;96;96;95,informational:48;navigational:21;commercial:18;transactional:13
Geladeiras Continental Frost Free,36,6346,90;97;100;86;51;52;52;48;48;48;48;47,task:2;informational:46;navigational:12;commercial:22;transactional:18
"Geladeiras: Potência, Voltagem e Frost Free",24,6235,42;71;69;74;99;100;100;94;96;96;95;95,task:2;informational:66;navigational:4;commercial:24;transactional:4
Geladeiras Consul 340 litros,39,6215,80;87;43;49;96;96;97;100;53;51;51;51,task:5;informational:56;navigational:5;commercial:18;transactional:16
Geladeiras: Medidas e Dimensões,31,6111,33;40;48;73;99;100;100;91;92;93;90;90,task:2;informational:74;navigational:5;commercial:16;transactional:3
"Geladeiras, freezers e móveis na Lojas Cem",27,6076,20;25;25;35;60;61;61;87;89;90;94;100,task:2;informational:32;navigational:33;commercial:14;transactional:19
Frigobar Electrolux e Similares,19,6062,88;96;99;99;98;99;99;100;50;50;49;49,task:8;informational:39;navigational:2;commercial:22;transactional:29
Black Friday Brasil: Casas Bahia e Geladeiras,16,6005,22;33;34;42;69;70;71;100;98;99;98;98,task:5;informational:29;navigational:13;commercial:33;transactional:20
Eletroportáteis de Cozinha,26,5956,23;26;26;26;90;91;91;99;100;100;100;100,task:2;informational:50;navigational:4;commercial:34;transactional:10
Geladeiras para Caminhão,30,5844,90;97;100;100;45;46;46;47;44;43;43;43,task:3;informational:32;navigational:4;commercial:48;transactional:13
Lâmpadas de Geladeira e Refrigeração,32,5839,24;34;35;42;82;84;85;100;95;95;97;99,task:2;informational:55;navigational:2;commercial:27;transactional:14
Comfrio Logística e Refrigeração,23,5691,61;72;81;100;98;100;100;97;92;92;94;94,task:2;informational:54;navigational:17;commercial:19;transactional:8
Ventiladores Mondial no Brasil,31,5660,90;97;100;47;44;45;45;45;47;47;47;46,task:2;informational:31;navigational:29;commercial:30;transactional:8
Pés e Suportes para Geladeira,32,5569,39;53;55;56;72;75;76;100;86;86;85;85,task:8;informational:46;navigational:4;commercial:25;transactional:17
Freezers verticais Consul,35,5560,77;91;100;99;83;84;85;88;92;93;92;92,task:3;informational:55;navigational:19;commercial:14;transactional:9
Geladeiras Hisense,29,5552,43;54;56;56;79;82;82;88;100;100;100;100,task:2;informational:50;navigational:12;commercial:19;transactional:17
Clima Rio Refrigeração,18,5525,61;78;83;78;76;78;79;100;99;100;100;99,task:1;informational:30;navigational:55;commercial:9;transactional:5
Freezers e refrigeradores de 1 porta,18,5523,87;97;100;100;99;100;100;49;51;51;51;51,task:2;informational:50;navigational:1;commercial:38;transactional:9
Geladeiras e Freezers usados no Brasil,27,5463,56;72;76;88;90;91;91;100;100;99;99;98,task:2;informational:44;navigational:14;commercial:20;transactional:20
Geladeiras Electrolux 310L,37,5426,91;98;100;100;97;98;98;42;44;46;44;44,task:2;informational:48;navigational:10;commercial:20;transactional:20
Conserto e Manutenção de Geladeiras,18,5420,84;97;100;70;96;98;99;97;95;95;95;94,task:2;informational:56;navigational:2;commercial:25;transactional:15
Refrigeração de Fiorino,22,5393,100;32;30;29;26;27;27;100;100;100;100;100,task:13;informational:66;navigational:2;commercial:13;transactional:6
Máquinas de lavar no varejo brasileiro,31,5363,86;98;100;68;68;69;69;57;69;69;69;69,task:5;informational:39;navigational:12;commercial:15;transactional:29
Geladeiras Electrolux 371 litros Frost Free,38,5217,86;98;100;53;55;56;56;75;72;74;72;71,task:4;informational:56;navigational:2;commercial:21;transactional:17
Tecnologia e Informática Brasil,16,5160,30;36;36;83;83;100;85;88;90;92;91;95,task:5;informational:68;navigational:12;commercial:9;transactional:6
Ventiladores de Geladeira Electrolux,24,5032,32;38;34;41;80;80;80;100;94;95;96;99,informational:54;navigational:5;commercial:25;transactional:16
Organizadores de Geladeira,19,5025,76;94;100;98;91;92;92;100;99;99;100;99,task:5;informational:52;navigational:4;commercial:30;transactional:9
Coolers e caixas térmicas com rodas,16,4909,77;93;100;98;89;91;90;91;93;92;92;91,task:3;informational:61;navigational:5;commercial:27;transactional:4
Decoração e Móveis no Brasil,27,4902,71;91;96;95;99;100;100;98;98;99;98;97,task:2;informational:60;navigational:15;commercial:16;transactional:7
Balcões Refrigerados e Expositores,15,4808,78;94;100;100;92;94;96;94;96;96;96;95,task:2;informational:55;navigational:1;commercial:30;transactional:12
Refrigeração Industrial,25,4794,74;78;82;79;100;100;100;98;98;98;98;98,task:2;informational:79;navigational:7;commercial:8;transactional:4
Climatizadores de Ar Britânia,25,4688,35;40;41;24;61;62;62;97;100;100;100;100,task:1;informational:46;navigational:25;commercial:19;transactional:9
Locação de Freezers,21,4683,44;50;35;43;56;58;58;59;100;100;100;100,task:8;informational:44;navigational:4;commercial:30;transactional:14
Garantias Electrolux & LG no Brasil,22,4649,42;52;75;77;77;78;80;99;98;98;100;100,task:3;informational:46;navigational:27;commercial:15;transactional:9
Geladeiras Brastemp 443 L,23,4604,81;95;95;92;93;95;96;77;83;100;93;100,task:2;informational:59;navigational:15;commercial:18;transactional:6
Resfriadores e Tanques de Leite,34,4603,45;54;33;51;88;89;89;100;93;93;95;94,task:2;informational:44;navigational:9;commercial:32;transactional:13
Máquinas de refrigeração,17,4554,14;19;20;20;20;20;20;98;98;98;100;100,task:2;informational:70;navigational:5;commercial:17;transactional:6
Embraco: Compressores e motores de geladeira,33,4522,85;48;50;74;95;99;100;93;97;97;100;100,task:2;informational:56;navigational:16;commercial:15;transactional:11
Thermo King Brasil: Refrigeração e Controle de Temperatura,17,4472,31;34;19;99;18;19;19;100;100;100;100;100,informational:43;navigational:40;commercial:12;transactional:5
Ar Condicionado Electrolux,24,4456,15;18;20;30;43;42;40;45;70;100;65;67,task:2;informational:55;navigational:15;commercial:15;transactional:13
Geladeiras Brastemp Inverse,29,4416,56;77;81;89;82;86;87;98;100;100;100;99,task:2;informational:40;navigational:25;commercial:19;transactional:14
Aquecedores Orbis no Brasil,16,4375,96;100;100;84;84;85;85;84;84;84;85;85,task:2;informational:32;navigational:43;commercial:15;transactional:8
Freezers usados,19,4374,48;66;70;80;99;100;100;81;84;84;84;83,task:5;informational:42;navigational:5;commercial:31;transactional:17
Gelopar Refrigeração e Expositores,16,4341,76;93;95;93;90;92;93;100;99;99;98;97,task:5;informational:28;navigational:38;commercial:10;transactional:19
Geladeiras usadas e seminovas,21,4232,54;67;82;74;87;90;90;86;98;100;98;97,task:5;informational:35;navigational:5;commercial:33;transactional:22
Ventiladores de Geladeira,35,4203,74;41;50;59;89;92;93;100;99;99;100;99,task:5;informational:60;navigational:5;commercial:15;transactional:15
Geladeiras Electrolux 490L IB7/IB54,31,4167,84;98;100;50;50;53;55;52;64;64;77;91,task:2;informational:29;navigational:19;commercial:36;transactional:14
Tele Rio: Eletrodomésticos e Lojas,23,4140,76;95;100;97;90;91;92;96;95;95;98;97,task:1;informational:38;navigational:41;commercial:12;transactional:8
Geladeiras no Mercado Livre,16,4139,87;98;100;54;69;71;71;52;56;56;56;56,task:1;informational:24;navigational:37;commercial:12;transactional:26
Lazer e Eletro Lojas Online,18,4084,66;86;91;92;98;100;100;99;91;90;93;92,task:3;informational:22;navigational:52;commercial:10;transactional:13
Freezers Metalfrio,30,4061,63;86;94;93;87;89;90;91;95;100;96;95,task:2;informational:45;navigational:15;commercial:25;transactional:13
Máquinas de Geladinho,22,4035,44;55;62;78;93;96;96;94;100;100;100;100,task:2;informational:52;navigational:2;commercial:24;transactional:20
Geladeiras Brastemp Frost Free,24,4034,84;99;100;56;52;55;55;90;92;93;93;92,task:2;informational:51;navigational:7;commercial:29;transactional:11
Geladeiras Consul Inverse com Freezer embaixo,26,4031,56;63;65;98;99;100;100;99;34;33;33;33,task:2;informational:47;navigational:11;commercial:20;transactional:20
Misteiras e Eletrodomésticos,16,4024,64;90;96;96;94;96;98;98;100;100;100;99,task:7;informational:45;navigational:11;commercial:30;transactional:7
Refrigeradores com French Door,23,4001,49;70;74;76;75;79;80;66;100;100;100;100,task:2;informational:55;navigational:2;commercial:28;transactional:13
Geladeiras Electrolux 410 litros,42,3991,50;72;77;75;72;74;74;81;80;100;88;92,task:3;informational:42;navigational:12;commercial:23;transactional:20
Freezers horizontais de duas portas,17,3986,93;98;100;46;46;47;47;40;41;41;42;42,task:4;informational:55;navigational:2;commercial:34;transactional:5
Geladeiras Electrolux 590L,33,3954,81;98;100;100;79;80;81;67;70;74;73;70,task:2;informational:53;navigational:5;commercial:24;transactional:16
Geladeira Organizada,23,3936,89;100;100;86;63;65;65;62;81;81;83;82,task:2;informational:74;navigational:5;commercial:11;transactional:8
Geladeiras Brastemp com gelo,20,3933,36;40;29;39;88;89;89;40;80;79;94;100,task:2;informational:62;navigational:2;commercial:28;transactional:6
Mercados de Eletrônicos,15,3933,59;82;87;76;77;80;79;100;94;94;100;93,task:3;informational:37;navigational:17;commercial:31;transactional:12
Geladeiras Electrolux 431 L,35,3922,89;98;100;100;53;54;54;44;44;45;44;44,task:2;informational:45;navigational:9;commercial:28;transactional:16
Refrigeração e Eletrodomésticos no Brasil,16,3913,15;24;76;78;19;18;18;93;89;90;89;100,task:5;informational:62;navigational:10;commercial:20;transactional:3
Resistências de Geladeira,32,3896,32;36;33;85;100;100;100;86;82;83;82;82,task:8;informational:62;navigational:5;commercial:19;transactional:6
Danfoss Refrigeração Brasil,19,3873,100;99;100;99;72;75;76;77;74;73;74;73,task:4;informational:28;navigational:49;commercial:7;transactional:12
Cervejeiras Midea 96L,19,3790,87;98;100;100;80;81;82;51;52;52;53;53,task:5;informational:46;navigational:10;commercial:28;transactional:11
Geladeiras Continental Copacabana,29,3771,86;100;52;65;78;82;80;77;76;76;77;76,task:2;informational:50;navigational:14;commercial:26;transactional:8
Comércio de Eletrodomésticos LTDA no Brasil,18,3708,68;84;84;80;74;76;73;83;80;84;100;97,task:2;informational:75;navigational:10;commercial:10;transactional:3
Geladeiras Retrô e Vintage,16,3697,71;95;100;95;94;96;98;94;98;98;98;97,task:2;informational:44;navigational:2;commercial:44;transactional:8
Geladeiras Electrolux IB55 488L,25,3693,73;93;59;54;70;64;64;56;62;65;70;100,task:2;informational:57;navigational:10;commercial:21;transactional:10
Geladeiras Inteligentes e Conectadas,25,3672,33;42;44;25;38;39;39;100;83;87;84;88,task:2;informational:69;navigational:5;commercial:21;transactional:3
Refrigerantes It no Brasil,25,3663,42;58;58;69;66;69;69;100;99;99;100;99,task:8;informational:64;navigational:5;commercial:15;transactional:8
Televisores nas lojas brasileiras,23,3645,85;100;100;62;71;74;75;56;57;57;57;57,task:5;informational:39;navigational:15;commercial:12;transactional:29
Bombas e Motores no Brasil,22,3637,54;73;85;90;95;100;100;97;97;97;97;97,task:12;informational:51;navigational:4;commercial:25;transactional:8
Geladeiras Panasonic 387L,24,3610,86;98;100;51;47;50;51;56;56;56;55;56,task:2;informational:60;navigational:10;commercial:18;transactional:10
Geladeiras Elber para Caminhão,22,3592,84;96;97;95;94;98;100;59;62;62;60;60,task:2;informational:55;navigational:9;commercial:22;transactional:12
Geladeiras Samsung RB50,19,3574,23;50;49;44;42;36;32;26;37;100;92;99,task:3;informational:36;navigational:30;commercial:11;transactional:20
Consul - Purificadores de Água,25,3559,83;98;100;64;69;72;73;72;68;67;65;65,task:5;informational:42;navigational:14;commercial:26;transactional:13
Geladeiras Comerciais e Industriais,16,3460,66;88;94;89;95;97;98;96;97;100;100;99,task:7;informational:43;navigational:1;commercial:38;transactional:11
Geladeiras e Cervejeiras Heineken,21,3453,44;59;61;70;97;100;100;99;97;97;96;95,task:2;informational:42;navigational:10;commercial:37;transactional:9
Protetores de raio para geladeira e freezer,20,3430,19;60;60;61;71;72;70;69;94;100;99;99,task:8;informational:53;navigational:2;commercial:27;transactional:10
Geladeiras Havan e eletrodomésticos,22,3427,86;99;100;56;50;53;53;57;61;69;65;75,task:2;informational:35;navigational:24;commercial:19;transactional:20
Marcas de Eletrodomésticos,22,3382,14;18;28;67;99;99;99;100;90;87;94;100,task:2;informational:38;navigational:8;commercial:47;transactional:5
Geladeiras/Frigobares Red Bull,19,3359,65;93;98;96;92;99;96;94;100;100;100;100,task:2;informational:45;navigational:7;commercial:36;transactional:10
Frigobares usados no Brasil,16,3270,65;90;87;87;86;91;92;100;94;94;92;91,task:2;informational:46;navigational:8;commercial:21;transactional:23
freezers de 200 litros,27,3266,82;98;100;98;97;100;100;65;56;56;55;55,task:3;informational:45;navigational:4;commercial:28;transactional:20
Geladeiras e Eletrodomésticos no Ponto Frio,17,3197,72;96;100;96;84;88;89;90;92;87;90;89,task:3;informational:11;navigational:66;commercial:5;transactional:15
Smeg Eletrodomésticos,15,3189,84;98;100;48;47;52;52;48;49;49;50;50,task:3;informational:26;navigational:25;commercial:15;transactional:31
Lojas de Eletroeletrônicos,20,3147,69;93;96;85;80;94;99;87;100;100;100;100,task:2;informational:40;navigational:32;commercial:19;transactional:7
Self-storage no Brasil,16,3139,81;96;97;96;97;100;100;57;58;57;57;56,task:5;informational:30;navigational:18;commercial:13;transactional:34
Refrigeração Norte do Brasil,17,3131,62;88;93;91;92;97;98;99;100;100;100;100,task:3;informational:49;navigational:21;commercial:22;transactional:5
Utilidades domésticas no Brasil,15,3122,75;85;86;83;94;98;98;100;100;100;100;100,task:2;informational:53;navigational:18;commercial:7;transactional:20
Freezers 220V Consul 220L,18,3119,15;23;25;22;21;20;27;50;69;84;100;93,task:3;informational:36;navigational:7;commercial:39;transactional:15
Peças e acessórios para Geladeiras Consul/Brastemp,24,3096,39;53;54;71;97;100;100;76;77;76;75;74,task:8;informational:35;navigational:6;commercial:29;transactional:22
Geladeiras de 550 litros e peso,19,3094,16;40;42;60;60;54;52;100;77;82;74;91,task:3;informational:71;navigational:4;commercial:16;transactional:6
Geladeiras Inverter,25,3075,19;34;38;65;76;70;70;68;91;85;97;100,informational:67;navigational:4;commercial:21;transactional:8
Micro Center Brasil,17,3050,87;95;97;96;97;100;100;49;52;52;51;51,task:5;informational:31;navigational:47;commercial:9;transactional:8
Mini geladeiras para quarto,21,3007,84;99;100;61;54;57;58;62;65;65;65;64,task:8;informational:47;navigational:1;commercial:31;transactional:13
Casa Mix e Utilidades,15,2998,66;96;100;89;87;93;95;90;97;96;96;95,task:3;informational:46;navigational:23;commercial:18;transactional:10
Peças de geladeira Electrolux,22,2971,43;51;52;30;72;74;74;94;100;100;100;100,task:5;informational:50;navigational:4;commercial:26;transactional:15
Refrigeração Basso – SP,16,2956,51;59;59;38;77;78;78;100;96;96;95;94,task:5;informational:48;navigational:22;commercial:17;transactional:8
Equipamentos industriais no Brasil,17,2947,17;18;19;13;20;20;20;100;100;100;100;100,task:2;informational:78;navigational:2;commercial:10;transactional:8
Totaline: Ar Condicionado e Refrigeração,22,2930,58;69;70;66;84;89;90;100;84;83;86;85,task:2;informational:47;navigational:31;commercial:12;transactional:8
Refrigeradores Electrolux Side by Side,30,2925,63;72;76;54;53;56;55;58;72;100;73;72,task:5;informational:59;navigational:2;commercial:24;transactional:10
Armários com Geladeira Embutida,24,2916,66;86;92;98;95;99;100;77;81;81;82;82,task:5;informational:48;navigational:10;commercial:29;transactional:8
Geladeiras 410 litros em inox,22,2901,88;100;100;97;44;47;48;42;43;41;60;61,task:5;informational:42;navigational:10;commercial:22;transactional:21
Zero Grau Refrigeração e Caixas Térmicas,19,2892,65;95;96;93;91;98;97;98;100;100;100;99,task:3;informational:29;navigational:54;commercial:5;transactional:9
Expositores e Freezers para Cerveja,17,2831,71;97;100;99;87;93;94;90;92;92;92;91,task:5;informational:46;navigational:2;commercial:32;transactional:15
Geladeiras Brastemp Brm50 e 429 litros,27,2798,83;100;55;72;97;100;100;62;68;72;86;87,task:2;informational:45;navigational:25;commercial:21;transactional:7
Kohler: torneiras e metais no Brasil,17,2784,72;41;42;100;44;47;46;44;46;46;46;46,task:2;informational:39;navigational:39;commercial:9;transactional:11
Freezers Mercado Livre pt,18,2738,85;99;100;95;51;56;56;73;69;84;75;95,task:2;informational:13;navigational:50;commercial:9;transactional:26
Unidades Condensadoras para Refrigeração,21,2735,21;25;26;44;99;100;100;97;97;97;97;97,task:5;informational:49;navigational:6;commercial:25;transactional:15
Geladeiras Consul CRM44,26,2732,84;99;100;55;55;58;59;60;72;82;70;69,informational:49;navigational:31;commercial:12;transactional:8
Empilhadeiras Jungheinrich no Brasil,17,2728,84;93;94;93;94;96;97;99;100;100;100;100,task:2;informational:38;navigational:24;commercial:12;transactional:24
Grupo Mide Brasil,18,2720,43;68;70;82;86;92;91;98;100;100;99;98,task:1;informational:38;navigational:51;commercial:7;transactional:3
Geladeiras Consul CRD36,26,2715,33;39;55;61;88;91;98;99;99;100;100;100,task:2;informational:44;navigational:19;commercial:28;transactional:7
Geladeiras Consul Frost Free,21,2685,85;99;100;97;93;96;97;47;50;48;50;50,task:3;informational:47;navigational:14;commercial:31;transactional:5
Geladeiras Portáteis para Caminhões,21,2652,85;99;100;99;53;57;56;50;55;55;53;53,task:4;informational:48;navigational:4;commercial:32;transactional:12
Climatizadores com gelo,25,2651,26;29;18;44;64;67;66;95;96;100;87;88,task:5;informational:69;navigational:5;commercial:12;transactional:9
Freezers Portáteis para Carro,21,2603,85;100;96;48;58;61;62;60;61;61;61;60,task:8;informational:43;navigational:4;commercial:35;transactional:10
Geladeiras Electrolux DF48,18,2577,12;16;19;13;15;15;19;48;41;73;75;100,task:3;informational:50;navigational:22;commercial:22;transactional:3
Maquinas de Refrigerante,27,2548,31;40;37;33;39;42;43;100;44;42;43;43,task:5;informational:55;navigational:3;commercial:28;transactional:9
RST Brasil - elétrica e equipamentos,17,2537,16;78;89;88;30;30;29;100;95;78;78;78,task:2;informational:66;navigational:17;commercial:10;transactional:5
Geladeiras Mabe no Brasil,18,2513,27;28;28;35;57;54;58;62;85;100;94;100,task:2;informational:70;navigational:7;commercial:18;transactional:3
Ultracongeladores e Freezers,25,2491,15;21;21;45;98;99;100;42;39;39;39;39,task:3;informational:52;navigational:4;commercial:28;transactional:13
Fritadeiras elétricas no Brasil,16,2482,85;99;100;49;50;53;54;49;46;46;46;46,task:3;informational:51;navigational:13;commercial:20;transactional:13
Máquinas de lavar no Brasil,21,2468,82;98;100;58;51;54;55;56;56;68;57;63,task:2;informational:50;navigational:12;commercial:17;transactional:19
Refrigeradores e Freezers Fricon,20,2464,71;95;98;90;88;94;93;98;100;100;100;99,task:5;informational:40;navigational:20;commercial:26;transactional:9
Frigobar Philco: modelos e capacidades,18,2407,50;78;79;77;70;74;77;76;90;92;100;98,task:7;informational:52;navigational:5;commercial:17;transactional:19
Eletrodomésticos no Zoom,22,2376,85;100;100;99;75;78;82;97;86;87;93;94,task:5;informational:33;navigational:27;commercial:10;transactional:25
Geladeiras com Condensação,19,2375,59;73;75;73;65;61;60;67;57;57;95;100,task:8;informational:67;navigational:5;commercial:15;transactional:5
Geladeiras de Brinquedo para Crianças,16,2370,73;97;100;95;78;84;86;74;81;89;80;79,task:7;informational:52;navigational:5;commercial:25;transactional:11
Geladeiras Panasonic 435 litros,26,2369,75;87;87;59;53;54;49;69;72;92;96;100,task:2;informational:47;navigational:4;commercial:38;transactional:9
Solar Móveis e Eletros Brasil,15,2365,83;99;100;100;92;95;97;49;55;55;54;54,task:3;informational:29;navigational:54;commercial:7;transactional:7
Freezers: melhores preços e marcas,24,2330,23;31;30;73;96;99;100;83;100;100;97;100,task:5;informational:24;navigational:4;commercial:57;transactional:10
Haier Eletrodomésticos Brasil,17,2318,19;26;29;25;94;99;100;97;96;94;94;93,task:1;informational:36;navigational:55;commercial:5;transactional:3
Borrachas para Freezer,26,2309,36;19;20;53;68;71;71;83;97;100;100;100,task:2;informational:43;navigational:10;commercial:28;transactional:17
"Dias: ar condicionado, refrigeração e energia solar",16,2281,65;86;89;86;85;98;97;91;100;100;100;99,task:3;informational:53;navigational:18;commercial:15;transactional:11
Geladeiras Side by Side Midea,19,2252,51;78;80;78;86;92;94;86;97;100;97;100,task:3;informational:48;navigational:5;commercial:23;transactional:21
Resfriar e Climatização,17,2237,48;78;78;71;43;44;43;73;88;90;91;100,task:4;informational:53;navigational:7;commercial:22;transactional:14
Geladeiras Samsung 460L Inverter,16,2223,11;65;65;48;41;30;26;100;50;78;61;89,task:5;informational:46;navigational:7;commercial:15;transactional:27
Eletromil: Materiais Elétricos no Brasil,18,2220,61;78;79;85;87;91;91;89;100;100;100;99,task:2;informational:42;navigational:34;commercial:12;transactional:10
Friza Climatização e Acabamentos,16,2206,87;91;92;100;100;95;92;90;90;90;90;90,task:2;informational:37;navigational:30;commercial:8;transactional:23
Prateleiras e peças para Geladeira Electrolux,17,2200,85;99;100;53;87;90;91;58;60;60;59;59,task:5;informational:35;navigational:4;commercial:33;transactional:23
HDS Refrigeração Brasil,16,2159,58;87;92;90;92;99;94;98;100;100;100;99,task:1;informational:24;navigational:59;commercial:12;transactional:4
Freezers para Sorvete,16,2158,87;100;53;59;57;61;65;67;63;63;63;62,task:8;informational:55;navigational:1;commercial:32;transactional:4
Geladeiras 360 litros,22,2144,23;36;42;45;42;43;47;60;92;100;88;94,task:2;informational:41;navigational:19;commercial:35;transactional:3
Geladeiras Consul 400 litros,16,2133,11;21;27;20;31;22;37;19;15;33;41;100,task:3;informational:45;navigational:4;commercial:36;transactional:12
Refrigeração Comercial Imbera,18,2131,85;99;100;53;49;53;54;53;52;51;52;51,task:2;informational:36;navigational:22;commercial:32;transactional:8
Atacado de Eletrodomésticos,19,2125,26;32;33;84;96;96;100;90;40;40;40;39,task:5;informational:26;navigational:9;commercial:44;transactional:16
Conserto e Reparos no Brasil,19,2117,25;25;33;35;48;48;48;43;44;49;46;100,task:5;informational:63;navigational:12;commercial:10;transactional:10
Ferramentas de Refrigeração e Ar Condicionado,24,2112,58;67;67;100;94;96;96;74;66;66;67;66,task:8;informational:45;navigational:4;commercial:39;transactional:4
Sistemas de refrigeração e redes frigorígenas,22,2108,67;75;74;100;98;96;96;99;99;98;98;98,task:8;informational:78;navigational:2;commercial:10;transactional:2
Geladeiras Electrolux IM7,16,2097,4;5;5;6;31;18;20;83;62;100;84;98,task:3;informational:49;navigational:18;commercial:12;transactional:18
Refrigeradores e freezers de 300 litros,22,2082,83;99;100;96;93;96;98;94;52;55;53;51,task:2;informational:50;navigational:4;commercial:27;transactional:17
Geladeiras Continental 470 L,19,2079,56;62;40;55;53;59;58;91;69;73;83;100,task:2;informational:54;navigational:14;commercial:24;transactional:6
Geladeiras para skincare e cosméticos,17,2047,63;91;94;91;88;96;99;89;100;99;100;99,task:3;informational:46;navigational:5;commercial:31;transactional:15
Geladeiras Electrolux 400L,35,2042,82;98;100;100;56;57;58;59;61;55;64;60,task:5;informational:46;navigational:15;commercial:16;transactional:18
Cuisinart Brasil e assistência técnica,16,2007,57;86;88;87;85;93;96;98;100;100;93;92,task:3;informational:32;navigational:45;commercial:13;transactional:7
Freezers Casas Bahia,15,2003,62;88;91;88;81;86;89;79;89;91;100;94,task:3;informational:22;navigational:43;commercial:15;transactional:17
Eletrodomésticos perto de mim,16,2002,58;97;100;76;78;67;69;84;72;94;89;99,task:5;informational:24;navigational:53;commercial:16;transactional:2
Condensadores de Geladeira,22,1993,33;39;39;39;47;48;49;100;93;96;95;97,task:3;informational:66;navigational:4;commercial:22;transactional:5
Frios e Embutidos,18,1977,46;52;59;64;70;71;71;94;97;98;100;100,task:5;informational:60;navigational:5;commercial:20;transactional:10
Vagas de Refrigeração,16,1973,48;100;59;34;34;42;37;29;29;93;99;89,task:2;informational:55;navigational:6;commercial:31;transactional:6
Aquecedores e Aquecimento,15,1972,100;88;99;98;97;100;93;89;77;77;94;92,task:5;informational:51;navigational:15;commercial:18;transactional:11
Geladeiras Brastemp Gourmand,15,1964,35;53;60;51;63;56;56;100;77;86;96;99,task:1;informational:55;navigational:15;commercial:20;transactional:9
Geladeiras Panasonic 397 L e Frost Free,20,1959,26;47;50;56;53;55;57;54;84;100;64;71,task:7;informational:54;navigational:2;commercial:20;transactional:17
Peças de Geladeira Consul,18,1957,34;38;38;36;61;62;62;62;85;100;86;86,task:5;informational:53;navigational:10;commercial:22;transactional:10
Compressores de Refrigeração Embraco e Similares,30,1952,29;34;34;62;72;74;74;96;99;99;100;100,task:2;informational:58;navigational:10;commercial:23;transactional:7
Refricril: Distribuição de ar condicionado no Brasil,17,1931,86;100;52;51;46;49;49;48;53;53;54;54,task:2;informational:61;navigational:22;commercial:10;transactional:5
Geladeiras 80 cm de largura,18,1920,12;41;48;32;40;24;24;100;65;77;63;89,task:2;informational:56;navigational:2;commercial:31;transactional:9
Geladeiras Electrolux TF70,20,1908,11;40;43;39;50;54;45;88;44;44;100;100,task:3;informational:35;navigational:35;commercial:9;transactional:18
Geladeiras com Frete Grátis,16,1897,13;45;48;91;80;62;70;50;44;61;83;100,task:5;informational:39;navigational:4;commercial:38;transactional:14
Frigobar 220V – Branco e Preto,15,1883,59;86;79;74;71;76;77;79;80;100;97;93,task:3;informational:30;navigational:4;commercial:49;transactional:14
Geladeiras de 463 litros (Midea/Brastemp),19,1878,53;79;75;65;62;63;63;100;77;88;85;80,task:3;informational:29;navigational:5;commercial:32;transactional:31
Geladeiras Panasonic BB41,21,1862,37;79;77;58;63;53;46;98;90;100;66;74,task:2;informational:48;navigational:9;commercial:33;transactional:8
Casa e Utilidades Brasil,16,1858,58;65;68;69;69;66;79;91;86;100;95;94,task:10;informational:43;navigational:30;commercial:9;transactional:8
Capacitores para Geladeira,21,1842,50;58;58;59;61;61;60;80;84;100;100;97,task:2;informational:73;navigational:3;commercial:10;transactional:12
Balanças para Refrigeração e Ar Condicionado,22,1829,76;88;86;42;37;39;40;100;100;100;100;100,task:2;informational:56;navigational:5;commercial:26;transactional:11
Geladeiras Samsung RS50N,15,1822,2;34;38;19;19;15;14;58;57;100;57;73,task:7;informational:36;navigational:32;commercial:8;transactional:17
Geladeiras Dako,20,1821,82;100;100;96;73;76;76;86;89;90;90;90,task:3;informational:45;navigational:21;commercial:23;transactional:8
Geladeiras Brastemp 463L Frost Free,18,1809,18;41;45;33;33;32;37;90;72;100;93;83,task:7;informational:65;navigational:1;commercial:19;transactional:8
Geladeiras LG 451 L,17,1800,10;34;37;32;41;36;31;54;83;100;73;84,task:3;informational:41;navigational:18;commercial:17;transactional:21
Bosch Rexroth Brasil e Distribuidores,18,1797,61;82;86;84;83;89;90;94;100;100;96;96,task:1;informational:28;navigational:56;commercial:6;transactional:9
Geladeiras Electrolux 382 litros,17,1790,26;43;52;44;47;44;35;95;72;88;73;100,task:7;informational:39;navigational:15;commercial:29;transactional:10
Geladeiras 1 Porta,16,1789,66;98;100;86;85;91;94;98;99;99;100;99,task:3;informational:42;navigational:7;commercial:37;transactional:11
Peças e Prateleiras Continental,21,1788,65;82;89;81;97;100;100;71;95;95;95;95,informational:49;navigational:14;commercial:29;transactional:8
Logística de Refrigeração no Brasil,17,1781,82;96;97;95;53;57;57;65;100;93;93;81,task:8;informational:48;navigational:25;commercial:8;transactional:11
Frigoríficos e Carnes no Brasil,19,1772,30;35;36;36;41;42;41;100;99;99;99;98,task:2;informational:60;navigational:5;commercial:28;transactional:5
Máquinas de Frozen Drinks,17,1754,70;82;83;85;56;60;57;98;100;97;98;97,task:2;informational:63;navigational:5;commercial:24;transactional:6
"Clima, Ar Condicionado e Refrigeração",15,1751,32;40;40;43;48;49;48;61;46;46;92;100,task:5;informational:61;navigational:4;commercial:22;transactional:8
Refrigerantes 250ml no Brasil,17,1749,84;99;100;99;57;60;59;69;74;78;68;77,task:2;informational:54;navigational:2;commercial:34;transactional:8
Geladeiras Electrolux DF42,19,1746,58;39;48;87;91;100;95;99;93;100;97;100,task:3;informational:43;navigational:22;commercial:23;transactional:9
Refrigeradores LG com porta francesa,21,1744,15;29;29;28;30;32;26;82;72;94;100;100,task:3;informational:45;navigational:15;commercial:21;transactional:16
Geladeiras Panasonic com Econavi,16,1739,14;35;35;42;34;28;28;52;44;100;65;73,task:2;informational:64;navigational:12;commercial:16;transactional:6
Desidratadores e desumidificadores Thermomatic,19,1734,82;98;100;98;83;86;87;83;98;98;94;92,task:5;informational:36;navigational:21;commercial:16;transactional:22
Peças Brastemp: Geladeira e Lavadora,23,1723,87;100;100;52;66;68;68;84;71;71;71;71,task:3;informational:40;navigational:26;commercial:22;transactional:9
Ar Condicionado em Lojas Brasileiras,15,1723,77;93;100;94;64;60;61;80;66;69;58;57,task:2;informational:17;navigational:54;commercial:8;transactional:19
Casa e Lar Brasil,17,1722,100;87;88;81;24;27;34;36;29;31;37;35,task:5;informational:39;navigational:8;commercial:37;transactional:11
Geladeiras Electrolux de vidro preto,15,1697,6;20;25;7;36;24;24;71;59;100;89;91,task:3;informational:54;navigational:2;commercial:21;transactional:20
Geladeiras Brastemp BRM45,18,1696,10;23;26;22;22;27;23;100;20;23;68;72,task:7;informational:51;navigational:12;commercial:14;transactional:16
Ventiladores com gelo,17,1692,30;32;33;42;43;33;32;100;98;88;88;87,task:8;informational:78;navigational:2;commercial:10;transactional:2
Cybelar Móveis e Eletrodomésticos,15,1685,60;85;89;86;87;93;96;98;99;99;100;99,informational:21;navigational:56;commercial:11;transactional:12
Geladeiras Electrolux 475 litros com DC51,23,1682,62;74;82;73;71;73;74;100;57;63;62;65,task:5;informational:35;navigational:11;commercial:17;transactional:32
Lojas de casa no Brasil,15,1674,31;44;46;44;53;50;50;79;68;74;68;100,task:3;informational:42;navigational:25;commercial:11;transactional:19
Geladeiras para área gourmet,15,1657,23;76;78;100;86;80;77;45;34;35;60;76,task:5;informational:56;navigational:4;commercial:26;transactional:9
Ar Condicionado e Climatização,17,1649,39;69;70;55;74;72;71;100;61;66;90;100,task:3;informational:59;navigational:4;commercial:24;transactional:10
Caminhões e Baús Refrigerados,24,1644,44;52;53;71;98;100;100;97;78;77;79;78,task:5;informational:69;navigational:7;commercial:15;transactional:4
Freezers e Geladeiras Verticais com Porta de Vidro,20,1628,85;99;100;97;95;98;100;55;52;52;52;51,task:2;informational:60;navigational:4;commercial:22;transactional:12
Geladeiras Expositoras de Bebidas,19,1610,85;99;100;64;57;60;61;55;47;50;47;46,task:5;informational:49;navigational:1;commercial:37;transactional:8
Termômetros para Geladeira e Refrigeração,22,1610,50;61;57;62;82;84;84;100;94;89;90;90,task:5;informational:65;navigational:2;commercial:27;transactional:1
Master Frio: purificadores de água e ar,18,1598,90;99;100;64;61;70;72;100;100;100;100;100,task:2;informational:47;navigational:4;commercial:32;transactional:15
Coolers e Ventiladores 12V/110V/220V,18,1584,74;84;84;45;51;54;55;68;97;96;100;82,task:5;informational:53;navigational:2;commercial:35;transactional:5
Travas e Fechaduras para Geladeira,17,1581,97;53;51;52;55;62;62;73;72;72;93;100,task:2;informational:62;navigational:5;commercial:20;transactional:11
Borrachas para Geladeira,21,1580,49;59;58;52;68;68;68;100;89;89;89;89,task:5;informational:49;navigational:7;commercial:21;transactional:18
Aquecedores a gás Rinnai 15L,21,1577,86;100;100;60;56;58;65;83;100;100;95;95,task:2;informational:41;navigational:12;commercial:31;transactional:14
Freezers horizontais 100L,15,1561,34;49;52;46;44;46;48;50;56;100;72;76,task:3;informational:31;navigational:5;commercial:46;transactional:15
Geladeiras Embutidas,19,1547,66;97;100;84;80;84;87;75;84;96;84;83,task:7;informational:54;navigational:6;commercial:24;transactional:9
Eletrônicos no Brasil,17,1541,17;46;49;56;54;50;47;69;58;94;82;100,task:7;informational:60;navigational:5;commercial:20;transactional:8
Móveis para frigobar,16,1538,67;99;100;96;83;88;90;81;81;81;88;87,task:3;informational:53;navigational:4;commercial:29;transactional:11
Peças e prateleiras Consul,21,1536,86;99;100;56;50;52;53;63;53;54;57;57,task:3;informational:50;navigational:23;commercial:13;transactional:11
Lojas de eletrônicos e outlets no Brasil,16,1512,20;49;60;45;63;45;54;65;69;75;100;87,task:3;informational:47;navigational:35;commercial:9;transactional:6
Gelopar: Geladeiras e cervejeiras 3 portas,16,1512,71;98;100;83;82;88;98;91;93;93;93;92,task:3;informational:39;navigational:6;commercial:36;transactional:16
Bundy Refrigeração no Brasil,15,1510,10;51;47;40;35;55;45;90;41;41;62;100,task:3;informational:48;navigational:25;commercial:12;transactional:12
Geladeiras Samsung RL4353 e Barosa,15,1485,8;70;71;52;49;33;29;92;46;100;83;65,task:2;informational:66;navigational:5;commercial:18;transactional:9
Freezers de 150 litros,15,1485,29;37;36;33;41;43;47;56;62;73;93;100,task:7;informational:36;navigational:4;commercial:36;transactional:17
Câmaras frias usadas para açougues,15,1482,67;82;88;87;89;100;96;75;76;75;77;76,task:5;informational:28;navigational:4;commercial:45;transactional:18
Refrigeração JR,16,1474,61;84;86;85;85;91;92;99;100;100;95;94,task:3;informational:21;navigational:44;commercial:27;transactional:5
Geladeiras Electrolux 454L (DB52X/DB53X),25,1470,60;92;95;82;70;67;74;84;92;100;69;83,task:2;informational:56;navigational:10;commercial:14;transactional:18
Geladeiras 451 litros com frost free (CRM56FB e similares),15,1466,25;78;78;61;57;52;49;78;61;69;100;99,task:3;informational:62;navigational:7;commercial:21;transactional:7
frigobar nas Casas Bahia,15,1448,16;22;23;22;24;26;34;31;40;100;35;36,task:3;informational:24;navigational:48;commercial:8;transactional:17
Frigobar e adega,16,1446,84;99;100;68;78;79;81;77;88;83;80;76,task:2;informational:60;navigational:2;commercial:26;transactional:10
Vitrines e estufas para confeitaria,16,1444,89;100;61;60;64;68;64;59;62;61;60;59,task:5;informational:67;navigational:4;commercial:19;transactional:5
Geladeiras Smeg,17,1443,54;74;75;71;78;89;90;91;95;96;98;100,task:10;informational:53;navigational:6;commercial:18;transactional:13
Três portas: carros e geladeiras,18,1443,21;60;66;54;59;56;67;87;68;91;81;100,task:2;informational:73;navigational:5;commercial:17;transactional:3
Freezers Verticais 197 Litros,18,1440,24;73;65;54;47;20;31;100;34;40;74;74,task:5;informational:60;navigational:5;commercial:20;transactional:10
Cursos de Refrigeração no Brasil,15,1437,15;30;30;29;28;56;48;63;51;47;73;100,task:3;informational:39;navigational:27;commercial:23;transactional:8
Geladeiras Electrolux RE28,18,1434,35;37;37;46;56;56;56;100;98;88;88;88,task:3;informational:54;navigational:27;commercial:13;transactional:3
Makita: caixas térmicas e geladeiras portáteis,20,1433,43;56;58;57;61;60;61;94;100;100;100;99,task:5;informational:52;navigational:4;commercial:24;transactional:15
Indústria e Distribuição de Refrigerantes,20,1433,46;51;51;86;89;90;90;86;84;86;100;92,task:5;informational:57;navigational:4;commercial:26;transactional:8
Kärcher Brasil: lojas e produtos,15,1419,60;82;86;86;84;89;84;92;100;100;95;92,task:7;informational:24;navigational:39;commercial:14;transactional:16
Conserto de geladeiras e motores,21,1419,38;40;63;100;79;80;80;55;56;55;56;56,task:20;informational:63;navigational:5;commercial:8;transactional:4
Eletrodomésticos Mabe no Brasil,17,1418,34;42;42;55;75;72;75;56;65;72;87;100,task:5;informational:58;navigational:15;commercial:12;transactional:10
Amazon Brasil: eletrodomésticos e itens de casa,16,1418,61;91;94;89;87;92;93;100;91;91;92;94,task:1;informational:15;navigational:63;commercial:4;transactional:17
Flytec Eletrônicos Brasil e Paraguai,16,1417,48;73;76;82;80;85;86;84;89;100;95;94,task:3;informational:18;navigational:55;commercial:11;transactional:13
"Conjunto Geladeira e Freezer: Tipos, Configurações e Escolhas",17,1417,22;63;68;49;49;32;30;83;49;53;79;100,task:2;informational:66;navigational:4;commercial:24;transactional:4
Gabinetes de Cozinha e Ventiladores de Teto no Brasil,15,1415,46;70;71;68;54;58;59;65;94;100;94;88,task:3;informational:49;navigational:12;commercial:18;transactional:18
Geladeiras 380 litros,20,1413,35;69;81;62;47;48;50;94;76;86;84;100,task:3;informational:54;navigational:4;commercial:28;transactional:11
Lojas de Eletro no Brasil,16,1407,46;65;69;33;63;70;63;100;75;82;82;74,task:5;informational:49;navigational:23;commercial:15;transactional:8
Geladeiras Consul no Brasil,15,1400,19;29;34;33;32;27;38;91;71;100;88;96,task:4;informational:22;navigational:32;commercial:20;transactional:22
Geladeiras Electrolux DF44,20,1387,28;29;29;29;49;46;37;100;52;56;84;77,task:2;informational:71;navigational:8;commercial:13;transactional:6
Freezers e Geladeiras Brastemp/Electrolux,17,1385,87;100;100;65;63;64;64;81;70;70;70;71,task:2;informational:50;navigational:9;commercial:30;transactional:9
Ar Condicionado da China,19,1376,18;28;35;45;43;38;38;86;100;78;78;80,task:2;informational:64;navigational:4;commercial:24;transactional:6
Geladeiras com dispenser de água,17,1373,22;38;42;33;53;49;48;100;38;36;60;71,task:2;informational:60;navigational:4;commercial:28;transactional:6
Geladeiras portáteis no Brasil,17,1371,57;84;71;69;72;78;78;89;93;100;100;99,task:10;informational:55;navigational:1;commercial:24;transactional:10
Air Fryer e Liquidificador no Brasil,18,1366,76;89;91;88;85;87;89;100;47;47;47;47,task:5;informational:42;navigational:9;commercial:14;transactional:30
Melhores Frigobares,24,1363,26;30;30;69;84;84;94;100;85;82;81;81,task:8;informational:22;navigational:2;commercial:58;transactional:10
Geladeiras 470 litros,22,1345,19;62;69;50;48;37;37;100;50;57;49;85,task:7;informational:39;navigational:4;commercial:32;transactional:18
Freezers Imbera 560 litros,16,1334,12;31;37;26;22;16;24;47;62;77;93;100,task:3;informational:41;navigational:18;commercial:25;transactional:13
Geladeiras TCL,19,1325,28;62;70;51;51;45;40;100;71;84;68;76,task:3;informational:59;navigational:13;commercial:13;transactional:12
Freezers Esmaltec,19,1321,45;59;60;63;70;76;70;85;92;100;72;72,task:8;informational:40;navigational:20;commercial:22;transactional:10
Geladeiras Colombo,18,1317,86;100;100;67;69;72;72;65;64;65;66;65,task:2;informational:32;navigational:26;commercial:12;transactional:28
Geladeiras Instaview,17,1312,23;60;61;53;45;39;44;100;60;71;60;68,task:3;informational:59;navigational:5;commercial:18;transactional:15
Miele Eletrodomésticos Brasil,17,1311,21;26;27;27;99;100;98;30;30;30;30;30,informational:46;navigational:41;commercial:9;transactional:4
Fors Refrigerantes e Água,17,1300,81;100;57;58;58;62;62;68;69;69;70;68,task:2;informational:59;navigational:13;commercial:15;transactional:11
Lojas de Eletrônica no Brasil,16,1298,31;44;54;34;21;39;38;66;49;95;81;100,task:2;informational:57;navigational:19;commercial:16;transactional:6
Geladeiras de 60–75 cm de largura,18,1293,13;59;65;25;25;18;31;100;65;92;86;97,task:2;informational:45;navigational:4;commercial:40;transactional:9
Frigoríficos Zimmer,16,1293,21;27;75;68;54;60;73;100;87;78;79;78,informational:55;navigational:39;commercial:4;transactional:2
Geladeiras Magazine Luiza,20,1292,83;96;61;77;97;98;100;84;48;47;48;47,task:2;informational:43;navigational:33;commercial:8;transactional:14
Geladeiras Consul CRB39,19,1292,11;24;28;23;26;30;22;34;26;70;90;100,task:1;informational:32;navigational:41;commercial:19;transactional:7
Geladeiras db44s,15,1291,10;65;65;53;53;43;50;100;66;80;71;84,task:3;informational:47;navigational:35;commercial:5;transactional:10
Geladeiras Novo Mundo,15,1290,56;73;77;76;100;76;76;41;46;39;66;82,task:5;informational:32;navigational:20;commercial:13;transactional:30
Assadeiras e fritadeiras elétricas,16,1288,82;96;100;95;51;54;53;51;52;89;73;70,task:5;informational:54;navigational:4;commercial:26;transactional:11
Alimentos Congelados Brasileiros,17,1280,30;34;34;34;100;100;100;40;41;41;40;41,task:1;informational:68;navigational:9;commercial:14;transactional:8
Geladeiras Consul CRM45,19,1279,26;47;55;37;36;41;36;81;68;70;66;100,task:2;informational:44;navigational:30;commercial:17;transactional:7
Refrisol: equipamentos para gastronomia,16,1277,52;70;71;80;84;100;88;80;82;86;85;85,task:2;informational:43;navigational:42;commercial:9;transactional:4
Porta Frios e Organização de Geladeira,17,1276,64;88;91;88;87;95;99;96;99;100;98;97,task:7;informational:57;navigational:7;commercial:22;transactional:7
Lojas de Eletroeletrônicos no Brasil,15,1272,52;87;71;63;43;34;31;67;30;29;100;82,informational:59;navigational:18;commercial:18;transactional:5
Refrigeração e climatização,15,1266,46;50;50;51;99;100;100;59;64;64;60;60,task:2;informational:64;navigational:8;commercial:16;transactional:10
Geladeiras com gavetas,15,1259,24;68;68;60;59;36;36;80;98;71;74;100,task:7;informational:61;navigational:2;commercial:23;transactional:7
Geladeiras Philco French Door,15,1259,15;24;25;50;28;39;36;84;53;73;59;100,task:10;informational:40;navigational:7;commercial:24;transactional:19
Geladeiras Electrolux 280L,16,1258,8;17;25;26;27;14;33;22;18;62;72;100,task:3;informational:43;navigational:18;commercial:32;transactional:4
Freezers de 100 litros,15,1258,47;67;73;69;68;73;74;80;74;75;91;100,task:7;informational:43;navigational:6;commercial:34;transactional:10
Top Móveis Brasil,16,1255,84;99;100;99;53;57;73;57;62;63;64;60,task:2;informational:20;navigational:32;commercial:40;transactional:6
Geladeiras e Máquinas de Lavar,17,1253,28;53;55;43;66;56;56;100;56;70;78;95,task:3;informational:51;navigational:13;commercial:23;transactional:10
Tecnologia e E-commerce Brasil,16,1251,14;33;37;31;63;62;70;46;41;82;100;81,task:3;informational:60;navigational:5;commercial:12;transactional:20
Geladeiras Midea 4 Portas,16,1249,11;36;37;29;29;26;31;13;17;100;61;95,task:4;informational:41;navigational:1;commercial:32;transactional:22
Geladeiras Brastemp Inox 375L,19,1248,62;84;87;79;47;53;56;70;66;100;93;79,task:2;informational:57;navigational:6;commercial:22;transactional:13
Peças de Geladeira,16,1243,41;43;44;63;71;74;59;100;98;99;100;100,task:2;informational:69;navigational:5;commercial:13;transactional:11
Geladeiras Simonetti e Sipolatti,16,1239,68;94;100;60;59;79;79;68;71;80;69;92,task:2;informational:43;navigational:23;commercial:10;transactional:22
Prateleiras de Geladeira,16,1225,27;57;71;35;31;34;40;37;44;100;84;95,task:4;informational:63;navigational:4;commercial:22;transactional:7
Eletrofrio Refrigeração,16,1220,64;96;96;100;88;95;94;95;94;94;90;89,task:2;informational:21;navigational:38;commercial:7;transactional:32
Geladeiras 370 litros Frost Free,22,1218,66;76;76;73;75;75;81;100;87;86;94;99,task:2;informational:44;navigational:5;commercial:33;transactional:16
Refrigeração e Geladeiras no Brasil,17,1212,18;47;100;89;88;86;78;63;48;37;32;80,task:2;informational:71;navigational:5;commercial:14;transactional:8
Descarte e venda de eletrodomésticos no Brasil,20,1209,37;52;53;39;92;91;100;84;63;70;56;57,task:5;informational:75;navigational:5;commercial:10;transactional:5
Geladeiras IT70s,16,1204,12;13;16;42;42;32;30;100;53;78;63;74,task:3;informational:38;navigational:29;commercial:12;transactional:18
Evaporadores de Geladeira,19,1201,31;40;40;37;48;48;33;75;66;100;92;100,task:5;informational:63;navigational:4;commercial:20;transactional:8
Geladeiras Electrolux IT70B,17,1200,8;58;69;50;50;73;76;86;66;100;96;100,task:3;informational:40;navigational:29;commercial:12;transactional:16
Geladeiras Panasonic Frost Free 425L com vidro,19,1199,20;21;22;23;23;23;38;100;66;77;65;71,task:5;informational:60;navigational:5;commercial:22;transactional:8
Geladeiras 460 litros,18,1198,38;68;75;50;50;53;52;100;71;78;72;76,task:3;informational:44;navigational:8;commercial:32;transactional:13
Hauskraft Brasil - catálogos e produtos,18,1196,41;61;62;58;57;64;65;82;89;65;66;100,task:3;informational:41;navigational:35;commercial:17;transactional:4
Philco Retro: Geladeiras e Pipoqueiras,16,1194,87;100;54;56;46;48;49;43;51;53;47;46,task:2;informational:73;navigational:6;commercial:13;transactional:6
Refrigeração e Armazéns Gerais,16,1192,68;92;93;89;93;100;100;45;53;52;53;47,task:5;informational:63;navigational:12;commercial:12;transactional:8
Ar Condicionado LG: Outlet e Comércio no Brasil,16,1190,22;43;62;54;54;44;42;91;69;72;95;100,task:3;informational:53;navigational:14;commercial:27;transactional:3
Geladeiras BB53 Panasonic Frost Free 425L,15,1190,7;35;40;28;24;28;26;67;45;100;76;71,task:7;informational:37;navigational:8;commercial:28;transactional:20
LG Ar Condicionado no Brasil,15,1186,9;56;62;48;40;19;15;17;18;21;60;100,task:3;informational:46;navigational:22;commercial:14;transactional:15
Frios: atacado e varejo,15,1185,19;24;23;59;39;30;28;35;26;22;22;100,task:3;informational:38;navigational:2;commercial:32;transactional:25
Geladeiras Electrolux IB45,17,1185,20;75;74;62;59;40;38;100;47;59;57;74,task:1;informational:53;navigational:40;commercial:5;transactional:1
Geladeiras com Filtro de Água,19,1182,40;75;77;58;64;57;54;35;36;70;84;100,task:3;informational:67;navigational:5;commercial:15;transactional:10
Geladeiras e Freezers na Americanas,16,1182,69;96;98;94;90;96;97;94;90;90;90;100,task:3;informational:20;navigational:40;commercial:11;transactional:26
Máquinas de Suco para Lanchonetes,19,1181,76;99;100;96;90;97;99;87;91;90;91;89,task:10;informational:33;navigational:1;commercial:45;transactional:11
Freezers de 199 litros,15,1180,13;22;23;20;19;19;17;63;51;37;46;100,task:3;informational:49;navigational:8;commercial:36;transactional:4
Bandejas e Reservatórios de Geladeira,16,1176,51;58;59;58;58;55;55;74;52;53;88;100,task:2;informational:69;navigational:5;commercial:10;transactional:14
Eletrodomésticos Bertazzoni,16,1175,88;99;100;100;53;56;54;57;60;60;62;62,task:5;informational:40;navigational:10;commercial:18;transactional:27
Tecnoar: Climatização e Compressores,16,1174,56;70;72;70;76;82;83;97;100;100;99;98,task:1;informational:26;navigational:50;commercial:15;transactional:8
Geladeiras Electrolux IW45S,15,1161,18;20;20;20;29;32;26;93;27;31;93;100,informational:63;navigational:11;commercial:17;transactional:9
Geladeiras Vermelhas,16,1159,22;29;29;26;34;40;44;61;42;100;80;76,task:10;informational:40;navigational:7;commercial:32;transactional:11
Geladeiras Koerich,17,1159,41;61;67;55;55;74;100;42;36;80;75;86,task:2;informational:19;navigational:30;commercial:10;transactional:39
Perfil Refrigeração,15,1158,16;54;46;40;40;48;48;42;32;50;91;100,task:3;informational:21;navigational:61;commercial:11;transactional:4
Frigol e frigoríficos no Brasil,15,1158,22;28;29;28;28;45;37;100;79;52;58;70,task:3;informational:45;navigational:31;commercial:7;transactional:14
Eletrônica e Elétrica Online,15,1155,10;38;39;22;22;23;82;41;39;88;73;100,task:3;informational:35;navigational:33;commercial:17;transactional:12
Geladeiras com Ice Maker,18,1152,27;20;21;40;39;26;24;92;60;82;71;100,task:3;informational:63;navigational:2;commercial:22;transactional:10
Geladeiras Frost Free,19,1150,26;66;74;53;66;43;41;90;100;45;43;100,task:8;informational:53;navigational:3;commercial:35;transactional:1
cafeteiras no varejo brasileiro,17,1146,79;95;100;95;92;94;96;54;68;72;77;75,task:5;informational:23;navigational:25;commercial:14;transactional:33
Casas de Radiadores,15,1138,90;100;61;59;55;58;54;58;62;62;60;60,task:5;informational:57;navigational:4;commercial:25;transactional:9
Decoração de Geladeira,24,1136,63;62;66;93;100;99;99;90;85;85;85;85,task:10;informational:68;navigational:5;commercial:12;transactional:5
Grupo Legrand Brasil,20,1130,93;100;74;71;56;61;61;77;59;58;61;62,task:3;informational:31;navigational:49;commercial:10;transactional:7
Centros Elétricos e Distribuição no Brasil,17,1128,31;39;38;30;29;39;37;34;99;95;96;100,task:3;informational:77;navigational:10;commercial:7;transactional:3
Lojas de eletrodomésticos e móveis no Brasil,15,1120,30;16;17;17;18;19;20;100;83;69;52;53,task:3;informational:44;navigational:34;commercial:13;transactional:6
Climatização e Ar Condicionado,16,1115,20;51;51;43;43;37;37;74;54;64;76;100,task:7;informational:44;navigational:10;commercial:28;transactional:11
Eletroshop Brasil,15,1105,24;39;45;33;33;46;47;54;68;91;86;100,task:3;informational:19;navigational:59;commercial:13;transactional:6
Geladeiras Brastemp e Philco no Reclame Aqui,18,1100,83;93;95;94;95;97;100;80;90;90;92;93,task:3;informational:46;navigational:41;commercial:6;transactional:4
Refrigeradores Electrolux IB45S,16,1097,41;62;73;62;43;43;52;100;73;87;50;66,task:3;informational:32;navigational:42;commercial:13;transactional:10
Geladeiras 420 litros,17,1095,13;20;23;20;18;33;32;58;34;76;75;100,task:7;informational:50;navigational:1;commercial:33;transactional:9
Eletrodomésticos e lojas online no Brasil,18,1094,17;46;50;44;46;42;42;71;87;100;84;85,informational:54;navigational:18;commercial:12;transactional:16
Geladeiras Consul CRM33,22,1089,23;34;42;37;45;41;57;69;57;69;61;100,task:1;informational:36;navigational:40;commercial:20;transactional:3
Ar Condicionado Brasil,15,1085,5;61;61;48;41;9;27;7;6;93;78;100,task:3;informational:35;navigational:26;commercial:24;transactional:12
Aquecedores e Ar Condicionado,19,1085,28;59;64;67;76;77;79;100;87;64;64;65,task:5;informational:57;navigational:4;commercial:30;transactional:4
Geladeiras Electrolux 540 L,18,1083,16;53;69;49;50;41;43;80;96;100;78;87,task:10;informational:52;navigational:5;commercial:18;transactional:15
Frigobares 120 litros e similares,17,1079,33;100;100;85;71;64;58;85;89;97;67;77,task:1;informational:49;navigational:4;commercial:39;transactional:7
Marcas de encanamento e melhoria do lar,16,1078,24;25;25;25;86;82;62;78;75;92;100;92,task:2;informational:66;navigational:4;commercial:22;transactional:6
Câmaras frias para bares e cervejas,23,1078,73;40;40;84;96;99;100;60;55;55;54;54,task:5;informational:49;navigational:12;commercial:26;transactional:8
Refrigeração Automotiva e Ar Condicionado,15,1077,61;86;87;85;85;89;89;98;100;100;95;94,task:7;informational:44;navigational:4;commercial:33;transactional:12
Freezers Carrefour Brasil,16,1076,29;57;62;57;55;52;61;72;98;100;66;73,task:1;informational:31;navigational:36;commercial:12;transactional:20
Eletro no Brasil,16,1076,21;31;33;32;64;84;100;82;48;62;77;89,task:7;informational:40;navigational:28;commercial:20;transactional:5
Eletrônicos e Digital no Brasil,15,1075,18;24;42;38;74;49;57;93;68;100;85;77,task:2;informational:62;navigational:21;commercial:12;transactional:3
Motores e Compressores Consul para Geladeiras,19,1072,40;48;42;57;63;65;71;100;65;65;67;68,task:2;informational:48;navigational:10;commercial:22;transactional:18
Casa e Multicoisas,16,1070,32;50;63;47;73;66;57;97;84;100;90;84,task:7;informational:19;navigational:46;commercial:10;transactional:18
Mini refrigerante e latas de Coca-Cola,19,1065,58;98;99;85;85;90;90;98;99;98;100;99,task:10;informational:54;navigational:4;commercial:25;transactional:7
Coolers para Geladeiras,17,1063,85;98;96;94;77;80;100;81;81;86;85;85,task:5;informational:59;navigational:5;commercial:24;transactional:7
Geladeiras na Angeloni,16,1060,19;77;82;70;33;29;38;100;70;80;73;93,informational:33;navigational:34;commercial:14;transactional:19
Expositores Refrigerados Usados,16,1060,83;99;100;100;68;73;73;55;49;49;49;49,task:5;informational:41;navigational:6;commercial:34;transactional:14
Refrigeração no Brasil,16,1051,22;27;28;27;26;31;30;30;31;30;83;100,task:1;informational:49;navigational:28;commercial:10;transactional:12
Geladeiras Frost Free - Buscapé,15,1047,13;26;35;41;40;25;16;100;63;18;16;98,task:3;informational:18;navigational:58;commercial:7;transactional:14
Geladeiras Electrolux 410L,20,1034,42;58;61;55;55;65;62;45;67;100;52;48,task:7;informational:44;navigational:11;commercial:22;transactional:16
Prateleiras e divisórias para freezer,18,1031,38;60;76;45;56;55;59;74;60;100;86;96,task:8;informational:23;navigational:1;commercial:54;transactional:14
Eletrogate Brasil,16,1029,32;48;49;48;61;58;100;81;89;80;65;65,task:3;informational:18;navigational:67;commercial:7;transactional:5
Geladeiras compactas para apartamento,17,1029,22;86;92;88;91;94;93;79;100;70;69;72,task:3;informational:63;navigational:5;commercial:21;transactional:8
Ar Condicionado em Lojas Online,16,1029,17;32;39;32;31;30;43;76;66;76;65;100,task:2;informational:33;navigational:32;commercial:28;transactional:5
Geladeiras Electrolux 553 litros,15,1027,19;22;24;70;68;37;49;96;65;66;61;100,task:7;informational:53;navigational:4;commercial:32;transactional:4
Geladeiras Frigidaire Antigas,18,1027,73;87;88;53;98;100;100;54;55;55;54;54,task:2;informational:72;navigational:8;commercial:15;transactional:3
Philips e motéis no Brasil,16,1021,42;47;47;50;56;52;57;57;51;100;97;92,task:2;informational:67;navigational:15;commercial:10;transactional:6
Engenharia de Climatização e Refrigeração,18,1020,64;76;63;58;58;60;54;50;46;53;54;100,task:2;informational:71;navigational:5;commercial:16;transactional:6
Geladeiras 440 litros,21,1018,25;60;69;50;49;34;37;100;37;41;46;73,task:3;informational:40;navigational:6;commercial:30;transactional:21
Assistência Técnica e Tecnologia no Brasil,17,1018,92;95;97;17;99;98;100;20;20;20;19;19,task:2;informational:62;navigational:8;commercial:24;transactional:4
Freezers com Ponto Frio,15,1015,13;30;29;42;36;45;44;63;37;42;35;100,task:1;informational:19;navigational:48;commercial:12;transactional:20
Geladeiras Panasonic Side by Side,17,1015,7;27;37;21;21;22;23;100;46;88;66;71,task:8;informational:24;navigational:12;commercial:40;transactional:16
Melhores Geladeiras Side-by-Side,17,1010,12;45;51;26;38;34;39;100;73;55;53;55,task:5;informational:31;commercial:60;transactional:4
Refrigeração e Expositores Refrimate,15,1010,61;84;86;82;87;93;94;96;96;97;100;100,task:3;informational:20;navigational:49;commercial:12;transactional:16
Leilões de Geladeiras e Eletrodomésticos,21,1005,51;58;57;59;81;65;64;55;64;79;100;67,task:4;informational:69;navigational:4;commercial:16;transactional:7
"Ventiladores, Refrigeradores e Umidificadores",17,1004,50;64;100;94;79;71;75;69;64;68;65;67,task:2;informational:59;navigational:4;commercial:29;transactional:6
Geladeiras Preto Inox,17,1004,20;67;72;57;53;42;42;100;68;76;49;71,task:3;informational:57;navigational:5;commercial:24;transactional:11
Refrigeração e Refrigerar no Brasil,19,1002,58;38;35;31;99;100;100;52;32;35;37;36,task:4;informational:78;navigational:12;commercial:4;transactional:2
Geladeiras e freezers Budweiser,16,999,15;19;20;26;29;19;49;53;59;100;90;86,task:3;informational:33;navigational:1;commercial:52;transactional:11
Freezers Brastemp 228 litros,15,999,6;13;14;12;13;26;16;60;53;100;89;89,task:3;informational:53;navigational:12;commercial:25;transactional:7
Compressores e Sistemas de Refrigeração,19,998,77;75;75;80;80;80;80;89;100;100;100;100,task:2;informational:75;navigational:7;commercial:13;transactional:3
Frigobar 124L Midea — Brasil,17,995,51;74;76;74;65;68;68;100;90;100;73;73,task:6;informational:29;navigational:28;commercial:16;transactional:21
Freezers de 250 litros,15,995,5;11;13;9;9;9;25;17;21;100;80;80,task:3;informational:49;navigational:4;commercial:33;transactional:11
Brasil Eletrônica,15,995,22;100;92;77;69;39;37;19;19;96;66;59,task:2;informational:44;navigational:30;commercial:18;transactional:6
Forno elétrico em lojas brasileiras,15,987,23;53;71;44;44;49;58;53;54;84;85;100,informational:11;navigational:59;commercial:11;transactional:19
Gelotech: Refrigeração e Tecnologia de Gelo,17,985,53;56;56;56;58;59;59;67;100;100;100;100,task:2;informational:54;navigational:34;commercial:7;transactional:3
Geladeiras IB7S e Eletrodomésticos,18,976,14;32;34;43;45;33;39;100;59;44;43;49,task:5;informational:62;navigational:12;commercial:9;transactional:12
Freezers Expositor para Supermercados,16,970,67;93;95;94;90;97;94;100;100;98;97;97,task:7;informational:22;navigational:1;commercial:59;transactional:11
Eletroeletrônicos e Telefonia Brasil,16,968,21;75;83;60;60;61;52;100;75;93;85;79,task:7;informational:49;navigational:19;commercial:11;transactional:14
Continental Ar Condicionado Brasil,16,966,40;89;92;84;68;59;61;100;62;68;79;100,task:2;informational:15;navigational:28;commercial:47;transactional:8
"Metalfrio: Refrigeração, Expositores e Peças",18,964,78;98;99;93;84;91;90;90;100;100;92;91,task:3;informational:33;navigational:32;commercial:19;transactional:13
Frigo: Equipamentos de Cozinha Industrial,15,961,35;59;64;65;61;65;65;67;68;82;100;97,task:7;informational:18;navigational:30;commercial:30;transactional:15
Freezers 530–534 litros,16,956,17;24;34;31;31;28;58;61;38;89;68;100,task:3;informational:46;navigational:11;commercial:32;transactional:8
Frigoríficos do Rio Grande do Sul,17,950,51;69;69;90;88;91;90;100;84;77;76;72,task:2;informational:55;navigational:10;commercial:28;transactional:5
Frigobar 68 litros e Philco,16,942,10;42;50;26;23;32;21;85;74;97;100;84,task:3;informational:49;navigational:18;commercial:21;transactional:9
Freezers Industriais,18,939,87;100;61;58;53;56;56;60;60;60;56;55,task:2;informational:53;navigational:4;commercial:34;transactional:7
Ventiladores e Cia Brasil,15,935,38;64;68;60;59;81;60;100;94;99;100;100,task:1;informational:13;navigational:70;commercial:13;transactional:3
Gama Eletrônicos: Varejo de Eletrônicos,15,933,5;100;80;66;66;23;46;54;10;13;34;40,task:7;informational:25;navigational:35;commercial:11;transactional:22
Ar Condicionado e Empresas no Brasil,16,933,17;56;56;49;59;56;60;100;94;79;69;78,informational:57;navigational:26;commercial:15;transactional:2
Compressores e Peças de Refrigeradores,20,931,39;38;39;16;23;33;50;99;93;100;95;89,task:5;informational:58;navigational:4;commercial:25;transactional:8
Venax Geladeiras e Expositores,15,931,36;63;69;53;55;58;57;50;49;100;93;91,informational:29;navigational:44;commercial:13;transactional:14
Lava-louças e lavadoras compactas,24,929,73;100;71;62;68;56;55;73;66;76;64;69,task:2;informational:65;navigational:5;commercial:22;transactional:6
Freezers de 400 litros,21,923,43;61;63;59;58;61;61;56;90;100;70;66,task:10;informational:39;navigational:4;commercial:34;transactional:13
Bemol: promoções e eletrodomésticos,18,923,40;54;62;51;48;49;49;100;71;71;66;70,task:2;informational:40;navigational:30;commercial:14;transactional:14
Suggar Eletrodomésticos,15,922,31;59;60;77;71;39;58;58;29;76;77;100,task:2;informational:18;navigational:67;commercial:7;transactional:6
Refrigeração e Ar Condicionado em Itatiba,15,922,4;29;33;34;34;42;42;100;51;47;45;86,task:3;informational:38;commercial:47;transactional:12
Frigobar 70 litros,16,914,17;34;40;45;53;52;53;100;76;91;88;80,task:3;informational:44;navigational:4;commercial:33;transactional:16
Casa e Conforto Online Brasil,16,913,18;33;41;37;39;41;100;78;52;77;71;90,task:3;informational:41;navigational:28;commercial:11;transactional:17
Eletricidade Brasil,15,912,51;63;80;87;93;88;77;94;100;97;95;92,task:2;informational:69;navigational:16;commercial:7;transactional:6
Refrigeradores e Freezers 600 litros,15,894,12;59;100;66;49;37;33;94;46;39;56;84,task:5;informational:45;navigational:11;commercial:33;transactional:6
Gelo Electrolux: Formas e Máquinas,17,893,61;82;90;80;98;91;86;79;88;100;97;99,task:2;informational:57;navigational:10;commercial:13;transactional:18
Geladeiras 300 litros no Brasil,16,889,10;31;46;31;30;29;39;67;40;100;84;82,task:10;informational:34;navigational:4;commercial:35;transactional:17
Geladeiras 240 litros,17,879,66;97;100;91;88;93;91;94;96;96;93;93,task:3;informational:46;navigational:4;commercial:37;transactional:10
Bebedouros com motor de geladeira,18,874,80;84;85;83;81;90;93;81;89;95;100;100,informational:68;navigational:4;commercial:25;transactional:3
Geladeiras na Fast Shop,18,874,31;61;63;68;57;53;54;100;62;39;38;39,task:5;informational:32;navigational:19;commercial:23;transactional:21
Schmersal Brasil e Eletrônica Industrial,15,873,67;86;88;86;84;90;91;93;99;100;100;100,task:3;informational:38;navigational:42;commercial:7;transactional:10
Geladeiras com Painel Digital,15,872,20;74;89;66;66;51;50;20;20;100;65;97,task:7;informational:66;navigational:3;commercial:21;transactional:3
Peças de Refrigeração Refriel,15,869,52;62;64;63;77;80;57;65;100;98;96;97,task:2;informational:42;navigational:43;commercial:9;transactional:4
Frigobar 45L e acessórios,15,867,59;84;87;83;73;77;76;100;84;84;86;85,task:3;informational:21;navigational:35;commercial:33;transactional:8
Eletrodomésticos Gorenje,16,864,47;98;100;88;66;68;67;82;82;88;75;83,task:3;informational:27;navigational:42;commercial:16;transactional:12
Geladeiras Brastemp 4 portas no Brasil,16,864,6;39;49;24;23;19;37;100;54;68;62;64,task:3;informational:57;navigational:2;commercial:18;transactional:20
Frigobar Electrolux Preto,15,863,10;25;28;27;26;21;63;28;23;100;91;91,task:7;informational:37;navigational:18;commercial:24;transactional:14
"Casas, Aquecedores e Construção no Brasil",15,859,16;31;32;26;47;52;36;34;46;49;100;90,task:7;informational:49;navigational:23;commercial:13;transactional:8
Eletroparts e Peças Elétricas no Brasil,15,855,63;95;96;91;91;94;94;93;100;100;94;94,task:3;informational:35;navigational:40;commercial:14;transactional:8
Gavetas e Tampas de Geladeira Consul,19,852,45;61;63;60;59;64;66;63;92;100;66;65,task:9;informational:42;navigational:9;commercial:21;transactional:19
Equipamentos de Ar Condicionado,15,851,15;48;59;47;56;29;29;21;28;16;80;100,task:4;informational:45;navigational:23;commercial:23;transactional:5
Maquinas de Lavar e Secar,17,844,11;36;45;30;29;22;11;57;23;100;35;55,task:5;informational:32;navigational:19;commercial:25;transactional:19
Armazenamento Frigorífico no Brasil,17,843,93;94;95;59;100;95;93;99;99;91;91;91,task:2;informational:70;navigational:14;commercial:7;transactional:7
geladeiras Consul biplex antigas,18,842,85;99;100;98;68;71;72;65;67;68;65;66,task:2;informational:69;navigational:5;commercial:21;transactional:3
Freezers com gavetas,16,839,45;67;68;65;64;66;66;68;90;100;68;68,task:3;informational:53;navigational:4;commercial:31;transactional:9
Móveis e Eletrodomésticos no Brasil,15,839,12;20;26;40;41;34;47;41;33;100;82;74,task:7;informational:44;navigational:16;commercial:23;transactional:10
Refrigeração e Refrigigas no Brasil,16,832,63;91;92;89;67;79;70;91;95;100;88;88,task:3;informational:56;navigational:21;commercial:11;transactional:9
Geladeiras Sam's Club,16,830,10;96;99;62;34;25;26;84;50;94;93;100,task:3;informational:49;navigational:24;commercial:11;transactional:13
Frigobar Philco: medidas e opções,15,830,3;31;40;26;30;32;41;100;100;76;85;75,task:3;informational:58;navigational:4;commercial:31;transactional:4
Portas de Geladeira,18,828,60;45;100;97;97;89;87;48;48;51;45;85,task:5;informational:63;navigational:5;commercial:13;transactional:14
Polar Refrigeração e Assitência Técnica,15,826,40;57;58;53;44;49;50;100;81;84;52;51,task:3;informational:23;navigational:51;commercial:15;transactional:8
Refrigeração e Ar-Condicionado em Niterói,17,824,59;63;62;71;82;79;75;100;83;84;87;84,task:5;informational:57;navigational:7;commercial:28;transactional:3
Gabinetes para Máquina de Lavar,15,823,79;94;100;56;63;64;67;46;64;66;52;53,task:3;informational:52;navigational:2;commercial:18;transactional:25
Geladeiras Brastemp Antigas,15,822,66;87;89;85;84;90;91;94;97;97;100;99,task:3;informational:64;navigational:4;commercial:23;transactional:6
Eletrodomésticos e Midea no Brasil,17,821,11;72;76;79;82;56;68;96;75;74;64;100,task:2;informational:68;navigational:10;commercial:10;transactional:10
Geladeiras Gazin,15,820,33;44;50;43;40;39;41;100;63;64;37;39,task:4;informational:41;navigational:19;commercial:18;transactional:18
Eletrofrigor Brasil,15,819,39;56;57;55;53;57;57;100;68;63;64;60,task:3;informational:18;navigational:67;commercial:7;transactional:5
Freezers de bebidas Skol/Ambev,17,817,60;77;55;79;78;79;78;84;71;89;97;100,task:5;informational:33;navigational:1;commercial:40;transactional:21
Energia Elétrica e Materiais Elétricos,15,812,53;77;78;70;76;95;77;69;98;100;77;79,task:3;informational:63;navigational:15;commercial:15;transactional:4
Hardstore e Hardware Brasil,15,811,23;43;39;37;44;47;37;53;100;100;95;51,task:7;informational:23;navigational:49;commercial:10;transactional:11
Peças de Geladeira Brastemp/Consul,17,807,89;99;100;94;94;99;98;63;58;84;79;81,task:2;informational:44;navigational:15;commercial:14;transactional:25
Geladeiras Expositoras Pretas,15,803,4;11;16;16;16;20;58;7;5;100;85;91,task:7;informational:32;navigational:11;commercial:36;transactional:14
Eletrodomésticos LG no Brasil,16,801,24;75;76;59;39;40;63;88;61;100;66;71,task:3;informational:49;navigational:27;commercial:11;transactional:10
geladeiras Zema,15,795,19;29;31;28;41;37;32;100;41;43;30;35,task:1;informational:11;navigational:49;commercial:17;transactional:22
Eletromóveis e eletrodomésticos em Belém,15,794,39;55;56;54;69;68;77;72;72;75;100;99,task:3;informational:24;navigational:54;commercial:11;transactional:8
Frigobar Midea 93L,18,784,91;100;100;97;75;86;69;59;57;53;79;80,task:5;informational:49;navigational:7;commercial:14;transactional:25
Máquinas de gelo compactas,20,775,71;77;78;82;86;88;88;87;92;100;85;84,task:5;informational:45;navigational:4;commercial:35;transactional:11
Gree: Ar Condicionado e Eletrodomésticos,23,774,46;57;70;61;68;71;82;68;94;100;64;65,task:2;informational:57;navigational:18;commercial:14;transactional:9
Tecnologia e eletrodomésticos no Brasil,16,774,36;64;71;65;79;67;83;100;90;88;83;76,task:8;informational:73;navigational:3;commercial:12;transactional:4
Freezers Electrolux 513–550 litros,20,773,30;44;47;42;43;44;49;58;81;100;49;57,task:3;informational:55;navigational:11;commercial:20;transactional:11
Freezers verticais Electrolux 162 L,21,766,43;52;55;53;65;60;54;99;100;86;84;93,task:2;informational:41;navigational:15;commercial:16;transactional:26
Polar Refrigeração e Caixas,17,765,52;65;68;69;97;100;93;75;74;74;75;75,task:3;informational:32;navigational:28;commercial:28;transactional:9
Ar Condicionado e Refrigeração de Qualidade,16,758,13;53;53;50;50;40;39;16;15;57;72;100,task:3;informational:45;navigational:18;commercial:29;transactional:5
Geladeiras Electrolux TF55S,19,757,26;95;100;90;82;68;61;54;61;72;59;64,task:1;informational:39;navigational:38;commercial:12;transactional:10
Geladeiras Bemol e Electrolux,16,755,61;86;88;84;100;76;76;80;81;80;83;83,task:3;informational:38;navigational:18;commercial:18;transactional:23
Geladeiras de Luxo,15,752,11;32;45;31;29;42;40;96;54;100;83;86,task:7;informational:36;navigational:4;commercial:35;transactional:18
Frigobar 46/88 litros,17,750,13;47;51;40;41;34;24;83;63;100;46;50,task:10;informational:28;navigational:5;commercial:23;transactional:34
Gavetas e tampas de geladeira Electrolux,18,748,70;83;86;85;85;88;88;94;95;96;100;99,task:3;informational:41;navigational:18;commercial:23;transactional:15
Radiadores Líder no Brasil,16,744,86;95;96;95;98;100;100;100;54;54;58;58,task:5;informational:50;navigational:19;commercial:17;transactional:9
Geladeiras Ferreira Costa,15,744,16;56;64;40;40;39;60;100;64;74;66;79,task:1;informational:18;navigational:48;commercial:11;transactional:22
Frigobar 47 litros,17,742,44;68;75;72;79;92;97;85;91;93;93;100,task:7;informational:35;navigational:4;commercial:34;transactional:20
Casa do Vento: Ventiladores para Casa,15,741,18;24;24;22;35;33;50;60;63;100;90;95,task:4;informational:29;navigational:27;commercial:25;transactional:15
Geladeiras e Freezers EOS Ecogelo,16,740,39;58;59;78;95;97;92;100;100;100;98;97,task:6;informational:57;navigational:15;commercial:14;transactional:8
Tecnologia e Comércio Eletrônico no Brasil,15,738,22;83;69;58;58;55;41;36;77;97;88;100,task:7;informational:43;navigational:34;commercial:10;transactional:6
Casas e Utilidades Online Brasil,17,733,18;92;95;74;65;53;57;61;50;100;88;63,task:5;informational:55;navigational:27;commercial:10;transactional:3
Ar Condicionado e Refrigeração em Brusque,16,730,12;22;23;25;51;44;41;58;40;55;74;100,task:3;informational:53;navigational:4;commercial:35;transactional:5
Móveis e Casa no Brasil,15,730,11;23;34;26;24;24;23;32;75;91;100;63,task:7;informational:32;navigational:36;commercial:13;transactional:12
fornos e eletrodomésticos no Brasil,15,720,6;6;7;19;14;13;23;100;75;56;47;45,task:10;informational:56;navigational:8;commercial:12;transactional:14
Frigobar 67L Midea,16,720,27;70;76;60;57;60;65;49;80;100;45;61,task:3;informational:39;navigational:18;commercial:19;transactional:21
Refrigeração e Geladeiras DS Frio,15,718,11;16;14;13;22;35;39;100;28;36;46;52,task:10;informational:18;navigational:51;commercial:16;transactional:5
Equipar Brasil: Ferramentas e Instalações,16,718,17;34;33;32;32;34;27;100;81;32;33;46,task:3;informational:57;navigational:18;commercial:15;transactional:7
Armazenamento de Eletrodomésticos na Cozinha,16,714,70;84;100;58;41;37;37;45;35;35;40;40,task:8;informational:59;navigational:4;commercial:24;transactional:5
Geladeiras 580 litros,15,709,18;80;100;66;49;45;46;85;49;73;57;86,task:3;informational:28;navigational:1;commercial:50;transactional:18
Indústria e Comércio de Eletrônicos no Brasil,17,709,15;96;100;85;34;33;31;74;48;53;32;34,task:3;informational:54;navigational:6;commercial:33;transactional:4
Dimensões de frigobar,18,707,19;23;25;35;69;69;70;68;100;66;65;65,task:8;informational:63;navigational:4;commercial:22;transactional:3
Geladeiras até 2500 reais,16,703,16;62;78;72;63;60;77;100;80;66;65;69,task:5;informational:29;navigational:1;commercial:56;transactional:9
Frigobares Monster Energy,20,702,43;65;66;61;68;84;79;100;81;81;81;80,task:3;informational:45;navigational:18;commercial:26;transactional:8
Geladeiras para Chopp,17,701,22;83;91;73;73;71;54;66;52;75;74;100,task:3;informational:38;navigational:4;commercial:38;transactional:17
Ar Frio e Refrigeração no Brasil,16,700,45;53;54;90;90;100;100;31;48;51;59;63,task:5;informational:51;navigational:24;commercial:10;transactional:10
Acessórios de fixação e proteção para geladeiras,18,699,23;56;82;72;48;48;61;55;72;100;97;96,task:7;informational:46;navigational:7;commercial:35;transactional:5
Geladeiras Pretas Frost Free,15,695,40;61;73;97;96;89;85;96;63;100;86;82,task:2;informational:57;navigational:2;commercial:25;transactional:14
Geladeiras Expositoras Usadas,16,689,59;86;100;91;72;77;78;75;78;80;72;71,task:3;informational:48;navigational:10;commercial:19;transactional:20
Mobília e Suportes para Frigobar,16,689,47;76;77;82;88;98;100;88;89;77;76;82,task:7;informational:33;navigational:4;commercial:37;transactional:19
Placas de Geladeira Electrolux e Peças,17,689,54;60;62;68;68;66;64;87;85;100;97;95,task:7;informational:65;navigational:3;commercial:11;transactional:14
Freezers de 500 litros,17,688,64;89;91;86;86;91;100;87;90;89;86;88,task:3;informational:51;navigational:7;commercial:32;transactional:7
Refrigerantes 3L,16,684,28;48;49;69;64;52;35;68;54;74;73;100,task:7;informational:36;navigational:4;commercial:39;transactional:14
Refrigeração e Eletrodomésticos,17,678,20;60;66;69;68;67;57;89;78;100;91;100,task:8;informational:72;navigational:5;commercial:15
Utilidades e Comércio Brasil,16,677,27;43;42;41;49;85;100;50;56;48;50;46,task:3;informational:73;navigational:5;commercial:12;transactional:7
Eletrodomésticos online Brasil,15,674,15;99;100;98;28;44;43;54;43;54;47;40,task:2;informational:33;navigational:34;commercial:27;transactional:4
Ventiladores e eletrodomésticos na Americanas,15,670,62;85;85;81;72;75;75;85;89;100;87;94,task:3;informational:19;navigational:49;commercial:9;transactional:20
Refrigeradores Frigocopa,15,665,8;12;15;44;44;15;15;21;16;100;97;84,task:3;informational:31;navigational:31;commercial:17;transactional:18
Eletrodomésticos Pernambucanas,16,662,25;56;56;47;30;26;24;31;44;100;33;57,task:7;informational:23;navigational:46;commercial:8;transactional:16
Gelaterias e Sorveterias no Brasil,15,661,56;74;75;73;67;71;70;75;86;85;100;95,task:3;informational:46;navigational:10;commercial:28;transactional:13
Refrigeração Cascadura,15,661,50;64;67;64;63;100;66;79;76;76;75;74,task:3;informational:25;navigational:37;commercial:25;transactional:10
Refrigeração e Ar Condicionado no Brasil,15,659,71;90;91;83;79;85;91;96;89;85;95;100,task:3;informational:44;navigational:4;commercial:36;transactional:13
Geladeiras envelopadas,15,659,94;100;100;98;95;97;98;95;44;43;44;44,task:4;informational:76;navigational:3;commercial:13;transactional:4
Geladeiras no GBarbosa,15,656,64;69;74;55;69;59;61;91;74;100;84;55,task:3;informational:23;navigational:26;commercial:10;transactional:38
Freezers Verticais Gelopar,15,655,21;11;11;10;9;10;9;9;9;100;85;90,task:2;informational:64;navigational:5;commercial:22;transactional:7
Brastemp Geladeiras,16,653,29;41;42;40;40;43;43;100;79;39;38;38,task:7;informational:52;navigational:18;commercial:12;transactional:11
Refrigeração Desix Metasil,17,653,15;19;19;100;100;57;57;76;66;58;59;59,task:2;informational:70;navigational:15;commercial:10;transactional:3
Freezers do Magazine Luiza,18,652,73;96;98;93;82;87;87;100;89;87;87;87,task:4;informational:24;navigational:30;commercial:19;transactional:23
Refrigeração de Motos no Brasil,16,651,84;99;100;91;73;75;76;91;90;89;88;90,task:3;informational:54;navigational:23;commercial:11;transactional:9
Ventiladores para Freezer,21,650,31;41;43;30;44;45;46;100;54;53;53;53,task:2;informational:64;navigational:5;commercial:20;transactional:9
E-commerce e Tecnologia no Brasil,15,645,16;43;36;34;54;82;100;60;48;66;63;53,task:2;informational:55;navigational:28;commercial:9;transactional:6
Frigobar Duplex: Philco e EOS,15,645,58;81;83;67;69;73;71;100;73;73;71;70,task:3;informational:52;navigational:4;commercial:30;transactional:11
Friovix Refrigeração Comércio,16,639,33;100;97;100;43;48;80;94;94;97;96;96,task:5;informational:47;navigational:27;commercial:18;transactional:3
Móveis e Eletrodomésticos Usados no Brasil,15,631,30;51;70;69;76;51;49;55;58;60;52;100,task:7;informational:51;navigational:10;commercial:21;transactional:11
Refrigeração em Goiânia e Região,15,630,86;100;95;98;76;100;95;79;72;73;75;77,task:2;informational:63;navigational:10;commercial:16;transactional:9
Rodízios para Geladeira,17,628,28;38;38;82;82;58;100;87;79;75;76;75,task:2;informational:59;navigational:5;commercial:24;transactional:10
Frigobares Inox 220V,15,627,7;34;38;27;26;32;14;59;43;100;89;87,task:3;informational:49;navigational:4;commercial:33;transactional:11
Refrigeração Mundial,17,626,92;100;39;31;33;36;31;37;40;40;42;42,task:2;informational:55;navigational:5;commercial:18;transactional:20
Frigoestrela e Alimentos,16,623,58;79;84;81;94;98;96;83;85;100;100;84,task:7;informational:26;navigational:45;commercial:12;transactional:10
Sixxis Climatizadores no Brasil,15,622,13;64;72;70;26;18;16;100;71;64;58;70,task:3;informational:38;navigational:38;commercial:7;transactional:14
Eletrônicos e eletrodomésticos online,15,620,12;87;72;32;32;71;74;100;57;46;46;45,task:3;informational:31;navigational:11;commercial:33;transactional:22
Geladeiras e freezers para bares e restaurantes,17,617,70;98;100;89;85;87;96;92;83;82;92;91,task:3;informational:30;navigational:1;commercial:55;transactional:11
Geladeiras em Manaus,16,615,14;77;81;35;34;43;43;100;59;66;53;66,task:3;informational:28;navigational:14;commercial:47;transactional:8
Geladeiras e freezers 230 litros,16,615,8;22;28;16;26;36;14;100;82;52;44;42,task:3;informational:49;navigational:4;commercial:29;transactional:15
Geladeiras Palito Consul,16,615,22;31;32;29;25;28;35;45;38;100;37;40,task:4;informational:45;navigational:11;commercial:24;transactional:16
Geladeiras Bertazzoni,15,612,55;78;80;83;43;45;45;37;38;39;100;97,task:3;informational:49;navigational:7;commercial:37;transactional:4
Ilhas de congelados e freezers (3 metros),16,610,40;49;52;53;55;55;54;45;46;100;92;96,task:7;informational:32;navigational:18;commercial:31;transactional:12
Refrimaq Refrigeração e Climatização,16,610,73;90;91;84;84;90;91;95;100;100;100;99,task:1;informational:32;navigational:42;commercial:19;transactional:6
Recolhedoras de gás e refrigerante,17,604,84;100;65;50;55;57;61;52;85;93;92;92,task:2;informational:57;navigational:14;commercial:21;transactional:6
Tabela de Preços de Conserto de Eletrodomésticos,18,600,98;92;93;93;99;100;90;90;86;87;87;87,informational:49;navigational:5;commercial:10;transactional:36
Geladeiras Amarelas Retrô Brastemp,15,600,49;87;100;84;65;69;68;74;62;64;74;80,task:7;informational:37;navigational:17;commercial:31;transactional:8
Geladeiras e Freezers Elettromec,15,599,59;74;87;85;85;81;88;100;100;100;83;82,task:5;informational:34;navigational:35;commercial:8;transactional:18
Eletromax e lojas de eletroeletrônicos no Brasil,15,594,16;35;42;35;26;30;34;51;85;100;45;40,informational:56;navigational:17;commercial:20;transactional:7
Refrigeradores Visa Cooler,17,594,73;76;81;100;100;82;77;61;61;64;66;74,task:8;informational:58;navigational:5;commercial:23;transactional:6
Geladeiras automotivas,17,593,52;94;100;72;75;78;81;74;76;82;82;99,informational:54;navigational:1;commercial:25;transactional:20
Casas e Auto Shopping Brasil,16,587,40;68;100;81;83;74;94;63;90;100;91;97,task:4;informational:29;navigational:37;commercial:20;transactional:10
Refrigeração e ar-condicionado em Lajeado,15,584,15;93;100;85;85;58;55;44;32;87;82;90,task:3;informational:28;navigational:16;commercial:41;transactional:12
Conela Refrigeração,15,581,12;13;14;13;18;17;15;14;14;100;80;98,task:3;informational:18;navigational:67;commercial:7;transactional:5
Geladeiras Brastemp 560 L,15,579,2;14;21;34;32;24;30;100;84;33;28;32,task:5;informational:52;navigational:11;commercial:12;transactional:20
Geladeiras de 150 litros,15,578,67;74;79;100;89;79;78;99;81;73;71;77,task:3;informational:50;navigational:1;commercial:38;transactional:8
Eletrônicos Importados,15,577,33;100;98;70;69;63;64;89;75;73;62;68,task:5;informational:42;navigational:4;commercial:38;transactional:11
Máquinas de gelo portáteis,17,574,41;59;62;57;48;51;60;100;82;86;100;100,task:10;informational:45;navigational:4;commercial:31;transactional:10
Geladeiras Continental,17,572,24;63;67;25;23;29;24;100;66;59;59;59,informational:50;navigational:30;commercial:17;transactional:3
Lâmpadas para geladeira,16,569,10;24;30;50;47;50;41;57;48;100;88;85,task:2;informational:54;navigational:2;commercial:36;transactional:6
Reparos de Refrigeração,16,568,58;79;80;77;85;95;75;84;100;100;89;89,task:17;informational:40;navigational:19;commercial:8;transactional:16
Brastemp: Geladeiras e Eletrodomésticos,17,568,61;96;100;62;67;43;42;98;76;80;43;43,task:5;informational:24;navigational:27;commercial:36;transactional:8
Grills e Sanduicheiras no Brasil,15,567,20;100;81;64;62;61;33;44;40;78;69;46,task:3;informational:55;navigational:14;commercial:12;transactional:16
Geladeiras Electrolux RDE30/33,20,559,37;38;38;57;57;51;76;100;79;79;71;76,task:2;informational:48;navigational:22;commercial:22;transactional:6
Eletrodomésticos Vintage/Retro,15,557,54;76;81;75;83;95;93;97;100;100;100;99,task:3;informational:41;navigational:11;commercial:34;transactional:11
Refrigeração Multifrio Brasil,15,557,92;99;97;95;97;100;100;66;68;68;73;71,task:2;informational:37;navigational:42;commercial:11;transactional:8
Refrigeração e Assistência Técnica (Refritec),16,555,89;97;98;97;94;96;97;100;91;93;80;80,task:5;informational:48;navigational:21;commercial:20;transactional:6
Maçaricos para Refrigeração e Solda,17,555,28;38;38;100;35;35;32;37;52;51;51;51,task:2;informational:53;navigational:5;commercial:16;transactional:24
Refrigeração Cacique,15,554,62;93;93;88;71;75;74;94;99;100;86;85,task:3;informational:15;navigational:67;commercial:10;transactional:5
Expositores de frigobar,16,551,48;65;66;66;66;70;84;100;100;84;85;84,task:10;informational:47;navigational:1;commercial:38;transactional:4
Geladeiras de 290 litros,15,550,7;98;100;19;20;17;26;23;17;43;37;43,task:4;informational:29;navigational:4;commercial:40;transactional:23
Máquinas de lavar roupas no Brasil,15,548,5;47;50;39;39;28;22;100;45;70;56;58,task:5;informational:56;navigational:11;commercial:11;transactional:17
Frigobar no Mercado Livre,15,548,29;83;100;71;58;65;56;64;53;57;52;53,task:1;informational:23;navigational:45;commercial:11;transactional:20
Geladeiras: preço e tamanho,17,548,15;58;65;42;47;45;42;100;57;29;26;30,informational:57;navigational:2;commercial:30;transactional:11
Aparelhos e Acessórios de Cozinha,15,545,6;33;44;36;36;39;28;100;85;78;92;70,task:3;informational:60;navigational:9;commercial:18;transactional:10
Pacotes de Refrigerante,16,541,41;100;98;84;84;75;62;56;56;97;61;60,task:8;informational:36;navigational:1;commercial:39;transactional:16
Eletrônicos e Peças Elefran,15,538,19;35;38;39;42;69;50;88;100;98;83;53,task:3;informational:12;navigational:63;commercial:10;transactional:12
LG e Eletrônicos no Brasil,17,535,11;20;23;44;44;25;40;100;75;61;66;53,informational:45;navigational:22;commercial:14;transactional:19
Refrigeração e Alimentos,16,534,31;40;41;39;41;46;46;100;85;48;48;54,task:3;informational:45;navigational:10;commercial:34;transactional:8
Expositores e freezers de 2 portas,16,532,58;69;69;64;63;82;81;80;77;80;97;100,task:5;informational:29;navigational:4;commercial:54;transactional:8
Eletrodomésticos no Brasil,16,531,4;13;23;20;19;30;81;100;67;48;47;47,task:3;informational:56;navigational:4;commercial:29;transactional:8
Compressores de Refrigeração,18,530,37;37;38;30;72;75;62;100;83;84;83;83,task:8;informational:68;navigational:4;commercial:17;transactional:3
Geladeiras 250 litros,15,530,11;63;81;51;50;40;44;100;53;54;50;57,task:7;informational:43;navigational:4;commercial:35;transactional:11
Refrigeração Centro-Oeste,16,530,70;77;78;76;85;91;89;84;95;96;100;100,task:7;informational:40;navigational:22;commercial:19;transactional:12
Frigobar Embutido e Inox,15,526,58;90;88;100;73;76;75;80;81;82;79;79,task:3;informational:50;navigational:11;commercial:28;transactional:8
Máquinas de gelo Mondial,16,520,56;75;79;91;90;94;100;95;96;89;89;87,task:3;informational:37;navigational:17;commercial:29;transactional:14
Peças Bosch para Geladeiras,22,512,70;82;84;74;62;62;63;93;93;91;91;100,informational:44;navigational:1;commercial:39;transactional:16
Tecno Eletrodomésticos,16,511,38;46;49;47;58;60;60;100;77;85;52;51,task:12;informational:40;navigational:11;commercial:30;transactional:7
Eletrovel: Serviços e Peças para Eletrodomésticos,15,507,29;42;43;43;34;98;76;36;38;38;38;100,task:3;informational:51;navigational:18;commercial:16;transactional:12
ClimaTech e HVAC Brasil,15,501,79;98;100;96;35;32;27;92;42;49;30;36,task:8;informational:31;navigational:6;commercial:48;transactional:7
Geladeiras Consul no Mercado Livre,15,500,14;37;100;31;30;54;60;85;87;42;40;61,informational:18;navigational:55;commercial:11;transactional:16
Geladeira Solar,20,499,58;53;52;52;74;74;74;100;81;81;81;81,task:5;informational:59;navigational:2;commercial:30;transactional:4
Refrigeração e Ar Condicionado – Rio Verde,15,495,15;65;65;62;51;47;26;36;34;58;48;100,task:3;informational:18;navigational:34;commercial:40;transactional:5
Refrigeração em São Gonçalo e Região,15,494,38;42;43;43;52;53;52;57;77;100;72;99,informational:41;navigational:17;commercial:32;transactional:10
TVs e Eletrônicos no Brasil,15,483,4;44;66;49;48;36;26;100;54;52;38;46,task:3;informational:42;navigational:12;commercial:18;transactional:25
Geladeiras 320 litros,18,482,29;56;77;58;50;42;63;32;36;100;59;72,task:3;informational:38;navigational:4;commercial:49;transactional:6
Friomaq Refrigeração e Máquinas de Frio,15,481,54;95;100;91;84;82;82;83;67;77;55;55,task:2;informational:40;navigational:46;commercial:9;transactional:3
Freezers e Geladeiras Self-Service,15,479,4;6;8;10;32;38;27;10;8;100;87;95,task:8;informational:35;navigational:25;commercial:26;transactional:6
Geladeiras de Inox,17,478,20;54;91;62;62;41;54;100;68;66;54;71,task:3;informational:51;navigational:4;commercial:31;transactional:11
Metalfrio Brasil — soluções e assistência técnica,16,478,78;93;95;91;91;98;97;98;100;100;100;99,task:3;informational:31;navigational:42;commercial:11;transactional:13
Eletro e Móveis no Brasil,15,475,23;44;77;34;37;57;63;100;96;100;89;70,informational:45;navigational:25;commercial:25;transactional:5
Caminhões com Câmara Fria,22,475,73;82;82;64;64;67;66;100;77;100;86;85,task:2;informational:72;navigational:5;commercial:16;transactional:5
Pan Eletrica,15,472,14;19;20;31;33;42;51;52;39;100;84;69,task:3;informational:39;navigational:40;commercial:13;transactional:5
Engenharia de Frio Brasil,15,471,64;78;77;78;78;87;100;89;91;84;84;84,task:1;informational:46;navigational:24;commercial:11;transactional:18
Frigobar Brastemp Marsala,15,469,8;21;23;41;50;57;36;92;100;91;53;54,task:3;informational:51;navigational:18;commercial:16;transactional:12
Freezers Metalfrio bivolt (543/546 litros),18,468,20;37;48;43;51;57;41;100;75;84;73;42,task:2;informational:56;navigational:9;commercial:23;transactional:10
Geladeiras com senha,15,467,4;87;88;49;40;76;59;100;57;72;58;59,task:3;informational:67;navigational:5;commercial:15;transactional:10
Frigobar Electrolux RE80,16,466,37;66;78;61;59;70;55;97;100;96;55;57,task:3;informational:57;navigational:11;commercial:18;transactional:11
Frigobar 90L e Refrigeradores Compactos,15,459,13;36;38;34;41;78;67;58;51;100;93;70,task:3;informational:51;navigational:2;commercial:42;transactional:2
Geladeiras no Armazém Paraíba,19,454,46;95;100;51;42;48;48;100;65;48;48;49,task:2;informational:24;navigational:45;commercial:9;transactional:20
Geladeiras Electrolux no Mercado Livre,15,454,18;20;31;35;41;44;52;100;86;63;58;50,task:3;informational:20;navigational:40;commercial:11;transactional:26
Lava-louças e Electrolux,15,451,2;33;45;27;17;14;21;100;92;38;34;42,task:7;informational:64;navigational:8;commercial:18;transactional:3
Ar Condicionado e Refrigeração Unifrio,16,451,15;16;17;16;15;16;15;18;27;29;100;22,task:2;informational:36;navigational:41;commercial:13;transactional:8
Capital Refrigeração,15,450,78;98;88;87;84;91;89;88;98;100;100;98,task:3;informational:23;navigational:53;commercial:17;transactional:4
Gelo e Gela Sorvetes no Brasil,16,449,37;48;45;46;39;77;85;45;49;90;100;75,task:3;informational:50;navigational:20;commercial:15;transactional:12
Polar climatização e refrigeração,15,447,10;98;100;23;36;31;48;26;26;27;27;80,task:8;informational:65;navigational:5;commercial:15;transactional:7
Imãs de Geladeira em Curitiba,15,446,44;59;59;58;59;50;49;83;100;64;72;72,task:2;informational:30;navigational:34;commercial:29;transactional:5
Refrigeração em Piracicaba e Gaspar,15,446,58;73;73;65;72;73;72;97;100;86;84;89,task:3;informational:54;navigational:15;commercial:21;transactional:7
Geladeiras Velhas: ideias e usos,16,441,55;60;61;84;84;60;57;53;54;100;85;62,task:10;informational:70;navigational:5;commercial:12;transactional:3
Refrigeração Águias,19,438,96;99;100;79;42;43;43;60;46;66;60;58,task:2;informational:53;navigational:35;commercial:8;transactional:2
Eletro Sol Brasil,16,437,21;66;64;31;57;51;39;64;54;100;91;48,task:3;informational:24;navigational:41;commercial:22;transactional:10
Refrigeração TemperFrio,15,433,63;77;80;74;73;77;77;86;99;100;98;99,task:3;informational:30;navigational:52;commercial:7;transactional:8
Coolers e Caixas Térmicas,17,431,55;60;60;100;71;76;73;41;40;42;42;40,task:2;informational:60;navigational:4;commercial:28;transactional:6
Ferramentas e Máquinas no Brasil,15,429,64;85;86;78;90;99;100;91;94;95;97;96,task:7;informational:45;navigational:27;commercial:10;transactional:11
Praxis Eletrodomésticos,16,429,70;58;59;100;94;83;78;91;82;59;58;58,task:5;informational:48;navigational:23;commercial:13;transactional:11
Geladeiras Philips,16,428,9;42;50;36;41;16;32;100;68;27;25;26,task:3;informational:44;navigational:12;commercial:18;transactional:23
Refrigeração Central,15,424,56;63;66;65;68;72;72;80;82;82;100;100,task:10;informational:59;navigational:1;commercial:26;transactional:4
Geladeiras e Fogões no Magazine Luiza,15,424,33;78;100;79;79;47;47;33;34;50;43;47,task:1;informational:26;navigational:43;commercial:11;transactional:19
Geladeiras Brastemp no Mercado Livre,15,424,41;59;61;70;68;70;68;100;83;60;55;56,task:3;informational:26;navigational:43;commercial:8;transactional:20
Geladeiras Frost Free Brasil,16,422,34;91;87;71;67;48;43;100;34;34;28;34,task:2;informational:39;navigational:12;commercial:31;transactional:16
Refrigeradores e freezers 450 litros,15,417,3;27;42;31;23;25;16;100;38;32;31;43,task:3;informational:49;commercial:40;transactional:8
Refrigeração Paraná,15,414,61;66;69;64;100;87;68;63;73;78;85;86,task:7;informational:34;navigational:29;commercial:19;transactional:11
Refrigeração e Ar Condicionado em Feira de Santana,15,402,30;42;48;40;100;85;88;97;85;94;83;90,task:3;informational:35;navigational:14;commercial:40;transactional:8
Climatização de Geladeiras 40 Litros,17,402,24;89;100;76;72;22;22;25;27;33;46;47,task:7;informational:50;navigational:7;commercial:26;transactional:10
Radiadores em Araçatuba,15,399,35;79;100;83;63;49;48;45;44;77;75;76,task:7;informational:53;navigational:6;commercial:32;transactional:2
Friotec Refrigeração e Climatização,17,398,61;91;93;88;74;80;79;100;97;100;77;76,task:3;informational:25;navigational:42;commercial:23;transactional:7
Freezers Verticais 300L,16,397,30;51;60;46;42;48;57;100;56;37;37;35,task:5;informational:62;navigational:10;commercial:20;transactional:3
Refrigeração Marajó e Região,16,393,58;60;61;64;56;66;63;100;74;59;60;57,task:2;informational:58;navigational:23;commercial:14;transactional:3
Coolers de gelo,16,391,31;42;46;43;53;64;65;99;100;83;83;83,task:4;informational:60;navigational:2;commercial:26;transactional:8
Refrigerantes Gelados,18,387,96;100;98;59;59;66;65;70;65;71;79;70,task:5;informational:70;navigational:7;commercial:8;transactional:10
Conserto de geladeiras em Contagem,15,386,20;24;28;27;24;22;22;23;24;51;91;100,task:13;informational:12;navigational:3;commercial:47;transactional:25
Coolers Retrô e Vintage,17,384,40;95;100;55;72;71;71;83;81;93;85;59,task:7;informational:40;navigational:4;commercial:33;transactional:16
Freezers de 295 litros,16,384,41;51;63;50;47;49;100;30;30;73;85;98,task:3;informational:45;navigational:1;commercial:40;transactional:11
Sofrio Refrigeração no Brasil,16,382,62;79;81;81;84;89;100;94;100;97;77;75,task:3;informational:47;navigational:21;commercial:21;transactional:8
Pés e suportes para frigobar,15,381,47;62;60;65;71;57;54;100;63;59;56;66,task:17;informational:33;navigational:1;commercial:38;transactional:11
Conserto de Geladeiras RJ,16,381,27;29;30;29;32;33;32;100;61;65;30;29,task:10;informational:28;navigational:1;commercial:47;transactional:14
Hiperfrio Refrigeração,16,378,52;76;83;67;63;48;48;100;69;46;46;44,task:2;informational:46;navigational:32;commercial:17;transactional:3
Ar Condicionado e Refrigeração em Americana,15,377,20;81;100;38;71;61;63;39;31;31;45;61,task:3;informational:28;navigational:17;commercial:47;transactional:5
Redlar Móveis e Cozinhas,17,375,24;34;38;28;42;40;100;38;25;24;23;24,task:3;informational:34;navigational:42;commercial:10;transactional:11
Refrigeração Industrial e Equipamentos,16,375,54;49;51;52;54;56;55;100;99;99;100;100,task:1;informational:52;navigational:8;commercial:33;transactional:6
Geladeiras 430 litros Frost Free,18,372,30;91;100;80;73;58;58;92;72;90;38;48,task:3;informational:47;navigational:7;commercial:36;transactional:7
Tecnologia e Informática no Brasil,15,369,3;54;40;29;27;41;32;52;28;100;92;40,task:5;informational:63;navigational:4;commercial:22;transactional:6
Eletrohome Brasil,15,369,31;64;73;45;45;55;44;100;65;69;73;40,task:1;informational:40;navigational:35;commercial:20;transactional:4
Estufas e vitrines comerciais,15,369,95;100;100;100;97;99;99;100;68;100;68;68,task:2;informational:53;navigational:4;commercial:31;transactional:10
Vitor Refrigeração e Soluções,16,369,18;46;43;43;53;46;49;100;35;31;21;23,informational:20;navigational:35;commercial:39;transactional:6
Compressores Brasil,15,368,70;86;89;81;96;100;86;87;98;88;88;87,task:3;informational:33;navigational:27;commercial:25;transactional:12
Sistemas de água gelada e refrigeração,17,368,96;96;97;97;97;97;97;97;97;100;100;100,task:5;informational:83;navigational:5;commercial:5;transactional:2
Geladeiras Electrolux,16,367,23;24;23;79;97;44;90;31;32;100;88;94,task:3;informational:50;navigational:18;commercial:15;transactional:14
Mix de Eletrodomésticos,15,366,7;100;93;83;83;61;43;56;36;57;54;57,task:3;informational:42;navigational:4;commercial:43;transactional:8
Arte Frio Refrigeração,16,360,49;83;83;76;77;69;67;100;74;75;77;78,task:3;informational:24;navigational:46;commercial:20;transactional:7
Rodas para Freezer,15,359,32;35;37;36;36;38;38;59;53;93;86;100,task:10;informational:27;navigational:2;commercial:40;transactional:21
Gabinetes Lian Li Lancool,15,358,10;21;20;18;26;16;21;18;100;37;30;17,informational:54;navigational:18;commercial:18;transactional:10
Friolar Peças e Refrigeração,15,357,54;69;68;67;70;96;93;91;99;100;94;93,task:3;informational:20;navigational:47;commercial:25;transactional:5
Frigobares Magalu,15,357,65;84;84;81;74;73;68;80;89;99;100;91,task:3;informational:30;navigational:34;commercial:12;transactional:21
Itatiaia Eletrodomésticos Brasil,17,356,18;18;20;57;60;55;49;100;75;38;38;38,task:2;informational:29;navigational:45;commercial:20;transactional:4
Refrigeração em São José dos Pinhais,15,355,21;92;100;63;62;67;58;30;30;31;50;77,task:7;informational:38;navigational:3;commercial:47;transactional:5
Conserto de Geladeiras e Lavadoras em Goiânia,15,353,53;60;63;58;58;59;63;67;82;89;98;100,task:7;informational:35;commercial:46;transactional:12
Geladeiras Liebherr,15,352,10;12;14;22;100;80;53;30;21;62;45;84,task:3;informational:43;navigational:12;commercial:15;transactional:27
Geladeiras Brastemp no Amazon,16,350,27;37;38;100;100;90;87;53;49;49;47;47,informational:44;navigational:41;commercial:5;transactional:10
Geradores S&S Brasil,15,350,25;38;49;44;44;30;29;69;74;44;95;100,task:1;informational:37;navigational:49;commercial:8;transactional:5
Frigobar Brastemp Rosa e Dourado,16,350,22;100;90;84;83;27;26;94;25;27;25;25,task:3;informational:41;navigational:18;commercial:27;transactional:11
Borges Eletrodomésticos,15,348,8;8;9;17;18;17;33;100;64;47;50;24,task:2;informational:18;navigational:53;commercial:22;transactional:5
Polo Clima e Climatizadores,16,347,63;77;100;90;71;75;79;61;65;68;58;58,task:7;informational:21;navigational:43;commercial:14;transactional:15
Balcões Refrigerados Polar,15,343,20;21;22;19;18;18;18;19;19;100;87;92,task:3;informational:32;navigational:35;commercial:26;transactional:4
Refrigeração Refricenter Brasil,15,343,41;72;75;100;58;71;69;72;70;79;81;81,task:3;informational:12;navigational:70;commercial:10;transactional:5
Refrigeração e Ar-condicionado em Anápolis,15,337,10;99;100;17;18;13;41;22;18;55;43;52,task:3;informational:34;navigational:17;commercial:38;transactional:8
Multipadrão: lojas de casa e materiais elétricos no Brasil,15,334,31;43;43;59;63;94;70;100;77;95;92;90,task:4;informational:27;navigational:41;commercial:11;transactional:17
Geladeiras Electrolux IW43S,15,329,4;4;5;4;54;41;35;100;83;17;16;21,task:3;informational:42;navigational:32;commercial:12;transactional:11
Freezers nas Lojas Americanas,15,327,17;60;82;36;36;63;70;59;80;100;38;48,task:3;informational:27;navigational:34;commercial:11;transactional:25
Suportes para Freezers,15,322,15;60;71;100;56;70;53;62;58;70;61;70,task:7;informational:47;navigational:5;commercial:27;transactional:14
Refresqueiras e Suqueiras: Máquinas de Bebidas,15,319,68;89;95;87;98;100;78;82;90;90;91;87,task:3;informational:55;navigational:5;commercial:24;transactional:13
Geladeiras para cerveja,18,319,73;83;85;82;98;81;100;56;56;60;61;59,task:2;informational:49;navigational:5;commercial:36;transactional:8
Frigobar Consul na Magazine Luiza,15,319,6;28;47;22;22;13;11;32;19;85;70;100,task:3;informational:40;navigational:39;commercial:8;transactional:10
Compressores e motores de geladeira Embraco,21,318,64;96;100;95;92;90;89;73;76;90;99;100,task:10;informational:68;navigational:1;commercial:16;transactional:5
Refrigeração e conserto de geladeiras em Taguatinga,15,317,22;29;31;31;30;85;98;71;45;66;72;100,task:7;informational:23;navigational:11;commercial:36;transactional:23
Refrigeração em Duque de Caxias,15,317,53;94;90;100;100;96;84;77;66;66;72;73,task:3;informational:41;navigational:4;commercial:38;transactional:14
Geladeiras compactas Multilaser,16,314,17;41;43;19;18;19;17;16;17;100;91;18,task:3;informational:57;navigational:1;commercial:26;transactional:13
Disfrio: Distribuidora de Ar Condicionado,16,312,20;84;83;73;56;50;52;90;94;100;35;36,task:3;informational:25;navigational:34;commercial:23;transactional:15
Geladeiras Slim Expositoras,17,312,53;72;79;66;59;60;59;86;90;100;53;53,task:7;informational:40;navigational:4;commercial:38;transactional:11
Eletrofer e filtros no Brasil,15,306,43;80;87;100;60;93;71;73;70;64;64;64,task:7;informational:40;navigational:7;commercial:32;transactional:14
Refrigeração e Peças Refrilar,16,305,46;50;53;54;53;53;53;54;53;47;47;100,task:3;informational:29;navigational:41;commercial:22;transactional:5
Geladeiras Electrolux Antigas,17,304,43;54;58;46;61;64;62;79;70;91;83;100,task:3;informational:55;navigational:12;commercial:20;transactional:10
Geladeiras e Eletrodomésticos Brasil,16,304,17;58;62;44;37;33;33;100;65;17;17;18,task:2;informational:62;navigational:10;commercial:23;transactional:3
Refrigeração em Nova Iguaçu,15,303,42;49;49;44;93;85;64;100;50;52;82;90,task:3;informational:25;navigational:17;commercial:47;transactional:8
Clima e Refrigeração,15,303,78;36;40;41;41;42;43;48;49;100;67;70,task:2;informational:67;navigational:16;commercial:12;transactional:3
Freezers verticais 110/127V,16,303,20;67;75;48;47;40;57;100;76;51;49;47,task:3;informational:44;navigational:4;commercial:41;transactional:8
Refrigeração e Ar Condicionado,15,302,36;88;100;69;77;38;39;39;84;41;51;53,task:4;informational:51;navigational:7;commercial:27;transactional:11
Geladeiras Consul Frost Free 342L,18,298,15;36;40;33;33;31;27;36;86;100;20;23,task:4;informational:37;navigational:28;commercial:25;transactional:6
Geladeiras Azuis Retrô,15,297,60;93;100;88;87;90;90;67;69;93;91;90,task:3;informational:47;navigational:11;commercial:29;transactional:10
Star Ar Condicionado e Refrigeração,15,297,53;53;53;55;35;36;36;41;94;100;38;37,task:3;informational:18;navigational:34;commercial:37;transactional:8
Braslar Refrigeração no Brasil,16,295,33;44;56;48;47;46;44;83;77;100;42;43,task:3;informational:33;navigational:56;commercial:4;transactional:4
Conserto de Geladeiras e Refrigeração em Porto Alegre,15,295,100;50;47;43;46;47;45;73;52;53;51;51,task:2;informational:37;navigational:32;commercial:24;transactional:5
Ar Condicionado Automotivo no Brasil,15,294,70;74;75;83;84;100;91;75;80;63;63;65,task:8;informational:56;navigational:6;commercial:26;transactional:4
Max Wilhelm Refrigeração e Bebidas,17,293,52;91;100;92;97;73;74;73;75;75;75;74,task:3;informational:28;navigational:44;commercial:17;transactional:8
Tecnologia e compras no Brasil,16,291,4;100;90;20;20;28;27;65;76;35;31;33,task:7;informational:48;navigational:5;commercial:15;transactional:25
Portas frigoríficas para câmaras frias,16,289,73;92;90;88;87;90;91;87;98;100;89;89,task:3;informational:43;navigational:5;commercial:48;transactional:1
Refrigeração Comercial e Equipamentos,15,289,93;93;94;94;100;100;99;98;32;33;31;31,task:3;informational:65;navigational:4;commercial:22;transactional:6
Pressostatos de Refrigeração,17,285,41;42;43;54;100;96;96;95;49;52;52;52,informational:75;navigational:13;commercial:10;transactional:2
Geladeiras Electrolux DB44,17,283,8;66;63;52;51;16;21;100;68;19;18;17,informational:47;navigational:28;commercial:21;transactional:4
Ventiladores e motores de refrigeração,17,283,56;81;85;74;75;83;79;68;66;100;72;85,task:10;informational:63;navigational:3;commercial:21;transactional:3
Refrigeração e Ar Condicionado em Campina Grande,15,281,11;28;29;28;39;36;39;100;48;64;53;58,task:3;informational:46;navigational:9;commercial:34;transactional:8
Geladeiras e Freezers 260 litros,15,280,11;92;100;43;36;25;42;41;29;32;27;34,task:3;informational:46;navigational:11;commercial:30;transactional:10
Materiais Elétricos Eletronor - Brasil,15,280,52;61;63;60;51;79;69;100;93;63;77;64,task:3;informational:12;navigational:67;commercial:10;transactional:8
Eletrônicos e Distribuidoras no Brasil,15,279,6;7;7;35;44;12;26;15;36;100;16;24,task:3;informational:45;navigational:13;commercial:34;transactional:5
Refrigeração e Ar Condicionado em Natal,15,279,32;34;36;34;33;34;34;33;79;94;100;77,task:3;informational:45;navigational:3;commercial:44;transactional:5
Ar-condicionado e Refrigeração em Aracaju,16,278,51;63;65;60;93;71;71;57;54;100;68;72,task:7;informational:39;navigational:7;commercial:39;transactional:8
peças para geladeira Brastemp,18,277,71;97;100;87;87;89;89;86;86;90;82;85,task:7;informational:32;navigational:8;commercial:23;transactional:30
Conserto de Geladeiras e Lavadoras em Sorocaba,16,275,46;53;100;89;55;68;71;63;67;66;69;79,task:37;informational:12;navigational:3;commercial:33;transactional:15
Freezers Artico,15,275,37;51;51;48;68;77;100;49;39;41;52;52,task:1;informational:53;navigational:18;commercial:22;transactional:6
Elétrica no Brasil,15,273,25;28;29;38;38;100;65;70;67;71;69;72,task:3;informational:48;navigational:26;commercial:8;transactional:15
Refrigeração RC,15,270,49;76;74;71;73;79;77;100;100;95;93;92,informational:53;navigational:23;commercial:20;transactional:4
Gelomaq Refrigeração e Peças,15,268,53;74;80;82;92;93;85;100;94;89;89;89,task:3;informational:29;navigational:52;commercial:8;transactional:8
Frigobar Midea Retrô,15,268,34;52;56;48;66;100;73;40;43;42;46;49,task:1;informational:45;navigational:20;commercial:20;transactional:14
Frigel e frios no Brasil,15,267,23;53;49;44;44;100;66;30;30;27;27;29,task:3;informational:54;navigational:26;commercial:8;transactional:9
Geladeiras inverse frost free pretas,16,266,4;39;50;12;15;25;30;100;58;20;18;21,task:3;informational:28;navigational:11;commercial:47;transactional:11
Interfrio Refrigeração,15,265,36;42;45;43;43;44;44;45;92;100;50;49,informational:41;navigational:33;commercial:23;transactional:3
Eletromaq Refrigeração e Serviços,16,263,59;70;74;75;78;81;79;72;74;100;74;73,task:3;informational:24;navigational:43;commercial:26;transactional:4
Refrigeração Electrolux Curitiba,16,262,46;63;63;61;61;62;60;73;69;68;68;100,task:1;informational:30;navigational:44;commercial:19;transactional:6
Magazine do Frio e Refrigeração,15,262,14;21;26;26;26;45;100;22;22;21;22;23,task:3;informational:45;navigational:24;commercial:11;transactional:17
Frigobar 127 litros,15,260,6;33;40;40;27;25;61;100;66;43;30;29,task:13;informational:40;navigational:4;commercial:35;transactional:8
Câmaras frias portáteis,15,260,79;100;98;96;91;95;92;77;77;77;77;77,task:3;informational:42;navigational:7;commercial:37;transactional:11
Conserto de Geladeiras em Colombo,15,259,57;62;64;63;65;67;64;67;63;81;96;100,task:8;informational:20;navigational:2;commercial:58;transactional:12
Eletrônica e Tecnologia no Brasil,15,258,7;76;89;77;77;93;68;100;89;41;30;32,task:10;informational:45;navigational:30;commercial:10;transactional:5
Mega Elétrica e Eletro,15,257,32;81;95;79;82;75;62;47;48;86;100;93,task:3;informational:18;navigational:48;commercial:19;transactional:12
Electrolux DF54: Geladeira e moedor de café,15,254,17;32;46;36;37;44;28;100;55;43;38;32,task:3;informational:67;navigational:5;commercial:18;transactional:7
Refrigeração e Ar Condicionado em Chapecó,15,254,10;100;100;74;54;44;42;77;35;30;32;33,task:3;informational:39;navigational:10;commercial:43;transactional:5
Refrigeração Laboratorial,16,254,82;83;88;89;92;100;98;90;82;82;87;86,task:2;informational:60;navigational:4;commercial:28;transactional:6
Balcões Refrigerados em Inox,15,250,78;90;94;92;94;92;94;88;93;91;98;100,task:7;informational:46;navigational:4;commercial:32;transactional:11
Resfriadores de água e dosadores para uso comercial,18,248,100;48;49;48;44;52;49;43;49;51;52;49,task:5;informational:73;navigational:2;commercial:17;transactional:3
Munters Brasil: Climatização e Refrigeração,16,246,79;91;93;89;97;100;98;94;95;95;89;88,informational:15;navigational:64;commercial:4;transactional:17
Geladeiras Consul 360 litros,18,244,16;23;27;21;34;30;50;100;62;30;30;30,task:3;informational:38;navigational:23;commercial:31;transactional:5
Veículos refrigerados à venda,16,242,60;96;100;94;50;48;51;48;49;51;50;49,task:8;informational:39;navigational:2;commercial:21;transactional:30
Franke eletrodomésticos Brasil,15,240,18;26;30;25;42;48;25;26;23;100;90;56,task:1;informational:18;navigational:56;commercial:11;transactional:14
Geladeiras Midea Inverse,15,239,17;25;23;54;52;54;77;100;85;32;29;29,task:7;informational:39;navigational:22;commercial:11;transactional:21
Geladeiras de 270 litros,16,239,11;70;100;68;66;45;44;84;58;22;19;26,task:7;informational:42;navigational:4;commercial:36;transactional:11
Refrigeração Refrisul,15,238,34;93;100;90;55;52;51;39;41;41;44;45,task:7;informational:31;navigational:34;commercial:16;transactional:12
Maquinas de Gelo Impomac,17,235,57;95;100;88;73;75;62;54;55;55;55;55,task:2;informational:44;navigational:33;commercial:7;transactional:14
Repal Equipamentos Brasil,15,235,46;78;72;69;69;55;67;100;84;63;66;65,task:3;informational:19;navigational:62;commercial:7;transactional:9
Freezers e Conservadores Verticais,16,231,39;67;74;49;68;97;100;59;51;52;52;55,task:3;informational:59;navigational:4;commercial:28;transactional:6
Refrigeração Polo Frio,15,230,34;44;46;42;42;44;100;96;100;56;57;55,task:3;informational:48;navigational:34;commercial:10;transactional:5
Climatização e Refrigeração em Itapema,15,229,8;42;63;51;35;28;9;32;76;100;30;33,task:3;informational:49;navigational:3;commercial:40;transactional:5
Refrigeração Monteiro,15,229,29;42;44;91;91;79;74;100;63;45;44;46,task:3;informational:47;navigational:39;commercial:8;transactional:3
geladeiras brancas frost free,15,228,17;90;92;30;47;46;50;100;77;31;29;36,informational:47;navigational:4;commercial:35;transactional:14
Moveis e Eletrodomesticos da Eletroforte,15,224,14;58;79;65;64;83;94;100;87;62;35;44,task:3;informational:12;navigational:77;commercial:3;transactional:5
Refrigeração e ar condicionado em Recife,16,222,61;74;76;74;100;79;80;91;71;70;90;97,task:7;informational:39;navigational:18;commercial:26;transactional:10
Peletro Refrigeração Brasil,15,221,40;47;49;78;78;100;80;78;68;48;48;48,task:3;informational:30;navigational:44;commercial:19;transactional:4
Gabinetes com Water Cooling,17,219,14;37;46;24;24;28;21;35;100;21;21;20,task:5;informational:53;navigational:4;commercial:32;transactional:6
Adegas e refrigeradores Hisense,15,218,13;5;6;6;37;41;35;99;74;100;31;31,task:2;informational:56;navigational:13;commercial:15;transactional:14
Conserto de Geladeira em BH,15,214,100;47;72;61;60;58;61;86;72;86;49;50,task:5;informational:43;navigational:9;commercial:34;transactional:9
"Equipamentos, Instalações Comerciais e Cozinha Industrial",15,212,61;75;75;83;83;89;83;81;83;96;95;100,task:3;informational:39;navigational:23;commercial:30;transactional:5
Refrigeração JC,15,211,75;93;91;96;91;100;97;98;99;98;99;98,task:7;informational:18;navigational:27;commercial:40;transactional:8
Embrastec - Peças e Equipamentos Elétricos,15,210,47;50;55;54;57;64;63;70;72;100;98;100,task:3;informational:18;navigational:58;commercial:7;transactional:14
Freezers Gelopar com tampas de vidro,15,210,59;71;75;67;60;62;62;100;60;60;60;60,task:3;informational:25;navigational:14;commercial:40;transactional:18
Perin Refrigeração e Peças – Ribeirão Preto,15,204,27;32;34;40;49;96;100;42;40;35;37;39,task:1;informational:12;navigational:81;commercial:3;transactional:3
Radiadores e ar‑condicionado no ABC,15,203,49;53;55;51;51;59;57;100;80;66;68;65,task:3;informational:41;navigational:21;commercial:21;transactional:14
Frigobares Consul Retrô,15,200,16;63;83;46;46;53;39;100;89;41;30;30,task:3;informational:52;navigational:18;commercial:12;transactional:15
Refrigeração e assistência técnica em Jundiaí,15,199,26;34;35;36;66;64;66;88;78;100;43;43,task:3;informational:35;navigational:14;commercial:43;transactional:5
Portas para frigobar,15,196,26;62;76;90;90;82;50;80;57;100;94;91,task:10;informational:37;navigational:11;commercial:28;transactional:14
Peças e Serviços de Refrigeração,15,196,46;59;57;79;85;94;100;88;73;50;50;50,task:5;informational:53;navigational:15;commercial:12;transactional:15
Refrigeração Amaral,15,196,28;30;33;57;57;33;32;100;96;42;42;41,task:3;informational:33;navigational:41;commercial:19;transactional:4
Geladeiras de 350 litros,16,196,15;78;100;69;58;37;61;87;60;21;21;24,task:3;informational:45;commercial:47;transactional:5
Peças de Chiller,15,195,62;71;75;83;86;77;78;91;95;99;97;100,task:7;informational:38;navigational:33;commercial:10;transactional:12
Refrigeração Zanotti,15,187,50;54;56;54;54;56;78;100;80;76;77;76,task:3;informational:35;navigational:42;commercial:8;transactional:12
Tecnofrio Refrigeração,15,187,55;65;65;66;73;100;96;100;91;80;81;80,task:3;informational:18;navigational:56;commercial:18;transactional:5
Mondelli Brasil,16,185,40;56;69;55;100;98;67;92;71;67;57;71,task:3;informational:32;navigational:46;commercial:8;transactional:11
Compressores no Brasil,16,183,38;62;60;42;41;55;100;74;85;52;52;71,task:3;informational:49;navigational:22;commercial:18;transactional:8
Refrigeração Pinguim,15,181,79;90;96;94;94;97;97;98;96;100;100;100,task:3;informational:28;navigational:34;commercial:31;transactional:4
TecLar Climatização,15,179,12;74;73;28;30;24;98;100;69;31;28;32,task:7;informational:24;navigational:34;commercial:31;transactional:4
EletroGás no Brasil,15,179,18;27;25;24;24;49;50;100;27;28;20;20,task:7;informational:55;navigational:3;commercial:30;transactional:5
Motores e Ferramentas no Brasil,16,178,60;82;93;78;89;85;83;100;98;84;83;79,task:7;informational:58;navigational:20;commercial:11;transactional:4
Geladeiras industriais 6 portas,15,178,92;100;97;95;85;88;89;89;99;100;93;92,task:3;informational:32;navigational:1;commercial:46;transactional:18
Geladeira LG com dispenser de água,15,177,14;44;53;71;80;76;35;100;83;60;53;57,task:7;informational:51;navigational:11;commercial:12;transactional:19
Frilux Refrigeração e Indústria,15,176,34;38;39;39;31;32;51;100;58;35;35;34,task:10;informational:18;navigational:47;commercial:13;transactional:12
Aquecedores Premium Brasil,15,175,38;46;49;44;37;36;35;100;37;38;34;34,informational:15;navigational:52;commercial:28;transactional:5
Conserto de Geladeiras em São Paulo,15,174,69;79;84;85;75;89;92;77;95;96;87;100,task:3;informational:24;commercial:58;transactional:15
Expositores de frios e laticínios,16,173,64;79;82;71;88;100;97;71;72;73;71;71,task:3;informational:60;navigational:8;commercial:23;transactional:6
Geladeiras Portáteis de 18 Litros,16,171,32;100;98;37;36;38;43;36;36;53;46;32,task:3;informational:45;navigational:1;commercial:34;transactional:17
Refrigeração em Passo Fundo,15,169,12;100;100;60;70;48;18;15;16;24;24;38,task:3;informational:45;navigational:17;commercial:31;transactional:4
Conserto de Geladeiras em Brasília,15,168,17;51;60;44;44;33;37;100;61;50;60;59,task:3;informational:18;navigational:40;commercial:34;transactional:5
Refrigeração RL no Brasil,15,167,59;66;72;69;69;77;69;71;70;99;98;100,task:3;informational:48;navigational:34;commercial:10;transactional:5
Geladeiras para restaurantes e lanchonetes,16,167,39;61;65;56;43;44;41;70;60;100;82;87,task:3;informational:53;navigational:4;commercial:32;transactional:8
Refrigeração e Ar Condicionado em Caruaru,15,166,13;77;83;58;64;59;49;100;68;30;35;30,task:2;informational:29;navigational:36;commercial:30;transactional:3
ARMACELL Brasil Refrigeração,15,166,79;85;89;88;88;90;91;98;100;100;100;100,task:3;informational:15;navigational:70;commercial:7;transactional:5
Megafrio Refrigeração e Logística,15,166,12;13;13;13;12;13;13;100;13;13;13;13,task:3;informational:28;navigational:31;commercial:31;transactional:7
Frigobares no Varejo Online Brasil,15,164,8;77;100;59;52;66;57;93;70;28;37;35,task:3;informational:38;navigational:19;commercial:18;transactional:22
Organizadores de latas para geladeira,16,162,77;100;95;86;83;78;79;69;69;90;90;69,task:10;informational:40;navigational:5;commercial:26;transactional:19
Total Frio Refrigeração,16,161,78;86;90;88;90;93;100;86;88;88;88;88,task:3;informational:23;navigational:42;commercial:22;transactional:10
Frio e Refrigeração,15,159,100;44;45;45;43;44;44;45;46;63;58;55,task:8;informational:63;navigational:4;commercial:17;transactional:8
Conserto de Geladeiras Recife,15,158,62;81;80;72;72;87;94;100;70;75;82;87,task:3;informational:24;navigational:46;commercial:22;transactional:5
Impacto Ambiental na Refrigeração e Ar Condicionado,15,157,74;94;97;83;63;66;65;79;84;92;87;100,task:3;informational:59;navigational:11;commercial:22;transactional:5
Refrisat Refrigeração,16,157,69;75;76;75;75;77;77;77;96;100;80;81,task:1;informational:37;navigational:40;commercial:5;transactional:17
Placas de Geladeira Panasonic,16,155,46;57;58;53;87;84;56;100;73;56;53;55,task:7;informational:47;navigational:5;commercial:23;transactional:18
Freezers com chave 419 litros,16,155,41;89;100;42;38;39;54;94;81;86;72;80,task:13;informational:31;navigational:1;commercial:44;transactional:11
Envelopamento de geladeira Flamengo,16,154,19;28;35;33;71;70;51;94;100;54;43;66,task:3;informational:51;navigational:28;commercial:5;transactional:13
Geladeiras Dometic,15,152,43;61;63;62;61;100;87;66;70;83;79;74,task:7;informational:47;navigational:18;commercial:18;transactional:10
Conserto de Geladeiras em Florianópolis e Palhoça,15,149,44;63;58;51;64;63;66;93;100;84;72;83,task:3;informational:22;navigational:33;commercial:37;transactional:5
Pastre e Implementos no Brasil,16,148,81;93;93;93;83;86;100;72;73;91;94;91,task:3;informational:42;navigational:40;commercial:10;transactional:5
Equipamentos e Refrigeração,15,147,43;47;50;97;100;59;55;68;63;53;54;53,task:3;informational:45;navigational:34;commercial:10;transactional:8
Refrigeração Gomes,15,146,72;79;79;83;82;80;80;92;90;83;83;100,task:3;informational:28;navigational:34;commercial:31;transactional:4
Conserto e Refrigeração em Juiz de Fora,15,146,15;87;100;84;21;20;19;21;24;23;23;22,task:3;informational:32;navigational:14;commercial:46;transactional:5
Frigobar 45L e Geladeiras 45L,16,146,5;10;13;10;29;30;24;100;79;14;13;14,task:1;informational:49;navigational:4;commercial:33;transactional:13
Fabricio Refrigeração e Utensílios,15,146,53;77;78;75;58;58;58;61;80;83;100;90,task:7;informational:11;navigational:67;commercial:10;transactional:5
Refrigeração e Climatização no Brasil,15,144,11;92;100;45;46;77;73;91;57;23;21;24,task:3;informational:39;navigational:3;commercial:43;transactional:12
Máquinas e Refrigeração no Brasil,15,144,42;74;76;86;70;100;90;51;43;25;25;28,task:7;informational:70;navigational:5;commercial:11;transactional:7
Frigobar com Termostato Digital,16,143,7;78;100;61;65;25;55;26;24;34;31;37,task:3;informational:70;navigational:5;commercial:19;transactional:3
Conserto de Geladeiras em Salvador,15,142,42;53;52;100;100;76;61;56;52;57;56;73,task:3;informational:18;navigational:30;commercial:40;transactional:9
Manutenção de Refrigeração,15,140,52;55;60;62;66;67;68;100;71;71;71;71,task:10;informational:38;commercial:40;transactional:12
Refrigeração e Equipamentos Big Frio,15,137,55;63;68;73;76;79;77;79;100;100;100;100,task:3;informational:29;navigational:41;commercial:13;transactional:14
Brasfrio Refrigeração,15,137,65;70;73;72;72;100;96;76;76;76;77;76,task:3;informational:39;navigational:34;commercial:20;transactional:4
Refrigeração Reconfrio,16,136,76;82;84;84;84;86;86;92;100;100;100;100,task:3;informational:12;navigational:67;commercial:10;transactional:8
Conserto de Geladeiras em Curitiba,15,135,59;55;61;60;56;58;59;67;99;100;82;80,task:7;informational:18;navigational:13;commercial:47;transactional:15
Refrigeração Turbo Set 90,15,134,76;77;79;99;98;98;98;96;97;99;100;98,task:5;informational:48;navigational:25;commercial:10;transactional:12
Refrigeração e Eletroeletrônicos,16,132,31;35;34;29;29;32;32;26;26;100;28;27,task:5;informational:45;navigational:4;commercial:37;transactional:9
Automação e Eletrônicos no Brasil,15,131,26;67;79;71;71;100;58;83;65;78;76;90,task:3;informational:70;navigational:5;commercial:15;transactional:7
Refrigeração Boa Vista RR,15,130,15;100;98;16;28;42;32;29;26;26;25;25,task:3;informational:21;navigational:48;commercial:20;transactional:8
Climação e Refrigeração,15,130,82;76;80;79;95;100;99;51;52;52;52;52,task:4;informational:47;navigational:1;commercial:23;transactional:25
Geradores e Grupos Geradores no Brasil,15,129,55;81;88;60;65;100;91;78;75;68;70;77,task:7;informational:45;navigational:33;commercial:10;transactional:5
Termotec e Thermotech Refrigeração,16,126,34;100;99;97;97;41;41;41;43;43;62;44,task:3;informational:32;navigational:48;commercial:13;transactional:4
Refrigeração Banfrio,15,126,23;25;27;93;56;100;96;69;55;28;28;28,task:3;informational:18;navigational:60;commercial:10;transactional:9
Giben Máquinas e Equipamentos no Brasil,15,126,71;76;86;86;86;88;88;99;100;100;100;100,task:1;informational:30;navigational:57;commercial:4;transactional:8
"FerDan: Máquinas, Equipamentos e Casa",16,125,22;33;42;27;29;29;39;41;36;100;100;55,task:10;informational:46;navigational:18;commercial:22;transactional:4
Refrigeração São Rafael,15,121,54;55;67;67;65;64;64;72;72;67;67;100,task:3;informational:23;navigational:58;commercial:9;transactional:7
Delfrio Refrigeração,15,120,36;36;39;42;100;64;55;57;55;43;43;43,task:3;informational:32;navigational:42;commercial:12;transactional:11
Geladeiras e Expositores 5 Portas,15,119,30;63;80;59;100;85;84;39;38;34;34;34,task:7;informational:44;navigational:1;commercial:39;transactional:9
Conserto de Geladeiras no Rio de Janeiro,15,118,33;39;41;36;72;54;45;94;63;98;87;100,task:3;informational:28;navigational:4;commercial:47;transactional:18
Ferragens e Refrigeração no Brasil,15,117,15;37;43;16;16;50;30;100;92;20;21;20,task:7;informational:39;navigational:30;commercial:11;transactional:13
Refrigeração e conserto de geladeiras em Bragança Paulista,15,116,12;14;16;15;22;34;20;100;47;19;26;25,task:7;informational:23;navigational:4;commercial:50;transactional:16
Vitrolas e Livrarias no Brasil,15,115,48;52;69;92;96;92;83;100;95;96;89;86,task:5;informational:47;navigational:24;commercial:15;transactional:9
Refrigeração Viena,15,114,75;79;86;86;89;87;87;100;100;100;100;100,task:7;informational:32;navigational:46;commercial:10;transactional:5
Reparo de geladeiras em Cachoeirinha,15,113,17;86;92;25;25;25;21;21;22;95;100;44,task:5;informational:15;navigational:43;commercial:27;transactional:10
Refrigeração Rondônia,15,112,30;42;44;41;41;58;76;100;73;38;37;35,task:1;informational:55;navigational:28;commercial:6;transactional:10
Glacial Refrigeração e Peças,15,112,21;22;23;21;35;20;20;20;24;24;100;27,task:3;informational:21;navigational:41;commercial:31;transactional:4
Refrigeração: Freezers Refrimate,15,112,30;63;45;40;53;51;32;100;78;32;32;32,task:3;informational:64;navigational:10;commercial:16;transactional:7
Refrigeração Refrimar,17,111,28;29;32;100;34;36;32;36;37;37;37;37,task:1;informational:40;navigational:39;commercial:18;transactional:2
Refrigeração e Climatização Dois Irmãos,15,108,70;76;83;77;73;74;71;72;80;90;89;100,task:1;informational:19;navigational:51;commercial:26;transactional:3
FG Refrigeração e Equipamentos,15,106,66;73;75;100;76;75;74;89;98;94;86;86,task:7;informational:21;navigational:37;commercial:27;transactional:8
Frigelar Bebedouros,15,103,17;63;83;31;48;55;86;80;77;100;80;70,task:3;informational:31;navigational:26;commercial:18;transactional:22
Geladeiras comerciais 2 portas,15,100,40;43;46;45;45;100;78;81;70;41;41;41,task:3;informational:30;navigational:8;commercial:44;transactional:15
Eletrodomésticos reembalados,15,100,25;94;100;37;31;42;21;22;22;22;22;22,task:3;informational:47;navigational:4;commercial:35;transactional:11
Refrigeração e ar-condicionado em Osasco,15,99,9;10;11;10;10;10;44;100;73;15;14;12,task:10;informational:35;navigational:7;commercial:43;transactional:5
Refrigeração Rocha & Barretos,15,99,9;52;46;55;16;16;12;14;11;10;100;15,informational:32;navigational:38;commercial:16;transactional:14
Frigoríficos Mata Bem,15,99,24;48;51;27;25;100;85;28;28;27;27;27,task:7;informational:35;navigational:40;commercial:14;transactional:4
Frio Sul Refrigeração,15,98,14;15;16;15;15;16;16;100;62;15;15;15,task:3;informational:15;navigational:34;commercial:40;transactional:8
Vitrines Refrigeradas Gelopar,15,98,31;34;38;34;34;100;69;35;35;35;35;35,task:4;informational:38;navigational:25;commercial:20;transactional:13
Refrigeração Lucas,15,98,16;100;88;22;29;22;22;28;25;18;18;18,task:1;informational:41;navigational:32;commercial:21;transactional:5
Conserto de Geladeiras e Máquinas em Betim,15,97,18;28;38;33;33;38;41;100;64;69;41;33,task:3;informational:18;navigational:37;commercial:37;transactional:5
Refrigeração Real,15,95,86;90;100;99;95;96;97;90;96;96;96;96,task:3;informational:49;navigational:18;commercial:25;transactional:5
Máquinas Bras no Brasil,15,93,16;40;51;41;100;35;54;91;82;26;32;27,task:3;informational:47;navigational:29;commercial:11;transactional:10
Refrigeração em Salvador,15,91,23;100;90;67;34;53;64;32;29;27;28;27,task:3;informational:44;navigational:11;commercial:32;transactional:10
Ventiladores e circuladores de ar,16,88,19;25;30;73;76;28;25;100;80;44;40;38,task:7;informational:46;navigational:4;commercial:35;transactional:8
Bancadas Refrigeradas,15,87,26;68;100;89;85;98;30;58;64;31;31;31,task:10;informational:53;navigational:2;commercial:30;transactional:5
Jet Frio Refrigeração,15,86,12;13;14;13;14;100;69;29;24;16;16;16,task:3;informational:18;navigational:70;commercial:4;transactional:5
Conserto de Geladeiras em São José dos Campos,15,86,36;57;59;80;80;40;40;100;69;45;44;44,task:3;informational:35;navigational:3;commercial:47;transactional:12
Máquinas e ventiladores industriais brasileiros,15,85,62;68;74;71;86;80;78;90;100;81;81;81,task:3;informational:47;navigational:15;commercial:11;transactional:24
Equipamentos e Máquinas LC,15,85,15;57;51;30;59;100;67;19;19;21;20;20,task:1;informational:18;navigational:58;commercial:17;transactional:6
Geladeiras para Açougues,16,85,28;30;33;34;28;28;100;26;26;26;26;26,task:5;informational:32;navigational:1;commercial:50;transactional:12
Câmaras frias para gelo,15,84,79;89;91;87;87;100;96;90;84;84;84;84,task:7;informational:49;navigational:4;commercial:32;transactional:8
Ar Condicionado Automotivo Brasil,15,83,67;74;77;71;78;100;95;79;77;66;66;66,task:3;informational:49;navigational:3;commercial:40;transactional:5
Refrigeração em Santa Maria,15,82,12;93;91;35;34;41;42;100;51;17;20;18,task:3;informational:58;navigational:4;commercial:30;transactional:5
Refrigeração Vieira,15,81,78;91;99;100;96;93;95;85;97;97;97;97,task:7;informational:37;navigational:17;commercial:31;transactional:8
Brastek Refrigeração Brasil,15,80,95;99;88;90;90;92;92;99;100;100;100;100,task:7;informational:15;navigational:67;commercial:6;transactional:5
Refrigeração Comercial Videfrigo,15,80,62;64;67;70;70;71;71;100;90;69;69;69,informational:28;navigational:58;commercial:11;transactional:3
Geladeiras Comerciais,15,79,44;45;54;48;42;43;100;52;51;44;44;44,task:1;informational:51;navigational:4;commercial:32;transactional:12
Congel Contabilidade e Refrigeração,15,78,29;100;92;53;53;48;41;29;29;29;29;29,task:3;informational:28;navigational:43;commercial:20;transactional:6
Refrigeração Poços de Caldas,15,78,71;79;92;94;86;88;85;88;86;85;85;100,task:4;informational:34;navigational:31;commercial:27;transactional:4
Polo Norte Refrigeração e Ar Condicionado,15,77,56;59;67;67;62;62;62;63;68;68;90;100,task:4;informational:21;navigational:44;commercial:27;transactional:4
Gelopar: refrigeração e expositores,17,72,41;43;44;46;43;43;42;98;100;41;41;41,task:3;informational:47;navigational:12;commercial:21;transactional:17
Refrigeração Marechal,15,72,54;57;59;59;53;100;83;56;56;56;56;56,task:10;informational:70;navigational:5;commercial:12;transactional:3
Radiadores Brem Brasil,15,71,27;91;84;100;100;86;42;47;39;49;50;42,task:3;informational:32;navigational:47;commercial:10;transactional:8
Conserto de Geladeiras Gravataí,15,69,52;66;73;53;50;58;56;100;65;52;56;69,task:3;informational:12;navigational:23;commercial:47;transactional:15
Refrigeração Nacional,15,69,18;18;19;100;100;20;20;35;29;20;20;20,task:2;informational:49;navigational:23;commercial:20;transactional:6
Geladeiras Continental com Problemas de Resfriamento,16,69,100;41;47;47;47;65;68;49;50;50;50;50,task:12;informational:57;navigational:9;commercial:10;transactional:12
Souza Refrigeração,15,69,88;90;99;99;99;100;100;92;94;94;94;94,task:4;informational:24;navigational:27;commercial:40;transactional:5
Refrigeração e frigobares,16,69,9;53;62;49;39;31;100;72;61;21;21;20,task:7;informational:48;navigational:2;commercial:18;transactional:25
Duar Refrigeração,16,68,79;77;82;82;86;100;95;90;99;97;90;90,task:3;informational:25;navigational:45;commercial:22;transactional:5
Visoar Refrigeração e Ar Condicionado,15,68,24;24;26;27;24;33;100;34;30;25;25;26,task:7;informational:14;navigational:58;commercial:7;transactional:14
Coolers de lata,15,64,24;28;33;100;100;36;32;47;44;48;47;50,task:7;informational:49;navigational:1;commercial:32;transactional:11
Climatização e Refrigeração,15,63,8;74;100;39;12;11;8;7;8;8;8;8,task:7;informational:48;navigational:4;commercial:21;transactional:20
Qualiterme Refrigeração e Serviços,15,59,89;92;97;97;97;97;97;99;99;99;100;99,task:2;informational:18;navigational:67;commercial:7;transactional:6
Expositores e freezers 4 portas,16,58,23;32;39;49;45;48;100;91;65;22;22;22,task:4;informational:52;navigational:4;commercial:33;transactional:7
União Refrigeração,15,54,22;25;30;29;37;27;27;28;100;97;41;26,task:1;informational:34;navigational:35;commercial:28;transactional:2
Refrigeração e Ar Condicionado Ribeiro,15,52,9;98;100;11;11;10;10;10;10;10;10;10,task:5;informational:12;navigational:44;commercial:34;transactional:5
Carrocerias frigoríficas,15,51,52;88;100;75;75;60;60;65;65;65;65;65,task:7;informational:46;navigational:14;commercial:27;transactional:6
JM Equipamentos Gastronômicos,15,50,22;100;95;24;24;27;25;25;25;25;25;25,task:1;informational:27;navigational:49;commercial:8;transactional:15
Peças de Geladeira GE,15,48,40;44;47;84;100;47;45;41;42;42;42;42,task:7;informational:29;navigational:11;commercial:26;transactional:27
Frigoríficas e Frigeração,17,48,15;51;55;44;32;32;25;100;79;11;11;11,task:3;informational:77;navigational:5;commercial:12;transactional:3
Esmerilhadeiras e ferramentas elétricas,15,44,4;22;25;20;20;22;8;88;100;7;8;8,task:7;informational:70;navigational:5;commercial:11;transactional:7
Locação de Chillers,17,37,57;76;95;95;90;90;90;98;100;100;100;100,task:3;informational:46;navigational:4;commercial:33;transactional:14
Maksell Refrigeração,15,32,39;42;45;45;45;45;45;45;100;83;46;46,informational:18;navigational:67;commercial:10;transactional:5
