name,prompts_count,volume,volume_trend,intents
Geladeiras e Refrigeradores Frost Free e Inox,829,715796,27;27;29;35;100;100;100;48;46;46;46;46,task:2;informational:43;navigational:6;commercial:37;transactional:12
Fritadeiras Elétricas (Air Fryers),499,584548,17;16;18;25;100;100;100;30;39;39;39;39,task:5;informational:46;navigational:2;commercial:33;transactional:14
"Electrolux no Brasil: Geladeiras, Serviços e Lojas",151,217538,88;89;94;95;99;99;99;99;100;100;100;100,task:3;informational:45;navigational:30;commercial:12;transactional:10
Tabuas de frios,150,160656,58;49;58;87;100;100;100;90;91;91;91;91,task:12;informational:72;navigational:4;commercial:12
Geladeiras Brastemp,211,116014,66;67;71;76;94;94;94;86;100;100;100;100,task:2;informational:37;navigational:23;commercial:16;transactional:22
Geladinhos Gourmet,115,114839,27;28;29;45;51;51;51;74;100;100;100;100,task:6;informational:64;navigational:9;commercial:13;transactional:8
Freezers e Geladeiras,152,113169,66;67;70;78;88;88;88;99;100;100;100;100,task:5;informational:45;navigational:4;commercial:31;transactional:15
Armazenamento de leite materno,198,104735,86;86;87;93;93;93;93;100;100;100;100;100,informational:89;navigational:3;commercial:7;transactional:1
Ar Condicionado LG Inverter,157,89177,45;45;54;56;100;100;100;100;87;87;87;87,task:5;informational:34;navigational:15;commercial:27;transactional:19
Frigobar: Preços e Promoções,80,70598,60;61;65;86;100;100;100;97;95;95;95;95,informational:50;navigational:2;commercial:34;transactional:14
Geladeiras side by side,74,64112,76;76;35;64;100;100;100;98;94;94;94;94,task:2;informational:53;navigational:2;commercial:30;transactional:13
Gelo e Suprimentos Gelados no Brasil,59,55541,17;20;95;100;31;31;31;99;100;100;100;100,task:10;informational:50;navigational:4;commercial:22;transactional:14
Envelopamento e adesivos para geladeiras,68,54488,41;42;34;74;100;100;100;94;95;95;95;95,task:8;informational:52;navigational:4;commercial:24;transactional:12
Geladeira Não gela: Vazamento de gás e falhas,173,53308,71;72;72;81;95;95;95;96;100;100;100;100,task:5;informational:73;navigational:2;commercial:6;transactional:14
Sanduícheira e Grill – Eletrodomésticos,92,52912,77;78;80;88;97;97;97;100;100;100;100;100,task:2;informational:33;navigational:9;commercial:40;transactional:16
Chaleiras elétricas,93,51885,48;49;51;57;100;100;100;64;63;63;63;63,task:8;informational:37;navigational:4;commercial:35;transactional:16
Geladeiras Consul,102,50804,80;79;82;88;89;89;89;98;100;100;100;100,task:3;informational:50;navigational:10;commercial:21;transactional:16
Máquinas de gelo,83,49986,36;38;41;46;63;63;63;99;100;100;100;100,task:8;informational:42;navigational:4;commercial:34;transactional:12
Termostatos de Geladeira,46,47539,23;22;24;85;97;97;97;100;100;100;100;100,task:2;informational:69;navigational:5;commercial:14;transactional:10
Geladeiras Electrolux no Brasil,121,46843,51;52;55;61;69;69;69;78;99;100;100;100,task:1;informational:54;navigational:15;commercial:15;transactional:15
Frost Free e Degelo em Geladeiras,99,44476,65;81;84;95;88;89;89;99;100;100;100;100,task:5;informational:78;navigational:5;commercial:7;transactional:5
Glacê para bolos,84,43220,20;22;24;42;73;74;74;100;93;93;93;93,task:4;informational:77;navigational:5;commercial:10;transactional:4
Cervejeiras e Geladeiras para Cerveja,59,41007,83;85;93;100;95;95;95;99;100;100;100;100,task:2;informational:46;navigational:2;commercial:39;transactional:11
Geladeiras Midea,67,36637,38;45;46;69;88;89;89;87;100;100;100;100,task:2;informational:48;navigational:17;commercial:21;transactional:12
Geladeiras Panasonic no Brasil,95,32604,99;100;43;47;50;50;50;55;53;53;53;53,informational:50;navigational:9;commercial:28;transactional:13
Câmaras Frias e Refrigeração Comercial,89,29860,49;52;57;75;83;84;84;100;100;99;99;99,task:3;informational:59;navigational:4;commercial:28;transactional:6
Coolers de Vinho e Bebidas,32,28677,17;20;24;85;86;86;87;99;100;100;100;100,task:5;informational:61;navigational:4;commercial:22;transactional:8
Eletrodomésticos para Cozinha,70,27782,35;38;50;72;80;80;80;93;100;100;100;100,task:2;informational:62;navigational:2;commercial:26;transactional:8
Relés e protetores térmicos para geladeiras,73,27756,15;19;29;56;79;79;79;99;100;100;100;100,task:10;informational:54;navigational:5;commercial:23;transactional:8
Motores de Geladeira,53,27302,18;22;25;36;98;98;98;100;99;99;99;99,task:2;informational:64;navigational:5;commercial:19;transactional:10
Geladeiras com freezer embaixo,60,26686,98;100;46;51;64;64;64;77;75;75;75;75,task:5;informational:39;navigational:4;commercial:42;transactional:10
Caixas térmicas e coolers,55,26472,68;69;72;80;90;90;90;100;100;100;100;100,task:2;informational:40;navigational:4;commercial:35;transactional:19
Geladeira sem odor,81,24770,100;97;95;94;100;100;100;94;96;97;97;96,task:8;informational:77;navigational:5;commercial:8;transactional:2
Expositores de Geladeira,22,24750,94;97;100;85;82;82;82;83;82;82;82;82,task:5;informational:43;navigational:4;commercial:38;transactional:10
Geladeiras: transporte e ligar após mudança,96,24700,91;94;93;100;100;100;100;96;98;98;98;98,task:10;informational:71;navigational:5;commercial:10;transactional:4
Geladeiras: melhores marcas e custo-benefício,67,24218,24;27;33;45;88;89;89;98;100;100;100;100,task:5;informational:42;navigational:1;commercial:48;transactional:4
Vedação de Geladeira: borrachas e gaxetas,49,23867,21;24;33;67;91;91;91;99;100;100;100;100,task:5;informational:63;navigational:4;commercial:16;transactional:12
Lavadoras e Secadoras Electrolux,66,22109,44;49;54;86;100;100;100;93;93;93;93;93,task:5;informational:42;navigational:11;commercial:22;transactional:20
Temperatura da Geladeira,80,21710,94;97;100;99;92;92;92;94;94;94;94;94,task:5;informational:79;navigational:5;commercial:5;transactional:6
Geladeiras Samsung no Brasil,62,21652,99;100;100;43;42;42;42;62;50;50;50;50,task:2;informational:50;navigational:8;commercial:18;transactional:22
Geladeiras de 3 portas,70,21573,99;100;44;49;58;58;58;60;54;54;54;54,task:8;informational:54;navigational:4;commercial:26;transactional:8
Frigobares Consul,41,21522,97;100;45;50;63;63;63;97;97;99;98;98,informational:38;navigational:30;commercial:23;transactional:9
Conserto de Geladeiras e Assistência Técnica,34,21060,62;67;71;72;63;64;64;100;100;100;100;100,task:5;informational:21;navigational:18;commercial:18;transactional:38
Brastemp Retrô: Frigobar e Geladeira,46,20987,100;97;42;46;48;48;48;44;44;44;44;44,task:2;informational:41;navigational:26;commercial:17;transactional:14
Liquidificadores Mondial,63,20753,74;77;81;86;94;94;94;100;95;95;95;95,task:2;informational:42;navigational:14;commercial:30;transactional:12
Geladeiras Electrolux 240–260 litros,76,19852,53;48;54;57;96;97;97;95;100;100;100;100,task:2;informational:50;navigational:5;commercial:30;transactional:13
Gás de Geladeira,73,18106,69;68;71;83;92;93;93;100;100;100;100;100,task:2;informational:74;navigational:5;commercial:12;transactional:7
Chiller e Refrigeração Industrial,38,18104,31;75;75;83;99;100;100;96;97;97;97;97,task:2;informational:68;navigational:6;commercial:18;transactional:6
Coldres de arma e acessórios,24,17843,17;23;24;96;29;30;30;100;100;100;100;100,task:8;informational:60;navigational:8;commercial:16;transactional:8
Geladeiras frost free Consul 300–342 L,65,16502,41;46;50;50;100;100;100;86;87;87;87;87,task:2;informational:52;navigational:9;commercial:23;transactional:14
Geladeiras: barulhos e falhas comuns,70,16378,73;77;81;93;96;97;97;97;100;100;100;100,task:4;informational:80;navigational:5;commercial:7;transactional:4
Geladeiras LG,37,16014,93;96;100;46;48;48;48;53;64;64;64;64,task:2;informational:49;navigational:13;commercial:24;transactional:12
Geladeiras Consul com gelo seco,50,15804,23;29;32;67;81;82;82;99;100;100;100;100,task:5;informational:55;navigational:4;commercial:27;transactional:9
Conservação de Alimentos na Geladeira,70,15494,89;91;97;98;96;97;97;95;100;100;100;100,task:2;informational:83;navigational:5;commercial:8;transactional:2
Freezers Electrolux pt,38,15490,92;97;100;46;44;46;46;46;97;97;98;98,task:2;informational:19;navigational:31;commercial:15;transactional:33
Peças para Geladeira e Fogão Electrolux/Consul,39,14892,29;35;40;65;90;90;91;96;100;100;100;100,task:5;informational:30;navigational:12;commercial:34;transactional:19
Sobremesas geladas,31,14815,40;46;50;48;50;51;51;84;100;100;100;100,task:8;informational:72;navigational:2;commercial:10;transactional:8
Geladeiras Electrolux 2 portas,45,14650,98;100;46;46;45;45;45;48;48;48;48;48,task:2;informational:42;navigational:25;commercial:17;transactional:14
Geladeiras Bosch,31,14193,27;30;32;70;79;80;82;99;100;100;100;100,task:2;informational:62;navigational:8;commercial:21;transactional:7
Geladeiras 2 portas e side by side,38,14122,54;60;71;84;88;88;88;100;95;95;95;95,task:2;informational:54;navigational:2;commercial:32;transactional:10
Pintura de Geladeiras,56,14077,40;51;52;76;94;95;95;100;99;100;99;99,task:15;informational:63;navigational:5;commercial:12;transactional:5
Máquinas Galoneira,33,13883,24;31;32;34;87;88;88;100;100;100;100;100,task:5;informational:49;navigational:7;commercial:24;transactional:15
Batedeiras KitchenAid,36,13764,93;97;100;46;46;47;47;56;57;57;57;57,task:3;informational:38;navigational:15;commercial:29;transactional:15
Geladeiras e Freezers,24,13701,18;23;24;44;80;81;81;90;100;100;100;100,task:6;informational:69;navigational:4;commercial:16;transactional:5
Estabilizadores e Nobreaks para Geladeiras,31,13513,33;39;37;40;75;76;77;99;100;100;100;100,task:5;informational:60;navigational:3;commercial:27;transactional:5
Limpeza de Geladeiras Inox,58,13498,94;94;95;100;83;84;84;97;97;97;97;96,task:3;informational:81;navigational:5;commercial:6;transactional:5
Grafia de Cooler em PT,19,13407,24;28;28;88;97;99;99;99;100;100;100;100,task:3;informational:67;navigational:5;commercial:16;transactional:9
Geladeiras Consul 450-451 litros,35,12967,31;39;42;42;39;40;40;48;99;99;99;100,task:5;informational:42;navigational:4;commercial:33;transactional:16
Transformadores para Geladeiras 110V/220V,30,12851,18;22;21;30;91;93;93;98;100;100;100;100,task:2;informational:59;navigational:5;commercial:25;transactional:9
Fritadeiras Elgin,45,12136,18;22;23;74;85;86;86;100;56;56;56;56,task:2;informational:52;navigational:12;commercial:17;transactional:17
Freezers Verticais e Mini Freezers,32,11943,96;100;48;51;54;54;54;52;53;53;53;53,task:5;informational:46;navigational:1;commercial:37;transactional:11
Fatiadores de frios,37,11936,95;100;47;61;59;60;61;66;68;68;68;68,task:5;informational:45;navigational:1;commercial:30;transactional:19
freezers Midea,26,11699,72;79;82;97;42;42;43;44;100;100;100;99,task:3;informational:42;navigational:16;commercial:17;transactional:22
Geladeiras Portáteis para Carros,42,11622,92;97;100;44;54;54;54;51;51;51;51;51,task:5;informational:57;navigational:5;commercial:20;transactional:13
Geladinhos e Sacolés,24,11333,73;77;78;83;92;94;94;95;100;100;99;99,task:2;informational:80;navigational:5;commercial:10;transactional:3
Fritadeiras Gaabor,28,11171,18;24;25;29;53;55;55;100;99;99;99;99,task:5;informational:41;navigational:18;commercial:19;transactional:17
Gelo em escama e máquinas de gelo,32,11091,21;54;55;94;99;100;100;99;99;99;99;99,task:5;informational:60;navigational:5;commercial:20;transactional:10
Penteadeira com Escrivaninha,15,10945,87;96;100;92;95;95;95;91;92;92;92;92,task:7;informational:38;navigational:5;commercial:32;transactional:18
Geladeiras Electrolux DF42/DW42X,42,10897,42;50;51;27;41;42;43;100;100;100;100;100,task:3;informational:53;navigational:25;commercial:12;transactional:7
Geladeiras Electrolux DF50,48,10795,17;24;25;38;62;63;63;100;97;98;98;97,task:2;informational:61;navigational:15;commercial:15;transactional:7
Geladeiras Philco Side by Side,28,10704,67;75;41;41;42;43;43;41;94;100;96;96,task:1;informational:56;navigational:13;commercial:15;transactional:15
Conserto de Eletrodomésticos,21,10588,34;42;46;43;40;41;41;55;100;100;100;100,task:17;informational:35;navigational:2;commercial:29;transactional:17
Imãs de geladeira com foto,29,10318,40;45;49;100;79;79;80;54;55;55;55;55,task:8;informational:42;navigational:4;commercial:28;transactional:18
Geladeiras 450 litros,19,10298,79;89;91;87;83;84;84;82;99;100;99;100,task:5;informational:39;navigational:4;commercial:42;transactional:10
Coolers para Celulares,28,9931,16;22;23;26;31;32;32;99;100;100;100;100,task:10;informational:44;navigational:1;commercial:30;transactional:15
Congelamento de Frutas,59,9792,91;92;92;94;94;95;95;97;100;100;100;100,task:8;informational:80;navigational:5;commercial:5;transactional:2
Geladeiras Electrolux: Falha de Resfriamento,40,9402,99;100;99;99;85;86;85;96;99;99;99;99,task:5;informational:74;navigational:5;commercial:10;transactional:6
Geladeiras pretas com porta de vidro,19,9379,81;92;100;100;98;99;99;99;100;100;100;100,task:3;informational:36;navigational:11;commercial:37;transactional:13
Congelamento incorreto em geladeiras,45,9237,91;91;95;96;97;98;98;100;99;100;100;100,task:8;informational:75;navigational:2;commercial:15
Geladeiras Brastemp 588 litros,29,8956,93;100;60;62;55;56;57;72;74;73;73;72,task:8;informational:58;navigational:3;commercial:16;transactional:15
Potes Herméticos Electrolux,35,8949,95;100;54;52;52;53;54;54;53;53;53;53,task:2;informational:41;navigational:13;commercial:21;transactional:23
Geladeiras e Freezers Brastemp 400L,45,8915,97;100;48;49;49;50;51;50;52;53;52;52,task:2;informational:38;navigational:14;commercial:28;transactional:18
Geladeiras Vazando Água,62,8859,98;100;100;99;93;94;94;96;92;92;92;92,task:5;informational:76;navigational:5;commercial:5;transactional:9
Borrachas de Geladeira (Electrolux/Brastemp),26,8780,16;22;22;28;51;52;52;94;100;100;100;100,task:2;informational:49;navigational:5;commercial:26;transactional:18
Gelo e Conservação de Gelo,47,8765,52;56;64;83;81;81;81;94;100;100;100;100,task:5;informational:82;navigational:5;commercial:6;transactional:2
Compressores de Geladeira,30,8648,19;26;27;33;68;69;70;92;100;100;100;100,task:2;informational:65;navigational:2;commercial:21;transactional:10
Freezers Consul 2 portas,42,8604,71;80;86;97;98;100;100;100;100;100;100;100,task:5;informational:40;navigational:7;commercial:29;transactional:19
Geladeiras Electrolux 480 litros,51,8543,71;80;45;100;48;49;50;52;55;55;55;55,task:2;informational:60;navigational:10;commercial:20;transactional:8
Coolers de cerveja,24,8518,89;97;100;49;79;80;80;84;84;84;84;83,task:5;informational:59;navigational:5;commercial:22;transactional:9
Garrafas para Geladeira,27,8484,29;35;36;51;82;85;85;96;100;100;99;99,task:5;informational:42;navigational:4;commercial:40;transactional:9
Peças de Ar Condicionado e Refrigeração,23,8452,88;98;100;53;84;85;85;97;98;98;98;98,task:2;informational:36;navigational:9;commercial:42;transactional:11
"Saladeiras: inox, porcelana e vidro",19,8336,17;22;20;19;98;99;99;19;100;100;100;99,informational:58;navigational:4;commercial:32;transactional:6
Placas de Geladeira,32,8245,37;43;43;27;75;77;77;97;100;100;100;100,task:5;informational:52;navigational:5;commercial:22;transactional:16
Termostatos de Geladeira Consul,32,8195,22;27;26;43;99;100;100;98;99;99;99;99,informational:65;navigational:5;commercial:20;transactional:10
Geladeiras Panasonic BB65 e Diamond Glass,25,7903,23;30;31;40;29;29;29;66;81;100;43;43,task:2;informational:70;navigational:2;commercial:20;transactional:6
Geladeiras Brastemp BRM44 375L,38,7903,86;97;100;99;76;77;77;97;100;100;99;99,task:1;informational:44;navigational:27;commercial:20;transactional:8
Cerveja gelada rapidamente,31,7900,59;63;67;98;62;63;63;100;69;69;69;69,task:12;informational:72;navigational:5;commercial:6;transactional:5
Peças de Refrigeração,27,7894,67;97;100;92;64;65;65;69;72;72;72;71,task:8;informational:48;navigational:20;commercial:16;transactional:8
Motores e Ventilação Brastemp de Geladeira,34,7849,17;22;25;48;95;96;96;99;100;100;100;100,task:2;informational:60;navigational:9;commercial:19;transactional:10
Refrigerantes Xereta,20,7835,85;93;94;93;27;30;30;99;99;100;100;100,task:3;informational:45;navigational:16;commercial:21;transactional:15
Geladeiras Electrolux: manuais e painéis,34,7767,60;63;74;82;93;94;93;93;100;100;100;100,task:2;informational:64;navigational:11;commercial:11;transactional:12
Secadores e Centrífugas de Saladas,31,7693,44;55;58;67;81;82;83;100;92;92;93;92,task:2;informational:64;navigational:5;commercial:20;transactional:9
Geladeiras de baixo consumo,43,7691,65;58;61;75;84;83;83;100;94;95;92;92,task:2;informational:64;navigational:4;commercial:24;transactional:6
ar condicionado portátil Gree,23,7686,77;88;90;48;42;45;45;98;100;100;99;99,task:2;informational:53;navigational:10;commercial:15;transactional:20
"Freezer: tradução, plural e diferenças com congelador",35,7650,64;69;68;68;99;100;100;62;70;70;70;70,task:2;informational:79;navigational:2;commercial:9;transactional:8
Protetores de energia para geladeira,45,7637,19;27;33;76;79;81;81;100;97;97;99;98,task:2;informational:45;navigational:2;commercial:40;transactional:11
Refrigeração e Geladeiras,40,7211,89;92;90;93;97;98;99;96;98;98;98;100,task:8;informational:71;navigational:4;commercial:12;transactional:5
Geladeiras Consul 334 L,44,7205,26;35;36;50;54;56;56;84;100;100;96;94,informational:59;navigational:10;commercial:22;transactional:9
Geladeiras GE e assistência (General Electric),32,7034,27;72;74;81;96;98;98;93;100;99;100;100,task:2;informational:60;navigational:9;commercial:22;transactional:7
Sensores de Geladeira,51,7015,38;50;52;67;82;85;85;100;96;96;96;96,task:5;informational:59;navigational:4;commercial:19;transactional:13
Freezers e Cervejeiras Metalfrio,31,6833,93;99;100;44;42;43;43;45;43;43;43;42,task:2;informational:49;navigational:24;commercial:20;transactional:5
Geladeiras em aço inox,25,6792,20;29;29;34;99;100;100;73;77;77;77;77,task:3;informational:54;navigational:4;commercial:35;transactional:4
Geladeiras Electrolux Frost Free 459L,38,6739,20;30;32;40;47;49;49;75;79;80;100;100,task:2;informational:58;navigational:10;commercial:20;transactional:10
Geladeiras e Freezers Prosdocimo,26,6718,48;52;57;58;89;91;91;100;98;98;98;97,task:2;informational:57;navigational:19;commercial:19;transactional:3
Frigobar Midea no Brasil,21,6713,90;97;100;45;43;44;45;51;52;52;52;51,task:2;informational:37;navigational:23;commercial:22;transactional:16
Geladeiras e freezers Coca‑Cola,30,6694,36;47;48;64;68;71;72;100;94;94;94;93,task:5;informational:56;navigational:5;commercial:26;transactional:8
Geladeiras Samsung 4 Portas com French Door,17,6638,4;19;22;11;11;10;12;63;27;29;98;100,task:3;informational:42;navigational:14;commercial:23;transactional:18
Geladeiras com portas reversíveis,33,6626,29;36;33;49;93;93;93;97;100;100;100;100,task:5;informational:69;navigational:4;commercial:20;transactional:2
Salgados Congelados,45,6610,65;65;57;62;76;77;76;100;99;98;98;98,task:5;informational:68;navigational:8;commercial:10;transactional:9
Geladeiras e freezers usados no OLX Brasil,30,6523,85;95;100;97;89;91;92;92;94;94;94;93,task:3;informational:20;navigational:52;commercial:6;transactional:19
Geladeira Samsung RT53,16,6511,3;20;19;15;16;11;12;27;39;100;65;84,task:2;informational:62;navigational:15;commercial:10;transactional:11
Geladeiras em Promoção Casas Bahia,17,6504,9;32;31;22;23;13;18;19;23;23;44;100,task:2;informational:25;navigational:19;commercial:22;transactional:32
Geladeiras Esmaltec,32,6493,53;59;61;32;93;94;94;100;46;46;46;46,task:2;informational:53;navigational:14;commercial:22;transactional:9
Geladeiras Continental Frost Free,38,6346,90;97;100;86;51;52;52;48;48;48;48;47,task:2;informational:46;navigational:12;commercial:22;transactional:18
Geladeiras Samsung com tela e tecnologia Hub,29,6328,86;98;100;50;71;72;73;83;92;98;91;91,task:5;informational:55;navigational:8;commercial:21;transactional:11
"Geladeiras: Potência, Voltagem e Frost Free",24,6235,42;71;69;74;99;100;100;94;96;96;95;95,task:2;informational:66;navigational:4;commercial:24;transactional:4
Geladeiras Consul 340 litros,38,6215,80;87;43;49;96;96;97;100;53;51;51;51,task:5;informational:56;navigational:5;commercial:18;transactional:16
Embalagens para Geladinho,34,6183,20;25;26;38;70;71;72;100;84;84;86;85,task:5;informational:64;navigational:4;commercial:18;transactional:9
Containers Refrigerados,25,6143,20;20;20;48;81;81;82;92;100;100;100;100,task:8;informational:60;navigational:4;commercial:22;transactional:6
Geladeiras: Medidas e Dimensões,32,6111,33;40;48;73;99;100;100;91;92;93;90;90,task:2;informational:74;navigational:5;commercial:16;transactional:3
"Geladeiras, freezers e móveis na Lojas Cem",27,6076,20;25;25;35;60;61;61;87;89;90;94;100,task:2;informational:32;navigational:33;commercial:14;transactional:19
Frigobar Electrolux e Similares,24,6062,88;96;99;99;98;99;99;100;50;50;49;49,task:8;informational:39;navigational:2;commercial:22;transactional:29
Black Friday Brasil: Casas Bahia e Geladeiras,15,6005,22;33;34;42;69;70;71;100;98;99;98;98,task:5;informational:29;navigational:13;commercial:33;transactional:20
Eletroportáteis de Cozinha,26,5956,23;26;26;26;90;91;91;99;100;100;100;100,task:2;informational:50;navigational:4;commercial:34;transactional:10
Brastemp geladeiras que não gelam,40,5955,88;91;91;95;98;99;99;91;99;99;100;100,task:5;informational:78;navigational:4;commercial:3;transactional:10
Geladeiras para Caminhão,30,5844,90;97;100;100;45;46;46;47;44;43;43;43,task:3;informational:32;navigational:4;commercial:48;transactional:13
Lâmpadas de Geladeira e Refrigeração,31,5839,24;34;35;42;82;84;85;100;95;95;97;99,task:2;informational:55;navigational:2;commercial:27;transactional:14
Gabinetes de PC Mancer,23,5696,45;59;63;64;69;70;70;75;100;100;99;76,task:3;informational:36;navigational:28;commercial:14;transactional:19
Comfrio Logística e Refrigeração,22,5691,61;72;81;100;98;100;100;97;92;92;94;94,task:2;informational:54;navigational:17;commercial:19;transactional:8
Pés e Suportes para Geladeira,31,5569,39;53;55;56;72;75;76;100;86;86;85;85,task:8;informational:46;navigational:4;commercial:25;transactional:17
Freezers verticais Consul,40,5560,77;91;100;99;83;84;85;88;92;93;92;92,task:3;informational:55;navigational:19;commercial:14;transactional:9
Geladeiras Hisense,28,5552,43;54;56;56;79;82;82;88;100;100;100;100,task:2;informational:50;navigational:12;commercial:19;transactional:17
Clima Rio Refrigeração,19,5525,61;78;83;78;76;78;79;100;99;100;100;99,task:1;informational:30;navigational:55;commercial:9;transactional:5
Freezers e refrigeradores de 1 porta,19,5523,87;97;100;100;99;100;100;49;51;51;51;51,task:2;informational:50;navigational:1;commercial:38;transactional:9
Geladeiras e Freezers usados no Brasil,27,5463,56;72;76;88;90;91;91;100;100;99;99;98,task:2;informational:44;navigational:14;commercial:20;transactional:20
Geladeiras Electrolux 310L,41,5426,91;98;100;100;97;98;98;42;44;46;44;44,task:2;informational:48;navigational:10;commercial:20;transactional:20
Conserto e Manutenção de Geladeiras,18,5420,84;97;100;70;96;98;99;97;95;95;95;94,task:2;informational:56;navigational:2;commercial:25;transactional:15
Refrigeração de Fiorino,22,5393,100;32;30;29;26;27;27;100;100;100;100;100,task:13;informational:66;navigational:2;commercial:13;transactional:6
Micro-ondas LG,30,5315,86;97;100;52;59;60;61;56;62;62;62;61,task:2;informational:48;navigational:18;commercial:20;transactional:12
Bebedouros de Água Gelada,19,5308,67;80;85;89;42;44;45;99;100;100;100;99,task:2;informational:56;navigational:9;commercial:27;transactional:6
Armazenamento de alimentos,39,5267,71;78;75;74;72;73;73;100;96;96;96;96,task:4;informational:79;navigational:5;commercial:9;transactional:3
Geladeiras Electrolux 371 litros Frost Free,38,5217,86;98;100;53;55;56;56;75;72;74;72;71,task:4;informational:56;navigational:2;commercial:21;transactional:17
Robôs Aspiradores Liectroux,20,5088,72;85;87;86;52;56;57;97;100;100;98;98,task:5;informational:45;navigational:18;commercial:15;transactional:17
Ventiladores de Geladeira Electrolux,24,5032,32;38;34;41;80;80;80;100;94;95;96;99,informational:54;navigational:5;commercial:25;transactional:16
Organizadores de Geladeira,20,5025,76;94;100;98;91;92;92;100;99;99;100;99,task:5;informational:52;navigational:4;commercial:30;transactional:9
Geladeiras Electrolux 474 L,25,5018,90;98;100;45;54;54;54;53;50;50;49;49,task:5;informational:60;navigational:12;commercial:13;transactional:10
Cervejeiras Electrolux,17,5012,73;87;90;90;94;95;95;100;58;58;59;58,task:3;informational:53;navigational:15;commercial:10;transactional:19
Filtros Electrolux para Geladeira,26,4957,27;35;36;55;99;100;100;88;79;80;80;79,task:5;informational:49;navigational:15;commercial:21;transactional:10
Termostatos de Geladeira Electrolux,23,4955,24;30;37;51;99;100;100;84;80;80;80;79,task:2;informational:66;navigational:5;commercial:21;transactional:6
Coolers e caixas térmicas com rodas,16,4909,77;93;100;98;89;91;90;91;93;92;92;91,task:3;informational:61;navigational:5;commercial:27;transactional:4
Geladeiras para Vacinas,37,4889,52;58;61;96;99;100;100;88;89;89;92;92,task:5;informational:63;navigational:4;commercial:22;transactional:6
Borrachas de geladeira Consul/Brastemp,25,4828,21;29;32;44;71;73;73;100;99;100;98;97,task:5;informational:43;navigational:9;commercial:23;transactional:20
Geladeiras com liga/desliga intermitente,37,4820,78;81;83;100;92;92;93;95;89;89;88;88,task:2;informational:82;navigational:2;commercial:8;transactional:6
Balcões Refrigerados e Expositores,15,4808,78;94;100;100;92;94;96;94;96;96;96;95,task:2;informational:55;navigational:1;commercial:30;transactional:12
Cozinha: fogão e geladeira,30,4756,85;93;94;95;96;97;98;89;100;100;100;100,task:2;informational:71;navigational:5;commercial:14;transactional:8
Locação de Freezers,21,4683,44;50;35;43;56;58;58;59;100;100;100;100,task:8;informational:44;navigational:4;commercial:30;transactional:14
Refrigerantes e Sodas,22,4675,35;42;80;86;76;77;77;100;97;98;99;98,task:2;informational:71;navigational:7;commercial:16;transactional:4
Geladeiras Electrolux DC49A,26,4642,34;37;37;18;63;65;65;98;100;100;100;100,task:2;informational:57;navigational:25;commercial:12;transactional:4
Geladeiras Brastemp 443 L,24,4604,81;95;95;92;93;95;96;77;83;100;93;100,task:2;informational:59;navigational:15;commercial:18;transactional:6
Resfriadores e Tanques de Leite,34,4603,45;54;33;51;88;89;89;100;93;93;95;94,task:2;informational:44;navigational:9;commercial:32;transactional:13
Máquinas de refrigeração,17,4554,14;19;20;20;20;20;20;98;98;98;100;100,task:2;informational:70;navigational:5;commercial:17;transactional:6
Geladeiras Midea 425 litros,15,4534,14;18;18;19;89;91;93;82;84;100;95;83,task:2;informational:43;navigational:5;commercial:38;transactional:12
Geladeiras Brastemp Inverse,31,4416,56;77;81;89;82;86;87;98;100;100;100;99,task:2;informational:40;navigational:25;commercial:19;transactional:14
Freezers usados,19,4374,48;66;70;80;99;100;100;81;84;84;84;83,task:5;informational:42;navigational:5;commercial:31;transactional:17
Gelopar Refrigeração e Expositores,18,4341,76;93;95;93;90;92;93;100;99;99;98;97,task:5;informational:28;navigational:38;commercial:10;transactional:19
Receitas para Congelar,35,4272,54;59;60;78;74;75;76;92;100;100;100;100,task:22;informational:58;navigational:5;commercial:13;transactional:2
Geladeiras usadas e seminovas,22,4232,54;67;82;74;87;90;90;86;98;100;98;97,task:5;informational:35;navigational:5;commercial:33;transactional:22
Ventiladores de Geladeira,35,4203,74;41;50;59;89;92;93;100;99;99;100;99,task:5;informational:60;navigational:5;commercial:15;transactional:15
Geladeiras Brastemp 462 L,20,4201,92;98;100;42;40;41;41;36;38;48;44;48,task:3;informational:59;navigational:5;commercial:20;transactional:13
Geladeiras Electrolux 490L IB7/IB54,30,4167,84;98;100;50;50;53;55;52;64;64;77;91,task:2;informational:29;navigational:19;commercial:36;transactional:14
Desamassar Geladeiras e Latarias,28,4165,37;39;62;77;73;75;75;98;100;100;100;100,task:5;informational:62;navigational:7;commercial:15;transactional:11
Geladeiras no Mercado Livre,16,4139,87;98;100;54;69;71;71;52;56;56;56;56,task:1;informational:24;navigational:37;commercial:12;transactional:26
Geladeiras Brastemp Side by Side,25,4133,88;98;100;48;42;42;42;43;44;44;44;44,informational:55;navigational:4;commercial:29;transactional:12
Freezers Metalfrio,30,4061,63;86;94;93;87;89;90;91;95;100;96;95,task:2;informational:45;navigational:15;commercial:25;transactional:13
Máquinas de Geladinho,21,4035,44;55;62;78;93;96;96;94;100;100;100;100,task:2;informational:52;navigational:2;commercial:24;transactional:20
Geladeiras Brastemp Frost Free,28,4034,84;99;100;56;52;55;55;90;92;93;93;92,task:2;informational:51;navigational:7;commercial:29;transactional:11
Geladeiras Consul Inverse com Freezer embaixo,26,4031,56;63;65;98;99;100;100;99;34;33;33;33,task:2;informational:47;navigational:11;commercial:20;transactional:20
Misteiras e Eletrodomésticos,16,4024,64;90;96;96;94;96;98;98;100;100;100;99,task:7;informational:45;navigational:11;commercial:30;transactional:7
Refrigeradores com French Door,24,4001,49;70;74;76;75;79;80;66;100;100;100;100,task:2;informational:55;navigational:2;commercial:28;transactional:13
Geladeiras Electrolux 410 litros,41,3991,50;72;77;75;72;74;74;81;80;100;88;92,task:3;informational:42;navigational:12;commercial:23;transactional:20
Freezers horizontais de duas portas,19,3986,93;98;100;46;46;47;47;40;41;41;42;42,task:4;informational:55;navigational:2;commercial:34;transactional:5
Máquinas de sorvete domésticas,18,3968,86;100;57;53;56;59;60;62;62;62;61;61,task:2;informational:53;navigational:5;commercial:24;transactional:16
Geladeiras Electrolux 590L,31,3954,81;98;100;100;79;80;81;67;70;74;73;70,task:2;informational:53;navigational:5;commercial:24;transactional:16
Geladeira Organizada,23,3936,89;100;100;86;63;65;65;62;81;81;83;82,task:2;informational:74;navigational:5;commercial:11;transactional:8
Geladeiras Brastemp com gelo,21,3933,36;40;29;39;88;89;89;40;80;79;94;100,task:2;informational:62;navigational:2;commercial:28;transactional:6
Geladeiras Electrolux 431 L,34,3922,89;98;100;100;53;54;54;44;44;45;44;44,task:2;informational:45;navigational:9;commercial:28;transactional:16
Refrigeração e Eletrodomésticos no Brasil,16,3913,15;24;76;78;19;18;18;93;89;90;89;100,task:5;informational:62;navigational:10;commercial:20;transactional:3
Resistências de Geladeira,34,3896,32;36;33;85;100;100;100;86;82;83;82;82,task:8;informational:62;navigational:5;commercial:19;transactional:6
Refrigeradores Electrolux DF51,33,3892,23;29;19;21;22;22;23;59;74;100;70;74,task:2;informational:53;navigational:15;commercial:24;transactional:6
Garrafas Térmicas para Água Gelada,24,3836,17;20;25;54;65;64;67;56;68;68;91;100,task:2;informational:50;navigational:2;commercial:36;transactional:10
Cervejeiras Midea 96L,20,3790,87;98;100;100;80;81;82;51;52;52;53;53,task:5;informational:46;navigational:10;commercial:28;transactional:11
Geladeiras Continental Copacabana,29,3771,86;100;52;65;78;82;80;77;76;76;77;76,task:2;informational:50;navigational:14;commercial:26;transactional:8
Porta-ovos e organizadores de geladeira,19,3734,78;95;100;100;94;96;97;94;96;95;98;97,task:10;informational:44;navigational:1;commercial:39;transactional:6
Geladeiras Retrô e Vintage,15,3697,71;95;100;95;94;96;98;94;98;98;98;97,task:2;informational:44;navigational:2;commercial:44;transactional:8
Geladeiras Electrolux IB55 488L,25,3693,73;93;59;54;70;64;64;56;62;65;70;100,task:2;informational:57;navigational:10;commercial:21;transactional:10
Geladeiras Inteligentes e Conectadas,24,3672,33;42;44;25;38;39;39;100;83;87;84;88,task:2;informational:69;navigational:5;commercial:21;transactional:3
Geladeiras Samsung Side by Side,18,3642,77;99;100;93;44;47;47;42;42;60;54;57,task:2;informational:33;navigational:28;commercial:24;transactional:13
Refrigerantes em garrafa de 1 litro,21,3632,63;88;93;92;94;96;98;94;100;100;100;99,task:8;informational:53;navigational:1;commercial:35;transactional:3
Geladeiras Panasonic 387L,26,3610,86;98;100;51;47;50;51;56;56;56;55;56,task:2;informational:60;navigational:10;commercial:18;transactional:10
Geladeiras Elber para Caminhão,22,3592,84;96;97;95;94;98;100;59;62;62;60;60,task:2;informational:55;navigational:9;commercial:22;transactional:12
Geladeiras Electrolux com dispenser de água,35,3588,53;71;72;86;94;98;99;92;100;97;98;99,task:2;informational:58;navigational:7;commercial:21;transactional:12
Freezers com tampa de vidro,29,3581,74;96;100;99;93;97;97;94;98;98;98;97,task:3;informational:54;navigational:1;commercial:31;transactional:11
Geladeiras Samsung RB50,20,3574,23;50;49;44;42;36;32;26;37;100;92;99,task:3;informational:36;navigational:30;commercial:11;transactional:20
Relés de Geladeira Electrolux,30,3567,30;36;42;55;99;100;100;93;88;88;89;89,task:2;informational:60;navigational:4;commercial:20;transactional:14
Geladeiras LG Side by Side 611 L,28,3535,80;91;92;47;45;47;47;81;83;100;88;100,task:5;informational:42;navigational:6;commercial:27;transactional:20
Geladeiras Consul: Problemas de Frost Free que não gelam,24,3478,86;87;86;75;78;79;79;94;100;100;100;100,task:15;informational:72;navigational:3;commercial:7;transactional:3
Geladeiras Comerciais e Industriais,17,3460,66;88;94;89;95;97;98;96;97;100;100;99,task:7;informational:43;navigational:1;commercial:38;transactional:11
Geladeiras e Cervejeiras Heineken,21,3453,44;59;61;70;97;100;100;99;97;97;96;95,task:2;informational:42;navigational:10;commercial:37;transactional:9
Protetores de raio para geladeira e freezer,20,3430,19;60;60;61;71;72;70;69;94;100;99;99,task:8;informational:53;navigational:2;commercial:27;transactional:10
Geladeiras Havan e eletrodomésticos,22,3427,86;99;100;56;50;53;53;57;61;69;65;75,task:2;informational:35;navigational:24;commercial:19;transactional:20
Marcas de Eletrodomésticos,22,3382,14;18;28;67;99;99;99;100;90;87;94;100,task:2;informational:38;navigational:8;commercial:47;transactional:5
Geladeiras/Frigobares Red Bull,20,3359,65;93;98;96;92;99;96;94;100;100;100;100,task:2;informational:45;navigational:7;commercial:36;transactional:10
Garde-manger: Cozinha Fria,21,3338,100;85;84;77;78;79;76;83;86;86;86;86,task:5;informational:79;navigational:3;commercial:3;transactional:10
Suportes com Rodinhas para Geladeiras,24,3328,100;56;58;59;56;59;59;64;64;69;60;59,task:2;informational:54;navigational:3;commercial:26;transactional:15
Geladeiras Panasonic BB71 480L,19,3290,64;79;81;83;49;52;53;79;88;100;91;92,informational:52;navigational:4;commercial:34;transactional:10
Geladeiras Electrolux Apitando,31,3271,80;84;90;96;90;91;91;99;97;97;98;100,task:4;informational:76;navigational:5;commercial:10;transactional:5
Frigobares usados no Brasil,16,3270,65;90;87;87;86;91;92;100;94;94;92;91,task:2;informational:46;navigational:8;commercial:21;transactional:23
freezers de 200 litros,28,3266,82;98;100;98;97;100;100;65;56;56;55;55,task:3;informational:45;navigational:4;commercial:28;transactional:20
Geladeiras Esquentando: Guia de Suporte,31,3199,93;96;95;91;92;93;93;99;100;100;100;100,task:2;informational:83;navigational:5;commercial:5;transactional:5
Geladeiras e Eletrodomésticos no Ponto Frio,17,3197,72;96;100;96;84;88;89;90;92;87;90;89,task:3;informational:11;navigational:66;commercial:5;transactional:15
Smeg Eletrodomésticos,15,3189,84;98;100;48;47;52;52;48;49;49;50;50,task:3;informational:26;navigational:25;commercial:15;transactional:31
Geladeiras com Autosense,26,3180,35;43;44;77;90;90;90;82;94;100;86;85,task:4;informational:68;navigational:3;commercial:20;transactional:5
Brigadeiro e Docinhos Congelados,29,3150,69;56;56;60;94;94;95;84;98;100;98;98,task:10;informational:70;navigational:3;commercial:14;transactional:3
Refrigeração Norte do Brasil,17,3131,62;88;93;91;92;97;98;99;100;100;100;100,task:3;informational:49;navigational:21;commercial:22;transactional:5
Freezers 220V Consul 220L,18,3119,15;23;25;22;21;20;27;50;69;84;100;93,task:3;informational:36;navigational:7;commercial:39;transactional:15
Peças e acessórios para Geladeiras Consul/Brastemp,27,3096,39;53;54;71;97;100;100;76;77;76;75;74,task:8;informational:35;navigational:6;commercial:29;transactional:22
Geladeiras de 550 litros e peso,19,3094,16;40;42;60;60;54;52;100;77;82;74;91,task:3;informational:71;navigational:4;commercial:16;transactional:6
Geladeiras Inverter,25,3075,19;34;38;65;76;70;70;68;91;85;97;100,informational:67;navigational:4;commercial:21;transactional:8
Haier Eletrodomésticos Brasil,17,3034,16;22;24;21;77;82;83;80;79;77;78;100,task:1;informational:36;navigational:55;commercial:5;transactional:3
Coolers com Mesa,17,3010,67;96;100;97;92;98;99;98;99;99;100;99,task:7;informational:46;navigational:18;commercial:18;transactional:11
Mini geladeiras para quarto,21,3007,84;99;100;61;54;57;58;62;65;65;65;64,task:8;informational:47;navigational:1;commercial:31;transactional:13
Freezers Inox Verticais Frost Free,24,2996,85;99;100;51;43;46;47;51;52;52;55;54,task:5;informational:32;navigational:9;commercial:37;transactional:17
Peças de geladeira Electrolux,22,2971,43;51;52;30;72;74;74;94;100;100;100;100,task:5;informational:50;navigational:4;commercial:26;transactional:15
Caixas Térmicas e Coolers Termolar,24,2929,84;99;100;51;51;54;56;54;56;55;56;55,task:2;informational:56;navigational:10;commercial:19;transactional:13
Refrigeradores Electrolux Side by Side,32,2925,63;72;76;54;53;56;55;58;72;100;73;72,task:5;informational:59;navigational:2;commercial:24;transactional:10
Armários com Geladeira Embutida,25,2916,66;86;92;98;95;99;100;77;81;81;82;82,task:5;informational:48;navigational:10;commercial:29;transactional:8
Geladeiras 410 litros em inox,22,2901,88;100;100;97;44;47;48;42;43;41;60;61,task:5;informational:42;navigational:10;commercial:22;transactional:21
Latas de Refrigerante,25,2893,55;68;79;89;96;98;99;99;99;100;97;96,task:5;informational:57;navigational:2;commercial:24;transactional:12
Zero Grau Refrigeração e Caixas Térmicas,19,2892,65;95;96;93;91;98;97;98;100;100;100;99,task:3;informational:29;navigational:54;commercial:5;transactional:9
Gelo e Placas para Caixas Térmicas,26,2864,43;50;50;49;78;80;79;96;100;100;100;100,task:2;informational:66;navigational:4;commercial:24;transactional:4
Conservação de Frutas na Geladeira,30,2831,89;97;100;87;87;80;80;80;81;80;83;83,task:2;informational:87;navigational:5;commercial:6
Expositores e Freezers para Cerveja,19,2831,71;97;100;99;87;93;94;90;92;92;92;91,task:5;informational:46;navigational:2;commercial:32;transactional:15
Ar Condicionado Conforterm,21,2810,12;13;30;57;60;49;56;90;77;84;81;100,task:1;informational:52;navigational:27;commercial:16;transactional:4
Geladeiras Brastemp Brm50 e 429 litros,27,2798,83;100;55;72;97;100;100;62;68;72;86;87,task:2;informational:45;navigational:25;commercial:21;transactional:7
Unidades Condensadoras para Refrigeração,21,2735,21;25;26;44;99;100;100;97;97;97;97;97,task:5;informational:49;navigational:6;commercial:25;transactional:15
Refrigeradores Electrolux DF36,33,2733,49;54;54;50;67;68;68;80;100;100;99;99,task:2;informational:48;navigational:25;commercial:21;transactional:4
Geladeiras Consul CRM44,30,2732,84;99;100;55;55;58;59;60;72;82;70;69,informational:49;navigational:31;commercial:12;transactional:8
Refrigeradores Brastemp 461L,22,2717,64;80;80;48;52;53;49;68;52;64;91;100,task:2;informational:49;navigational:7;commercial:31;transactional:11
Geladeiras Consul CRD36,27,2715,33;39;55;61;88;91;98;99;99;100;100;100,task:2;informational:44;navigational:19;commercial:28;transactional:7
Freezers Electrolux FE26,27,2688,33;38;37;36;37;43;45;45;85;86;100;100,task:5;informational:54;navigational:15;commercial:16;transactional:10
Desnatadeiras de Leite,18,2688,48;54;54;53;98;100;100;93;83;83;83;83,task:7;informational:62;navigational:9;commercial:14;transactional:8
Geladeiras Consul Frost Free,20,2685,85;99;100;97;93;96;97;47;50;48;50;50,task:3;informational:47;navigational:14;commercial:31;transactional:5
Geladeiras Portáteis para Caminhões,21,2652,85;99;100;99;53;57;56;50;55;55;53;53,task:4;informational:48;navigational:4;commercial:32;transactional:12
Climatizadores com gelo,25,2651,26;29;18;44;64;67;66;95;96;100;87;88,task:5;informational:69;navigational:5;commercial:12;transactional:9
Ar Condicionado Congelando,18,2607,22;27;25;25;98;99;99;100;100;100;100;100,task:10;informational:78;navigational:2;commercial:5;transactional:5
Geladeiras Electrolux DC34,25,2606,28;33;21;65;73;73;73;85;97;100;92;94,task:2;informational:56;navigational:30;commercial:10;transactional:2
Freezers Portáteis para Carro,20,2603,85;100;96;48;58;61;62;60;61;61;61;60,task:8;informational:43;navigational:4;commercial:35;transactional:10
Termostatos para Freezers,26,2587,23;29;32;60;82;82;82;96;99;100;100;99,informational:64;navigational:2;commercial:19;transactional:15
LG Art Cool Ar Condicionado,23,2583,68;79;80;48;49;51;52;61;60;63;92;100,informational:49;navigational:14;commercial:21;transactional:16
Geladeiras Electrolux DF48,19,2577,12;16;19;13;15;15;19;48;41;73;75;100,task:3;informational:50;navigational:22;commercial:22;transactional:3
Maquinas de Refrigerante,28,2548,31;40;37;33;39;42;43;100;44;42;43;43,task:5;informational:55;navigational:3;commercial:28;transactional:9
Geladeiras Mabe no Brasil,18,2526,27;28;28;35;57;54;58;62;85;100;94;100,task:2;informational:70;navigational:7;commercial:18;transactional:3
Geladeiras Samsung Twin Cooling Plus,18,2514,11;40;52;41;48;39;31;100;71;66;88;83,task:3;informational:54;navigational:15;commercial:9;transactional:19
Secadoras Midea,19,2500,40;49;49;39;40;45;45;87;70;76;91;100,task:5;informational:51;navigational:10;commercial:24;transactional:10
Ultracongeladores e Freezers,24,2491,15;21;21;45;98;99;100;42;39;39;39;39,task:3;informational:52;navigational:4;commercial:28;transactional:13
Geladeiras Electrolux DF46,26,2480,56;62;62;50;79;80;80;100;100;99;99;99,task:2;informational:54;navigational:32;commercial:8;transactional:4
Alimentos Congelados,19,2471,42;60;68;77;75;71;67;88;100;98;90;92,task:1;informational:57;navigational:4;commercial:32;transactional:6
Refrigeradores e Freezers Fricon,20,2464,71;95;98;90;88;94;93;98;100;100;100;99,task:5;informational:40;navigational:20;commercial:26;transactional:9
Eletrodomésticos no Zoom,22,2376,85;100;100;99;75;78;82;97;86;87;93;94,task:5;informational:33;navigational:27;commercial:10;transactional:25
Geladeiras com Condensação,19,2375,59;73;75;73;65;61;60;67;57;57;95;100,task:8;informational:67;navigational:5;commercial:15;transactional:5
Geladeiras de Brinquedo para Crianças,17,2370,73;97;100;95;78;84;86;74;81;89;80;79,task:7;informational:52;navigational:5;commercial:25;transactional:11
Geladeiras Panasonic 435 litros,25,2369,75;87;87;59;53;54;49;69;72;92;96;100,task:2;informational:47;navigational:4;commercial:38;transactional:9
Filtros de linha para geladeira,17,2337,26;40;41;39;100;100;100;94;94;94;94;94,task:2;informational:72;navigational:3;commercial:15;transactional:8
Freezers: melhores preços e marcas,24,2330,23;31;30;73;96;99;100;83;100;100;97;100,task:5;informational:24;navigational:4;commercial:57;transactional:10
Borrachas para Freezer,25,2309,36;19;20;53;68;71;71;83;97;100;100;100,task:2;informational:43;navigational:10;commercial:28;transactional:17
Geladeiras Electrolux DM84X,20,2277,62;72;73;70;86;81;80;73;71;79;91;100,task:2;informational:52;navigational:28;commercial:11;transactional:7
Geladeiras Side by Side Midea,19,2252,51;78;80;78;86;92;94;86;97;100;97;100,task:3;informational:48;navigational:5;commercial:23;transactional:21
Adesivos e envelopamento de freezers,25,2247,35;46;47;64;84;87;87;100;89;89;90;89,task:8;informational:50;navigational:4;commercial:26;transactional:12
Geladeiras Samsung 460L Inverter,16,2223,11;65;65;48;41;30;26;100;50;78;61;89,task:5;informational:46;navigational:7;commercial:15;transactional:27
Adega e Cervejeira,17,2219,84;99;100;47;48;51;53;50;52;54;51;50,task:2;informational:50;navigational:12;commercial:28;transactional:8
Lâmpadas para Geladeira Electrolux,22,2212,37;43;26;38;65;65;65;87;96;100;96;95,task:2;informational:52;navigational:15;commercial:10;transactional:21
Geladeiras Electrolux 4 portas IQ8S,22,2202,88;100;53;57;58;54;55;72;62;66;69;70,informational:56;navigational:15;commercial:18;transactional:11
Prateleiras e peças para Geladeira Electrolux,17,2200,85;99;100;53;87;90;91;58;60;60;59;59,task:5;informational:35;navigational:4;commercial:33;transactional:23
Geladeira não liga: problemas comuns,25,2178,20;25;26;60;85;86;87;84;98;99;100;100,task:5;informational:74;navigational:3;commercial:10;transactional:8
Freezers para Sorvete,17,2158,87;100;53;59;57;61;65;67;63;63;63;62,task:8;informational:55;navigational:1;commercial:32;transactional:4
Termostatos de Geladeiras Continental,29,2153,41;19;41;76;94;95;95;63;100;100;99;99,task:2;informational:67;navigational:5;commercial:14;transactional:12
Geladeiras 360 litros,23,2144,23;36;42;45;42;43;47;60;92;100;88;94,task:2;informational:41;navigational:19;commercial:35;transactional:3
Geladeiras Electrolux DF34 Frost Free,24,2139,25;29;33;38;66;67;69;97;90;100;94;86,informational:66;navigational:15;commercial:12;transactional:7
Geladeiras Consul 400 litros,16,2133,11;21;27;20;31;22;37;19;15;33;41;100,task:3;informational:45;navigational:4;commercial:36;transactional:12
Refrigeração Comercial Imbera,19,2131,85;99;100;53;49;53;54;53;52;51;52;51,task:2;informational:36;navigational:22;commercial:32;transactional:8
Geladeiras Electrolux IM7,16,2097,4;5;5;6;31;18;20;83;62;100;84;98,task:3;informational:49;navigational:18;commercial:12;transactional:18
Ar-condicionado Cassete,25,2087,85;99;100;52;52;55;54;62;64;64;67;67,task:3;informational:46;navigational:11;commercial:26;transactional:14
Refrigeradores e freezers de 300 litros,22,2082,83;99;100;96;93;96;98;94;52;55;53;51,task:2;informational:50;navigational:4;commercial:27;transactional:17
Geladeiras Continental 470 L,20,2079,56;62;40;55;53;59;58;91;69;73;83;100,task:2;informational:54;navigational:14;commercial:24;transactional:6
Water Cooler para PCs,17,2061,56;82;85;80;79;85;86;89;100;100;93;88,task:3;informational:53;navigational:1;commercial:30;transactional:13
Pinguins de Geladeira,19,2053,33;39;39;39;76;84;78;97;97;100;89;89,task:5;informational:51;navigational:14;commercial:22;transactional:8
Geladeiras Panasonic 483 litros,24,2049,92;99;100;47;40;41;42;43;50;60;60;66,task:2;informational:65;navigational:5;commercial:20;transactional:8
Geladeiras para skincare e cosméticos,17,2047,63;91;94;91;88;96;99;89;100;99;100;99,task:3;informational:46;navigational:5;commercial:31;transactional:15
Geladeiras Electrolux 400L,35,2042,82;98;100;100;56;57;58;59;61;55;64;60,task:5;informational:46;navigational:15;commercial:16;transactional:18
Geladeiras Brastemp 479 litros,23,2024,43;62;62;62;58;59;59;65;72;82;95;100,task:3;informational:55;navigational:8;commercial:24;transactional:10
Calendários e ímãs de geladeira,15,2013,52;68;74;98;96;99;100;56;62;62;58;57,task:2;informational:55;navigational:5;commercial:22;transactional:16
Freezers Casas Bahia,15,2003,62;88;91;88;81;86;89;79;89;91;100;94,task:3;informational:22;navigational:43;commercial:15;transactional:17
Eletrodomésticos perto de mim,16,2002,58;97;100;76;78;67;69;84;72;94;89;99,task:5;informational:24;navigational:53;commercial:16;transactional:2
Máquinas de gelo industriais,19,1996,41;51;51;50;48;50;49;78;100;100;96;96,task:4;informational:49;navigational:5;commercial:32;transactional:10
Máquinas de Gelo Polar,19,1993,33;50;52;48;49;41;41;100;76;76;77;77,task:8;informational:55;navigational:4;commercial:28;transactional:5
Condensadores de Geladeira,22,1993,33;39;39;39;47;48;49;100;93;96;95;97,task:3;informational:66;navigational:4;commercial:22;transactional:5
Termostatos Brastemp para Geladeira,20,1984,29;33;48;98;98;100;100;60;73;73;73;73,task:2;informational:58;navigational:9;commercial:20;transactional:11
Frios e Embutidos,18,1977,46;52;59;64;70;71;71;94;97;98;100;100,task:5;informational:60;navigational:5;commercial:20;transactional:10
Freezers Mercado Livre pt,19,1965,85;99;100;95;51;56;56;73;69;84;75;68,task:2;informational:13;navigational:50;commercial:9;transactional:26
Geladeiras Brastemp Gourmand,15,1964,35;53;60;51;63;56;56;100;77;86;96;99,task:1;informational:55;navigational:15;commercial:20;transactional:9
Geladeiras Panasonic 397 L e Frost Free,19,1959,26;47;50;56;53;55;57;54;84;100;64;71,task:7;informational:54;navigational:2;commercial:20;transactional:17
Peças de Geladeira Consul,18,1957,34;38;38;36;61;62;62;62;85;100;86;86,task:5;informational:53;navigational:10;commercial:22;transactional:10
Geladeiras Electrolux DF38 Frost Free,24,1946,31;17;19;17;45;44;44;78;94;100;94;95,informational:68;navigational:4;commercial:24;transactional:4
eletrodomésticos de cozinha,19,1940,16;21;28;41;99;100;99;54;46;46;47;47,task:2;informational:59;navigational:5;commercial:22;transactional:12
Geladeiras Electrolux com sistema de fluxo de ar,24,1920,23;35;43;44;74;72;72;80;77;77;77;100,task:2;informational:68;navigational:5;commercial:17;transactional:8
Máquinas de gelo saborizado,20,1911,38;42;44;29;34;36;36;97;100;100;98;97,task:2;informational:58;navigational:2;commercial:30;transactional:8
Geladeiras Electrolux TF70,20,1908,11;40;43;39;50;54;45;88;44;44;100;100,task:3;informational:35;navigational:35;commercial:9;transactional:18
Geladeiras Samsung RS52 490L,15,1905,6;42;50;41;42;41;30;100;49;83;65;82,task:2;informational:44;navigational:9;commercial:34;transactional:11
Geladeiras com Frete Grátis,16,1897,13;45;48;91;80;62;70;50;44;61;83;100,task:5;informational:39;navigational:4;commercial:38;transactional:14
Frigobar 220V – Branco e Preto,16,1883,59;86;79;74;71;76;77;79;80;100;97;93,task:3;informational:30;navigational:4;commercial:49;transactional:14
Geladeiras de 463 litros (Midea/Brastemp),19,1878,53;79;75;65;62;63;63;100;77;88;85;80,task:3;informational:29;navigational:5;commercial:32;transactional:31
Freezers Philco,22,1876,65;97;100;95;89;94;97;83;93;98;97;91,task:7;informational:26;navigational:27;commercial:21;transactional:19
Sanduicheiras Electrolux,19,1867,47;64;62;52;52;61;61;63;66;66;100;96,task:5;informational:27;navigational:39;commercial:11;transactional:18
Máquinas para o lar,17,1867,15;36;38;32;50;42;45;58;81;94;90;100,task:4;informational:54;navigational:2;commercial:29;transactional:11
Geladeiras Panasonic BB41,22,1862,37;79;77;58;63;53;46;98;90;100;66;74,task:2;informational:48;navigational:9;commercial:33;transactional:8
Geladeiras Samsung Inverter RT46,19,1849,39;81;82;71;75;49;48;100;61;86;73;79,task:5;informational:50;navigational:28;commercial:8;transactional:9
Vedantes de Geladeira Dako,23,1842,22;43;47;52;84;75;75;95;100;100;100;95,task:2;informational:62;navigational:5;commercial:22;transactional:9
Capacitores para Geladeira,21,1842,50;58;58;59;61;61;60;80;84;100;100;97,task:2;informational:73;navigational:3;commercial:10;transactional:12
Geladeiras Samsung RS50N,15,1822,2;34;38;19;19;15;14;58;57;100;57;73,task:7;informational:36;navigational:32;commercial:8;transactional:17
Geladeiras Dako,22,1821,82;100;100;96;73;76;76;86;89;90;90;90,task:3;informational:45;navigational:21;commercial:23;transactional:8
Geladeiras Brastemp 463L Frost Free,18,1809,18;41;45;33;33;32;37;90;72;100;93;83,task:7;informational:65;navigational:1;commercial:19;transactional:8
Geladeiras LG 451 L,17,1800,10;34;37;32;41;36;31;54;83;100;73;84,task:3;informational:41;navigational:18;commercial:17;transactional:21
Geladeiras 1 Porta,16,1789,66;98;100;86;85;91;94;98;99;99;100;99,task:3;informational:42;navigational:7;commercial:37;transactional:11
Peças e Prateleiras Continental,22,1788,65;82;89;81;97;100;100;71;95;95;95;95,informational:49;navigational:14;commercial:29;transactional:8
Geladeiras 80 cm de largura,18,1774,12;41;48;32;40;24;24;100;65;77;63;82,task:2;informational:56;navigational:2;commercial:31;transactional:9
Máquinas de Frozen Drinks,17,1754,70;82;83;85;56;60;57;98;100;97;98;97,task:2;informational:63;navigational:5;commercial:24;transactional:6
Geladeiras Electrolux DF42,19,1746,58;39;48;87;91;100;95;99;93;100;97;100,task:3;informational:43;navigational:22;commercial:23;transactional:9
Geladeiras Panasonic com Econavi,16,1739,14;35;35;42;34;28;28;52;44;100;65;73,task:2;informational:64;navigational:12;commercial:16;transactional:6
Peças Brastemp: Geladeira e Lavadora,25,1723,87;100;100;52;66;68;68;84;71;71;71;71,task:3;informational:40;navigational:26;commercial:22;transactional:9
Refrigeradores LG com porta francesa,21,1710,15;29;29;28;30;32;26;83;72;94;100;99,task:3;informational:45;navigational:15;commercial:21;transactional:16
Placas de Geladeira Brastemp,22,1706,62;33;34;96;59;61;61;100;86;86;85;85,task:5;informational:57;navigational:7;commercial:16;transactional:15
Carrinhos com Cooler,15,1704,62;88;92;88;90;96;98;94;100;100;100;99,task:7;informational:50;navigational:5;commercial:25;transactional:13
Geladeiras Electrolux de vidro preto,15,1697,6;20;25;7;36;24;24;71;59;100;89;91,task:3;informational:54;navigational:2;commercial:21;transactional:20
Geladeiras Brastemp BRM45,18,1696,10;23;26;22;22;27;23;100;20;23;68;72,task:7;informational:51;navigational:12;commercial:14;transactional:16
Geladeiras Brastemp Inverse 3,19,1693,30;47;51;31;84;100;90;50;46;58;33;69,task:4;informational:49;navigational:25;commercial:12;transactional:10
Ventiladores com gelo,17,1692,30;32;33;42;43;33;32;100;98;88;88;87,task:8;informational:78;navigational:2;commercial:10;transactional:2
Cybelar Móveis e Eletrodomésticos,15,1685,60;85;89;86;87;93;96;98;99;99;100;99,informational:21;navigational:56;commercial:11;transactional:12
Geladeiras Electrolux 475 litros com DC51,23,1682,62;74;82;73;71;73;74;100;57;63;62;65,task:5;informational:35;navigational:11;commercial:17;transactional:32
Geladeiras Brastemp 540 litros,17,1663,14;20;22;18;40;41;35;98;85;100;70;82,task:5;informational:47;navigational:11;commercial:19;transactional:18
Geladeiras para área gourmet,16,1657,23;76;78;100;86;80;77;45;34;35;60;76,task:5;informational:56;navigational:4;commercial:26;transactional:9
Geladeiras Midea 411 litros,20,1643,70;81;83;72;67;71;72;61;85;100;67;67,task:5;informational:61;navigational:6;commercial:16;transactional:12
Freezers e Geladeiras Verticais com Porta de Vidro,20,1628,85;99;100;97;95;98;100;55;52;52;52;51,task:2;informational:60;navigational:4;commercial:22;transactional:12
Geladeiras Brastemp 573 litros,18,1615,35;39;41;38;55;58;60;82;34;40;70;100,task:2;informational:52;navigational:15;commercial:19;transactional:12
Geladeiras Expositoras de Bebidas,19,1610,85;99;100;64;57;60;61;55;47;50;47;46,task:5;informational:49;navigational:1;commercial:37;transactional:8
Termômetros para Geladeira e Refrigeração,22,1610,50;61;57;62;82;84;84;100;94;89;90;90,task:5;informational:65;navigational:2;commercial:27;transactional:1
Coolers e Ventiladores 12V/110V/220V,20,1584,74;84;84;45;51;54;55;68;97;96;100;82,task:5;informational:53;navigational:2;commercial:35;transactional:5
Travas e Fechaduras para Geladeira,17,1581,97;53;51;52;55;62;62;73;72;72;93;100,task:2;informational:62;navigational:5;commercial:20;transactional:11
Borrachas para Geladeira,21,1580,49;59;58;52;68;68;68;100;89;89;89;89,task:5;informational:49;navigational:7;commercial:21;transactional:18
Geladeiras Electrolux 382 litros,17,1578,28;45;55;47;50;46;37;100;77;93;77;94,task:7;informational:39;navigational:15;commercial:29;transactional:10
Geladeiras LG GN B392 395 L Frost Free Inverter,17,1569,11;20;23;26;29;29;30;93;83;100;86;97,task:3;informational:42;navigational:14;commercial:28;transactional:13
Geladeiras Brastemp BRM55,15,1568,6;15;18;32;23;42;38;96;92;77;63;100,task:3;informational:49;navigational:18;commercial:19;transactional:11
Freezers horizontais 100L,16,1561,34;49;52;46;44;46;48;50;56;100;72;76,task:3;informational:31;navigational:5;commercial:46;transactional:15
Geladeiras Embutidas,19,1547,66;97;100;84;80;84;87;75;84;96;84;83,task:7;informational:54;navigational:6;commercial:24;transactional:9
Móveis para frigobar,16,1538,67;99;100;96;83;88;90;81;81;81;88;87,task:3;informational:53;navigational:4;commercial:29;transactional:11
Peças e prateleiras Consul,22,1536,86;99;100;56;50;52;53;63;53;54;57;57,task:3;informational:50;navigational:23;commercial:13;transactional:11
Frigideiras Elétricas,17,1528,84;99;100;99;90;90;90;94;48;47;46;46,task:2;informational:46;navigational:4;commercial:35;transactional:13
Relés de Geladeira Consul,19,1516,26;29;38;78;84;84;84;95;99;100;100;100,task:5;informational:54;navigational:4;commercial:16;transactional:21
Gelopar: Geladeiras e cervejeiras 3 portas,17,1512,71;98;100;83;82;88;98;91;93;93;93;92,task:3;informational:39;navigational:6;commercial:36;transactional:16
Geladeiras Brastemp 500 litros Frost Free,17,1510,42;96;97;82;49;52;51;95;73;100;83;95,task:3;informational:52;navigational:4;commercial:29;transactional:12
Freezers Electrolux FE18/FE22,23,1492,32;39;43;38;37;37;38;50;61;100;72;72,task:2;informational:67;navigational:10;commercial:11;transactional:10
Geladeiras Samsung RL4353 e Barosa,15,1485,8;70;71;52;49;33;29;92;46;100;83;65,task:2;informational:66;navigational:5;commercial:18;transactional:9
Freezers de 150 litros,15,1485,29;37;36;33;41;43;47;56;62;73;93;100,task:7;informational:36;navigational:4;commercial:36;transactional:17
Câmaras frias usadas para açougues,15,1482,67;82;88;87;89;100;96;75;76;75;77;76,task:5;informational:28;navigational:4;commercial:45;transactional:18
Refrigeração JR,16,1474,61;84;86;85;85;91;92;99;100;100;95;94,task:3;informational:21;navigational:44;commercial:27;transactional:5
cafeteiras elétricas Electrolux,25,1471,83;99;100;54;57;60;60;56;55;55;55;54,task:2;informational:23;navigational:25;commercial:13;transactional:37
Geladeiras Electrolux 454L (DB52X/DB53X),25,1470,60;92;95;82;70;67;74;84;92;100;69;83,task:2;informational:56;navigational:10;commercial:14;transactional:18
Geladeiras 451 litros com frost free (CRM56FB e similares),15,1466,25;78;78;61;57;52;49;78;61;69;100;99,task:3;informational:62;navigational:7;commercial:21;transactional:7
Garrafa Térmica e Acessórios,18,1455,62;90;92;90;87;93;91;99;97;96;100;100,task:10;informational:43;navigational:5;commercial:22;transactional:20
frigobar nas Casas Bahia,15,1448,16;22;23;22;24;26;34;31;40;100;35;36,task:3;informational:24;navigational:48;commercial:8;transactional:17
Máquinas de gelo seco para festas,21,1448,18;20;21;28;28;28;28;100;79;82;79;78,task:2;informational:62;navigational:2;commercial:25;transactional:9
Frigobar e adega,16,1446,84;99;100;68;78;79;81;77;88;83;80;76,task:2;informational:60;navigational:2;commercial:26;transactional:10
Vitrines e estufas para confeitaria,17,1444,89;100;61;60;64;68;64;59;62;61;60;59,task:5;informational:67;navigational:4;commercial:19;transactional:5
Geladeiras Smeg,17,1443,54;74;75;71;78;89;90;91;95;96;98;100,task:10;informational:53;navigational:6;commercial:18;transactional:13
Três portas: carros e geladeiras,18,1443,21;60;66;54;59;56;67;87;68;91;81;100,task:2;informational:73;navigational:5;commercial:17;transactional:3
Freezers Verticais 197 Litros,18,1440,24;73;65;54;47;20;31;100;34;40;74;74,task:5;informational:60;navigational:5;commercial:20;transactional:10
Geladeiras Electrolux RE28,18,1434,35;37;37;46;56;56;56;100;98;88;88;88,task:3;informational:54;navigational:27;commercial:13;transactional:3
Borrachas de Geladeira Brastemp,20,1428,51;59;59;38;35;38;37;77;77;100;78;77,task:2;informational:48;navigational:14;commercial:22;transactional:14
Geladeiras Frost Free de 400 Litros em Inox,16,1423,22;35;38;30;30;28;28;67;41;49;68;100,task:7;informational:27;navigational:4;commercial:48;transactional:14
Conserto de geladeiras e motores,21,1419,38;40;63;100;79;80;80;55;56;55;56;56,task:20;informational:63;navigational:5;commercial:8;transactional:4
Amazon Brasil: eletrodomésticos e itens de casa,16,1418,61;91;94;89;87;92;93;100;91;91;92;94,task:1;informational:15;navigational:63;commercial:4;transactional:17
"Conjunto Geladeira e Freezer: Tipos, Configurações e Escolhas",17,1417,22;63;68;49;49;32;30;83;49;53;79;100,task:2;informational:66;navigational:4;commercial:24;transactional:4
Geladeiras 380 litros,20,1413,35;69;81;62;47;48;50;94;76;86;84;100,task:3;informational:54;navigational:4;commercial:28;transactional:11
Geladeiras Electrolux DF44,20,1387,28;29;29;29;49;46;37;100;52;56;84;77,task:2;informational:71;navigational:8;commercial:13;transactional:6
Freezers e Geladeiras Brastemp/Electrolux,21,1385,87;100;100;65;63;64;64;81;70;70;70;71,task:2;informational:50;navigational:9;commercial:30;transactional:9
Geladeiras com dispenser de água,18,1373,22;38;42;33;53;49;48;100;38;36;60;71,task:2;informational:60;navigational:4;commercial:28;transactional:6
Geladeiras portáteis no Brasil,17,1371,57;84;71;69;72;78;78;89;93;100;100;99,task:10;informational:55;navigational:1;commercial:24;transactional:10
Melhores Frigobares,24,1363,26;30;30;69;84;84;94;100;85;82;81;81,task:8;informational:22;navigational:2;commercial:58;transactional:10
Gavetas de Geladeira Brastemp,21,1361,87;99;100;49;47;52;52;50;50;51;52;51,task:5;informational:42;navigational:4;commercial:37;transactional:12
Máquinas de lavar no Pontofrio,15,1347,56;92;92;83;67;69;70;89;76;84;100;100,informational:25;navigational:49;commercial:11;transactional:15
Geladeiras 470 litros,23,1345,19;62;69;50;48;37;37;100;50;57;49;85,task:7;informational:39;navigational:4;commercial:32;transactional:18
Freezers Imbera 560 litros,16,1334,12;31;37;26;22;16;24;47;62;77;93;100,task:3;informational:41;navigational:18;commercial:25;transactional:13
Mini Coolers Portáteis,16,1331,63;96;98;94;88;92;94;93;95;100;96;96,task:3;informational:52;navigational:5;commercial:25;transactional:15
Geladeiras TCL,19,1325,28;62;70;51;51;45;40;100;71;84;68;76,task:3;informational:59;navigational:13;commercial:13;transactional:12
Freezers Esmaltec,19,1321,45;59;60;63;70;76;70;85;92;100;72;72,task:8;informational:40;navigational:20;commercial:22;transactional:10
Geladeiras Colombo,18,1317,86;100;100;67;69;72;72;65;64;65;66;65,task:2;informational:32;navigational:26;commercial:12;transactional:28
Geladeiras Instaview,18,1312,23;60;61;53;45;39;44;100;60;71;60;68,task:3;informational:59;navigational:5;commercial:18;transactional:15
Freezer Electrolux HE150 143 L,15,1306,5;30;35;27;33;38;37;34;25;29;38;100,task:7;informational:59;navigational:5;commercial:19;transactional:10
Fors Refrigerantes e Água,17,1300,81;100;57;58;58;62;62;68;69;69;70;68,task:2;informational:59;navigational:13;commercial:15;transactional:11
Frigoríficos Zimmer,16,1295,21;27;75;68;54;60;73;100;87;78;79;78,informational:55;navigational:39;commercial:4;transactional:2
Geladeiras de 60–75 cm de largura,18,1293,13;59;65;25;25;18;31;100;65;92;86;97,task:2;informational:45;navigational:4;commercial:40;transactional:9
Geladeiras Magazine Luiza,21,1292,83;96;61;77;97;98;100;84;48;47;48;47,task:2;informational:43;navigational:33;commercial:8;transactional:14
Geladeiras Consul CRB39,19,1292,11;24;28;23;26;30;22;34;26;70;90;100,task:1;informational:32;navigational:41;commercial:19;transactional:7
Geladeiras db44s,15,1291,10;65;65;53;53;43;50;100;66;80;71;84,task:3;informational:47;navigational:35;commercial:5;transactional:10
Geladeiras Novo Mundo,15,1290,56;73;77;76;100;76;76;41;46;39;66;82,task:5;informational:32;navigational:20;commercial:13;transactional:30
Geladeiras que congelam na parte de baixo,18,1288,73;94;94;83;73;72;71;77;70;74;92;100,task:8;informational:64;navigational:2;commercial:15;transactional:11
Frigobares Brastemp com Porta de Vidro,16,1283,38;58;68;60;69;69;58;94;79;89;96;100,task:3;informational:55;navigational:5;commercial:26;transactional:11
Alimentos Congelados Brasileiros,17,1280,30;34;34;34;100;100;100;40;41;41;40;41,task:1;informational:68;navigational:9;commercial:14;transactional:8
Geladeiras Consul CRM45,19,1279,26;47;55;37;36;41;36;81;68;70;66;100,task:2;informational:44;navigational:30;commercial:17;transactional:7
Saladeiras de vidro,15,1277,28;36;36;32;32;35;35;35;39;100;90;95,task:7;informational:46;navigational:4;commercial:29;transactional:14
Porta Frios e Organização de Geladeira,17,1276,64;88;91;88;87;95;99;96;99;100;98;97,task:7;informational:57;navigational:7;commercial:22;transactional:7
Geladeiras Brastemp Inverse 447L,17,1275,46;70;71;68;60;66;67;86;80;100;76;78,task:1;informational:28;navigational:33;commercial:23;transactional:15
Fritadeiras Elétricas 5 L,19,1259,71;100;100;95;74;79;82;78;80;78;80;80,task:3;informational:55;navigational:6;commercial:26;transactional:10
Geladeiras com gavetas,15,1259,24;68;68;60;59;36;36;80;98;71;74;100,task:7;informational:61;navigational:2;commercial:23;transactional:7
Geladeiras Philco French Door,15,1259,15;24;25;50;28;39;36;84;53;73;59;100,task:10;informational:40;navigational:7;commercial:24;transactional:19
Geladeiras Electrolux 280L,16,1258,8;17;25;26;27;14;33;22;18;62;72;100,task:3;informational:43;navigational:18;commercial:32;transactional:4
Freezers de 100 litros,15,1258,47;67;73;69;68;73;74;80;74;75;91;100,task:7;informational:43;navigational:6;commercial:34;transactional:10
Geladeiras e Máquinas de Lavar,17,1253,28;53;55;43;66;56;56;100;56;70;78;95,task:3;informational:51;navigational:13;commercial:23;transactional:10
Geladeiras Midea 4 Portas,15,1249,11;36;37;29;29;26;31;13;17;100;61;95,task:4;informational:41;navigational:1;commercial:32;transactional:22
Geladeiras Brastemp Inox 375L,19,1248,62;84;87;79;47;53;56;70;66;100;93;79,task:2;informational:57;navigational:6;commercial:22;transactional:13
Peças de Geladeira,16,1243,41;43;44;63;71;74;59;100;98;99;100;100,task:2;informational:69;navigational:5;commercial:13;transactional:11
Geladeiras Simonetti e Sipolatti,16,1239,68;94;100;60;59;79;79;68;71;80;69;92,task:2;informational:43;navigational:23;commercial:10;transactional:22
Conserto de congelador furado de geladeira,21,1237,73;73;83;100;97;98;98;92;86;86;83;83,task:10;informational:48;navigational:3;commercial:8;transactional:31
Geladeiras 12V para motorhome,17,1231,71;100;100;91;84;90;95;91;94;94;90;89,task:3;informational:52;navigational:1;commercial:27;transactional:17
Prateleiras de Geladeira,16,1225,27;57;71;35;31;34;40;37;44;100;84;95,task:4;informational:63;navigational:4;commercial:22;transactional:7
geladeira Electrolux IB54S,16,1223,11;52;61;41;29;30;50;100;67;85;59;75,task:3;informational:43;navigational:35;commercial:9;transactional:10
Eletrofrio Refrigeração,16,1220,64;96;96;100;88;95;94;95;94;94;90;89,task:2;informational:21;navigational:38;commercial:7;transactional:32
Geladeiras 370 litros Frost Free,22,1218,66;76;76;73;75;75;81;100;87;86;94;99,task:2;informational:44;navigational:5;commercial:33;transactional:16
Refrigeração e Geladeiras no Brasil,17,1212,18;47;100;89;88;86;78;63;48;37;32;80,task:2;informational:71;navigational:5;commercial:14;transactional:8
Freezers para carnes,20,1212,45;47;49;55;73;59;59;65;90;91;99;100,task:5;informational:49;navigational:2;commercial:36;transactional:8
Geladeiras IT70s,16,1204,12;13;16;42;42;32;30;100;53;78;63;74,task:3;informational:38;navigational:29;commercial:12;transactional:18
Evaporadores de Geladeira,18,1201,31;40;40;37;48;48;33;75;66;100;92;100,task:5;informational:63;navigational:4;commercial:20;transactional:8
Geladeiras Electrolux IT70B,18,1200,8;58;69;50;50;73;76;86;66;100;96;100,task:3;informational:40;navigational:29;commercial:12;transactional:16
Geladeiras Panasonic Frost Free 425L com vidro,19,1199,20;21;22;23;23;23;38;100;66;77;65;71,task:5;informational:60;navigational:5;commercial:22;transactional:8
Geladeiras 460 litros,17,1198,38;68;75;50;50;53;52;100;71;78;72;76,task:3;informational:44;navigational:8;commercial:32;transactional:13
Philco Retro: Geladeiras e Pipoqueiras,16,1194,87;100;54;56;46;48;49;43;51;53;47;46,task:2;informational:73;navigational:6;commercial:13;transactional:6
Refrigeração e Armazéns Gerais,17,1192,68;92;93;89;93;100;100;45;53;52;53;47,task:5;informational:63;navigational:12;commercial:12;transactional:8
Geladeiras BB53 Panasonic Frost Free 425L,15,1190,7;35;40;28;24;28;26;67;45;100;76;71,task:7;informational:37;navigational:8;commercial:28;transactional:20
Forno Salamandra e Gratinadores,20,1187,23;25;25;52;82;82;82;100;67;64;64;65,task:2;informational:62;navigational:5;commercial:23;transactional:8
Geladeiras Electrolux IB45,17,1185,20;75;74;62;59;40;38;100;47;59;57;74,task:1;informational:53;navigational:40;commercial:5;transactional:1
Geladeiras com Filtro de Água,19,1182,40;75;77;58;64;57;54;35;36;70;84;100,task:3;informational:67;navigational:5;commercial:15;transactional:10
Geladeiras e Freezers na Americanas,16,1182,69;96;98;94;90;96;97;94;90;90;90;100,task:3;informational:20;navigational:40;commercial:11;transactional:26
Máquinas de Suco para Lanchonetes,20,1181,76;99;100;96;90;97;99;87;91;90;91;89,task:10;informational:33;navigational:1;commercial:45;transactional:11
Freezers de 199 litros,15,1180,13;22;23;20;19;19;17;63;51;37;46;100,task:3;informational:49;navigational:8;commercial:36;transactional:4
Bandejas e Reservatórios de Geladeira,16,1176,51;58;59;58;58;55;55;74;52;53;88;100,task:2;informational:69;navigational:5;commercial:10;transactional:14
Eletrodomésticos Bertazzoni,16,1175,88;99;100;100;53;56;54;57;60;60;62;62,task:5;informational:40;navigational:10;commercial:18;transactional:27
Liquidificadores Fun Kitchen,15,1171,14;17;17;17;27;34;31;68;52;100;100;91,task:7;informational:30;navigational:30;commercial:24;transactional:9
Geladeiras Electrolux is9s 520L,15,1168,9;41;52;23;22;41;42;100;56;88;68;91,task:7;informational:46;navigational:12;commercial:24;transactional:11
Geladeiras Electrolux IW45S,15,1161,18;20;20;20;29;32;26;93;27;31;93;100,informational:63;navigational:11;commercial:17;transactional:9
Geladeiras Vermelhas,16,1159,22;29;29;26;34;40;44;61;42;100;80;76,task:10;informational:40;navigational:7;commercial:32;transactional:11
Geladeiras Koerich,17,1159,41;61;67;55;55;74;100;42;36;80;75;86,task:2;informational:19;navigational:30;commercial:10;transactional:39
Perfil Refrigeração,15,1158,16;54;46;40;40;48;48;42;32;50;91;100,task:3;informational:21;navigational:61;commercial:11;transactional:4
Geladeiras com Ice Maker,18,1152,27;20;21;40;39;26;24;92;60;82;71;100,task:3;informational:63;navigational:2;commercial:22;transactional:10
Geladeiras Frost Free,20,1150,26;66;74;53;66;43;41;90;100;45;43;100,task:8;informational:53;navigational:3;commercial:35;transactional:1
Geladeiras Electrolux TF51,23,1148,36;49;55;29;34;33;33;57;88;100;63;66,task:5;informational:50;navigational:15;commercial:20;transactional:10
Geladeira Electrolux DF35A,21,1141,40;41;41;49;49;55;55;100;88;98;88;90,task:2;informational:59;navigational:15;commercial:14;transactional:10
Gas de Geladeira: Vazamento e Perigos,20,1139,82;81;81;95;95;95;95;100;100;100;100;100,task:8;informational:84;navigational:3;commercial:5
Decoração de Geladeira,24,1136,63;62;66;93;100;99;99;90;85;85;85;85,task:10;informational:68;navigational:5;commercial:12;transactional:5
Cristais de Gelo,16,1133,46;49;49;35;68;69;69;58;100;100;100;100,task:5;informational:74;navigational:4;commercial:14;transactional:3
Micro-ondas 28 litros,21,1109,45;98;100;88;84;71;72;97;91;97;75;75,informational:54;navigational:1;commercial:27;transactional:18
Geladeiras Brastemp e Philco no Reclame Aqui,17,1100,83;93;95;94;95;97;100;80;90;90;92;93,task:3;informational:46;navigational:41;commercial:6;transactional:4
Geladeiras 420 litros,17,1095,13;20;23;20;18;33;32;58;34;76;75;100,task:7;informational:50;navigational:1;commercial:33;transactional:9
Eletrodomésticos e lojas online no Brasil,18,1094,17;46;50;44;46;42;42;71;87;100;84;85,informational:54;navigational:18;commercial:12;transactional:16
Fritadeiras Labravia,20,1091,56;59;55;41;97;100;100;88;88;89;91;92,informational:60;navigational:15;commercial:16;transactional:9
Geladeiras Consul CRM33,22,1089,23;34;42;37;45;41;57;69;57;69;61;100,task:1;informational:36;navigational:40;commercial:20;transactional:3
Refrigeração e Eletrodomésticos,17,1089,13;38;41;43;43;42;36;56;49;63;57;100,task:8;informational:72;navigational:5;commercial:15
Refrigeradores Electrolux IB45S,16,1086,41;62;73;62;43;43;52;100;73;87;50;65,task:3;informational:32;navigational:42;commercial:13;transactional:10
Geladeiras Electrolux 540 L,18,1083,16;53;69;49;50;41;43;80;96;100;78;87,task:10;informational:52;navigational:5;commercial:18;transactional:15
Eletrodomésticos online Brasil,15,1081,15;99;100;98;28;44;43;54;43;54;47;63,task:2;informational:33;navigational:34;commercial:27;transactional:4
Portas de Geladeira Electrolux,17,1081,76;90;94;89;96;94;96;90;91;100;100;99,informational:49;navigational:31;commercial:12;transactional:8
Frigobares 120 litros e similares,17,1079,33;100;100;85;71;64;58;85;89;97;67;77,task:1;informational:49;navigational:4;commercial:39;transactional:7
Câmaras frias para bares e cervejas,22,1078,73;40;40;84;96;99;100;60;55;55;54;54,task:5;informational:49;navigational:12;commercial:26;transactional:8
Freezers Carrefour Brasil,16,1076,29;57;62;57;55;52;61;72;98;100;66;73,task:1;informational:31;navigational:36;commercial:12;transactional:20
Motores e Compressores Consul para Geladeiras,20,1072,40;48;42;57;63;65;71;100;65;65;67;68,task:2;informational:48;navigational:10;commercial:22;transactional:18
Derretedeiras de Chocolate,16,1066,43;55;61;85;100;100;100;71;68;67;62;62,task:8;informational:60;navigational:5;commercial:16;transactional:11
Mini refrigerante e latas de Coca-Cola,21,1065,58;98;99;85;85;90;90;98;99;98;100;99,task:10;informational:54;navigational:4;commercial:25;transactional:7
Coolers para Geladeiras,17,1063,85;98;96;94;77;80;100;81;81;86;85;85,task:5;informational:59;navigational:5;commercial:24;transactional:7
Geladeiras na Angeloni,16,1060,19;77;82;70;33;29;38;100;70;80;73;93,informational:33;navigational:34;commercial:14;transactional:19
Expositores Refrigerados Usados,16,1060,83;99;100;100;68;73;73;55;49;49;49;49,task:5;informational:41;navigational:6;commercial:34;transactional:14
Máquinas de gelo Suggar,15,1053,23;65;60;49;41;38;53;24;23;23;22;100,task:3;informational:47;navigational:5;commercial:25;transactional:20
Refrigeração no Brasil,16,1051,22;27;28;27;26;31;30;30;31;30;83;100,task:1;informational:49;navigational:28;commercial:10;transactional:12
Geladeiras Frost Free - Buscapé,15,1047,13;26;35;41;40;25;16;100;63;18;16;98,task:3;informational:18;navigational:58;commercial:7;transactional:14
Fritadeiras Nell,18,1045,90;98;100;46;52;53;53;67;54;54;62;62,task:5;informational:36;navigational:19;commercial:33;transactional:7
Frigideiras com divisórias,15,1036,4;18;23;11;10;13;11;4;4;100;90;82,task:7;informational:56;navigational:5;commercial:22;transactional:10
Geladeiras Electrolux 410L,20,1034,42;58;61;55;55;65;62;45;67;100;52;48,task:7;informational:44;navigational:11;commercial:22;transactional:16
Prateleiras e divisórias para freezer,18,1031,38;60;76;45;56;55;59;74;60;100;86;96,task:8;informational:23;navigational:1;commercial:54;transactional:14
Baldes térmicos de gelo,20,1030,85;100;100;97;51;51;51;82;66;67;56;56,task:5;informational:56;navigational:5;commercial:22;transactional:12
Freezers Fricon 411 litros,15,1030,11;27;36;29;40;30;23;75;73;100;92;85,task:7;informational:46;navigational:5;commercial:27;transactional:15
Geladeiras compactas para apartamento,17,1029,22;86;92;88;91;94;93;79;100;70;69;72,task:3;informational:63;navigational:5;commercial:21;transactional:8
Geladeiras Electrolux 553 litros,15,1027,19;22;24;70;68;37;49;96;65;66;61;100,task:7;informational:53;navigational:4;commercial:32;transactional:4
Geladeiras Frigidaire Antigas,18,1027,73;87;88;53;98;100;100;54;55;55;54;54,task:2;informational:72;navigational:8;commercial:15;transactional:3
Geladeiras 440 litros,19,1018,25;60;69;50;49;34;37;100;37;41;46;73,task:3;informational:40;navigational:6;commercial:30;transactional:21
Freezers com Ponto Frio,15,1015,13;30;29;42;36;45;44;63;37;42;35;100,task:1;informational:19;navigational:48;commercial:12;transactional:20
Geladeiras Panasonic Side by Side,17,1015,7;27;37;21;21;22;23;100;46;88;66;71,task:8;informational:24;navigational:12;commercial:40;transactional:16
Geladeiras e Freezers Usados no OLX,15,1014,45;64;100;82;73;60;61;58;60;61;61;61,task:3;informational:21;navigational:48;commercial:11;transactional:17
Melhores Geladeiras Side-by-Side,17,1010,12;45;51;26;38;34;39;100;73;55;53;55,task:5;informational:31;commercial:60;transactional:4
Refrigeração e Expositores Refrimate,15,1010,61;84;86;82;87;93;94;96;96;97;100;100,task:3;informational:20;navigational:49;commercial:12;transactional:16
Leilões de Geladeiras e Eletrodomésticos,20,1005,51;58;57;59;81;65;64;55;64;79;100;67,task:4;informational:69;navigational:4;commercial:16;transactional:7
Geladeiras Preto Inox,17,1004,20;67;72;57;53;42;42;100;68;76;49;71,task:3;informational:57;navigational:5;commercial:24;transactional:11
Estufas refrigeradas para confeitaria,17,1004,91;100;85;92;78;80;81;88;91;90;88;88,task:2;informational:51;navigational:4;commercial:34;transactional:9
Frigobar Electrolux 120–122 L,22,1003,37;52;53;53;60;63;63;90;88;100;65;65,task:3;informational:44;navigational:28;commercial:20;transactional:5
Refrigeração e Refrigerar no Brasil,19,1002,58;38;35;31;99;100;100;52;32;35;37;36,task:4;informational:78;navigational:12;commercial:4;transactional:2
Freezers Brastemp 228 litros,15,999,6;13;14;12;13;26;16;60;53;100;89;89,task:3;informational:53;navigational:12;commercial:25;transactional:7
Frigobar 124L Midea — Brasil,19,995,51;74;76;74;65;68;68;100;90;100;73;73,task:6;informational:29;navigational:28;commercial:16;transactional:21
Freezers de 250 litros,15,995,5;11;13;9;9;9;25;17;21;100;80;80,task:3;informational:49;navigational:4;commercial:33;transactional:11
Freezers CVU30 de 246 litros,17,988,5;23;33;27;28;18;14;72;81;100;74;89,task:7;informational:66;navigational:4;commercial:19;transactional:4
Gelotech: Refrigeração e Tecnologia de Gelo,18,985,53;56;56;56;58;59;59;67;100;100;100;100,task:2;informational:54;navigational:34;commercial:7;transactional:3
Marmiteiras e Marmiteiro Térmico,15,980,64;87;89;86;85;97;97;93;95;100;100;100,task:3;informational:63;navigational:5;commercial:25;transactional:4
Bebidas Geladas,17,978,64;71;73;72;89;96;97;87;100;90;80;79,task:5;informational:63;navigational:4;commercial:19;transactional:9
Geladeiras IB7S e Eletrodomésticos,18,976,14;32;34;43;45;33;39;100;59;44;43;49,task:5;informational:62;navigational:12;commercial:9;transactional:12
Freezers Expositor para Supermercados,16,970,67;93;95;94;90;97;94;100;100;98;97;97,task:7;informational:22;navigational:1;commercial:59;transactional:11
Geladeiras Electrolux 598 litros (DB84X),19,966,59;87;100;60;53;45;56;100;81;88;56;66,task:2;informational:35;navigational:9;commercial:40;transactional:14
"Metalfrio: Refrigeração, Expositores e Peças",18,964,78;98;99;93;84;91;90;90;100;100;92;91,task:3;informational:33;navigational:32;commercial:19;transactional:13
Frigo: Equipamentos de Cozinha Industrial,15,961,35;59;64;65;61;65;65;67;68;82;100;97,task:7;informational:18;navigational:30;commercial:30;transactional:15
Freezers 530–534 litros,16,956,17;24;34;31;31;28;58;61;38;89;68;100,task:3;informational:46;navigational:11;commercial:32;transactional:8
freezers 311 litros,16,950,9;21;29;16;16;22;40;34;33;100;92;90,task:3;informational:56;navigational:4;commercial:28;transactional:9
Frigobar 68 litros e Philco,16,942,10;42;50;26;23;32;21;85;74;97;100;84,task:3;informational:49;navigational:18;commercial:21;transactional:9
Freezers Industriais,18,939,87;100;61;58;53;56;56;60;60;60;56;55,task:2;informational:53;navigational:4;commercial:34;transactional:7
Compressores e Peças de Refrigeradores,20,931,39;38;39;16;23;33;50;99;93;100;95;89,task:5;informational:58;navigational:4;commercial:25;transactional:8
Venax Geladeiras e Expositores,15,931,36;63;69;53;55;58;57;50;49;100;93;91,informational:29;navigational:44;commercial:13;transactional:14
Geladeiras Consul no Brasil,16,930,19;29;34;33;32;27;38;91;71;100;88;64,task:4;informational:22;navigational:32;commercial:20;transactional:22
Painel da Geladeira Brastemp,19,924,38;42;43;75;75;75;74;95;97;98;97;100,task:2;informational:69;navigational:5;commercial:10;transactional:14
Freezers de 400 litros,21,923,43;61;63;59;58;61;61;56;90;100;70;66,task:10;informational:39;navigational:4;commercial:34;transactional:13
Bemol: promoções e eletrodomésticos,18,923,40;54;62;51;48;49;49;100;71;71;66;70,task:2;informational:40;navigational:30;commercial:14;transactional:14
Suggar Eletrodomésticos,15,922,31;59;60;77;71;39;58;58;29;76;77;100,task:2;informational:18;navigational:67;commercial:7;transactional:6
Frigobar 70 litros,16,914,17;34;40;45;53;52;53;100;76;91;88;80,task:3;informational:44;navigational:4;commercial:33;transactional:16
Geladeiras GE Profile Side by Side,19,914,48;51;53;46;46;58;56;82;50;86;89;100,task:4;informational:64;navigational:6;commercial:23;transactional:3
Geladeiras Electrolux DC44,19,901,19;20;20;20;48;39;36;44;67;100;87;51,task:2;informational:46;navigational:14;commercial:18;transactional:20
Geladeiras 300 litros no Brasil,16,894,10;31;46;31;30;29;39;67;40;100;84;82,task:10;informational:34;navigational:4;commercial:35;transactional:17
Refrigeradores e Freezers 600 litros,15,894,12;59;100;66;49;37;33;94;46;39;56;84,task:5;informational:45;navigational:11;commercial:33;transactional:6
Gelo Electrolux: Formas e Máquinas,18,893,61;82;90;80;98;91;86;79;88;100;97;99,task:2;informational:57;navigational:10;commercial:13;transactional:18
Gabinetes de PC,19,891,60;76;80;82;84;77;78;76;81;80;100;84,task:2;informational:42;navigational:7;commercial:32;transactional:17
Geladeiras Panasonic BB64,20,891,11;29;32;27;32;34;31;100;83;62;40;39,task:5;informational:49;navigational:6;commercial:22;transactional:18
Geladeiras Electrolux IF43 390L,20,889,24;69;72;60;65;54;51;100;42;49;45;41,task:3;informational:55;navigational:11;commercial:19;transactional:12
Geladeiras 240 litros,17,879,66;97;100;91;88;93;91;94;96;96;93;93,task:3;informational:46;navigational:4;commercial:37;transactional:10
Bebedouros com motor de geladeira,17,874,80;84;85;83;81;90;93;81;89;95;100;100,informational:68;navigational:4;commercial:25;transactional:3
Geladeiras na Fast Shop,18,874,31;61;63;68;57;53;54;100;62;39;38;39,task:5;informational:32;navigational:19;commercial:23;transactional:21
Geladeiras com Painel Digital,15,872,20;74;89;66;66;51;50;20;20;100;65;97,task:7;informational:66;navigational:3;commercial:21;transactional:3
Peças de Refrigeração Refriel,15,869,52;62;64;63;77;80;57;65;100;98;96;97,task:2;informational:42;navigational:43;commercial:9;transactional:4
Frigobar 45L e acessórios,15,867,59;84;87;83;73;77;76;100;84;84;86;85,task:3;informational:21;navigational:35;commercial:33;transactional:8
Eletrodomésticos Gorenje,16,864,47;98;100;88;66;68;67;82;82;88;75;83,task:3;informational:27;navigational:42;commercial:16;transactional:12
Frigobar Electrolux Preto,15,863,10;25;28;27;26;21;63;28;23;100;91;91,task:7;informational:37;navigational:18;commercial:24;transactional:14
Geladeiras com adega para vinho,15,861,12;29;33;28;28;12;12;12;12;25;22;100,task:10;informational:45;navigational:5;commercial:25;transactional:15
Coolers de PC,17,860,38;61;63;52;55;59;58;65;100;94;91;67,task:7;informational:40;navigational:1;commercial:38;transactional:14
Trituradores de gelo,19,853,88;100;100;99;55;60;63;70;71;71;71;70,task:5;informational:56;navigational:4;commercial:23;transactional:12
Gavetas e Tampas de Geladeira Consul,18,852,45;61;63;60;59;64;66;63;92;100;66;65,task:9;informational:42;navigational:9;commercial:21;transactional:19
Refrigeração Monteiro,15,848,17;25;26;55;55;48;44;60;38;27;27;100,task:3;informational:47;navigational:39;commercial:8;transactional:3
geladeiras Consul biplex antigas,18,842,85;99;100;98;68;71;72;65;67;68;65;66,task:2;informational:69;navigational:5;commercial:21;transactional:3
Freezers com gavetas,15,839,45;67;68;65;64;66;66;68;90;100;68;68,task:3;informational:53;navigational:4;commercial:31;transactional:9
Refrigeração e Refrigigas no Brasil,16,832,63;91;92;89;67;79;70;91;95;100;88;88,task:3;informational:56;navigational:21;commercial:11;transactional:9
Geladeiras Brastemp 490L,17,832,8;36;58;44;41;30;46;100;50;62;53;68,task:3;informational:45;navigational:11;commercial:31;transactional:10
Geladeiras Sam's Club,16,830,10;96;99;62;34;25;26;84;50;94;93;100,task:3;informational:49;navigational:24;commercial:11;transactional:13
Frigobar Philco: medidas e opções,16,830,3;31;40;26;30;32;41;100;100;76;85;75,task:3;informational:58;navigational:4;commercial:31;transactional:4
Portas de Geladeira,18,828,60;45;100;97;97;89;87;48;48;51;45;85,task:5;informational:63;navigational:5;commercial:13;transactional:14
Polar Refrigeração e Assitência Técnica,15,826,40;57;58;53;44;49;50;100;81;84;52;51,task:3;informational:23;navigational:51;commercial:15;transactional:8
Geladeiras Brastemp Antigas,15,822,66;87;89;85;84;90;91;94;97;97;100;99,task:3;informational:64;navigational:4;commercial:23;transactional:6
Geladeiras Gazin,15,820,33;44;50;43;40;39;41;100;63;64;37;39,task:4;informational:41;navigational:19;commercial:18;transactional:18
Eletrofrigor Brasil,15,819,39;56;57;55;53;57;57;100;68;63;64;60,task:3;informational:18;navigational:67;commercial:7;transactional:5
Freezers de bebidas Skol/Ambev,17,817,60;77;55;79;78;79;78;84;71;89;97;100,task:5;informational:33;navigational:1;commercial:40;transactional:21
Geladeiras Expositoras Pretas,15,803,4;11;16;16;16;20;58;7;5;100;85;91,task:7;informational:32;navigational:11;commercial:36;transactional:14
Utensílios de vidro para cozinha,17,803,58;85;88;85;70;74;74;89;100;74;73;74,task:3;informational:57;navigational:5;commercial:20;transactional:15
Geladeiras com Vazamento de Água,17,798,67;70;100;83;80;81;80;85;57;76;68;91,task:2;informational:78;navigational:5;commercial:10;transactional:5
Freezers Electrolux H500,17,795,34;36;37;47;46;55;100;90;77;86;79;100,task:2;informational:45;navigational:14;commercial:33;transactional:6
geladeiras Zema,15,795,19;29;31;28;41;37;32;100;41;43;30;35,task:1;informational:11;navigational:49;commercial:17;transactional:22
Coolers Corona,15,790,68;98;100;96;85;90;92;78;80;81;82;82,task:7;informational:46;navigational:4;commercial:32;transactional:11
Frigobar Midea 93L,18,784,91;100;100;97;75;86;69;59;57;53;79;80,task:5;informational:49;navigational:7;commercial:14;transactional:25
Máquinas de gelo compactas,20,775,71;77;78;82;86;88;88;87;92;100;85;84,task:5;informational:45;navigational:4;commercial:35;transactional:11
Gree: Ar Condicionado e Eletrodomésticos,23,774,46;57;70;61;68;71;82;68;94;100;64;65,task:2;informational:57;navigational:18;commercial:14;transactional:9
Freezers verticais Electrolux 162 L,21,766,43;52;55;53;65;60;54;99;100;86;84;93,task:2;informational:41;navigational:15;commercial:16;transactional:26
Polar Refrigeração e Caixas,17,765,52;65;68;69;97;100;93;75;74;74;75;75,task:3;informational:32;navigational:28;commercial:28;transactional:9
Geladeiras Electrolux If55b,17,763,23;40;26;24;52;48;41;100;84;78;57;69,task:3;informational:40;navigational:28;commercial:22;transactional:7
Geladeiras Electrolux TF55S,19,757,26;95;100;90;82;68;61;54;61;72;59;64,task:1;informational:39;navigational:38;commercial:12;transactional:10
Geladeiras Bemol e Electrolux,16,755,61;86;88;84;100;76;76;80;81;80;83;83,task:3;informational:38;navigational:18;commercial:18;transactional:23
Geladeiras de Luxo,15,752,11;32;45;31;29;42;40;96;54;100;83;86,task:7;informational:36;navigational:4;commercial:35;transactional:18
Frigobar 46/88 litros,17,750,13;47;51;40;41;34;24;83;63;100;46;50,task:10;informational:28;navigational:5;commercial:23;transactional:34
Gavetas e tampas de geladeira Electrolux,18,748,70;83;86;85;85;88;88;94;95;96;100;99,task:3;informational:41;navigational:18;commercial:23;transactional:15
Geladeiras Ferreira Costa,16,744,16;56;64;40;40;39;60;100;64;74;66;79,task:1;informational:18;navigational:48;commercial:11;transactional:22
Frigobar 47 litros,17,742,44;68;75;72;79;92;97;85;91;93;93;100,task:7;informational:35;navigational:4;commercial:34;transactional:20
Geladeiras e Freezers EOS Ecogelo,16,740,39;58;59;78;95;97;92;100;100;100;98;97,task:6;informational:57;navigational:15;commercial:14;transactional:8
Gelato brasileiro,15,739,12;88;86;67;67;80;75;44;32;48;38;100,task:5;informational:52;navigational:12;commercial:18;transactional:13
Geladeira IT56 da Electrolux,15,738,9;21;24;8;22;27;36;100;55;26;23;54,informational:39;navigational:45;commercial:8;transactional:8
Equipamentos industriais Gural,15,734,21;23;43;37;37;32;31;98;69;100;100;95,task:3;informational:27;navigational:48;commercial:8;transactional:14
Ar Condicionado e Refrigeração em Brusque,16,730,12;22;23;25;51;44;41;58;40;55;74;100,task:3;informational:53;navigational:4;commercial:35;transactional:5
Caixas Térmicas e Coolers 6 Litros,17,727,85;100;100;60;58;68;66;66;61;64;59;59,task:8;informational:49;navigational:10;commercial:20;transactional:13
Marmita Elétrica,18,722,62;78;79;74;75;91;83;100;82;82;89;87,task:5;informational:50;navigational:8;commercial:24;transactional:13
Freezers Electrolux 513–550 litros,20,721,30;44;47;42;43;44;49;58;81;100;49;53,task:3;informational:55;navigational:11;commercial:20;transactional:11
Frigobar 67L Midea,16,720,27;70;76;60;57;60;65;49;80;100;45;61,task:3;informational:39;navigational:18;commercial:19;transactional:21
Refrigeração e Geladeiras DS Frio,15,718,11;16;14;13;22;35;39;100;28;36;46;52,task:10;informational:18;navigational:51;commercial:16;transactional:5
Geladeiras Brastemp BRM54,15,715,15;48;49;49;48;47;53;47;31;28;26;100,task:2;informational:45;navigational:22;commercial:14;transactional:17
Armazenamento de Eletrodomésticos na Cozinha,16,714,70;84;100;58;41;37;37;45;35;35;40;40,task:8;informational:59;navigational:4;commercial:24;transactional:5
Geladeiras 580 litros,16,709,18;80;100;66;49;45;46;85;49;73;57;86,task:3;informational:28;navigational:1;commercial:50;transactional:18
Refrigeração Padock,15,708,85;98;87;66;66;78;77;100;79;80;85;84,task:3;informational:70;navigational:10;commercial:12;transactional:5
Dimensões de frigobar,18,707,19;23;25;35;69;69;70;68;100;66;65;65,task:8;informational:63;navigational:4;commercial:22;transactional:3
Lanches Congelados,17,707,13;15;16;16;55;75;64;100;84;56;55;53,task:2;informational:63;navigational:5;commercial:13;transactional:17
Geladeiras até 2500 reais,16,703,16;62;78;72;63;60;77;100;80;66;65;69,task:5;informational:29;navigational:1;commercial:56;transactional:9
Refrigeração líquida Gamdias para PC,15,703,36;50;51;45;45;48;47;47;100;58;53;49,task:7;informational:54;navigational:1;commercial:25;transactional:13
Frigobares Monster Energy,20,702,43;65;66;61;68;84;79;100;81;81;81;80,task:3;informational:45;navigational:18;commercial:26;transactional:8
Geladeiras para Chopp,18,701,22;83;91;73;73;71;54;66;52;75;74;100,task:3;informational:38;navigational:4;commercial:38;transactional:17
Acessórios de fixação e proteção para geladeiras,18,699,23;56;82;72;48;48;61;55;72;100;97;96,task:7;informational:46;navigational:7;commercial:35;transactional:5
Geladeiras Pretas Frost Free,15,695,40;61;73;97;96;89;85;96;63;100;86;82,task:2;informational:57;navigational:2;commercial:25;transactional:14
Geladeiras Expositoras Usadas,17,689,59;86;100;91;72;77;78;75;78;80;72;71,task:3;informational:48;navigational:10;commercial:19;transactional:20
Mobília e Suportes para Frigobar,16,689,47;76;77;82;88;98;100;88;89;77;76;82,task:7;informational:33;navigational:4;commercial:37;transactional:19
Placas de Geladeira Electrolux e Peças,18,689,54;60;62;68;68;66;64;87;85;100;97;95,task:7;informational:65;navigational:3;commercial:11;transactional:14
Freezers de 500 litros,17,688,64;89;91;86;86;91;100;87;90;89;86;88,task:3;informational:51;navigational:7;commercial:32;transactional:7
Geladeiras Consul 405 litros Frost Free,17,687,39;51;46;37;54;45;37;42;34;100;59;70,task:5;informational:60;navigational:5;commercial:17;transactional:13
Refrigerantes 3L,18,684,28;48;49;69;64;52;35;68;54;74;73;100,task:7;informational:36;navigational:4;commercial:39;transactional:14
Geladeiras Brastemp 4 portas no Brasil,16,684,6;39;49;24;23;19;37;100;54;68;62;51,task:3;informational:57;navigational:2;commercial:18;transactional:20
Ventiladores para Freezer,20,674,31;41;43;30;44;45;46;100;54;53;53;55,task:2;informational:64;navigational:5;commercial:20;transactional:9
Eletrodomésticos Pernambucanas,17,662,25;56;56;47;30;26;24;31;44;100;33;57,task:7;informational:23;navigational:46;commercial:8;transactional:16
Freezers Consul 309 litros,17,662,36;53;58;54;51;50;55;77;89;100;62;69,task:3;informational:46;navigational:5;commercial:33;transactional:13
Refrigeração Cascadura,15,661,50;64;67;64;63;100;66;79;76;76;75;74,task:3;informational:25;navigational:37;commercial:25;transactional:10
Freezers que não gelam,20,660,46;19;41;41;43;44;44;44;93;93;100;100,task:4;informational:76;navigational:8;commercial:7;transactional:5
Refrigeração e Ar Condicionado no Brasil,15,659,71;90;91;83;79;85;91;96;89;85;95;100,task:3;informational:44;navigational:4;commercial:36;transactional:13
Geladeiras envelopadas,15,659,94;100;100;98;95;97;98;95;44;43;44;44,task:4;informational:76;navigational:3;commercial:13;transactional:4
air fryers e fornos elétricos,15,658,35;40;42;38;42;41;40;100;93;51;53;57,task:5;informational:73;navigational:3;commercial:12;transactional:7
Geladeiras no GBarbosa,15,656,64;69;74;55;69;59;61;91;74;100;84;55,task:3;informational:23;navigational:26;commercial:10;transactional:38
Freezers Verticais Gelopar,15,655,21;11;11;10;9;10;9;9;9;100;85;90,task:2;informational:64;navigational:5;commercial:22;transactional:7
Brastemp Geladeiras,16,653,29;41;42;40;40;43;43;100;79;39;38;38,task:7;informational:52;navigational:18;commercial:12;transactional:11
Freezers do Magazine Luiza,17,652,73;96;98;93;82;87;87;100;89;87;87;87,task:4;informational:24;navigational:30;commercial:19;transactional:23
Frigobar Duplex: Philco e EOS,15,645,58;81;83;67;69;73;71;100;73;73;71;70,task:3;informational:52;navigational:4;commercial:30;transactional:11
portas de micro-ondas,16,643,65;85;87;89;77;98;100;77;78;81;81;80,task:10;informational:53;navigational:6;commercial:16;transactional:15
Puxadores e suportes para geladeiras Electrolux,17,639,67;91;94;89;88;92;91;95;99;100;100;99,task:3;informational:41;navigational:12;commercial:29;transactional:15
Freezers Electrolux 314 L (H330),18,636,27;32;30;32;34;36;36;100;71;68;54;57,task:3;informational:43;navigational:24;commercial:22;transactional:8
Friovix Refrigeração Comércio,16,636,33;100;97;100;43;48;80;94;94;97;96;96,task:5;informational:47;navigational:27;commercial:18;transactional:3
Coolers com Caixa de Som,15,635,73;100;100;92;81;87;86;66;67;96;81;81,task:3;informational:65;navigational:5;commercial:20;transactional:7
Rodízios para Geladeira,17,628,28;38;38;82;82;58;100;87;79;75;76;75,task:2;informational:59;navigational:5;commercial:24;transactional:10
Frigobares Inox 220V,15,627,7;34;38;27;26;32;14;59;43;100;89;87,task:3;informational:49;navigational:4;commercial:33;transactional:11
Refrigeração Mundial,17,626,92;100;39;31;33;36;31;37;40;40;42;42,task:2;informational:55;navigational:5;commercial:18;transactional:20
Frigoestrela e Alimentos,16,623,58;79;84;81;94;98;96;83;85;100;100;84,task:7;informational:26;navigational:45;commercial:12;transactional:10
Geladeiras e freezers para bares e restaurantes,17,617,70;98;100;89;85;87;96;92;83;82;92;91,task:3;informational:30;navigational:1;commercial:55;transactional:11
Coldres Velados e Acessórios Militares,17,615,93;100;100;99;57;59;59;60;62;62;62;61,task:5;informational:57;navigational:8;commercial:20;transactional:10
Geladeiras em Manaus,16,615,14;77;81;35;34;43;43;100;59;66;53;66,task:3;informational:28;navigational:14;commercial:47;transactional:8
Geladeiras e freezers 230 litros,16,615,8;22;28;16;26;36;14;100;82;52;44;42,task:3;informational:49;navigational:4;commercial:29;transactional:15
Geladeiras Palito Consul,16,615,22;31;32;29;25;28;35;45;38;100;37;40,task:4;informational:45;navigational:11;commercial:24;transactional:16
Geladeiras Bertazzoni,15,612,55;78;80;83;43;45;45;37;38;39;100;97,task:3;informational:49;navigational:7;commercial:37;transactional:4
Refrigeradores Frigocopa,15,612,8;12;15;44;44;15;15;21;16;100;97;78,task:3;informational:31;navigational:31;commercial:17;transactional:18
Lavadoras de roupas com centrifuga,16,611,16;62;67;55;66;42;47;100;77;87;80;71,task:1;informational:65;navigational:4;commercial:24;transactional:6
Ilhas de congelados e freezers (3 metros),16,610,40;49;52;53;55;55;54;45;46;100;92;96,task:7;informational:32;navigational:18;commercial:31;transactional:12
Geladeiras Midea Inverse,15,609,17;25;23;54;52;54;77;100;85;32;29;72,task:7;informational:39;navigational:22;commercial:11;transactional:21
Esfihas Congeladas,18,603,28;32;33;33;42;39;49;100;57;74;72;50,task:7;informational:62;navigational:5;commercial:15;transactional:11
Geladeiras Amarelas Retrô Brastemp,17,600,49;87;100;84;65;69;68;74;62;64;74;80,task:7;informational:37;navigational:17;commercial:31;transactional:8
Geladeiras e Freezers Elettromec,15,599,59;74;87;85;85;81;88;100;100;100;83;82,task:5;informational:34;navigational:35;commercial:8;transactional:18
Geladeiras Midea 347 litros,17,599,52;32;30;30;33;38;38;100;67;63;41;43,task:2;informational:46;navigational:5;commercial:25;transactional:22
Refrigeradores Visa Cooler,17,594,73;76;81;100;100;82;77;61;61;64;66;74,task:8;informational:58;navigational:5;commercial:23;transactional:6
Geladeiras automotivas,17,593,52;94;100;72;75;78;81;74;76;82;82;99,informational:54;navigational:1;commercial:25;transactional:20
Coolers para cervejeiras,16,591,53;84;86;86;86;91;93;100;100;96;96;98,task:7;informational:49;navigational:9;commercial:27;transactional:8
Prateleiras Brastemp,16,588,69;100;100;93;86;84;84;83;87;88;83;84,task:3;informational:31;navigational:38;commercial:15;transactional:13
Freezers Fricon 503 litros,18,585,37;45;46;44;37;47;46;41;88;100;46;46,task:3;informational:43;navigational:18;commercial:26;transactional:10
Geladeiras Brastemp 560 L,15,579,2;14;21;34;32;24;30;100;84;33;28;32,task:5;informational:52;navigational:11;commercial:12;transactional:20
Geladeiras de 150 litros,15,578,67;74;79;100;89;79;78;99;81;73;71;77,task:3;informational:50;navigational:1;commercial:38;transactional:8
Máquinas de gelo portáteis,17,574,41;59;62;57;48;51;60;100;82;86;100;100,task:10;informational:45;navigational:4;commercial:31;transactional:10
Geladeiras Continental,18,572,24;63;67;25;23;29;24;100;66;59;59;59,informational:50;navigational:30;commercial:17;transactional:3
Lâmpadas de Geladeira Consul e Frost Free,24,571,36;46;47;76;93;94;94;100;62;70;61;43,task:3;informational:61;navigational:4;commercial:25;transactional:7
Peças de Geladeira Brastemp/Consul,17,570,89;99;100;94;94;99;98;63;58;84;79;57,task:2;informational:44;navigational:15;commercial:14;transactional:25
Lâmpadas para geladeira,16,569,10;24;30;50;47;50;41;57;48;100;88;85,task:2;informational:54;navigational:2;commercial:36;transactional:6
Reparos de Refrigeração,16,568,58;79;80;77;85;95;75;84;100;100;89;89,task:17;informational:40;navigational:19;commercial:8;transactional:16
Brastemp: Geladeiras e Eletrodomésticos,17,568,61;96;100;62;67;43;42;98;76;80;43;43,task:5;informational:24;navigational:27;commercial:36;transactional:8
Freezers 145 litros Midea,16,568,91;99;100;66;65;73;79;86;80;82;77;79,task:2;informational:48;navigational:12;commercial:32;transactional:6
Organizadores de Freezer,16,566,52;85;100;84;55;56;58;60;57;57;73;73,task:2;informational:62;navigational:2;commercial:24;transactional:10
Geladeiras Electrolux RDE30/33,20,559,37;38;38;57;57;51;76;100;79;79;71;76,task:2;informational:48;navigational:22;commercial:22;transactional:6
Eletrodomésticos Vintage/Retro,15,557,54;76;81;75;83;95;93;97;100;100;100;99,task:3;informational:41;navigational:11;commercial:34;transactional:11
Refrigeração Multifrio Brasil,15,557,92;99;97;95;97;100;100;66;68;68;73;71,task:2;informational:37;navigational:42;commercial:11;transactional:8
Refrigeração e Assistência Técnica (Refritec),16,555,89;97;98;97;94;96;97;100;91;93;80;80,task:5;informational:48;navigational:21;commercial:20;transactional:6
Expositores de frigobar,16,551,48;65;66;66;66;70;84;100;100;84;85;84,task:10;informational:47;navigational:1;commercial:38;transactional:4
Geladeiras de 290 litros,15,550,7;98;100;19;20;17;26;23;17;43;37;43,task:4;informational:29;navigational:4;commercial:40;transactional:23
Mini Geladeiras para Cerveja,15,550,47;67;69;65;45;47;57;100;80;52;52;52,task:7;informational:45;navigational:1;commercial:36;transactional:11
Frigobar no Mercado Livre,15,548,29;83;100;71;58;65;56;64;53;57;52;53,task:1;informational:23;navigational:45;commercial:11;transactional:20
Geladeiras: preço e tamanho,17,548,15;58;65;42;47;45;42;100;57;29;26;30,informational:57;navigational:2;commercial:30;transactional:11
Aparelhos e Acessórios de Cozinha,15,545,6;33;44;36;36;39;28;100;85;78;92;70,task:3;informational:60;navigational:9;commercial:18;transactional:10
Pacotes de Refrigerante,17,541,41;100;98;84;84;75;62;56;56;97;61;60,task:8;informational:36;navigational:1;commercial:39;transactional:16
Freezers Inox,16,538,49;71;72;100;96;68;76;71;66;65;65;65,task:3;informational:45;navigational:4;commercial:37;transactional:11
Frigobar Philco 45L,15,534,9;38;45;28;12;12;12;100;90;50;45;45,task:3;informational:42;navigational:32;commercial:5;transactional:18
Refrigeração e Alimentos,16,534,31;40;41;39;41;46;46;100;85;48;48;54,task:3;informational:45;navigational:10;commercial:34;transactional:8
Praxis Eletrodomésticos,16,533,70;58;59;100;94;83;78;91;82;59;58;72,task:5;informational:48;navigational:23;commercial:13;transactional:11
Expositores e freezers de 2 portas,16,532,58;69;69;64;63;82;81;80;77;80;97;100,task:5;informational:29;navigational:4;commercial:54;transactional:8
Eletrodomésticos no Brasil,16,531,4;13;23;20;19;30;81;100;67;48;47;47,task:3;informational:56;navigational:4;commercial:29;transactional:8
Geladeiras 250 litros,15,530,11;63;81;51;50;40;44;100;53;54;50;57,task:7;informational:43;navigational:4;commercial:35;transactional:11
Freezers verticais de dupla função,17,528,35;45;47;42;62;72;67;72;85;94;100;97,task:7;informational:52;navigational:4;commercial:36;transactional:1
Frigobar Embutido e Inox,15,526,58;90;88;100;73;76;75;80;81;82;79;79,task:3;informational:50;navigational:11;commercial:28;transactional:8
Freezers 205 litros Midea,16,522,66;86;86;78;80;79;66;83;70;100;90;96,task:3;informational:33;navigational:17;commercial:34;transactional:13
Refrigeradores e cervejeiras Eisenbahn,17,522,78;86;89;77;73;91;89;97;86;100;92;63,task:5;informational:23;navigational:14;commercial:24;transactional:34
Máquinas de gelo Mondial,16,520,56;75;79;91;90;94;100;95;96;89;89;87,task:3;informational:37;navigational:17;commercial:29;transactional:14
Cerveja Gelada,17,519,34;45;45;41;47;49;36;99;100;95;71;83,task:7;informational:44;navigational:7;commercial:31;transactional:11
Adesivos e envelopamentos para geladeira,15,515,56;73;69;63;57;61;61;59;92;100;62;62,task:5;informational:56;navigational:2;commercial:28;transactional:9
Portas e Tampas de Geladeira Consul,21,514,89;98;100;97;97;100;100;84;82;90;87;86,task:2;informational:62;navigational:15;commercial:13;transactional:8
Peças Bosch para Geladeiras,21,512,70;82;84;74;62;62;63;93;93;91;91;100,informational:44;navigational:1;commercial:39;transactional:16
Tecno Eletrodomésticos,19,511,38;46;49;47;58;60;60;100;77;85;52;51,task:12;informational:40;navigational:11;commercial:30;transactional:7
Prateleiras de Geladeira Mabe,15,505,9;15;16;14;67;100;61;11;10;100;89;95,task:5;informational:53;navigational:11;commercial:22;transactional:9
Linhas frias e quentes para cozinhas,17,503,77;93;92;87;87;96;95;96;100;100;100;99,task:7;informational:63;navigational:4;commercial:22;transactional:4
Freezers verticais 231 L,16,503,14;83;97;74;71;46;38;97;95;100;36;51,informational:54;navigational:4;commercial:28;transactional:14
Geladeiras Consul no Mercado Livre,15,500,14;37;100;31;30;54;60;85;87;42;40;61,informational:18;navigational:55;commercial:11;transactional:16
Geladeira Solar,20,499,58;53;52;52;74;74;74;100;81;81;81;81,task:5;informational:59;navigational:2;commercial:30;transactional:4
Freezers 180 L Consul,19,498,42;25;28;24;23;23;24;100;50;77;63;43,task:10;informational:50;navigational:2;commercial:25;transactional:13
Fritadeiras MetalCubas,17,494,79;97;99;95;89;94;96;98;100;100;100;100,task:1;informational:23;navigational:48;commercial:17;transactional:11
Refrigeração em São Gonçalo e Região,15,494,38;42;43;43;52;53;52;57;77;100;72;99,informational:41;navigational:17;commercial:32;transactional:10
Capas para Freezer,15,490,34;50;54;49;48;64;52;85;73;97;91;100,task:3;informational:46;navigational:5;commercial:29;transactional:17
Geladeiras 320 litros,19,482,29;56;77;58;50;42;63;32;36;100;59;72,task:3;informational:38;navigational:4;commercial:49;transactional:6
Freezers e Geladeiras Self-Service,15,479,4;6;8;10;32;38;27;10;8;100;87;95,task:8;informational:35;navigational:25;commercial:26;transactional:6
Geladeiras de Inox,17,478,20;54;91;62;62;41;54;100;68;66;54;71,task:3;informational:51;navigational:4;commercial:31;transactional:11
Pan Eletrica,15,472,14;19;20;31;33;42;51;52;39;100;84;69,task:3;informational:39;navigational:40;commercial:13;transactional:5
Gabinetes Aerocool para PC Gamer,17,469,19;23;25;24;26;27;27;27;100;99;23;23,task:7;informational:36;navigational:11;commercial:18;transactional:28
Frigobar Brastemp Marsala,15,469,8;21;23;41;50;57;36;92;100;91;53;54,task:3;informational:51;navigational:18;commercial:16;transactional:12
Freezers Metalfrio bivolt (543/546 litros),18,468,20;37;48;43;51;57;41;100;75;84;73;42,task:2;informational:56;navigational:9;commercial:23;transactional:10
Fatiadores elétricos de frios,17,468,36;39;21;21;89;90;100;17;17;20;20;21,task:2;informational:39;navigational:4;commercial:43;transactional:12
Geladeiras com senha,15,467,4;87;88;49;40;76;59;100;57;72;58;59,task:3;informational:67;navigational:5;commercial:15;transactional:10
Frigobar Electrolux RE80,17,466,37;66;78;61;59;70;55;97;100;96;55;57,task:3;informational:57;navigational:11;commercial:18;transactional:11
Frigobar 90L e Refrigeradores Compactos,15,459,13;36;38;34;41;78;67;58;51;100;93;70,task:3;informational:51;navigational:2;commercial:42;transactional:2
Coolers e caixas térmicas 24L,17,456,72;88;89;87;83;91;94;97;100;94;94;95,task:7;informational:34;navigational:20;commercial:20;transactional:19
Geladeiras no Armazém Paraíba,18,454,46;95;100;51;42;48;48;100;65;48;48;49,task:2;informational:24;navigational:45;commercial:9;transactional:20
Geladeiras Electrolux no Mercado Livre,15,454,18;20;31;35;41;44;52;100;86;63;58;50,task:3;informational:20;navigational:40;commercial:11;transactional:26
Balcões Expositores Refrigerados,16,453,72;88;87;80;93;100;84;89;97;81;80;79,task:5;informational:51;navigational:6;commercial:28;transactional:10
Capital Refrigeração,16,450,78;98;88;87;84;91;89;88;98;100;100;98,task:3;informational:23;navigational:53;commercial:17;transactional:4
Gelo e Gela Sorvetes no Brasil,16,449,37;48;45;46;39;77;85;45;49;90;100;75,task:3;informational:50;navigational:20;commercial:15;transactional:12
Refrigeração em Piracicaba e Gaspar,15,446,58;73;73;65;72;73;72;97;100;86;84;89,task:3;informational:54;navigational:15;commercial:21;transactional:7
Geladeiras Velhas: ideias e usos,16,441,55;60;61;84;84;60;57;53;54;100;85;62,task:10;informational:70;navigational:5;commercial:12;transactional:3
Eletro Sol Brasil,16,437,21;66;64;31;57;51;39;64;54;100;91;48,task:3;informational:24;navigational:41;commercial:22;transactional:10
Freezers Electrolux de 200 L,18,435,95;62;66;100;55;55;53;73;80;99;84;96,task:2;informational:57;navigational:10;commercial:20;transactional:11
Refrigeração TemperFrio,15,433,63;77;80;74;73;77;77;86;99;100;98;99,task:3;informational:30;navigational:52;commercial:7;transactional:8
Coolers e Caixas Térmicas,18,431,55;60;60;100;71;76;73;41;40;42;42;40,task:2;informational:60;navigational:4;commercial:28;transactional:6
Conservação de Alimentos,15,430,76;85;85;84;80;82;83;94;100;100;100;100,task:1;informational:75;navigational:5;commercial:10;transactional:9
Geladeiras Philips,16,428,9;42;50;36;41;16;32;100;68;27;25;26,task:3;informational:44;navigational:12;commercial:18;transactional:23
Freezers para gelo,16,426,44;78;100;76;74;56;47;62;62;73;85;89,task:3;informational:51;navigational:1;commercial:34;transactional:11
Peças de Frio Reclame Aqui,16,425,78;97;99;94;85;82;82;88;88;89;100;98,task:3;informational:18;navigational:67;commercial:7;transactional:5
Refrigeração Central,15,424,56;63;66;65;68;72;72;80;82;82;100;100,task:10;informational:59;navigational:1;commercial:26;transactional:4
Geladeiras e Fogões no Magazine Luiza,15,424,33;78;100;79;79;47;47;33;34;50;43;47,task:1;informational:26;navigational:43;commercial:11;transactional:19
Geladeiras Frost Free Brasil,16,422,34;91;87;71;67;48;43;100;34;34;28;34,task:2;informational:39;navigational:12;commercial:31;transactional:16
Refrigeradores e freezers 450 litros,15,417,3;27;42;31;23;25;16;100;38;32;31;43,task:3;informational:49;commercial:40;transactional:8
Máquinas de gelo Philco,16,412,51;58;60;59;54;66;57;100;50;53;27;27,task:2;informational:43;navigational:15;commercial:16;transactional:24
Caixas térmicas e coolers 30L,15,412,65;81;81;80;90;96;100;82;82;89;82;83,task:10;informational:41;navigational:8;commercial:29;transactional:12
Coolers redondos para cerveja 24 latas,15,408,58;93;100;79;78;68;69;65;66;64;69;69,task:3;informational:36;navigational:1;commercial:45;transactional:15
Hoshizaki: Máquinas de gelo,17,403,49;54;57;50;49;58;62;53;100;96;96;96,task:2;informational:43;navigational:30;commercial:17;transactional:8
Climatização de Geladeiras 40 Litros,17,402,24;89;100;76;72;22;22;25;27;33;46;47,task:7;informational:50;navigational:7;commercial:26;transactional:10
Garrafa Frozen,16,402,31;60;57;64;64;67;72;37;38;72;100;85,task:7;informational:34;navigational:11;commercial:31;transactional:17
Expositores de vidro para geladeiras,15,400,74;34;37;35;41;44;59;32;31;100;95;98,task:5;informational:48;navigational:5;commercial:29;transactional:13
Friotec Refrigeração e Climatização,17,398,61;91;93;88;74;80;79;100;97;100;77;76,task:3;informational:25;navigational:42;commercial:23;transactional:7
Freezers Verticais 300L,16,397,30;51;60;46;42;48;57;100;56;37;37;35,task:5;informational:62;navigational:10;commercial:20;transactional:3
Freezers e Conservadores Verticais,17,396,39;67;74;49;68;97;100;59;51;52;52;94,task:3;informational:59;navigational:4;commercial:28;transactional:6
Coolers de gelo,16,391,31;42;46;43;53;64;65;99;100;83;83;83,task:4;informational:60;navigational:2;commercial:26;transactional:8
Cervejeiras Gelopar 230L,18,388,67;70;70;68;65;66;66;100;49;49;49;49,task:5;informational:35;navigational:24;commercial:30;transactional:6
Refrigerantes Gelados,18,387,96;100;98;59;59;66;65;70;65;71;79;70,task:5;informational:70;navigational:7;commercial:8;transactional:10
Conserto de geladeiras em Contagem,15,386,20;24;28;27;24;22;22;23;24;51;91;100,task:13;informational:12;navigational:3;commercial:47;transactional:25
Coolers Retrô e Vintage,17,384,40;95;100;55;72;71;71;83;81;93;85;59,task:7;informational:40;navigational:4;commercial:33;transactional:16
Freezers de 295 litros,16,384,41;51;63;50;47;49;100;30;30;73;85;98,task:3;informational:45;navigational:1;commercial:40;transactional:11
Refrigeração Águias,19,382,96;99;100;79;42;43;43;60;46;66;60;51,task:2;informational:53;navigational:35;commercial:8;transactional:2
Pés e suportes para frigobar,15,381,47;62;60;65;71;57;54;100;63;59;56;66,task:17;informational:33;navigational:1;commercial:38;transactional:11
Conserto de Geladeiras RJ,16,381,27;29;30;29;32;33;32;100;61;65;30;29,task:10;informational:28;navigational:1;commercial:47;transactional:14
Freezers verticais Frost Free 234 litros,17,380,17;33;57;41;49;46;34;100;84;95;37;46,task:7;informational:39;navigational:6;commercial:31;transactional:17
Hiperfrio Refrigeração,16,378,52;76;83;67;63;48;48;100;69;46;46;44,task:2;informational:46;navigational:32;commercial:17;transactional:3
Ar Condicionado e Refrigeração em Americana,15,377,20;81;100;38;71;61;63;39;31;31;45;61,task:3;informational:28;navigational:17;commercial:47;transactional:5
Refrigeração Industrial e Equipamentos,16,375,54;49;51;52;54;56;55;100;99;99;100;100,task:1;informational:52;navigational:8;commercial:33;transactional:6
Congelados Faleiro,16,374,77;90;97;89;93;93;94;100;100;98;98;99,task:3;informational:37;navigational:38;commercial:13;transactional:9
Geladeiras 430 litros Frost Free,17,372,30;91;100;80;73;58;58;92;72;90;38;48,task:3;informational:47;navigational:7;commercial:36;transactional:7
Organizadores de Geladeira em Acrílico,15,372,48;90;86;79;43;44;100;45;46;45;45;88,task:3;informational:62;navigational:1;commercial:25;transactional:9
Estufas e vitrines comerciais,15,369,95;100;100;100;97;99;99;100;68;100;68;68,task:2;informational:53;navigational:4;commercial:31;transactional:10
Sistemas de água gelada e refrigeração,17,368,96;96;97;97;97;97;97;97;97;100;100;100,task:5;informational:83;navigational:5;commercial:5;transactional:2
Geladeiras Electrolux,16,367,23;24;23;79;97;44;90;31;32;100;88;94,task:3;informational:50;navigational:18;commercial:15;transactional:14
Fechaduras e Travas para Freezer,16,367,16;37;39;38;38;41;42;100;80;46;42;45,task:10;informational:55;navigational:1;commercial:30;transactional:4
Mix de Eletrodomésticos,15,366,7;100;93;83;83;61;43;56;36;57;54;57,task:3;informational:42;navigational:4;commercial:43;transactional:8
Geladeiras para cerveja,18,364,73;83;85;82;98;81;100;56;56;60;61;67,task:2;informational:49;navigational:5;commercial:36;transactional:8
Frigideiras e conjuntos antiaderentes,18,361,72;95;93;90;82;88;100;94;93;89;89;91,task:3;informational:43;navigational:4;commercial:33;transactional:17
Arte Frio Refrigeração,16,360,49;83;83;76;77;69;67;100;74;75;77;78,task:3;informational:24;navigational:46;commercial:20;transactional:7
Rodas para Freezer,16,359,32;35;37;36;36;38;38;59;53;93;86;100,task:10;informational:27;navigational:2;commercial:40;transactional:21
Gabinetes Lian Li Lancool,15,358,10;21;20;18;26;16;21;18;100;37;30;17,informational:54;navigational:18;commercial:18;transactional:10
Friolar Peças e Refrigeração,15,357,54;69;68;67;70;96;93;91;99;100;94;93,task:3;informational:20;navigational:47;commercial:25;transactional:5
Frigobares Magalu,15,357,65;84;84;81;74;73;68;80;89;99;100;91,task:3;informational:30;navigational:34;commercial:12;transactional:21
Frutas Congeladas,15,357,45;57;56;52;52;57;55;100;57;67;57;79,task:3;informational:61;navigational:8;commercial:20;transactional:8
Refrigeração em São José dos Pinhais,15,355,21;92;100;63;62;67;58;30;30;31;50;77,task:7;informational:38;navigational:3;commercial:47;transactional:5
Geladeiras Liebherr,15,352,10;12;14;22;100;80;53;30;21;62;45;84,task:3;informational:43;navigational:12;commercial:15;transactional:27
Eletrodomésticos Star Wars Darth Vader,17,351,32;85;100;73;71;71;84;24;23;89;53;63,task:3;informational:47;navigational:5;commercial:28;transactional:17
Geladeiras Brastemp no Amazon,16,350,27;37;38;100;100;90;87;53;49;49;47;47,informational:44;navigational:41;commercial:5;transactional:10
Frigobar Brastemp Rosa e Dourado,16,350,22;100;90;84;83;27;26;94;25;27;25;25,task:3;informational:41;navigational:18;commercial:27;transactional:11
Borges Eletrodomésticos,15,348,8;8;9;17;18;17;33;100;64;47;50;24,task:2;informational:18;navigational:53;commercial:22;transactional:5
Balcões Refrigerados Polar,15,343,20;21;22;19;18;18;18;19;19;100;87;92,task:3;informational:32;navigational:35;commercial:26;transactional:4
Refrigeração Refricenter Brasil,15,343,41;72;75;100;58;71;69;72;70;79;81;81,task:3;informational:12;navigational:70;commercial:10;transactional:5
Geladeiras e freezers Budweiser,16,342,15;19;20;26;29;19;49;53;59;100;90;30,task:3;informational:33;navigational:1;commercial:52;transactional:11
Caixas Térmicas e Freezers,15,339,53;84;100;65;72;65;76;79;81;63;63;64,task:2;informational:53;navigational:4;commercial:35;transactional:6
Caixas Térmicas e Coolers 5L,17,339,60;100;97;82;79;64;63;65;66;82;67;67,task:3;informational:44;navigational:11;commercial:31;transactional:11
Gastronomia e Equipamentos,17,330,83;99;99;90;87;99;100;86;73;84;83;73,task:8;informational:50;navigational:7;commercial:31;transactional:4
Geladeiras Electrolux IW43S,15,329,4;4;5;4;54;41;35;100;83;17;16;21,task:3;informational:42;navigational:32;commercial:12;transactional:11
Freezers nas Lojas Americanas,15,327,17;60;82;36;36;63;70;59;80;100;38;48,task:3;informational:27;navigational:34;commercial:11;transactional:25
Suportes para Freezers,15,322,15;60;71;100;56;70;53;62;58;70;61;70,task:7;informational:47;navigational:5;commercial:27;transactional:14
Refresqueiras e Suqueiras: Máquinas de Bebidas,15,319,68;89;95;87;98;100;78;82;90;90;91;87,task:3;informational:55;navigational:5;commercial:24;transactional:13
Frigobar Consul na Magazine Luiza,15,319,6;28;47;22;22;13;11;32;19;85;70;100,task:3;informational:40;navigational:39;commercial:8;transactional:10
Compressores e motores de geladeira Embraco,21,318,64;96;100;95;92;90;89;73;76;90;99;100,task:10;informational:68;navigational:1;commercial:16;transactional:5
Refrigeração e conserto de geladeiras em Taguatinga,15,317,22;29;31;31;30;85;98;71;45;66;72;100,task:7;informational:23;navigational:11;commercial:36;transactional:23
Geladeiras GE Frost Free 410/450 com Smart Fresh,15,316,85;92;100;63;61;62;67;60;59;76;52;52,task:2;informational:69;navigational:2;commercial:19;transactional:8
Geladeiras compactas Multilaser,16,314,17;41;43;19;18;19;17;16;17;100;91;18,task:3;informational:57;navigational:1;commercial:26;transactional:13
Geladeiras Slim Expositoras,17,312,53;72;79;66;59;60;59;86;90;100;53;53,task:7;informational:40;navigational:4;commercial:38;transactional:11
Geladeiras Brastemp Bre59,16,309,14;21;23;21;51;59;23;30;74;100;26;27,task:3;informational:39;navigational:26;commercial:15;transactional:17
Refrigeração e Peças Refrilar,16,305,46;50;53;54;53;53;53;54;53;47;47;100,task:3;informational:29;navigational:41;commercial:22;transactional:5
Geladeiras Electrolux Antigas,17,304,43;54;58;46;61;64;62;79;70;91;83;100,task:3;informational:55;navigational:12;commercial:20;transactional:10
Geladeiras e Eletrodomésticos Brasil,16,304,17;58;62;44;37;33;33;100;65;17;17;18,task:2;informational:62;navigational:10;commercial:23;transactional:3
Clima e Refrigeração,15,303,78;36;40;41;41;42;43;48;49;100;67;70,task:2;informational:67;navigational:16;commercial:12;transactional:3
Geladeiras Consul Frost Free 342L,20,298,15;36;40;33;33;31;27;36;86;100;20;23,task:4;informational:37;navigational:28;commercial:25;transactional:6
Geladeiras Azuis Retrô,15,297,60;93;100;88;87;90;90;67;69;93;91;90,task:3;informational:47;navigational:11;commercial:29;transactional:10
Star Ar Condicionado e Refrigeração,15,297,53;53;53;55;35;36;36;41;94;100;38;37,task:3;informational:18;navigational:34;commercial:37;transactional:8
Portas frigoríficas para câmaras frias,16,289,73;92;90;88;87;90;91;87;98;100;89;89,task:3;informational:43;navigational:5;commercial:48;transactional:1
Freezers para Açaí,17,289,37;49;48;70;76;100;81;40;40;36;35;82,task:3;informational:57;navigational:1;commercial:28;transactional:11
Refrigeração Comercial e Equipamentos,15,289,93;93;94;94;100;100;99;98;32;33;31;31,task:3;informational:65;navigational:4;commercial:22;transactional:6
Micro-ondas Ponto Frio 30L,15,283,21;42;45;44;37;28;83;100;69;38;34;35,informational:38;navigational:35;commercial:11;transactional:16
Geladeiras Electrolux DB44,17,283,8;66;63;52;51;16;21;100;68;19;18;17,informational:47;navigational:28;commercial:21;transactional:4
Ventiladores e motores de refrigeração,17,283,56;81;85;74;75;83;79;68;66;100;72;85,task:10;informational:63;navigational:3;commercial:21;transactional:3
Lousas magnéticas para geladeira,17,282,46;100;93;57;52;56;64;48;47;88;82;44,task:1;informational:28;navigational:35;commercial:29;transactional:7
Geladeiras e Freezers 260 litros,15,280,11;92;100;43;36;25;42;41;29;32;27;34,task:3;informational:46;navigational:11;commercial:30;transactional:10
peças para geladeira Brastemp,18,277,71;97;100;87;87;89;89;86;86;90;82;85,task:7;informational:32;navigational:8;commercial:23;transactional:30
Dobradiças de Geladeira Electrolux,18,275,36;44;46;42;50;50;49;100;75;78;73;73,task:3;informational:49;navigational:5;commercial:27;transactional:16
Freezers Artico,15,275,37;51;51;48;68;77;100;49;39;41;52;52,task:1;informational:53;navigational:18;commercial:22;transactional:6
placas magnéticas,19,273,33;41;41;38;36;34;35;35;36;100;87;57,task:3;informational:53;navigational:11;commercial:27;transactional:6
Conela Refrigeração,15,273,12;13;14;13;18;17;15;14;14;100;80;46,task:3;informational:18;navigational:67;commercial:7;transactional:5
Lancheiras Térmicas e Garrafas,17,273,80;96;100;84;73;77;75;68;69;74;70;72,task:2;informational:66;navigational:4;commercial:22;transactional:6
Coldres para G2C,15,273,77;92;95;93;96;100;97;98;98;98;98;98,task:13;informational:66;navigational:5;commercial:9;transactional:7
Bocadinho Refeições Congeladas,15,272,47;55;56;56;49;100;74;61;62;54;55;54,task:3;informational:18;navigational:53;commercial:11;transactional:15
Refrigeração RC,15,270,49;76;74;71;73;79;77;100;100;95;93;92,informational:53;navigational:23;commercial:20;transactional:4
Refrigeradores com adega,15,269,68;95;94;87;87;78;74;90;87;100;98;96,task:3;informational:61;navigational:1;commercial:31;transactional:4
Gelomaq Refrigeração e Peças,15,268,53;74;80;82;92;93;85;100;94;89;89;89,task:3;informational:29;navigational:52;commercial:8;transactional:8
Frigobar Midea Retrô,15,268,34;52;56;48;66;100;73;40;43;42;46;49,task:1;informational:45;navigational:20;commercial:20;transactional:14
Imãs de Biscuit para Geladeira,16,267,54;68;67;65;82;100;86;90;82;61;54;54,task:10;informational:53;navigational:1;commercial:30;transactional:6
Trocadores de Calor e Chillers para Cerveja Caseira,17,267,39;40;44;60;59;59;59;100;100;100;100;100,task:3;informational:60;navigational:4;commercial:27;transactional:6
Frigel e frios no Brasil,15,267,23;53;49;44;44;100;66;30;30;27;27;29,task:3;informational:54;navigational:26;commercial:8;transactional:9
Geladeiras inverse frost free pretas,16,266,4;39;50;12;15;25;30;100;58;20;18;21,task:3;informational:28;navigational:11;commercial:47;transactional:11
Interfrio Refrigeração,15,265,36;42;45;43;43;44;44;45;92;100;50;49,informational:41;navigational:33;commercial:23;transactional:3
Congelados da Sonia,15,264,43;92;100;94;50;53;50;68;49;52;50;53,task:3;informational:30;navigational:56;commercial:7;transactional:4
Magazine do Frio e Refrigeração,15,262,14;21;26;26;26;45;100;22;22;21;22;23,task:3;informational:45;navigational:24;commercial:11;transactional:17
Frigobar 127 litros,15,260,6;33;40;40;27;25;61;100;66;43;30;29,task:13;informational:40;navigational:4;commercial:35;transactional:8
Câmaras frias portáteis,16,260,79;100;98;96;91;95;92;77;77;77;77;77,task:3;informational:42;navigational:7;commercial:37;transactional:11
Compressores de Geladeira Brastemp,16,259,60;77;82;91;98;100;98;75;74;80;76;76,task:2;informational:83;navigational:5;commercial:8;transactional:2
Geladeiras Frost Free 275L Consul,17,257,20;27;29;26;26;27;26;100;90;49;39;29,task:7;informational:44;navigational:4;commercial:34;transactional:11
Mega Elétrica e Eletro,15,257,32;81;95;79;82;75;62;47;48;86;100;93,task:3;informational:18;navigational:48;commercial:19;transactional:12
Electrolux DF54: Geladeira e moedor de café,16,254,17;32;46;36;37;44;28;100;55;43;38;32,task:3;informational:67;navigational:5;commercial:18;transactional:7
Refrigeração Laboratorial,16,254,82;83;88;89;92;100;98;90;82;82;87;86,task:2;informational:60;navigational:4;commercial:28;transactional:6
Balcões Refrigerados em Inox,15,250,78;90;94;92;94;92;94;88;93;91;98;100,task:7;informational:46;navigational:4;commercial:32;transactional:11
Adegas com Coolers,15,242,43;72;83;59;87;75;66;77;66;100;90;100,task:7;informational:53;navigational:5;commercial:23;transactional:12
Geladeiras de 270 litros,17,239,11;70;100;68;66;45;44;84;58;22;19;26,task:7;informational:42;navigational:4;commercial:36;transactional:11
Maquinas de Gelo Impomac,17,235,57;95;100;88;73;75;62;54;55;55;55;55,task:2;informational:44;navigational:33;commercial:7;transactional:14
Nichos para Geladeira,15,234,76;93;100;77;76;78;78;81;79;79;79;78,task:3;informational:58;navigational:4;commercial:28;transactional:7
Imã de Geladeira com Calendário,16,233,60;64;64;63;63;65;100;100;55;84;55;59,task:5;informational:60;navigational:15;commercial:12;transactional:8
Coldres para colete modular,16,232,77;87;89;87;85;89;89;100;100;93;93;96,task:10;informational:64;navigational:5;commercial:18;transactional:3
Refrigeração Polo Frio,15,230,34;44;46;42;42;44;100;96;100;56;57;55,task:3;informational:48;navigational:34;commercial:10;transactional:5
geladeiras brancas frost free,15,228,17;90;92;30;47;46;50;100;77;31;29;36,informational:47;navigational:4;commercial:35;transactional:14
Coldres e Sabres,15,227,76;85;87;78;83;82;83;98;100;90;91;94,task:7;informational:47;navigational:12;commercial:14;transactional:20
Ordenhadeiras móveis de leite,16,222,19;24;24;24;23;100;69;62;47;25;25;27,task:3;informational:63;navigational:1;commercial:20;transactional:13
Borrachas para Geladeiras,15,222,9;12;14;17;25;62;80;35;22;100;83;95,task:7;informational:47;navigational:8;commercial:28;transactional:10
Freezers verticais frost free 121 litros,15,221,14;70;100;81;41;24;20;75;55;48;47;54,task:7;informational:48;navigational:5;commercial:30;transactional:10
Gabinetes com Water Cooling,17,219,14;37;46;24;24;28;21;35;100;21;21;20,task:5;informational:53;navigational:4;commercial:32;transactional:6
Estrela Frios,15,218,59;65;66;65;83;86;85;91;100;89;90;89,task:3;informational:38;navigational:29;commercial:12;transactional:18
Despensa vertical na cozinha,16,218,70;91;93;81;69;79;61;100;90;67;68;73,task:17;informational:53;navigational:4;commercial:19;transactional:7
Manutenção de Chillers,15,215,35;36;37;37;37;37;37;38;100;100;100;100,task:4;informational:80;navigational:5;commercial:7;transactional:4
Conserto de Geladeira em BH,15,214,100;47;72;61;60;58;61;86;72;86;49;50,task:5;informational:43;navigational:9;commercial:34;transactional:9
Garrafa Térmica Hauskraft,15,211,77;76;75;81;72;70;69;93;100;86;86;89,task:7;informational:41;navigational:18;commercial:24;transactional:10
Freezers de cerveja usados,16,211,38;46;50;84;80;40;38;100;89;35;35;35,task:5;informational:50;navigational:5;commercial:25;transactional:15
Refrigeração JC,15,211,75;93;91;96;91;100;97;98;99;98;99;98,task:7;informational:18;navigational:27;commercial:40;transactional:8
sanduicheira eletrica Magalu,16,211,45;57;61;55;69;60;57;54;53;99;100;69,task:3;informational:23;navigational:36;commercial:15;transactional:23
Freezers Gelopar com tampas de vidro,15,210,59;71;75;67;60;62;62;100;60;60;60;60,task:3;informational:25;navigational:14;commercial:40;transactional:18
Frigobares Consul Retrô,15,200,16;63;83;46;46;53;39;100;89;41;30;30,task:3;informational:52;navigational:18;commercial:12;transactional:15
Refrigeração Teixeira — Volta Redonda,15,198,25;29;29;30;30;100;100;27;28;47;34;36,task:3;informational:21;navigational:40;commercial:31;transactional:5
Portas para frigobar,15,196,26;62;76;90;90;82;50;80;57;100;94;91,task:10;informational:37;navigational:11;commercial:28;transactional:14
Peças e Serviços de Refrigeração,15,196,46;59;57;79;85;94;100;88;73;50;50;50,task:5;informational:53;navigational:15;commercial:12;transactional:15
Refrigeração Amaral,16,196,28;30;33;57;57;33;32;100;96;42;42;41,task:3;informational:33;navigational:41;commercial:19;transactional:4
Geladeiras de 350 litros,15,196,15;78;100;69;58;37;61;87;60;21;21;24,task:3;informational:45;commercial:47;transactional:5
Peças de Chiller,15,195,62;71;75;83;86;77;78;91;95;99;97;100,task:7;informational:38;navigational:33;commercial:10;transactional:12
Frigobar Brastemp Retrô Dourado,15,190,8;24;24;100;29;17;12;77;67;38;26;26,task:3;informational:28;navigational:26;commercial:23;transactional:20
Tecnofrio Refrigeração,15,187,55;65;65;66;73;100;96;100;91;80;81;80,task:3;informational:18;navigational:56;commercial:18;transactional:5
Mondelli Brasil,16,185,40;56;69;55;100;98;67;92;71;67;57;71,task:3;informational:32;navigational:46;commercial:8;transactional:11
Pés de Geladeira Continental 460 L,15,181,7;37;43;32;17;9;18;45;67;100;26;26,task:9;informational:35;navigational:21;commercial:14;transactional:21
Refrigeração Pinguim,15,181,79;90;96;94;94;97;97;98;96;100;100;100,task:3;informational:28;navigational:34;commercial:31;transactional:4
Coolers e caixas térmicas 35L,15,179,9;12;14;13;14;100;93;19;24;50;52;54,task:3;informational:49;navigational:4;commercial:33;transactional:11
Liquidificadores Spolu,16,179,17;73;100;53;49;42;31;42;33;23;23;22,task:3;informational:37;navigational:28;commercial:11;transactional:21
Geladeiras industriais 6 portas,15,178,92;100;97;95;85;88;89;89;99;100;93;92,task:3;informational:32;navigational:1;commercial:46;transactional:18
Geladeira LG com dispenser de água,16,177,14;44;53;71;80;76;35;100;83;60;53;57,task:7;informational:51;navigational:11;commercial:12;transactional:19
Chaleiras Elétricas Magalu,15,175,18;24;26;30;29;25;22;100;74;27;26;27,task:6;informational:28;navigational:28;commercial:15;transactional:23
Freezers horizontais Hisense 198 L,15,175,8;84;98;55;55;59;63;34;69;100;33;33,task:10;informational:57;navigational:2;commercial:18;transactional:13
Geladeiras Consul 360 litros,18,175,16;23;27;21;34;30;50;100;62;30;30;21,task:3;informational:38;navigational:23;commercial:31;transactional:5
Conserto de Geladeiras em São Paulo,15,174,69;79;84;85;75;89;92;77;95;96;87;100,task:3;informational:24;commercial:58;transactional:15
Expositores de frios e laticínios,16,173,64;79;82;71;88;100;97;71;72;73;71;71,task:3;informational:60;navigational:8;commercial:23;transactional:6
Geladeiras Portáteis de 18 Litros,16,171,32;100;98;37;36;38;43;36;36;53;46;32,task:3;informational:45;navigational:1;commercial:34;transactional:17
Refrigeração em Passo Fundo,15,169,12;100;100;60;70;48;18;15;16;24;24;38,task:3;informational:45;navigational:17;commercial:31;transactional:4
Conserto de Geladeiras em Brasília,15,168,17;51;60;44;44;33;37;100;61;50;60;59,task:3;informational:18;navigational:40;commercial:34;transactional:5
Geladeiras para restaurantes e lanchonetes,16,167,39;61;65;56;43;44;41;70;60;100;82;87,task:3;informational:53;navigational:4;commercial:32;transactional:8
Frigobares no Varejo Online Brasil,15,164,8;77;100;59;52;66;57;93;70;28;37;35,task:3;informational:38;navigational:19;commercial:18;transactional:22
Organizadores de latas para geladeira,16,162,77;100;95;86;83;78;79;69;69;90;90;69,task:10;informational:40;navigational:5;commercial:26;transactional:19
Total Frio Refrigeração,16,161,78;86;90;88;90;93;100;86;88;88;88;88,task:3;informational:23;navigational:42;commercial:22;transactional:10
Tampas de Geladeira Brastemp,17,160,39;49;63;48;49;52;48;78;66;100;77;81,task:10;informational:27;navigational:25;commercial:17;transactional:21
Frio e Refrigeração,15,159,100;44;45;45;43;44;44;45;46;63;58;55,task:8;informational:63;navigational:4;commercial:17;transactional:8
TecLar Climatização,15,158,12;74;73;28;30;24;98;100;69;31;28;28,task:7;informational:24;navigational:34;commercial:31;transactional:4
Conserto de Geladeiras Recife,15,158,62;81;80;72;72;87;94;100;70;75;82;87,task:3;informational:24;navigational:46;commercial:22;transactional:5
Refrisat Refrigeração,17,157,69;75;76;75;75;77;77;77;96;100;80;81,task:1;informational:37;navigational:40;commercial:5;transactional:17
Eletrodomésticos Antigos,16,156,26;27;28;86;86;100;82;96;72;40;39;39,task:2;informational:49;navigational:9;commercial:36;transactional:4
Placas de Geladeira Panasonic,16,155,46;57;58;53;87;84;56;100;73;56;53;55,task:7;informational:47;navigational:5;commercial:23;transactional:18
Freezers com chave 419 litros,16,155,41;89;100;42;38;39;54;94;81;86;72;80,task:13;informational:31;navigational:1;commercial:44;transactional:11
Refrigeração e conserto de geladeiras em Bragança Paulista,15,154,12;14;16;15;22;34;20;100;47;19;26;33,task:7;informational:23;navigational:4;commercial:50;transactional:16
Envelopamento de geladeira Flamengo,16,154,19;28;35;33;71;70;51;94;100;54;43;66,task:3;informational:51;navigational:28;commercial:5;transactional:13
Geladeiras Dometic,15,152,43;61;63;62;61;100;87;66;70;83;79;74,task:7;informational:47;navigational:18;commercial:18;transactional:10
Conserto de Geladeiras em Florianópolis e Palhoça,15,149,44;63;58;51;64;63;66;93;100;84;72;83,task:3;informational:22;navigational:33;commercial:37;transactional:5
Equipamentos e Refrigeração,15,147,43;47;50;97;100;59;55;68;63;53;54;53,task:3;informational:45;navigational:34;commercial:10;transactional:8
Refrigeração Gomes,15,146,72;79;79;83;82;80;80;92;90;83;83;100,task:3;informational:28;navigational:34;commercial:31;transactional:4
Conserto e Refrigeração em Juiz de Fora,15,146,15;87;100;84;21;20;19;21;24;23;23;22,task:3;informational:32;navigational:14;commercial:46;transactional:5
Frigobar 45L e Geladeiras 45L,16,146,5;10;13;10;29;30;24;100;79;14;13;14,task:1;informational:49;navigational:4;commercial:33;transactional:13
Fabricio Refrigeração e Utensílios,15,146,53;77;78;75;58;58;58;61;80;83;100;90,task:7;informational:11;navigational:67;commercial:10;transactional:5
Máquinas e Refrigeração no Brasil,15,144,42;74;76;86;70;100;90;51;43;25;25;28,task:7;informational:70;navigational:5;commercial:11;transactional:7
Frases adesivas para geladeira,15,143,34;38;42;90;100;74;74;46;46;90;49;49,task:8;informational:65;navigational:7;commercial:15;transactional:5
Frigobar com Termostato Digital,16,143,7;78;100;61;65;25;55;26;24;34;31;37,task:3;informational:70;navigational:5;commercial:19;transactional:3
Geladeiras OLX Manaus,15,142,20;47;100;67;77;28;28;54;58;88;65;62,task:4;informational:6;navigational:82;commercial:2;transactional:6
Manutenção de Refrigeração,15,140,52;55;60;62;66;67;68;100;71;71;71;71,task:10;informational:38;commercial:40;transactional:12
Conserto de Geladeiras de Caminhão,15,139,96;96;96;100;100;100;100;99;100;100;99;99,task:7;informational:48;navigational:11;commercial:16;transactional:18
Prateleiras para Câmara Fria,15,139,46;57;60;70;73;63;65;55;56;100;87;56,task:7;informational:42;navigational:11;commercial:36;transactional:4
Refrigeração e Equipamentos Big Frio,15,137,55;63;68;73;76;79;77;79;100;100;100;100,task:3;informational:29;navigational:41;commercial:13;transactional:14
Brasfrio Refrigeração,15,137,65;70;73;72;72;100;96;76;76;76;77;76,task:3;informational:39;navigational:34;commercial:20;transactional:4
Refrigeração Reconfrio,16,136,76;82;84;84;84;86;86;92;100;100;100;100,task:3;informational:12;navigational:67;commercial:10;transactional:8
Conserto de Geladeiras em Curitiba,15,135,59;55;61;60;56;58;59;67;99;100;82;80,task:7;informational:18;navigational:13;commercial:47;transactional:15
Fritadeiras Lenoxx,16,134,79;95;99;87;77;100;95;85;83;78;81;79,task:7;informational:28;navigational:34;commercial:22;transactional:9
Refrigeração Turbo Set 90,15,134,76;77;79;99;98;98;98;96;97;99;100;98,task:5;informational:48;navigational:25;commercial:10;transactional:12
Refrigeração e Eletroeletrônicos,16,132,31;35;34;29;29;32;32;26;26;100;28;27,task:5;informational:45;navigational:4;commercial:37;transactional:9
Climação e Refrigeração,15,130,82;76;80;79;95;100;99;51;52;52;52;52,task:4;informational:47;navigational:1;commercial:23;transactional:25
Refrigeração Banfrio,15,126,23;25;27;93;56;100;96;69;55;28;28;28,task:3;informational:18;navigational:60;commercial:10;transactional:9
Máquinas de Sorvete Fort Frio,15,123,70;85;92;79;79;81;82;100;94;92;88;75,task:3;informational:42;navigational:21;commercial:26;transactional:8
Refrigeração São Rafael,15,121,54;55;67;67;65;64;64;72;72;67;67;100,task:3;informational:23;navigational:58;commercial:9;transactional:7
Delfrio Refrigeração,15,120,36;36;39;42;100;64;55;57;55;43;43;43,task:3;informational:32;navigational:42;commercial:12;transactional:11
Geladeiras e Expositores 5 Portas,15,119,30;63;80;59;100;85;84;39;38;34;34;34,task:7;informational:44;navigational:1;commercial:39;transactional:9
Conserto de Geladeiras no Rio de Janeiro,15,118,33;39;41;36;72;54;45;94;63;98;87;100,task:3;informational:28;navigational:4;commercial:47;transactional:18
Tupperware porta frios,15,117,37;42;44;39;39;38;41;92;100;36;35;37,task:7;informational:30;navigational:18;commercial:28;transactional:17
Expositores e vitrines para sorvete e gelato,16,117,25;27;30;31;36;70;100;47;45;26;27;26,task:3;informational:53;navigational:4;commercial:35;transactional:5
Baldes de gelo com pegador,15,116,7;10;12;60;76;95;85;94;100;44;32;40,task:3;informational:60;navigational:5;commercial:22;transactional:10
Reparo de geladeiras em Cachoeirinha,15,113,17;86;92;25;25;25;21;21;22;95;100;44,task:5;informational:15;navigational:43;commercial:27;transactional:10
Lancheiras Térmicas Infantis,15,112,34;61;100;90;66;54;73;41;40;42;42;42,task:13;informational:45;navigational:11;commercial:18;transactional:13
Glacial Refrigeração e Peças,15,112,21;22;23;21;35;20;20;20;24;24;100;27,task:3;informational:21;navigational:41;commercial:31;transactional:4
Refrigeração: Freezers Refrimate,16,112,30;63;45;40;53;51;32;100;78;32;32;32,task:3;informational:64;navigational:10;commercial:16;transactional:7
Refrigeração Refrimar,17,111,28;29;32;100;34;36;32;36;37;37;37;37,task:1;informational:40;navigational:39;commercial:18;transactional:2
FG Refrigeração e Equipamentos,15,106,66;73;75;100;76;75;74;89;98;94;86;86,task:7;informational:21;navigational:37;commercial:27;transactional:8
Frigelar Bebedouros,15,103,17;63;83;31;48;55;86;80;77;100;80;70,task:3;informational:31;navigational:26;commercial:18;transactional:22
Geladeiras comerciais 2 portas,15,100,40;43;46;45;45;100;78;81;70;41;41;41,task:3;informational:30;navigational:8;commercial:44;transactional:15
Frio Sul Refrigeração,15,98,14;15;16;15;15;16;16;100;62;15;15;15,task:3;informational:15;navigational:34;commercial:40;transactional:8
Vitrines Refrigeradas Gelopar,15,98,31;34;38;34;34;100;69;35;35;35;35;35,task:4;informational:38;navigational:25;commercial:20;transactional:13
Cervejeiras Gelopar 400-410 litros,15,96,17;18;19;41;47;31;26;17;18;100;91;17,task:10;informational:49;navigational:4;commercial:33;transactional:4
Geladeiras Comerciais,15,96,44;45;54;48;42;43;100;52;51;44;44;53,task:1;informational:51;navigational:4;commercial:32;transactional:12
Refrigeração Real,15,95,86;90;100;99;95;96;97;90;96;96;96;96,task:3;informational:49;navigational:18;commercial:25;transactional:5
Câmaras Frias com Porta de Vidro,15,91,30;36;38;38;39;41;78;51;52;100;82;41,task:7;informational:45;navigational:1;commercial:33;transactional:14
Bancadas Refrigeradas,15,87,26;68;100;89;85;98;30;58;64;31;31;31,task:10;informational:53;navigational:2;commercial:30;transactional:5
Jet Frio Refrigeração,15,86,12;13;14;13;14;100;69;29;24;16;16;16,task:3;informational:18;navigational:70;commercial:4;transactional:5
Conserto de Geladeiras em São José dos Campos,15,86,36;57;59;80;80;40;40;100;69;45;44;44,task:3;informational:35;navigational:3;commercial:47;transactional:12
Geladeiras para Açougues,16,85,28;30;33;34;28;28;100;26;26;26;26;26,task:5;informational:32;navigational:1;commercial:50;transactional:12
Câmaras frias para gelo,16,84,79;89;91;87;87;100;96;90;84;84;84;84,task:7;informational:49;navigational:4;commercial:32;transactional:8
Refrigeração em Santa Maria,15,82,12;93;91;35;34;41;42;100;51;17;20;18,task:3;informational:58;navigational:4;commercial:30;transactional:5
Refrigeração Vieira,15,81,78;91;99;100;96;93;95;85;97;97;97;97,task:7;informational:37;navigational:17;commercial:31;transactional:8
Refrigeração Comercial Videfrigo,15,80,62;64;67;70;70;71;71;100;90;69;69;69,informational:28;navigational:58;commercial:11;transactional:3
Congel Contabilidade e Refrigeração,15,78,29;100;92;53;53;48;41;29;29;29;29;29,task:3;informational:28;navigational:43;commercial:20;transactional:6
Refrigeração Poços de Caldas,15,78,71;79;92;94;86;88;85;88;86;85;85;100,task:4;informational:34;navigational:31;commercial:27;transactional:4
Cuba de Gelo para Bar,15,78,24;38;81;73;73;57;100;25;25;33;30;30,task:10;informational:41;navigational:5;commercial:21;transactional:23
Gelopar: refrigeração e expositores,16,72,41;43;44;46;43;43;42;98;100;41;41;41,task:3;informational:47;navigational:12;commercial:21;transactional:17
Refrigeração Marechal,15,71,54;57;59;59;53;100;83;56;56;56;56;56,task:10;informational:70;navigational:5;commercial:12;transactional:3
Conserto de Geladeiras Gravataí,15,69,52;66;73;53;50;58;56;100;65;52;56;69,task:3;informational:12;navigational:23;commercial:47;transactional:15
Refrigeração Nacional,15,69,18;18;19;100;100;20;20;35;29;20;20;20,task:2;informational:49;navigational:23;commercial:20;transactional:6
Geladeiras Continental com Problemas de Resfriamento,16,69,100;41;47;47;47;65;68;49;50;50;50;50,task:12;informational:57;navigational:9;commercial:10;transactional:12
Souza Refrigeração,15,69,88;90;99;99;99;100;100;92;94;94;94;94,task:4;informational:24;navigational:27;commercial:40;transactional:5
Refrigeração e frigobares,16,69,9;53;62;49;39;31;100;72;61;21;21;20,task:7;informational:48;navigational:2;commercial:18;transactional:25
Duar Refrigeração,16,68,79;77;82;82;86;100;95;90;99;97;90;90,task:3;informational:25;navigational:45;commercial:22;transactional:5
Coolers de lata,15,64,24;28;33;100;100;36;32;47;44;48;47;50,task:7;informational:49;navigational:1;commercial:32;transactional:11
Geladeiras de Tomate,16,62,14;89;90;51;51;39;100;15;16;16;16;16,task:3;informational:52;navigational:5;commercial:23;transactional:17
Qualiterme Refrigeração e Serviços,15,59,89;92;97;97;97;97;97;99;99;99;100;99,task:2;informational:18;navigational:67;commercial:7;transactional:6
Conserto de Geladeiras SBC,15,55,17;14;18;40;39;19;18;100;64;22;20;31,task:3;informational:18;navigational:23;commercial:47;transactional:9
Liquidificadores e Biscuit,15,55,8;78;100;18;15;16;12;79;61;13;13;14,task:7;informational:51;navigational:24;commercial:14;transactional:4
Frigideiras Zwilling,15,53,81;77;97;83;83;84;88;83;84;92;100;95,task:3;informational:47;navigational:16;commercial:12;transactional:22
Carrocerias frigoríficas,15,51,52;88;100;75;75;60;60;65;65;65;65;65,task:7;informational:46;navigational:14;commercial:27;transactional:6
JM Equipamentos Gastronômicos,15,50,22;100;95;24;24;27;25;25;25;25;25;25,task:1;informational:27;navigational:49;commercial:8;transactional:15
Coolers com LED,15,50,7;53;57;38;12;17;32;55;61;100;86;9,task:3;informational:58;navigational:11;commercial:21;transactional:7
Peças de Geladeira GE,15,48,40;44;47;84;100;47;45;41;42;42;42;42,task:7;informational:29;navigational:11;commercial:26;transactional:27
Frigoríficas e Frigeração,17,48,15;51;55;44;32;32;25;100;79;11;11;11,task:3;informational:77;navigational:5;commercial:12;transactional:3
Chopp e Cooler,16,43,50;52;60;55;96;60;58;91;100;60;57;51,task:7;informational:57;navigational:11;commercial:25
Etiquetas para Geladeira e Freezer,16,42,5;36;38;37;23;21;22;89;100;8;8;8,task:7;informational:52;navigational:4;commercial:28;transactional:9
Máquinas de gelo Springer,15,38,8;23;24;19;100;27;15;15;13;17;19;16,task:3;informational:63;navigational:12;commercial:15;transactional:7
Locação de Chillers,17,37,57;76;95;95;90;90;90;98;100;100;100;100,task:3;informational:46;navigational:4;commercial:33;transactional:14
Maksell Refrigeração,15,32,39;42;45;45;45;45;45;45;100;83;46;46,informational:18;navigational:67;commercial:10;transactional:5
