name,prompts_count,volume,volume_trend,intents
Air Fryer Recipes,17,35047,3;3;4;4;16;16;16;98;100;100;100;100,task:17;informational:69;navigational:2;commercial:10;transactional:2
Industrial Air Fryers,17,324,86;91;92;87;60;62;100;63;63;66;65;65,task:2;informational:62;navigational:4;commercial:26;transactional:6
Air Fryers in Brazil,16,1540,1;6;8;6;7;3;8;100;37;63;34;38,task:3;informational:51;navigational:11;commercial:28;transactional:7
Air Fryers on Amazon,15,240,40;58;100;68;52;54;52;94;83;51;55;65,task:7;informational:29;navigational:28;commercial:12;transactional:24
Deep Fryers,17,652,41;45;45;45;99;100;100;39;37;28;28;29,task:1;informational:52;navigational:4;commercial:34;transactional:9
Sam's Club Air Fryers,16,99,24;45;51;31;31;31;22;100;66;40;23;23,task:3;informational:37;navigational:27;commercial:18;transactional:15
Air Tech & Platforms,17,347,17;24;31;32;31;20;21;55;60;92;91;100,task:3;informational:45;navigational:23;commercial:20;transactional:9
Black & Decker Air Fryers,20,1076,73;98;100;99;76;82;83;81;84;84;80;78,task:4;informational:46;navigational:5;commercial:21;transactional:24
Air Fryer 12V/24V,17,416,23;25;26;29;27;27;72;32;67;100;96;99,task:6;informational:49;navigational:3;commercial:39;transactional:3
Electrolux 4L Air Fryers,15,609,15;44;49;37;37;34;25;56;75;100;49;50,task:3;informational:52;navigational:5;commercial:24;transactional:16
Air Fryer Kitchen Art,17,1581,40;46;38;37;84;82;83;80;99;100;96;95,task:12;informational:56;navigational:2;commercial:25;transactional:5
Air Fryer Inox,19,1091,80;93;100;76;84;87;82;70;86;86;87;87,task:2;informational:64;navigational:5;commercial:21;transactional:8
Air Fryers 6L,22,3439,84;98;100;50;43;46;47;40;61;61;61;60,task:2;informational:53;navigational:4;commercial:30;transactional:11
Fritadeiras Air Fryer e Fornos,26,17475,44;48;52;42;58;58;59;100;75;74;75;74,task:4;informational:51;navigational:3;commercial:35;transactional:7
air fryers e fornos elétricos,15,658,35;40;42;38;42;41;40;100;93;51;53;57,task:5;informational:73;navigational:3;commercial:12;transactional:7
Fogões com Air Fryer,27,5131,80;85;52;68;89;91;91;86;99;100;95;95,task:2;informational:63;navigational:5;commercial:22;transactional:8
Home Appliances & Kitchen Gadgets,31,19836,30;100;56;87;75;75;75;51;92;92;100;93,task:10;informational:56;navigational:6;commercial:22;transactional:6
Air Fryer e Forno,59,31544,18;21;23;86;57;57;57;100;78;78;78;78,task:5;informational:55;navigational:4;commercial:24;transactional:12
Air Fryer Brasil — Avaliações,15,105,29;44;58;43;100;70;95;79;66;57;55;70,task:3;informational:63;navigational:4;commercial:26;transactional:4
Fritadeiras Airfryer Rotativas,18,1442,58;72;67;89;96;98;100;100;100;100;100;100,task:2;informational:59;navigational:4;commercial:26;transactional:9
Ninja Air Fryer,20,3495,78;98;100;67;70;74;75;70;75;75;76;75,task:5;informational:48;navigational:9;commercial:30;transactional:8
Fritadeiras Elétricas (Air Fryers),491,584548,17;16;18;25;100;100;100;30;39;39;39;39,task:5;informational:46;navigational:2;commercial:33;transactional:14
Melhores Air Fryers: Custo-Benefício,53,24858,12;16;19;74;70;70;71;100;100;100;100;100,task:5;informational:33;navigational:1;commercial:59;transactional:2
Cuisinart - Fornos e Air Fryers,16,467,64;81;100;92;96;84;85;92;91;92;84;84,task:3;informational:38;navigational:17;commercial:32;transactional:10
Nuggets na Air Fryer,25,4295,31;35;46;56;94;95;95;90;100;100;100;100,task:8;informational:72;navigational:5;commercial:10;transactional:5
Airfryer na Havan,16,1470,85;99;100;98;48;50;50;55;66;66;67;66,task:2;informational:26;navigational:38;commercial:5;transactional:29
Airfryer Agratto,17,827,35;38;38;26;30;44;36;100;30;83;77;72,task:2;informational:40;navigational:36;commercial:13;transactional:9
Air Fryer WAP Brasil,39,21503,54;58;63;66;96;96;96;100;78;78;78;78,task:2;informational:37;navigational:30;commercial:20;transactional:11
Air Fryer no Black Friday,17,3222,33;42;48;50;46;46;54;86;86;91;100;96,task:2;informational:41;navigational:1;commercial:42;transactional:14
Air Fryer Vintage e Retro,16,671,44;58;60;60;69;73;73;100;99;87;87;85,task:3;informational:52;navigational:1;commercial:22;transactional:22
Airfryer em Português,32,7309,78;77;80;93;77;76;76;97;100;100;100;100,task:2;informational:71;navigational:10;commercial:12;transactional:5
Air fryers com duas gavetas,18,1173,84;100;100;96;95;98;99;46;48;47;47;47,task:2;informational:64;navigational:2;commercial:22;transactional:10
Microondas com Airfryer,41,6606,21;29;29;35;99;100;100;64;71;72;72;70,task:2;informational:53;navigational:4;commercial:32;transactional:9
Air fryer e grill Philips Walita,19,1286,26;32;33;42;100;100;100;55;90;90;91;90,task:2;informational:56;navigational:15;commercial:23;transactional:4
Empadas fitness na air fryer,20,1819,72;82;81;78;60;61;62;71;99;100;100;100,task:10;informational:75;navigational:5;commercial:8;transactional:2
Air Fryer Steak Recipes,18,1850,17;18;19;36;41;41;42;100;100;100;100;99,task:5;informational:68;navigational:9;commercial:10;transactional:8
Airfryer Multilaser,24,2736,58;67;45;42;55;56;54;100;84;84;86;86,task:2;informational:63;navigational:5;commercial:22;transactional:8
Airfryer: vídeos e dicas,20,952,29;31;39;86;86;88;88;100;62;61;61;60,task:8;informational:72;navigational:13;commercial:4;transactional:3
Air Fryers 5 Litros,35,4670,55;60;62;28;100;100;100;25;28;28;28;28,task:2;informational:49;navigational:5;commercial:31;transactional:13
Airfryer 4 litros,30,4320,55;76;80;79;78;83;83;89;100;100;100;99,task:2;informational:56;navigational:2;commercial:28;transactional:12
Air Fryer e Liquidificador no Brasil,18,1366,76;89;91;88;85;87;89;100;47;47;47;47,task:5;informational:42;navigational:9;commercial:14;transactional:30
Air Fryer Vermelha,17,1571,69;97;100;96;76;81;84;71;79;79;79;78,task:3;informational:41;navigational:11;commercial:32;transactional:13
Churrasco na Air Fryer,27,7733,19;23;24;77;22;23;24;96;100;100;100;100,task:5;informational:77;navigational:5;commercial:5;transactional:8
Assadeiras para airfryer,19,481,53;59;58;57;97;100;99;45;56;41;41;44,task:5;informational:42;navigational:1;commercial:38;transactional:14
Airfryer de Brinquedo,15,183,52;100;98;75;84;95;77;100;82;45;46;46,task:3;informational:56;navigational:8;commercial:16;transactional:17
Nichos e prateleiras para air fryer,15,190,22;78;100;75;75;69;23;76;80;77;60;69,task:17;informational:61;navigational:3;commercial:14;transactional:5
Frango na Airfryer,96,40991,34;35;39;45;60;61;61;92;100;100;100;100,task:17;informational:73;navigational:3;commercial:5;transactional:2
Air Fryers com visor,16,570,37;79;100;54;52;64;70;79;68;62;54;60,task:7;informational:64;navigational:5;commercial:15;transactional:9
Air Fryers Britânia no Brasil,17,260,34;40;44;44;47;45;100;52;59;75;79;81,task:3;informational:53;navigational:8;commercial:23;transactional:13
Airfryers Polishop e marcas,20,3734,87;99;100;52;49;49;50;50;52;52;52;51,task:3;informational:45;navigational:17;commercial:20;transactional:15
Nuggets na Airfryer,37,6984,63;67;85;85;86;87;87;95;100;100;100;100,task:12;informational:73;navigational:5;commercial:8;transactional:2
Airfryer no Carrefour,16,1123,58;100;95;88;69;71;66;89;39;40;39;41,task:2;informational:44;navigational:29;commercial:10;transactional:15
Fritadeiras Air Fryer 15L (Sem Óleo),18,1126,25;44;52;42;50;48;58;100;76;85;75;79,task:10;informational:48;navigational:1;commercial:26;transactional:15
Frying Pans & Skillets,27,5261,31;34;40;46;67;68;70;85;100;100;100;100,task:2;informational:55;navigational:5;commercial:26;transactional:12
Fritadeiras elétricas no Brasil,16,2482,85;99;100;49;50;53;54;49;46;46;46;46,task:3;informational:51;navigational:13;commercial:20;transactional:13
Toasters,17,2311,23;24;24;25;28;28;37;100;100;98;98;99,task:5;informational:48;navigational:4;commercial:34;transactional:9
Fritadeiras AirFama,16,615,73;99;100;97;74;79;80;69;70;78;78;94,task:1;informational:53;navigational:11;commercial:27;transactional:8
Acessórios para Air Fryer,22,3808,47;54;39;56;81;82;83;100;91;91;92;91,task:5;informational:36;navigational:1;commercial:43;transactional:15
fornos com air fryer Fischer,17,201,32;44;43;47;48;46;45;90;100;54;52;53,task:3;informational:47;navigational:11;commercial:21;transactional:18
KitchenAid Appliances,15,155,33;37;40;100;98;81;37;48;47;54;51;51,task:3;informational:28;navigational:33;commercial:17;transactional:19
Rice Cookers,17,656,47;53;54;37;51;66;63;100;54;36;36;50,task:2;informational:25;navigational:6;commercial:49;transactional:18
Forno Brastemp com Air Fryer,17,397,41;65;70;59;55;57;56;100;52;55;82;86,task:3;informational:46;navigational:12;commercial:20;transactional:19
Pastel na Airfryer,62,47083,17;19;20;28;36;36;36;100;100;100;100;100,task:13;informational:76;navigational:3;commercial:6;transactional:2
Bolos na Airfryer,112,92901,16;18;34;40;61;61;61;100;100;100;100;100,task:7;informational:73;navigational:2;commercial:12;transactional:6
Air Fryer: Receitas e Usos,354,189428,87;87;87;91;95;95;95;99;100;100;100;100,task:3;informational:76;navigational:5;commercial:11;transactional:5
Grelhas e acessórios para airfryer,18,906,47;53;55;92;97;100;92;96;73;73;73;73,informational:39;navigational:2;commercial:46;transactional:13
Suportes para airfryer,16,472,24;29;30;29;30;32;29;100;90;43;42;40,task:5;informational:57;navigational:1;commercial:26;transactional:11
Air Fryer 5 Litros Branca,16,602,34;48;51;48;86;88;81;100;92;74;80;84,task:3;informational:49;navigational:11;commercial:25;transactional:12
Bandejas para Air Fryer,16,446,42;52;52;51;47;54;69;100;86;58;57;58,task:3;informational:49;navigational:1;commercial:33;transactional:14
French Fries (Fries),24,13718,76;79;80;81;99;100;100;89;88;88;88;88,task:2;informational:59;navigational:8;commercial:15;transactional:16
Forno e air fryer Kitchenaid,19,725,84;94;94;95;90;92;100;92;73;71;73;72,task:8;informational:44;navigational:3;commercial:36;transactional:9
Pudim na Air Fryer,20,6050,89;97;100;95;43;44;44;50;48;48;49;48,task:2;informational:83;navigational:5;commercial:5;transactional:5
Receitas na AirFryer,27,2190,57;62;62;68;67;68;68;35;70;68;100;80,task:5;informational:80;navigational:2;commercial:8;transactional:5
Batata na Airfryer,194,181112,19;19;21;25;32;32;32;80;100;100;100;100,task:12;informational:80;navigational:3;commercial:5
Fritadeiras Arno e Air Fryer,29,5704,85;97;100;53;55;57;57;58;59;59;60;59,task:3;informational:51;navigational:3;commercial:30;transactional:13
Cestos para Air Fryer,22,2367,85;100;100;54;75;78;80;65;75;75;74;73,task:4;informational:54;navigational:3;commercial:31;transactional:8
Forno Air Fryer 25 Litros,15,207,16;21;23;22;22;20;40;100;72;20;19;19,task:10;informational:35;navigational:9;commercial:20;transactional:26
Fritadeiras Air Fryer em Home Land,24,6769,20;29;32;44;77;78;78;95;100;100;100;100,task:2;informational:38;navigational:32;commercial:18;transactional:10
Air Fryers com Alexa,17,811,19;21;27;18;19;19;18;100;72;62;62;62,informational:73;navigational:7;commercial:17;transactional:3
Air Fryer Mundial Acessórios,24,3575,61;82;86;87;95;100;100;93;96;96;93;92,task:5;informational:49;navigational:4;commercial:31;transactional:11
Air Fryer de Vidro,27,4979,84;93;92;95;98;100;100;93;97;97;98;98,task:8;informational:60;navigational:5;commercial:17;transactional:10
Fritadeiras Digitais,16,1323,61;86;91;85;87;93;94;100;91;91;91;89,task:7;informational:50;navigational:1;commercial:32;transactional:10
Bife na Air Fryer,29,6094,83;94;95;53;55;58;59;90;99;99;100;100,task:5;informational:82;navigational:2;commercial:6;transactional:5
Formas e acessórios para air fryer,17,856,27;32;52;73;94;100;100;69;59;66;66;65,task:8;informational:49;navigational:1;commercial:32;transactional:10
Rabanadas na Airfryer,15,1757,81;93;95;94;97;100;100;38;38;42;39;38,task:2;informational:79;navigational:2;commercial:8;transactional:9
Airfryer: uso e cura,56,15827,52;36;39;49;92;93;93;100;99;99;100;99,informational:83;navigational:5;commercial:10;transactional:2
Airfryers sem ferrugem no Brasil,23,2236,32;34;44;91;95;96;100;100;100;99;99;99,task:2;informational:68;navigational:5;commercial:17;transactional:8
Airfryer Philco Brasil,21,1487,87;100;100;97;45;49;49;47;51;51;83;83,task:2;informational:48;navigational:14;commercial:28;transactional:8
Forno Samsung e Air Fryer,18,1585,5;49;55;35;38;20;24;65;42;100;74;77,task:6;informational:50;navigational:15;commercial:23;transactional:6
Idlers Appliances,17,98,7;99;100;40;19;28;30;82;46;12;13;12,task:7;informational:43;navigational:25;commercial:11;transactional:14
Kits de Liquidificador com Airfryer,17,450,33;64;74;41;60;62;76;100;55;66;58;59,task:5;informational:29;navigational:1;commercial:51;transactional:14
Fritadeiras Elétricas 220V,19,458,100;65;77;64;70;76;71;46;49;50;56;62,task:2;informational:33;navigational:3;commercial:47;transactional:15
Electric Ovens and Stoves,18,443,55;81;84;88;94;98;100;99;90;91;98;100,task:10;informational:50;navigational:1;commercial:30;transactional:9
Pizza na Air Fryer,40,9401,22;25;40;52;55;56;57;85;100;100;100;100,task:2;informational:81;navigational:4;commercial:11;transactional:2
Airfryer Xiaomi Brasil,19,778,84;97;97;93;87;95;100;54;72;72;73;76,task:2;informational:34;navigational:22;commercial:18;transactional:24
Móveis e suportes para air fryer,16,431,77;97;100;96;99;94;92;84;83;74;75;88,task:2;informational:63;navigational:2;commercial:23;transactional:10
Gas Grills,16,187,35;52;53;50;49;52;45;100;100;57;55;48,task:3;informational:35;navigational:16;commercial:34;transactional:12
Airfryer Electrolux EAF 3 2L,21,1749,12;30;31;29;30;14;14;100;27;28;46;51,task:7;informational:50;navigational:11;commercial:16;transactional:16
Pipoca na Airfryer,49,22018,30;32;30;65;48;48;48;100;99;99;99;99,task:10;informational:78;navigational:2;commercial:2;transactional:8
Consumo de Energia da Air Fryer,46,13050,92;99;95;94;94;95;95;99;100;100;100;100,task:4;informational:83;navigational:5;commercial:7;transactional:1
amendoim na airfryer,32,7981,54;65;68;73;78;79;79;99;100;100;100;100,task:2;informational:78;navigational:5;commercial:10;transactional:5
Air fryers: Bella Cucina Britânia,25,4563,22;28;27;36;95;96;96;97;100;100;100;100,task:2;informational:46;navigational:16;commercial:16;transactional:20
Frigideiras Elétricas,17,1528,84;99;100;99;90;90;90;94;48;47;46;46,task:2;informational:46;navigational:4;commercial:35;transactional:13
Legumes na Airfryer,26,3327,84;99;100;96;44;47;48;69;62;62;63;62,task:17;informational:78;navigational:3;commercial:2
Forno elétrico e air fryer Walita/Philips,20,1191,54;72;89;64;62;63;67;62;75;83;100;82,task:2;informational:55;navigational:6;commercial:28;transactional:9
Hair Dryers & Styling Tools,19,1655,30;35;35;65;73;71;78;100;61;61;75;78,task:2;informational:33;navigational:3;commercial:48;transactional:14
Fry Cooking Terms,16,369,100;46;47;46;46;48;49;50;51;58;57;56,task:5;informational:80;navigational:5;commercial:5;transactional:5
Protetores e Tapetes para Air Fryer,21,1438,47;54;54;45;63;65;67;100;79;72;76;76,task:3;informational:64;navigational:5;commercial:21;transactional:7
Air Fryers Britânia 6L,15,105,60;66;77;74;67;65;58;92;100;82;72;65,task:3;informational:46;navigational:18;commercial:18;transactional:15
Pudim na Airfryer,33,12605,91;97;100;51;86;87;87;69;75;75;75;75,task:5;informational:79;navigational:6;commercial:8;transactional:2
Fried Hamburgers,17,984,45;52;53;71;71;72;72;100;97;95;95;95,task:8;informational:72;navigational:5;commercial:10;transactional:5
Fry's: Electronics & Burgers,21,2337,55;59;57;73;99;100;100;86;93;90;90;90,task:5;informational:61;navigational:19;commercial:10;transactional:5
Frigideiras para ovo na AirFryer,55,23361,45;48;47;55;99;99;99;100;100;100;100;100,task:2;informational:67;navigational:4;commercial:21;transactional:6
Batata congelada na air fryer,23,4059,96;99;99;97;97;99;99;94;99;99;100;100,task:2;informational:80;navigational:3;commercial:10;transactional:5
Hambúrguer na AirFryer,69,21734,46;45;46;64;94;95;95;99;100;100;100;100,task:12;informational:78;navigational:2;commercial:8
Assadeiras e fritadeiras elétricas,16,1288,82;96;100;95;51;54;53;51;52;89;73;70,task:5;informational:54;navigational:4;commercial:26;transactional:11
Conserto de Air Fryer,29,4367,47;58;66;76;98;100;100;95;99;99;98;98,task:12;informational:70;navigational:5;commercial:7;transactional:6
Fritadeiras elétricas e panelas de fritar,28,5257,40;47;27;47;65;66;67;85;90;90;100;100,task:2;informational:48;navigational:4;commercial:36;transactional:10
Air Fryers e Fornos Mondial,36,11586,27;36;37;48;72;73;73;97;100;100;100;99,task:2;informational:48;navigational:12;commercial:25;transactional:13
Fritadeiras a ar VestCasa,17,109,33;74;91;96;100;78;60;73;80;50;46;46,task:3;informational:29;navigational:48;commercial:16;transactional:4
Fritadeira Midea no Brasil,25,10012,63;72;74;70;32;33;34;34;100;100;100;100,task:2;informational:45;navigational:23;commercial:17;transactional:13
Microwave Appliances & Terminology,16,2996,31;37;37;37;97;97;95;100;97;97;98;98,task:2;informational:61;navigational:1;commercial:32;transactional:4
Fritadeiras de Batata,18,1744,86;100;100;66;61;64;66;96;81;81;83;82,task:3;informational:50;navigational:3;commercial:29;transactional:15
Airfryer Philips Walita,40,4994,85;98;100;69;64;67;69;76;75;75;75;75,task:2;informational:43;navigational:27;commercial:19;transactional:9
Cuscuz na Airfryer,18,1109,90;100;100;99;56;60;60;63;83;83;83;84,task:5;informational:83;navigational:5;commercial:5;transactional:2
Fritadeira a ar Seara,15,678,28;51;50;51;57;58;64;100;62;93;93;96,task:3;informational:57;navigational:18;commercial:15;transactional:7
Limpeza de Air Fryer,76,32739,34;36;43;54;84;84;84;100;100;100;100;100,task:12;informational:79;navigational:3;commercial:5;transactional:1
Ovos na Airfryer,39,20718,20;24;25;50;59;59;60;98;100;100;100;100,task:10;informational:78;navigational:2;commercial:2;transactional:8
Maquinas de Assar Frango,66,19702,41;46;51;59;81;82;82;99;100;100;100;100,task:5;informational:48;navigational:5;commercial:27;transactional:15
Fritadeiras e air fryers no Magazine Luiza,19,709,90;100;100;95;92;95;91;95;48;48;48;48,task:1;informational:28;navigational:35;commercial:10;transactional:26
Fritadeiras Air Fryer 8 Litros,25,4128,41;50;53;51;48;49;49;100;50;50;50;49,task:5;informational:48;navigational:2;commercial:28;transactional:17
Torresmo e panceta na air fryer,41,10228,74;65;68;76;74;75;76;91;100;100;100;100,task:8;informational:77;navigational:2;commercial:5;transactional:8
Berinjela na Airfryer,31,28013,98;100;45;47;47;47;47;62;99;99;99;99,task:8;informational:75;navigational:2;commercial:10;transactional:5
Arroz na AirFryer,37,15734,14;17;19;29;30;30;30;100;47;47;47;46,task:8;informational:80;navigational:5;commercial:5;transactional:2
Couve-Flor na Airfryer,20,5566,84;96;99;98;99;100;100;58;83;84;83;82,task:2;informational:84;navigational:3;commercial:5;transactional:6
Macarrão na Airfryer,17,2896,56;63;61;59;58;60;60;92;99;99;100;100,task:10;informational:78;navigational:5;commercial:5;transactional:2
Refrigerators & Fridges,29,17961,39;44;46;46;54;55;55;78;100;100;100;100,task:2;informational:51;navigational:1;commercial:37;transactional:9
Fritadeiras Mallory,16,614,92;100;100;56;48;54;52;50;55;51;49;49,task:2;informational:38;navigational:27;commercial:11;transactional:22
Fried Chicken Recipes,21,10746,50;72;73;78;77;78;78;96;100;100;100;100,task:10;informational:66;navigational:9;commercial:5;transactional:10
Papel para Air Fryer,34,11641,32;37;39;45;99;100;100;94;93;93;94;94,task:8;informational:59;navigational:4;commercial:17;transactional:12
Philco Air Fryer 4 em 1,17,1425,13;20;27;27;39;38;39;86;83;100;98;87,task:2;informational:45;navigational:12;commercial:23;transactional:18
Salsichas na AirFryer,22,2269,56;61;55;62;99;100;100;84;89;89;89;89,task:5;informational:82;navigational:3;commercial:5;transactional:5
Pizza Ovens,18,1769,84;100;100;99;84;88;89;83;89;89;86;86,task:1;informational:49;navigational:6;commercial:37;transactional:7
Almôndegas na airfryer,26,6938,43;55;58;65;74;76;76;90;100;100;100;100,task:8;informational:72;navigational:2;commercial:10;transactional:8
Heat Guns,15,109,45;50;51;47;55;64;72;100;75;47;46;48,task:10;informational:50;navigational:2;commercial:32;transactional:6
Home Tech,17,608,36;54;54;30;61;61;55;100;35;37;37;36,task:2;informational:60;navigational:8;commercial:21;transactional:9
Kamado Grills,16,73,52;70;80;74;74;76;100;66;67;67;67;67,task:7;informational:32;navigational:18;commercial:32;transactional:11
Bistecas na Air Fryer,24,6095,42;46;47;25;69;70;70;100;92;92;92;91,task:15;informational:62;navigational:5;commercial:10;transactional:8
Batatas Recheadas na Airfryer,15,1416,70;98;100;97;80;86;87;89;91;94;93;92,task:3;informational:80;navigational:5;commercial:5;transactional:7
Char-Broil & Grill Accessories,21,9611,43;51;50;89;91;93;93;92;100;100;100;99,task:5;informational:38;navigational:16;commercial:21;transactional:20
Fraldinha e maminha na airfryer,17,13730,50;55;57;26;26;26;26;28;100;100;100;100,task:12;informational:65;navigational:5;commercial:5;transactional:13
Fritadeiras Air Fryer 4L Britânia,18,364,78;90;95;90;71;77;70;82;76;100;96;92,task:3;informational:35;navigational:24;commercial:26;transactional:12
Tomadas e Adaptadores para Air Fryer,30,3161,20;24;27;42;86;86;86;88;89;100;88;88,task:4;informational:56;navigational:2;commercial:18;transactional:20
fritadeiras Skymsen,15,179,24;38;39;50;56;50;39;100;97;31;30;31,informational:42;navigational:27;commercial:15;transactional:16
Fornos Elétricos Arno e Air Fryer,17,994,48;65;76;61;40;47;61;74;69;40;95;100,task:8;informational:67;navigational:5;commercial:12;transactional:8
Forno Elétrico Mueller e Air Fryer,21,989,80;94;100;52;46;49;49;72;55;56;56;56,task:2;informational:58;navigational:7;commercial:23;transactional:10
Fritadeiras no Mercado Livre,15,474,47;74;87;68;53;54;54;100;65;70;49;50,task:3;informational:20;navigational:50;commercial:8;transactional:19
Midea Airvolution Appliances,17,1374,14;17;19;17;18;19;26;56;36;97;76;100,task:2;informational:61;navigational:10;commercial:10;transactional:17
Barbecue Smokers,20,7258,34;40;40;70;95;96;96;100;67;67;68;67,task:9;informational:49;navigational:5;commercial:29;transactional:8
Kitchenware & Cookware Stores,20,2056,47;55;55;55;95;96;95;100;97;100;100;100,task:2;informational:44;navigational:14;commercial:32;transactional:8
Fritadeiras Philco,70,29807,96;98;100;44;53;53;53;62;73;73;73;73,informational:57;navigational:10;commercial:16;transactional:17
Waffle Dash Makers,15,270,71;94;85;74;84;83;80;65;67;86;100;79,task:4;informational:50;navigational:18;commercial:18;transactional:10
Fritadeiras Elétricas Duplas,16,548,22;68;83;61;61;63;40;63;52;100;89;99,task:7;informational:39;navigational:4;commercial:27;transactional:23
Instant Pot Essentials,17,1806,90;100;98;63;72;75;76;84;95;95;95;95,task:5;informational:52;navigational:14;commercial:15;transactional:14
Hot Containers,19,5326,53;60;59;59;55;56;58;94;99;99;100;100,task:3;informational:71;navigational:5;commercial:10;transactional:11
fritadeiras elétricas Philips Philco Walita,17,68,24;31;44;37;32;32;60;100;100;33;34;34,task:3;informational:37;navigational:24;commercial:20;transactional:16
Kenwood Cooking Chefs,20,1281,26;33;33;31;63;64;60;92;100;93;80;81,task:5;informational:48;navigational:15;commercial:12;transactional:20
Portable Blenders,16,48,12;20;23;25;63;72;57;100;70;18;19;20,task:7;informational:34;navigational:11;commercial:28;transactional:20
Fritadeiras Labravia,20,1091,56;59;55;41;97;100;100;88;88;89;91;92,informational:60;navigational:15;commercial:16;transactional:9
Brownies na Air Fryer,16,3938,82;91;93;95;96;100;100;81;82;82;82;81,task:17;informational:68;navigational:3;commercial:10;transactional:2
Ninja Grill,23,1465,36;43;44;39;69;70;69;79;97;100;100;97,task:8;informational:51;navigational:10;commercial:15;transactional:16
Pão na Airfryer,52,11811,55;61;64;73;80;82;82;93;100;100;100;100,task:2;informational:80;navigational:3;commercial:10;transactional:5
Fritadeiras elétricas com cuba,16,190,35;41;44;35;100;90;48;80;58;52;46;57,task:10;informational:46;navigational:4;commercial:33;transactional:7
Equipamentos para batata frita,19,2233,48;57;48;62;98;97;100;86;80;80;80;80,task:2;informational:63;navigational:5;commercial:24;transactional:6
Hotpoint Appliances,17,1338,75;80;81;92;100;94;94;91;92;93;93;95,informational:32;navigational:31;commercial:12;transactional:25
Amazon Freezers,15,178,10;15;19;25;25;26;28;15;24;100;15;16,task:3;informational:30;navigational:25;commercial:21;transactional:21
Blender and Mixer Appliances,15,1212,34;38;47;50;100;99;96;76;70;69;69;75,task:5;informational:46;navigational:4;commercial:33;transactional:12
Dryers and Hair Dryers,20,2578,50;61;59;57;76;77;78;100;84;83;83;83,task:5;informational:51;navigational:2;commercial:32;transactional:10
Milanesa e parmegiana na air fryer,17,2167,82;89;89;86;97;99;100;98;99;100;99;99,task:12;informational:70;navigational:5;commercial:5;transactional:8
Vulcan Broilers & Kitchen Equipment,16,134,81;87;90;88;88;90;91;97;100;94;94;94,task:3;informational:43;navigational:18;commercial:32;transactional:4
hand dryers,15,59,42;46;46;69;66;98;100;64;68;41;42;41,task:10;informational:44;navigational:5;commercial:27;transactional:14
Airfryer: carnes e receitas,94,31143,31;33;36;46;61;62;62;100;93;93;93;93,task:8;informational:74;navigational:5;commercial:11;transactional:2
Fritadeiras Lenoxx,15,134,79;95;99;87;77;100;95;85;83;78;81;79,task:7;informational:28;navigational:34;commercial:22;transactional:9
Pans and Cookware,17,4660,30;15;16;15;98;100;100;84;85;85;84;84,task:2;informational:42;navigational:22;commercial:16;transactional:18
Slow Juicer e Air Fryer no Brasil,15,582,52;47;50;62;46;50;58;50;89;100;60;72,task:2;informational:58;navigational:4;commercial:30;transactional:6
Home Grill & BBQ,15,70,44;45;50;96;100;97;71;77;80;48;49;49,task:5;informational:35;navigational:30;commercial:22;transactional:8
Fritadeiras para Salgados,24,1847,40;47;32;72;97;99;100;78;69;69;83;82,task:5;informational:48;navigational:2;commercial:38;transactional:7
Lasanha na Airfryer,47,9800,29;37;37;57;68;70;70;91;100;100;100;100,task:12;informational:73;navigational:3;commercial:10;transactional:2
Forno elétrico e fryer Oster,34,6112,90;98;100;47;72;73;73;53;62;62;62;62,task:8;informational:35;navigational:2;commercial:31;transactional:24
Linguiça na Airfryer,126,46995,50;52;57;63;75;76;76;99;100;100;100;100,task:10;informational:78;navigational:5;commercial:5;transactional:2
Fritadeiras Air Itatiaia,17,1092,20;33;35;31;98;96;100;24;35;46;34;35,task:5;informational:42;navigational:20;commercial:29;transactional:4
Fritadeiras Mondial,83,60802,56;58;60;63;86;86;86;100;99;99;99;99,task:2;informational:33;navigational:16;commercial:27;transactional:22
Air Compressor Dryers,16,567,57;63;64;64;99;100;100;79;79;79;79;79,task:3;informational:60;navigational:3;commercial:23;transactional:11
AirFree Purifiers,17,1893,71;79;79;79;76;79;80;99;99;99;100;100,task:2;informational:62;navigational:5;commercial:23;transactional:8
Frango empanado na airfryer,34,12249,75;82;85;78;89;90;91;99;100;100;100;100,task:17;informational:71;navigational:5;commercial:5;transactional:2
AirFly Devices,17,376,33;38;38;39;100;100;99;24;22;26;27;23,task:2;informational:60;navigational:10;commercial:20;transactional:8
Fritadeiras Britânia,54,15203,100;100;45;48;51;51;51;57;57;57;57;57,informational:51;navigational:11;commercial:22;transactional:16
Tapetes de Silicone para Air Fryer,17,901,25;11;12;71;85;85;100;83;85;100;98;100,task:2;informational:52;navigational:5;commercial:24;transactional:17
Batata Doce na Airfryer,22,5562,90;98;100;48;44;45;45;51;60;60;60;59,task:12;informational:79;navigational:4;commercial:5
Inhame Chips e Frito na Airfryer,20,472,57;59;60;58;58;59;59;100;55;56;56;56,task:22;informational:73;navigational:3;commercial:2
Fritadeiras elétricas de 3 litros,26,1280,83;96;100;98;62;64;65;70;71;72;73;73,task:5;informational:42;navigational:3;commercial:41;transactional:9
BBQ Grills,19,6147,64;74;75;38;98;100;100;96;89;89;91;90,task:3;informational:43;navigational:9;commercial:31;transactional:14
Fritadeiras Oster no Brasil,61,18116,96;98;100;48;52;52;52;53;51;51;51;51,task:2;informational:44;navigational:15;commercial:19;transactional:20
Fritadeiras Nell,18,1045,90;98;100;46;52;53;53;67;54;54;62;62,task:5;informational:36;navigational:19;commercial:33;transactional:7
Air Filters & Purifiers,19,3160,30;36;36;45;76;77;77;100;84;74;75;74,task:2;informational:49;navigational:4;commercial:36;transactional:9
Fritadeiras a gás comerciais,22,2383,48;68;78;76;82;87;89;100;96;96;96;96,task:5;informational:42;navigational:1;commercial:40;transactional:12
Fornos Elétricos Giratórios,18,839,65;71;73;71;71;76;76;80;100;98;76;75,task:2;informational:66;navigational:11;commercial:11;transactional:10
Infrared IR Blaster Essentials,18,1534,19;22;60;47;46;49;47;66;68;100;70;77,informational:78;navigational:7;commercial:13;transactional:2
Clothes Ironing & Ironing Appliances,19,1647,54;60;53;75;85;86;86;100;74;75;74;74,task:2;informational:59;navigational:2;commercial:23;transactional:14
Traeger Grills,16,104,29;36;39;73;72;94;100;41;44;51;47;41,task:3;informational:25;navigational:39;commercial:14;transactional:19
Dyson Home Air Devices,18,141,42;45;50;51;71;69;67;100;100;50;50;50,task:1;informational:50;navigational:12;commercial:17;transactional:20
Fritadeiras Marchesoni,16,109,38;41;43;100;93;44;40;40;40;37;37;37,task:3;informational:33;navigational:31;commercial:17;transactional:16
BSH Home Appliances,16,822,23;63;67;56;75;56;48;100;76;64;64;87,informational:33;navigational:53;commercial:9;transactional:5
Fritadeiras elétricas com óleo,54,26639,23;26;56;76;100;100;100;92;92;92;92;92,task:2;informational:56;navigational:2;commercial:27;transactional:13
Mini Fridges & Compact Refrigerators,15,587,51;86;100;84;77;81;81;75;74;83;81;88,task:1;informational:56;navigational:5;commercial:21;transactional:17
Batata Palha na Airfryer,17,851,71;86;88;84;84;89;91;92;95;95;100;98,task:7;informational:70;navigational:5;commercial:8;transactional:10
Coxinha e salgados congelados no air fryer,79,17224,91;95;91;95;97;98;98;99;100;100;100;100,task:8;informational:77;navigational:2;commercial:5;transactional:8
Fusíveis Térmicos para Air Fryer,24,2268,40;43;29;53;64;65;65;93;99;100;100;100,task:6;informational:60;navigational:5;commercial:20;transactional:9
Popcorn Machines & Makers,18,201,46;74;80;79;78;89;100;60;61;66;66;66,task:7;informational:46;navigational:1;commercial:24;transactional:22
Air Bike Home Gym,16,2213,37;37;37;37;98;99;99;99;100;100;100;100,task:5;informational:38;navigational:3;commercial:47;transactional:7
Fritadeiras Tramontina,17,163,6;23;27;21;23;22;23;100;94;8;7;9,task:3;informational:43;navigational:20;commercial:24;transactional:10
Panelas de Fritura,20,1969,47;55;54;55;98;100;100;41;62;62;60;60,task:8;informational:50;navigational:4;commercial:30;transactional:8
Fritadeiras Oster 4-6L com visor,17,716,51;64;64;59;48;52;58;97;86;100;46;54,task:5;informational:63;navigational:13;commercial:10;transactional:9
Kitchen Mixers & Blenders,17,663,54;70;76;74;73;77;82;79;81;70;100;94,task:7;informational:46;navigational:6;commercial:22;transactional:19
Rice Cooking & Rice Cookers,19,874,33;43;43;46;100;100;99;78;66;62;62;62,task:4;informational:71;navigational:3;commercial:17;transactional:5
Charcoal Grills & BBQs,16,199,39;68;81;71;78;100;53;78;72;68;67;74,task:7;informational:52;navigational:5;commercial:23;transactional:13
Air Audio Devices,19,908,30;36;28;71;96;100;94;61;94;98;96;100,task:2;informational:54;navigational:4;commercial:29;transactional:11
Fritadeiras Cadence,30,4678,56;75;78;80;97;100;100;88;88;88;91;93,task:2;informational:48;navigational:16;commercial:15;transactional:19
Mini Fans,18,841,42;49;51;56;70;80;72;100;94;88;88;84,task:2;informational:54;navigational:9;commercial:29;transactional:6
Chest Freezers & Freezer Appliances,16,188,14;29;34;30;32;38;53;100;71;31;29;29,task:7;informational:45;navigational:4;commercial:28;transactional:16
Potato Chips,21,2040,34;37;38;66;98;99;99;76;100;100;96;96,task:2;informational:52;navigational:8;commercial:15;transactional:23
Recipes and Dinner Ideas,49,36514,20;33;35;26;54;54;54;100;94;94;94;94,task:5;informational:69;navigational:6;commercial:12;transactional:8
Pernil de porco na airfryer,20,1945,70;77;77;41;39;41;41;83;100;100;100;100,task:8;informational:80;navigational:5;commercial:5;transactional:2
KitchenAid Pro 600 mixers,15,421,23;50;62;54;74;100;97;91;56;61;58;93,task:1;informational:45;navigational:9;commercial:40;transactional:5
Fritadeiras Gaabor,27,11171,18;24;25;29;53;55;55;100;99;99;99;99,task:5;informational:41;navigational:18;commercial:19;transactional:17
Fritadeiras MetalCubas,15,494,79;97;99;95;89;94;96;98;100;100;100;100,task:1;informational:23;navigational:48;commercial:17;transactional:11
Bolinho de carne na airfryer,17,1298,90;100;99;98;95;98;97;54;55;55;58;57,task:12;informational:74;navigational:4;commercial:10
Utensílios de fritura,23,2272,77;87;89;56;97;100;100;52;47;47;46;45,task:1;informational:52;navigational:5;commercial:20;transactional:22
Ice Makers,17,1231,82;91;92;67;67;73;73;68;97;98;100;100,task:2;informational:50;navigational:4;commercial:36;transactional:8
Smart Electronics,15,2004,19;30;31;36;36;27;27;100;81;69;59;60,task:8;informational:48;navigational:3;commercial:40;transactional:1
Chicken Wings,17,652,61;63;63;62;60;60;60;100;82;82;82;82,task:8;informational:55;navigational:5;commercial:12;transactional:20
Kamado Grills & Barbecues,17,596,31;32;63;65;71;71;70;100;91;91;91;91,task:8;informational:49;navigational:1;commercial:38;transactional:4
Kuvings Juicers,16,106,30;34;35;35;34;34;34;100;37;37;37;37,task:3;informational:37;navigational:21;commercial:23;transactional:16
Fritadeiras Elgin,46,12136,18;22;23;74;85;86;86;100;56;56;56;56,task:2;informational:52;navigational:12;commercial:17;transactional:17
Supercool Tech,18,988,74;88;100;67;84;73;68;68;93;91;78;79,task:4;informational:50;navigational:22;commercial:10;transactional:14
Top Tech,17,858,39;63;69;61;62;60;60;86;71;83;82;100,task:1;informational:54;navigational:4;commercial:33;transactional:8
Dyson Supersonic Hair Dryer,17,388,18;18;20;52;53;54;53;46;100;97;97;97,task:2;informational:55;navigational:5;commercial:15;transactional:23
Fritadeiras Croydon,19,334,54;99;100;99;60;63;64;61;62;63;60;59,task:7;informational:42;navigational:18;commercial:17;transactional:16
Receitas de cenoura na airfryer,15,681,98;99;100;96;96;97;97;94;90;92;91;92,task:12;informational:63;navigational:5;commercial:10;transactional:10
Pressure Cooker Essentials,22,2773,38;47;48;48;99;100;100;81;90;90;89;88,task:8;informational:57;navigational:4;commercial:18;transactional:13
Induction Cooktops & Stoves,21,1861,19;27;30;33;83;84;85;100;93;93;92;93,task:4;informational:54;navigational:4;commercial:28;transactional:10
Airbuds and Wireless Earbuds,19,9204,14;18;20;82;74;72;71;94;100;100;94;94,task:5;informational:55;navigational:5;commercial:23;transactional:12
Forno Oster 42L e Air Fryer,18,163,17;91;100;69;23;24;23;23;72;82;22;23,informational:61;navigational:13;commercial:12;transactional:14
Forno Multifuncional com Micro-ondas,18,10156,7;17;21;96;96;97;97;100;100;100;100;100,task:6;informational:50;navigational:5;commercial:29;transactional:10
Acessórios para fritadeiras,17,209,42;99;100;74;77;90;99;71;63;59;60;56,task:7;informational:48;navigational:1;commercial:30;transactional:14
Dayhome: Homeware & Food Service,15,175,45;70;77;100;100;59;50;55;62;62;63;74,task:3;informational:38;navigational:33;commercial:18;transactional:8
Micro-ondas Oster,16,980,19;22;22;21;21;49;34;22;22;46;95;100,task:3;informational:31;navigational:41;commercial:10;transactional:15
Zojirushi Rice Cookers,15,65,32;32;37;42;100;40;40;36;35;38;49;70,task:3;informational:42;navigational:12;commercial:18;transactional:25
Frigideiras Grill,19,2660,47;57;57;47;81;82;82;87;98;100;98;98,task:2;informational:53;navigational:9;commercial:26;transactional:10
Maytag Home Appliances,15,297,43;71;99;89;100;95;94;77;66;67;87;88,task:3;informational:40;navigational:36;commercial:11;transactional:10
Hot Hair Rollers,22,242,55;65;67;72;70;74;74;100;85;64;65;64,task:1;informational:47;navigational:6;commercial:25;transactional:21
Micro-ondas na Fast Shop,16,769,38;55;59;54;72;71;89;100;82;65;65;67,task:5;informational:42;navigational:23;commercial:10;transactional:20
Fritadeiras Rosa,15,967,63;87;89;73;73;77;81;100;93;86;75;74,task:3;informational:54;navigational:11;commercial:20;transactional:12
Fritadeiras elétricas Metvisa,15,98,12;77;98;53;68;100;14;20;18;21;19;18,informational:32;navigational:41;commercial:11;transactional:16
Fritadeiras Elétricas 4 Litros em Promoção,16,555,60;77;89;73;46;48;50;100;79;79;49;59,task:2;informational:15;navigational:13;commercial:51;transactional:19
Salmão na Airfryer,20,3028,88;100;54;55;54;57;58;68;84;84;85;84,task:12;informational:75;navigational:3;commercial:2;transactional:8
Dyson Hair Straighteners,16,287,49;73;75;72;74;54;77;85;100;98;85;85,task:1;informational:56;navigational:18;commercial:15;transactional:10
Fritadeiras Elétricas Electrolux,72,24386,50;51;55;58;71;71;71;100;73;75;75;75,task:3;informational:46;navigational:13;commercial:14;transactional:24
Eletroportáteis de Cozinha,26,5956,23;26;26;26;90;91;91;99;100;100;100;100,task:2;informational:50;navigational:4;commercial:34;transactional:10
Immersion Blenders,19,1096,81;89;100;54;91;92;91;61;88;89;90;93,task:5;informational:37;navigational:4;commercial:37;transactional:17
Receitas de peixe na airfryer,88,56520,21;19;22;26;36;36;36;96;100;100;100;100,task:12;informational:75;navigational:5;commercial:5;transactional:3
Fritadeiras Elétricas 5 L,17,1259,71;100;100;95;74;79;82;78;80;78;80;80,task:3;informational:55;navigational:6;commercial:26;transactional:10
Blow Dry Essentials,18,532,29;30;31;68;68;69;70;100;37;47;41;43,task:10;informational:65;navigational:5;commercial:15;transactional:5
Fritadeiras Venancio,17,277,24;100;95;78;46;50;36;26;58;59;31;30,task:3;informational:47;navigational:11;commercial:29;transactional:10
Air Games,15,286,92;100;92;92;83;88;79;63;66;69;62;62,task:10;informational:62;navigational:7;commercial:18;transactional:3
Fornos Elétricos com Vapor,25,2129,66;75;47;73;81;82;82;92;99;99;100;100,task:6;informational:63;navigational:4;commercial:25;transactional:2
Frango Coxa e Sobrecoxa na Air Fryer,20,1500,63;83;74;91;81;85;86;88;100;100;100;100,task:5;informational:80;navigational:3;commercial:10;transactional:2
Forno a gás,15,41,8;26;29;17;31;34;8;100;9;9;9;9,task:7;informational:47;navigational:9;commercial:26;transactional:11
Stovetop and Cooktop Essentials,17,2205,12;13;14;17;18;19;18;100;20;20;19;19,task:2;informational:66;navigational:2;commercial:24;transactional:6
Appliance Repair Services,22,5183,78;67;62;66;59;60;60;82;98;98;100;100,task:5;informational:46;navigational:7;commercial:23;transactional:19
Turbo BBQ Grills,16,762,51;59;61;46;64;65;69;90;100;95;96;98,task:10;informational:35;navigational:4;commercial:39;transactional:12
Hot Grill e Fornos Elétricos,16,927,67;98;100;73;80;84;75;68;76;77;76;76,task:5;informational:60;navigational:6;commercial:15;transactional:14
LG Refrigerators,15,354,7;16;19;17;23;25;45;9;9;100;27;32,task:7;informational:30;navigational:23;commercial:18;transactional:22
Fornos Elétricos,241,147415,42;40;41;53;100;100;100;97;79;79;79;79,task:2;informational:40;navigational:4;commercial:39;transactional:15
Panelas a vapor,71,37053,23;22;31;65;89;89;90;100;97;97;97;97,task:2;informational:63;navigational:5;commercial:20;transactional:10
Máquinas de Cozinha Automatizadas,18,138,27;31;38;35;35;36;68;100;87;44;44;44,task:4;informational:65;navigational:1;commercial:23;transactional:7
Picanha na Airfryer,24,8725,77;86;89;94;97;99;99;100;100;100;100;100,task:17;informational:74;navigational:5;commercial:4
Fritadeiras elétricas Midea Grand Gourmet,16,478,66;96;100;41;36;56;45;37;36;79;71;63,informational:35;navigational:26;commercial:16;transactional:23
Fritadeiras Air Philco Vermelhas,15,883,18;21;20;33;30;25;33;100;94;77;75;74,informational:53;navigational:4;commercial:34;transactional:9
fried fish recipes,18,1691,50;68;68;100;85;86;86;92;71;71;71;71,task:7;informational:66;navigational:5;commercial:10;transactional:12
Fritadeiras Amvox no Brasil,22,3041,37;50;51;62;95;100;100;89;91;95;97;97,task:2;informational:48;navigational:20;commercial:15;transactional:15
Kitchen Utensils & Tools,30,3755,22;28;32;82;99;100;100;72;73;73;72;72,task:2;informational:54;navigational:9;commercial:26;transactional:9
Dyson Airwrap lineup,16,185,72;72;80;100;94;94;65;65;55;50;52;52,task:5;informational:41;navigational:17;commercial:22;transactional:15
Juicers and Juicer Machines,18,828,57;59;59;59;48;50;54;100;94;86;86;98,task:5;informational:47;navigational:4;commercial:33;transactional:11
Linguiça e Calabresa na Airfryer,42,10396,30;35;34;50;70;71;71;85;100;100;100;100,task:12;informational:73;navigational:5;commercial:5;transactional:5
fornos elétricos digitais,15,127,14;17;21;19;36;43;30;100;61;18;17;17,task:3;informational:49;navigational:4;commercial:33;transactional:11
Air Compressors and Accessories,20,1933,42;50;50;49;99;100;100;53;54;54;52;52,task:2;informational:50;navigational:7;commercial:30;transactional:11
Fritadeiras Elgin no Brasil,16,752,7;51;57;36;36;37;45;71;52;100;86;96,task:2;informational:65;navigational:10;commercial:10;transactional:13
Electric Toothbrushes,22,1293,44;100;87;77;60;64;60;62;69;60;62;62,task:5;informational:35;navigational:4;commercial:43;transactional:13
Botões de Air Fryer Mondial/Philco,30,3242,33;44;54;82;98;100;100;95;95;95;95;94,task:2;informational:68;navigational:4;commercial:14;transactional:12
Air Beds & Inflatable Mattresses,21,1832,74;86;87;85;86;89;90;100;84;84;85;87,task:2;informational:49;navigational:4;commercial:34;transactional:11
Frigideiras de Alumínio,18,1168,35;42;45;90;99;100;95;57;91;88;87;88,task:5;informational:45;navigational:1;commercial:35;transactional:14
Black Friday Mixers,15,111,4;48;100;53;53;8;47;99;54;59;15;11,task:3;informational:47;navigational:4;commercial:35;transactional:11
Frango com Batata na Airfryer,15,471,82;100;100;90;83;87;89;82;82;88;87;86,task:17;informational:75;navigational:2;commercial:5;transactional:1
Foodz Online Shopping,16,100,20;96;100;70;70;89;38;20;20;19;19;19,task:4;informational:20;navigational:28;commercial:21;transactional:27
Mandioca frita na airfryer,43,22638,50;53;54;26;44;45;45;92;100;100;100;100,task:15;informational:70;navigational:5;commercial:8;transactional:2
Tasty Food Media,17,5376,14;100;18;83;83;83;83;85;83;82;82;82,task:2;informational:60;navigational:9;commercial:23;transactional:6
Cupim na Airfryer: Receitas,21,1732,28;32;33;35;98;100;100;40;43;43;43;42,task:35;informational:55;navigational:3;commercial:5;transactional:2
Hu-Friedy dental tools,17,430,69;71;72;77;77;79;80;100;94;77;77;77,task:2;informational:58;navigational:24;commercial:13;transactional:3
Fogões e Cooktops,16,382,14;85;100;19;33;32;30;30;25;31;29;31,task:2;informational:50;navigational:19;commercial:15;transactional:14
Spatula Essentials,19,380,64;80;76;70;77;81;100;96;96;96;97;96,task:7;informational:48;navigational:5;commercial:18;transactional:22
Air Bikes for Crossfit & Fitness,32,16091,35;40;22;86;98;98;99;100;100;100;100;100,task:2;informational:58;navigational:5;commercial:28;transactional:7
220V Mixers,15,307,41;57;60;58;82;90;100;50;51;61;64;61,task:3;informational:41;navigational:4;commercial:38;transactional:14
Burger and Fries,19,1085,50;57;80;91;94;97;98;100;97;96;93;92,task:5;informational:52;navigational:11;commercial:22;transactional:10
Airfryer Philips Walita Branca,17,1542,73;100;92;87;87;93;96;87;98;100;99;94,task:10;informational:42;navigational:18;commercial:20;transactional:10
Escorredores de fritura,15,1158,75;83;83;80;45;52;52;61;62;100;93;90,task:1;informational:58;navigational:2;commercial:27;transactional:12
Frigideiras em restaurantes,15,889,55;75;76;74;83;86;85;100;100;95;94;94,task:4;informational:54;navigational:4;commercial:21;transactional:17
GE Profile Appliances,15,77,24;25;28;53;53;65;68;100;66;28;29;29,informational:45;navigational:23;commercial:23;transactional:9
110V Kitchen Mixers,15,273,94;98;100;61;59;61;73;72;64;65;62;62,task:5;informational:41;navigational:7;commercial:21;transactional:26
Corações na Airfryer,23,5476,57;64;65;64;45;48;48;100;92;92;92;92,task:12;informational:73;navigational:3;commercial:10;transactional:2
Ashtray Variants and Accessories,19,702,66;82;83;82;75;80;81;98;100;100;99;98,task:10;informational:54;navigational:1;commercial:25;transactional:10
Essential Oil Diffusers,20,2539,37;41;31;31;64;66;66;72;100;100;100;99,task:5;informational:57;navigational:2;commercial:29;transactional:7
fornos wictory,19,824,88;98;100;99;94;96;97;61;68;69;63;62,task:2;informational:39;navigational:36;commercial:14;transactional:9
Pita Chips,18,643,50;52;53;52;92;97;98;91;89;89;100;100,task:2;informational:59;navigational:5;commercial:18;transactional:16
Grundig Electronics,17,1269,20;25;25;35;89;89;89;100;68;80;72;54,task:2;informational:49;navigational:33;commercial:10;transactional:6
Frigideiras Tefal,17,174,25;29;30;28;28;30;44;100;73;31;31;31,task:1;informational:46;navigational:7;commercial:40;transactional:6
Receitas de Airfryer Philips Walita Mondial,16,1365,31;34;34;56;55;55;54;98;100;90;91;90,task:30;informational:61;navigational:4;commercial:5
Churrasqueiras elétricas,99,53203,40;42;44;50;100;100;100;65;67;67;67;67,task:2;informational:49;navigational:4;commercial:33;transactional:12
Ice Cream Makers & Machines,20,689,88;100;99;55;73;75;74;48;67;67;70;70,task:2;informational:56;navigational:2;commercial:26;transactional:14
Maçã desidratada e chips na air fryer,24,3334,24;29;29;30;19;20;20;81;100;100;100;100,task:8;informational:82;navigational:3;commercial:5;transactional:2
Aquecedores de Marmitas Elétricas,19,1510,69;77;73;100;68;79;70;96;96;98;97;96,task:3;informational:60;navigational:2;commercial:20;transactional:15
Forno Combinado,32,19849,19;24;25;80;100;100;100;96;96;96;97;96,task:3;informational:55;navigational:6;commercial:22;transactional:14
Conjuntos de Assadeiras,18,619,69;100;98;87;80;83;81;84;84;85;86;85,task:7;informational:42;navigational:4;commercial:36;transactional:11
Rocket Espresso Home Machines,15,72,57;56;59;100;92;100;77;58;59;59;59;59,task:3;informational:47;navigational:25;commercial:15;transactional:10
Cookers e fogões,18,1083,70;74;74;75;93;93;99;100;38;39;39;43,task:2;informational:75;navigational:10;commercial:10;transactional:3
Tortas e tortinhas de frango na airfryer,16,2411,86;98;98;99;96;100;100;79;81;81;81;80,task:5;informational:78;navigational:5;commercial:10;transactional:2
Kings Smoking & Barbecue,17,289,65;73;96;77;81;84;85;100;95;78;79;91,task:3;informational:37;navigational:38;commercial:7;transactional:15
"Air Fryers Philco, Britânia e Redstone",18,2654,52;71;74;70;81;85;86;87;99;99;100;100,task:2;informational:60;navigational:5;commercial:17;transactional:16
Frigideiras com divisórias,15,1036,4;18;23;11;10;13;11;4;4;100;90;82,task:7;informational:56;navigational:5;commercial:22;transactional:10
Fogões e fritadeiras para pastel,16,243,78;91;100;85;63;53;52;65;63;52;52;52,task:2;informational:56;navigational:4;commercial:28;transactional:10
Gas Boilers and Water Heaters,17,904,25;26;26;54;54;55;55;100;93;63;64;66,task:4;informational:40;commercial:50;transactional:6
Bolinho de Legumes na Airfryer,15,401,73;91;92;91;90;95;96;98;100;100;100;100,task:7;informational:71;navigational:5;commercial:12;transactional:5
Carrefour Micro-ondas,29,3537,70;81;41;49;98;100;100;42;56;55;56;55,task:2;informational:22;navigational:35;commercial:12;transactional:29
Tech Home,15,669,15;28;42;28;33;40;29;15;37;100;35;75,task:7;informational:55;navigational:12;commercial:11;transactional:15
Micro-ondas e Fornos de Micro-ondas,355,378717,18;21;22;100;45;45;45;46;46;46;46;46,task:8;informational:45;navigational:8;commercial:28;transactional:11
Panquecas elétricas domésticas,20,2812,100;57;59;70;70;74;75;65;66;65;64;63,task:5;informational:54;navigational:4;commercial:26;transactional:11
Electric Foil Boards,19,1165,15;19;19;72;90;89;89;71;100;99;99;99,task:2;informational:58;navigational:7;commercial:25;transactional:8
Earbuds & In‑Ear Headphones,17,1230,12;13;100;8;10;9;10;12;13;10;10;10,task:5;informational:28;navigational:3;commercial:54;transactional:10
Cast Iron Cookware,23,3016,45;51;51;66;96;98;100;73;95;95;94;94,task:4;informational:55;navigational:3;commercial:26;transactional:12
Bolos de milho na Air Fryer,17,1530,86;96;99;96;97;100;100;55;62;65;64;64,task:8;informational:74;navigational:5;commercial:7;transactional:6
Humidifiers and Air Humidifiers,17,1415,25;28;29;33;30;30;50;84;100;100;100;100,task:2;informational:58;navigational:4;commercial:32;transactional:4
Portable Air Conditioners,16,107,8;18;19;16;16;12;22;94;100;8;8;8,task:7;informational:39;navigational:4;commercial:32;transactional:18
Metal Pans & Cookware,15,130,29;30;32;34;34;39;72;46;100;96;39;39,task:3;informational:45;navigational:19;commercial:22;transactional:11
Fritadeiras elétricas 10l,15,191,14;78;86;66;67;19;17;100;56;38;38;41,task:4;informational:49;navigational:4;commercial:24;transactional:19
Baked and Roasted Potatoes,29,30048,33;35;21;39;64;65;65;83;100;100;100;100,task:10;informational:75;navigational:4;commercial:7;transactional:4
Coffee Roaster Equipment,15,360,73;83;85;83;82;86;87;100;100;100;88;87,task:3;informational:51;navigational:4;commercial:34;transactional:8
Receitas de omelete na airfryer,17,1205,88;100;100;52;46;49;50;90;58;63;63;57,task:22;informational:56;navigational:5;commercial:8;transactional:9
Fritadeiras elétricas 10L (Oster e similares),15,1330,19;45;57;38;38;35;28;100;28;29;85;99,task:10;informational:46;navigational:4;commercial:30;transactional:10
Batedeiras KitchenAid,34,13764,93;97;100;46;46;47;47;56;57;57;57;57,task:3;informational:38;navigational:15;commercial:29;transactional:15
Air Cooled Systems,18,3024,32;29;30;25;36;37;37;84;100;100;100;100,task:8;informational:72;navigational:5;commercial:10;transactional:5
Fritadeiras elétricas de 2 cubas,21,1425,38;52;51;48;52;56;57;56;53;54;100;94,task:3;informational:49;navigational:1;commercial:38;transactional:9
Coxinha da Asa na Air Fryer,21,2777,87;97;99;58;90;93;91;97;100;97;100;100,task:5;informational:80;navigational:5;commercial:8;transactional:2
Tabletop Grills,18,8448,44;49;51;51;100;100;100;62;63;62;62;62,task:5;informational:54;navigational:5;commercial:16;transactional:20
Receitas de abobrinha na airfryer,19,12503,85;92;48;47;45;46;46;49;100;100;100;100,task:8;informational:75;navigational:5;commercial:5;transactional:7
Samsung Home Cooling & Refrigeration,21,2495,14;36;44;34;44;32;31;100;73;49;68;72,task:2;informational:52;navigational:21;commercial:10;transactional:15
Pão de alho na Airfryer,39,11476,34;39;40;38;43;45;45;100;76;76;76;76,task:12;informational:79;navigational:3;commercial:5;transactional:1
Forno e micro-ondas embutidos,56,29573,79;81;40;49;73;73;73;100;87;87;87;87,task:2;informational:52;navigational:4;commercial:33;transactional:9
Tachos e fritadeiras elétricas,16,1091,43;51;56;55;55;54;52;50;67;100;98;100,task:5;informational:55;navigational:7;commercial:23;transactional:10
Panelas wok,26,15162,15;19;21;49;100;100;100;80;77;77;76;76,task:7;informational:56;navigational:5;commercial:23;transactional:9
Descongelar frango e carne na air fryer,40,13826,52;92;97;98;53;54;54;100;100;100;100;100,task:2;informational:85;navigational:2;commercial:6;transactional:5
Carne de Porco na Airfryer,25,3538,82;91;93;91;43;46;47;98;100;100;100;100,task:12;informational:82;navigational:3;commercial:3
Air Press Compressors,16,111,50;89;92;57;48;50;100;65;76;51;51;49,task:3;informational:56;navigational:11;commercial:25;transactional:5
Can Opener Gadgets,15,396,42;43;45;48;48;50;58;55;100;93;93;93,task:2;informational:61;navigational:5;commercial:22;transactional:10
Hand Fans & Folding Fans,19,694,70;77;81;80;83;80;80;100;77;77;73;73,task:8;informational:59;navigational:4;commercial:18;transactional:11
Dyson Vacuum Cleaners,16,1220,89;99;100;98;51;54;56;67;62;61;65;65,task:2;informational:47;navigational:8;commercial:29;transactional:14
Máquinas de assar costela,15,60,13;14;17;17;23;24;100;53;50;29;27;32,task:7;informational:46;navigational:5;commercial:25;transactional:17
Oil-Free Air Compressors,15,555,26;28;28;51;98;100;99;91;91;88;82;83,task:8;informational:53;navigational:4;commercial:32;transactional:3
Furnace and Heating Systems,17,2522,70;76;76;70;86;87;87;100;100;100;100;100,task:3;informational:71;navigational:5;commercial:10;transactional:11
Maquinas de Waffle,36,11632,79;85;88;87;95;96;96;98;100;100;100;100,task:2;informational:48;navigational:5;commercial:29;transactional:16
Airstream RVs,23,869,36;46;97;100;84;87;87;70;63;63;63;62,task:2;informational:59;navigational:22;commercial:9;transactional:8
Frigideiras Quadradas,15,512,36;50;50;49;52;55;49;100;89;66;62;68,task:7;informational:48;navigational:4;commercial:30;transactional:11
Abdominal Crunch Machines,19,815,33;34;35;43;63;81;75;100;93;54;53;53,task:5;informational:52;navigational:4;commercial:23;transactional:16
Eaget Electronics,18,3839,35;41;33;100;89;91;92;100;52;53;51;49,task:2;informational:57;navigational:31;commercial:7;transactional:3
Frigideiras Brinox,22,1429,59;85;86;82;84;88;89;93;100;100;96;96,task:3;informational:36;navigational:33;commercial:14;transactional:14
Frigideiras 3 em 1 antiaderentes,15,169,55;89;100;79;75;79;48;41;42;37;37;46,task:7;informational:24;commercial:51;transactional:18
Air Conditioner Buying Guide,54,43303,18;21;26;53;75;75;75;91;100;100;100;100,task:5;informational:55;navigational:2;commercial:32;transactional:6
Evaporative and Portable Air Coolers,20,818,40;43;46;49;100;99;99;65;57;57;60;59,task:2;informational:53;navigational:5;commercial:22;transactional:18
Fritadeiras Elétricas 7 Litros Progas,21,542,45;69;74;67;64;51;49;100;52;52;47;48,task:4;informational:30;navigational:4;commercial:40;transactional:22
Cooking and Cooks,17,2618,24;25;25;25;25;26;26;100;100;98;95;95,task:8;informational:59;navigational:5;commercial:24;transactional:4
Sub Zero Refrigerators,16,95,32;34;34;34;34;100;86;32;32;48;35;37,task:3;informational:46;navigational:23;commercial:20;transactional:8
Eletrodomésticos no Zoom,22,2376,85;100;100;99;75;78;82;97;86;87;93;94,task:5;informational:33;navigational:27;commercial:10;transactional:25
Automatic Pet Feeders,16,292,50;59;75;74;86;87;100;27;26;29;30;33,task:3;informational:50;navigational:6;commercial:33;transactional:8
Forno de Embutir com Ventilação,23,1918,15;20;24;70;85;83;84;100;99;97;96;96,task:3;informational:61;navigational:2;commercial:26;transactional:8
Air Locker,16,193,46;67;82;56;67;68;75;71;70;99;98;100,task:7;informational:32;navigational:25;commercial:18;transactional:18
Fornos Turbochef,16,132,45;48;50;51;49;100;94;53;54;60;60;57,task:3;informational:36;navigational:39;commercial:15;transactional:7
Frigideiras Neoflam,16,149,11;39;41;36;40;45;25;100;97;12;11;12,task:10;informational:45;navigational:8;commercial:20;transactional:17
Radiators and Heating Solutions,17,868,23;27;37;100;78;84;73;75;76;74;74;74,task:2;informational:65;navigational:10;commercial:15;transactional:8
Cool Box Coolers,18,3446,28;32;32;19;18;19;21;100;97;95;95;95,task:4;informational:49;navigational:2;commercial:36;transactional:9
Micro-ondas 33L,18,1032,39;46;47;82;83;75;74;100;71;62;60;61,task:2;informational:38;navigational:9;commercial:26;transactional:25
Big Green Egg Ceramic Grill,18,169,44;89;100;89;75;44;45;46;85;94;51;50,task:3;informational:47;navigational:21;commercial:18;transactional:11
Clothes Drying Racks,15,253,24;27;28;28;43;31;30;49;95;100;31;32,task:1;informational:52;navigational:11;commercial:27;transactional:9
Micro-ondas Havan,16,984,85;100;100;61;58;60;60;91;71;73;65;66,task:3;informational:29;navigational:30;commercial:18;transactional:20
Panelas T-Fal,18,441,87;97;100;94;94;96;94;93;78;71;68;77,task:5;informational:58;navigational:10;commercial:21;transactional:6
Eggo Waffles and Brastemp Eggo,18,2760,31;35;38;44;98;97;95;96;90;91;100;100,task:5;informational:59;navigational:5;commercial:20;transactional:11
Hitachi Chillers,16,55,73;77;91;91;99;99;99;99;100;100;100;100,task:3;informational:42;navigational:32;commercial:11;transactional:12
Casserole Dishes & Bakeware,19,982,71;80;51;82;99;100;95;87;82;82;81;81,task:2;informational:55;navigational:4;commercial:31;transactional:8
eletrodomésticos de cozinha,19,1940,16;21;28;41;99;100;99;54;46;46;47;47,task:2;informational:59;navigational:5;commercial:22;transactional:12
Panelas Elétricas a Vapor,16,2698,36;47;52;57;97;99;100;88;87;87;88;87,task:5;informational:60;navigational:2;commercial:28;transactional:5
Maquinas de Waffle Oster,16,462,77;90;92;83;93;100;100;92;95;96;85;89,task:3;informational:33;navigational:15;commercial:22;transactional:27
Air Clean and Conditioning,16,513,35;38;88;68;100;100;100;100;80;81;63;63,task:5;informational:50;navigational:9;commercial:30;transactional:6
Super Coolers,16,364,54;78;82;74;100;84;82;89;91;85;84;86,task:10;informational:39;navigational:20;commercial:18;transactional:13
Cookware Sets,19,1027,88;100;98;61;55;57;57;81;82;82;85;87,task:1;informational:44;navigational:4;commercial:44;transactional:7
Fritadeiras Elétricas Philips Walita,59,17770,76;81;89;100;96;96;96;94;92;92;92;92,task:2;informational:27;navigational:20;commercial:29;transactional:22
Kitchen Design & Kitchens,30,24632,23;64;66;67;100;100;100;99;99;99;99;99,task:13;informational:64;navigational:5;commercial:15;transactional:3
Doce de Leite na Airfryer,21,2169,72;81;42;41;79;77;77;100;100;96;96;96,task:12;informational:70;navigational:5;commercial:10;transactional:3
Frango à passarinho na airfryer,22,1119,61;65;65;63;61;62;62;100;97;97;95;97,task:20;informational:75;navigational:3;commercial:2
Costelas e costelinhas na AirFryer,41,22704,52;55;28;35;43;44;44;98;100;100;100;100,task:22;informational:58;navigational:2;commercial:10;transactional:8
"Milho: Airfryer, Forno e Churrasqueira",31,9529,15;19;20;22;27;28;28;90;100;100;100;100,task:8;informational:77;navigational:5;commercial:8;transactional:2
Micro-ondas LG,32,5315,86;97;100;52;59;60;61;56;62;62;62;61,task:2;informational:48;navigational:18;commercial:20;transactional:12
Easy Home & Design,15,215,6;29;47;9;21;58;100;15;23;52;27;28,task:7;informational:28;navigational:47;commercial:10;transactional:8
Forno industrial e assadeiras,15,43,24;96;100;30;34;37;35;38;41;32;32;34,task:3;informational:49;navigational:4;commercial:28;transactional:16
Frigideiras antiaderentes,77,37473,19;20;22;89;100;100;100;44;41;41;41;41,task:1;informational:47;navigational:3;commercial:37;transactional:12
Panelas no Shoptime,23,9939,40;42;44;19;20;20;20;100;20;20;20;20,informational:42;navigational:30;commercial:20;transactional:8
Viking kitchen appliances,15,52,33;36;38;94;92;74;38;100;87;33;33;33,task:1;informational:18;navigational:48;commercial:27;transactional:6
Panelas Ballarini,17,288,44;84;100;51;50;61;61;65;57;87;84;90,task:7;informational:40;navigational:19;commercial:27;transactional:7
Panelas e frigideiras Electrolux,18,490,65;83;81;78;74;73;72;93;89;100;97;96,informational:35;navigational:41;commercial:17;transactional:7
Heat Press Machines,19,578,32;34;35;40;39;41;50;92;92;100;98;100,task:5;informational:46;navigational:4;commercial:33;transactional:12
Fornos Franke,15,402,25;27;28;36;33;33;40;46;39;100;90;92,task:3;informational:23;navigational:44;commercial:11;transactional:19
Acessórios de Airfryer Walita Philips,18,212,75;90;93;83;81;91;85;100;99;89;95;85,task:3;informational:35;navigational:35;commercial:10;transactional:17
Meal Time,16,78,67;76;79;79;89;90;90;92;100;100;100;100,task:12;informational:44;navigational:35;commercial:3;transactional:6
Bolos de chocolate na airfryer,26,17318,42;47;48;31;31;31;31;94;100;100;100;100,task:10;informational:70;navigational:5;commercial:10;transactional:5
Frigideiras e panelas antiaderentes,17,405,63;72;73;60;97;99;100;78;64;43;43;43,task:2;informational:49;navigational:4;commercial:35;transactional:10
DJI Air 2S Drones,32,8300,29;34;35;31;100;100;100;87;86;85;85;85,task:5;informational:60;navigational:4;commercial:19;transactional:12
Eletrodomésticos para Cozinha,70,27782,35;38;50;72;80;80;80;93;100;100;100;100,task:2;informational:62;navigational:2;commercial:26;transactional:8
Frigelar Brasil: Refrigeração e Ar Condicionado,59,37243,91;98;98;100;72;72;72;78;76;76;76;76,informational:27;navigational:54;commercial:9;transactional:10
Ice Makers and Ice Machines,20,1998,63;72;73;51;90;92;92;100;82;82;78;78,task:5;informational:46;navigational:4;commercial:31;transactional:14
Cuisinart Grill e Sanduíches,16,162,48;91;100;78;79;60;58;67;60;66;63;63,task:3;informational:36;navigational:22;commercial:27;transactional:12
Brastemp Micro-ondas,87,22880,61;63;71;77;100;100;100;94;95;95;95;95,task:4;informational:35;navigational:21;commercial:22;transactional:18
Assadeiras de Frango Progas,20,629,72;88;65;83;98;100;93;95;82;81;75;76,task:3;informational:26;navigational:35;commercial:10;transactional:26
Carrinhos de batata frita,17,551,55;74;75;72;69;79;79;100;86;65;58;57,task:10;informational:50;navigational:5;commercial:20;transactional:15
Fogões digitais,18,482,46;60;65;54;59;65;91;62;59;60;68;100,task:3;informational:52;navigational:8;commercial:29;transactional:8
HiRacer products,15,196,54;73;76;73;62;80;72;70;69;100;87;58,task:3;informational:60;navigational:18;commercial:15;transactional:4
Forno elétrico em lojas brasileiras,15,987,23;53;71;44;44;49;58;53;54;84;85;100,informational:11;navigational:59;commercial:11;transactional:19
Mavic Air 2 drone,19,1442,36;36;24;37;99;98;100;83;82;80;80;80,task:2;informational:59;navigational:10;commercial:18;transactional:11
Fogões e Fornos de Cozinha,15,677,35;56;67;47;60;57;71;100;72;75;68;87,task:8;informational:66;navigational:8;commercial:14;transactional:4
Picanha suína na airfryer,16,675,45;47;48;47;47;48;49;100;41;41;41;41,task:12;informational:79;navigational:3;commercial:5;transactional:1
Cabos e puxadores para Air Fryer Mondial,19,1534,88;100;100;59;57;52;52;65;65;65;62;61,task:8;informational:61;navigational:2;commercial:19;transactional:10
All-Clad Cookware & Accessories,20,385,92;98;100;100;92;94;94;95;91;94;95;93,task:2;informational:25;navigational:55;commercial:10;transactional:8
Echo Spot & Alexa Devices,30,10420,24;12;41;21;31;32;32;100;72;54;54;54,task:5;informational:65;navigational:10;commercial:13;transactional:7
fornos e eletrodomésticos no Brasil,15,720,6;6;7;19;14;13;23;100;75;56;47;45,task:10;informational:56;navigational:8;commercial:12;transactional:14
CPAP Devices,17,702,9;10;11;12;15;15;15;100;100;100;100;100,task:2;informational:73;navigational:5;commercial:15;transactional:5
Heating Pads & Warmers,22,1720,50;53;57;70;68;69;69;83;88;87;87;100,task:2;informational:73;navigational:8;commercial:15;transactional:2
Kitchen Brands & Stores,16,275,34;47;50;51;100;95;94;73;66;37;36;36,task:3;informational:69;navigational:10;commercial:10;transactional:8
Air Conditioning: Brands & Online Shopping,17,1035,11;49;55;46;64;57;59;100;83;84;75;84,task:2;informational:38;navigational:4;commercial:40;transactional:16
Inductotherm Group,15,116,83;88;96;95;95;97;97;99;100;100;100;100,informational:42;navigational:44;commercial:11;transactional:3
Foodie Apps & Media,24,2717,100;95;96;98;53;54;54;46;53;52;52;52,task:8;informational:65;navigational:5;commercial:17;transactional:5
RC Helicopters & Remotes,20,420,62;79;79;79;91;100;84;93;87;89;92;93,task:10;informational:46;navigational:5;commercial:22;transactional:17
Drones and UAV Gear,17,158,39;41;41;63;60;100;89;58;49;48;49;48,task:4;informational:63;navigational:5;commercial:20;transactional:8
Fogões Electrolux VaporBake,22,2162,19;38;42;53;58;54;55;100;79;82;77;78,informational:49;navigational:33;commercial:10;transactional:8
Commercial Refrigeration & Freezers,15,182,79;90;98;96;92;95;100;95;92;92;97;96,task:3;informational:44;navigational:4;commercial:35;transactional:14
"Fritadeiras Air Fryer Mondial 3,5 L",22,797,89;99;100;97;52;55;55;59;52;52;51;51,task:5;informational:46;navigational:4;commercial:37;transactional:8
Assadeiras de Ferro Fundido,17,241,73;97;100;89;75;76;76;100;60;59;58;57,task:8;informational:54;navigational:4;commercial:26;transactional:8
Vacuum Cleaners,22,11498,27;16;66;20;99;100;100;91;91;91;92;92,task:8;informational:48;navigational:1;commercial:32;transactional:11
Crock Pot & Slow Cooker Essentials,36,7909,50;58;41;58;74;78;78;96;100;100;100;100,task:2;informational:52;navigational:2;commercial:34;transactional:10
Electronics Deals,16,718,1;2;3;3;3;2;3;6;61;100;3;4,task:7;informational:47;navigational:5;commercial:28;transactional:13
Aparelhos e Acessórios de Cozinha,15,545,6;33;44;36;36;39;28;100;85;78;92;70,task:3;informational:60;navigational:9;commercial:18;transactional:10
Viking Grills,15,75,99;100;94;94;83;84;84;87;87;87;87;87,task:7;informational:44;navigational:31;commercial:14;transactional:4
Máquinas de panquecas e waffles,16,1156,44;48;48;32;44;52;52;100;87;77;77;77,task:5;informational:63;navigational:5;commercial:17;transactional:10
Mini Fornos Elétricos Portáteis,17,2195,69;91;94;90;88;94;95;98;100;97;97;95,task:7;informational:45;navigational:4;commercial:33;transactional:11
Smart devices,20,1256,32;38;39;32;81;87;86;76;71;100;76;79,task:2;informational:64;navigational:4;commercial:24;transactional:6
Farm coolers e marmitas,17,4499,85;98;100;53;52;53;54;57;59;58;59;58,task:2;informational:60;navigational:6;commercial:21;transactional:11
Corsair CPU Air Coolers,16,546,49;64;63;61;71;76;87;75;76;73;100;75,task:6;informational:44;navigational:5;commercial:22;transactional:23
Smart Home Technology,18,1891,49;64;70;79;80;81;75;79;82;81;83;100,task:3;informational:67;navigational:10;commercial:15;transactional:5
Fogões Samsung,20,2389,41;78;88;72;60;60;61;58;67;81;98;100,task:3;informational:36;navigational:21;commercial:16;transactional:24
KitchenAid Stand Mixers,17,581,58;62;68;83;87;89;87;83;82;100;84;87,task:2;informational:46;navigational:10;commercial:21;transactional:21
Fornos Progas,31,3319,86;98;100;100;49;51;52;52;50;50;50;50,task:2;informational:32;navigational:24;commercial:25;transactional:17
Leaf Blowers,16,365,63;78;79;77;77;80;95;99;100;81;81;81,task:3;informational:47;navigational:5;commercial:21;transactional:24
Mind The Headphones,15,1026,100;63;64;60;71;77;77;89;88;88;90;89,task:8;informational:50;navigational:8;commercial:22;transactional:12
Meatbox & Boxed Meat,16,172,46;55;58;57;57;58;65;65;73;80;81;100,task:10;informational:28;navigational:22;commercial:23;transactional:17
Curling Irons & Hair Styling Tools,15,67,32;56;56;40;72;29;100;31;31;32;31;31,task:7;informational:38;navigational:3;commercial:40;transactional:12
Cooker Hood & Extractor Fans,19,746,62;66;73;53;55;58;46;79;98;100;91;92,task:7;informational:42;navigational:8;commercial:36;transactional:7
Electric Screwdrivers,15,102,19;29;29;46;53;58;39;100;87;31;24;25,task:3;informational:38;navigational:11;commercial:32;transactional:16
Fornos a gás embutidos,67,21263,59;83;91;84;97;97;98;98;100;100;100;100,task:2;informational:37;navigational:4;commercial:45;transactional:12
Cheese Grater Essentials,19,857,42;43;38;39;70;73;73;100;91;97;94;95,task:2;informational:69;navigational:3;commercial:14;transactional:12
Cooking & Culinary Education,23,2722,86;93;90;79;87;90;86;80;81;81;98;100,task:5;informational:63;navigational:7;commercial:12;transactional:13
Air Handling Units (AHU),17,732,44;49;51;49;89;89;89;100;95;95;95;95,task:8;informational:60;navigational:4;commercial:12;transactional:16
Marmitas Térmicas,29,4829,53;61;32;72;93;94;95;100;93;93;95;94,task:2;informational:52;navigational:6;commercial:30;transactional:10
Frigideiras MTA,16,473,19;50;63;49;21;25;24;51;61;100;98;75,task:3;informational:29;navigational:23;commercial:33;transactional:12
Air Pots & Planters,18,297,34;36;38;41;94;96;88;100;62;68;69;68,task:10;informational:58;navigational:5;commercial:24;transactional:3
Fatiadores de frios,36,11936,95;100;47;61;59;60;61;66;68;68;68;68,task:5;informational:45;navigational:1;commercial:30;transactional:19
Panasonic micro-ondas,43,8108,91;100;50;57;93;94;95;68;75;85;78;77,task:5;informational:38;navigational:10;commercial:27;transactional:20
Carrefour Panelas e Eletrodomésticos,22,2077,31;50;50;44;42;45;44;100;48;47;62;64,task:8;informational:24;navigational:33;commercial:10;transactional:25
Frigideiras e conjuntos antiaderentes,18,361,72;95;93;90;82;88;100;94;93;89;89;91,task:3;informational:43;navigational:4;commercial:33;transactional:17
Forno autolimpante,30,5291,20;27;31;62;97;98;98;100;97;100;91;91,task:5;informational:65;navigational:2;commercial:20;transactional:8
Ninja Portable Blenders,17,3463,27;31;32;31;33;35;36;100;100;100;100;100,task:2;informational:62;navigational:10;commercial:18;transactional:8
At-Home Tech & Streaming,17,6909,22;14;14;14;14;14;14;100;60;27;27;27,task:5;informational:69;navigational:14;commercial:9;transactional:3
Cortadores e Fatiadores de Batata,25,5490,28;36;46;55;79;80;80;100;53;53;54;53,task:8;informational:49;navigational:5;commercial:21;transactional:17
Cloud Kitchens,18,1071,27;55;55;77;74;73;70;100;66;74;68;90,task:2;informational:57;navigational:23;commercial:12;transactional:6
Hover Drones,19,1155,62;66;68;71;63;64;64;100;88;84;91;92,task:2;informational:56;navigational:8;commercial:25;transactional:9
Big Cook Phrases,17,9149,27;32;32;18;100;100;100;47;48;47;47;46,task:12;informational:58;navigational:5;commercial:12;transactional:13
Forno Elétrico Fischer,112,36843,100;100;41;43;51;51;51;58;62;62;62;62,task:3;informational:40;navigational:23;commercial:17;transactional:17
Bread Makers and Bread Machines,18,2004,87;96;97;97;97;100;100;94;95;93;93;93,task:2;informational:37;navigational:5;commercial:49;transactional:7
Acer All-in-One Computers,16,647,9;21;31;25;25;26;23;31;32;62;68;100,task:4;informational:29;navigational:26;commercial:18;transactional:23
Torradeiras elétricas,35,12648,100;45;49;52;71;71;71;61;62;62;62;62,task:2;informational:35;navigational:4;commercial:40;transactional:19
Fornos Elétricos Colombo,15,452,56;71;74;65;79;73;67;80;56;100;94;100,task:2;informational:27;navigational:39;commercial:7;transactional:25
Smart Thermostats,17,1716,22;26;27;26;94;97;97;100;100;100;100;100,task:4;informational:62;navigational:3;commercial:15;transactional:16
Tronos: TVs e eletrodomésticos,22,6508,60;75;76;25;92;91;91;99;99;100;100;100,task:2;informational:58;navigational:30;commercial:8;transactional:2
MyFood,15,1280,10;38;36;29;18;22;17;39;18;17;81;100,task:3;informational:35;navigational:47;commercial:10;transactional:5
Fogões Portáteis,17,1549,55;80;85;82;85;90;91;93;99;100;93;94,task:3;informational:52;navigational:1;commercial:30;transactional:14
Fritadeiras Airfryer Philips Walita,22,835,68;96;97;88;88;94;93;100;94;95;89;88,task:3;informational:38;navigational:18;commercial:26;transactional:15
Panelas Tefal,23,2402,70;79;83;60;59;62;62;99;100;100;99;100,task:3;informational:48;navigational:15;commercial:22;transactional:12
Power Up Products,19,5780,25;36;35;33;58;59;58;54;100;52;52;52,task:2;informational:47;navigational:19;commercial:21;transactional:11
Ceramic Kilns,18,450,39;46;43;100;100;100;100;95;33;33;33;32,task:5;informational:67;navigational:5;commercial:15;transactional:8
Homeware & Decor,16,625,21;29;31;28;28;29;26;32;31;29;28;100,task:3;informational:42;navigational:7;commercial:33;transactional:15
Microwave Safety & Cooking,23,1100,44;49;38;93;100;100;100;86;74;74;74;73,task:8;informational:59;navigational:2;commercial:27;transactional:4
XFusion Products,17,1370,39;44;46;44;44;45;46;83;96;100;79;79,task:2;informational:36;navigational:29;commercial:29;transactional:4
Magnetron de Micro-ondas,41,30430,25;28;17;84;84;84;84;100;100;100;100;100,task:2;informational:60;navigational:5;commercial:19;transactional:14
Small Form Factor Computers (SFF),21,1792,21;29;31;27;67;68;65;84;100;100;76;78,task:5;informational:62;navigational:5;commercial:20;transactional:8
Aquecedores Halógenos,21,2698,20;26;27;32;32;34;39;93;98;100;100;100,task:5;informational:44;navigational:9;commercial:28;transactional:14
Crissair Fogões e Cooktops,15,1332,73;83;84;93;92;94;95;95;98;97;100;100,task:2;informational:44;navigational:37;commercial:7;transactional:10
Marmiteiras e Marmiteiro Térmico,15,980,64;87;89;86;85;97;97;93;95;100;100;100,task:3;informational:63;navigational:5;commercial:25;transactional:4
Micro-ondas Bemol,15,141,4;9;9;12;14;11;9;100;53;14;12;15,task:7;informational:32;navigational:19;commercial:15;transactional:27
Saucepans and Cookware,19,327,51;63;69;65;52;54;50;58;94;100;68;68,task:5;informational:53;navigational:5;commercial:25;transactional:12
Forno Elétrico Polishop,18,364,24;32;37;74;74;30;29;57;49;100;94;72,task:3;informational:26;navigational:44;commercial:11;transactional:16
Assadeiras e formas de alumínio,24,6196,48;55;56;32;97;100;100;66;65;65;65;65,task:2;informational:62;navigational:4;commercial:27;transactional:5
Fan Coil Units (FCU),17,8501,59;52;53;100;44;44;45;93;93;93;93;93,informational:76;navigational:5;commercial:15;transactional:4
Assadeiras de Carne para Forno,16,232,18;20;21;37;42;42;58;78;100;30;31;31,task:2;informational:54;navigational:4;commercial:31;transactional:9
kitchen furniture,15,274,38;56;61;47;39;41;37;46;97;100;32;33,task:3;informational:37;navigational:3;commercial:46;transactional:11
Eletrodomésticos online Brasil,15,674,15;99;100;98;28;44;43;54;43;54;47;40,task:2;informational:33;navigational:34;commercial:27;transactional:4
Frigideiras para panquecas,16,930,34;46;49;55;100;96;95;50;42;42;100;90,task:2;informational:38;navigational:2;commercial:48;transactional:10
Adafruit maker electronics,15,203,67;97;100;97;82;72;69;72;72;67;67;66,task:1;informational:24;navigational:65;commercial:7;transactional:3
Forno elétrico embutido,15,620,42;61;65;57;70;71;44;45;50;48;85;100,task:1;informational:54;navigational:4;commercial:33;transactional:8
Micro-ondas Consul Facilite,15,999,8;15;18;14;32;44;11;100;28;65;64;72,task:7;informational:32;navigational:24;commercial:26;transactional:11
Fondue elétrico Oster,19,903,50;66;71;65;64;68;72;100;73;73;72;71,task:3;informational:51;navigational:5;commercial:24;transactional:17
Fornos elétricos Layr,24,4656,90;98;100;46;42;43;43;43;45;45;45;44,task:3;informational:43;navigational:9;commercial:22;transactional:23
Fogões e fornos por indução,22,3064,64;75;76;53;83;85;85;100;92;92;92;91,task:2;informational:60;navigational:2;commercial:22;transactional:14
fornos elétricos Electrolux,43,24093,49;51;26;44;100;100;100;85;84;84;84;84,informational:54;navigational:26;commercial:14;transactional:6
frigideiras com tampa,18,1761,68;96;100;89;86;92;94;96;95;96;94;94,task:7;informational:55;navigational:8;commercial:21;transactional:9
LG Air Conditioners,15,839,2;6;8;6;4;4;3;12;59;100;9;10,task:3;informational:37;navigational:17;commercial:12;transactional:31
Echo Pop Devices,49,44586,14;16;20;96;95;96;96;99;98;100;98;98,task:2;informational:46;navigational:15;commercial:27;transactional:10
Headphones and Earphones,47,25297,46;49;54;73;100;100;100;89;89;88;89;88,task:5;informational:48;navigational:4;commercial:37;transactional:6
Sanduícheira e Grill – Eletrodomésticos,91,52912,77;78;80;88;97;97;97;100;100;100;100;100,task:2;informational:33;navigational:9;commercial:40;transactional:16
Slushie Machines,22,2182,78;93;93;68;97;99;99;100;89;89;88;88,task:2;informational:63;navigational:5;commercial:20;transactional:10
Temperature Control & Controllers,17,3679,36;38;37;84;85;86;86;70;100;100;100;100,task:2;informational:73;navigational:5;commercial:12;transactional:8
Baking Sheets and Sheet Pans,18,321,84;95;96;100;76;71;80;92;74;74;72;72,task:4;informational:39;navigational:3;commercial:42;transactional:12
Kenmore Brand & Online Retailers,17,440,9;23;26;26;52;49;48;100;67;73;64;77,task:3;informational:18;navigational:57;commercial:10;transactional:12
Micro-ondas Britânia,19,676,64;74;100;87;71;72;71;55;54;58;52;53,informational:53;navigational:24;commercial:16;transactional:7
Mini sanduicheiras,17,453,63;97;99;87;86;92;93;87;88;100;82;84,task:3;informational:53;navigational:4;commercial:29;transactional:11
Marmita Elétrica,18,722,62;78;79;74;75;91;83;100;82;82;89;87,task:5;informational:50;navigational:8;commercial:24;transactional:13
Pão com Linguiça na Air Fryer,16,474,96;100;100;94;94;96;96;92;55;55;55;55,task:8;informational:75;navigational:2;commercial:10;transactional:5
Burner Phones,18,934,27;29;77;100;52;52;44;42;42;42;42;47,task:5;informational:68;navigational:10;commercial:12;transactional:5
Magic Bullet Blenders,24,1988,52;57;58;31;97;100;100;37;38;37;38;37,task:2;informational:41;navigational:9;commercial:29;transactional:19
Processadores Fun Kitchen,18,738,25;28;35;24;53;52;51;100;72;42;39;41,task:5;informational:58;navigational:5;commercial:22;transactional:10
Google Nest devices,31,27753,13;16;17;61;74;74;75;92;100;100;100;100,task:2;informational:56;navigational:15;commercial:16;transactional:11
Panelas Oster,35,12372,94;97;100;65;62;63;63;66;61;61;61;61,task:2;informational:43;navigational:17;commercial:20;transactional:18
Cozedores de Ovos Elétricos,62,34446,13;16;25;40;71;72;72;98;100;100;100;100,task:3;informational:58;navigational:5;commercial:20;transactional:14
Batata Frita McCain,33,12477,36;43;96;50;65;66;66;96;100;100;100;100,task:1;informational:52;navigational:24;commercial:15;transactional:8
Searing Terms and Techniques,16,6324,26;29;98;98;98;99;99;100;100;100;100;100,task:2;informational:80;navigational:5;commercial:10;transactional:3
Dimplex products and stores,17,986,35;44;48;41;98;99;100;71;71;82;69;69,task:2;informational:31;navigational:35;commercial:22;transactional:10
Ariston Brand Network,16,1114,21;22;22;22;100;100;100;100;100;100;100;100,task:4;informational:42;navigational:41;commercial:8;transactional:5
Cutting Machines,17,402,52;56;58;60;52;53;59;100;100;98;98;100,task:4;informational:58;navigational:4;commercial:26;transactional:8
Panelas Grill Elétricas,21,2447,86;99;100;48;95;99;100;43;45;45;45;44,task:4;informational:44;navigational:5;commercial:35;transactional:12
Pratos de Micro-ondas,29,10088,22;28;35;50;91;93;93;100;94;94;94;94,task:5;informational:56;navigational:4;commercial:26;transactional:9
Melhores Micro-ondas com Grill,45,14828,25;30;39;48;100;100;100;100;94;94;95;95,task:2;informational:36;navigational:1;commercial:54;transactional:7
iPhone Air Series,17,48693,2;2;2;9;80;80;81;96;100;100;100;100,task:2;informational:56;navigational:9;commercial:29;transactional:4
Snack Breaks,15,507,9;10;11;64;62;52;34;49;47;100;82;86,task:7;informational:53;navigational:8;commercial:15;transactional:17
Batata Frita na Panela,17,966,58;60;60;64;70;71;72;100;80;74;75;74,task:2;informational:81;navigational:3;commercial:8;transactional:6
Mr. Frosty Ice Cream Makers,16,350,17;18;23;36;42;42;43;100;60;71;68;75,task:8;informational:72;navigational:8;commercial:10;transactional:2
Apple Mac computers (2010s),38,8171,19;25;25;41;99;100;100;93;93;92;91;91,task:8;informational:56;navigational:6;commercial:25;transactional:5
Grills e Sanduicheiras no Brasil,15,567,20;100;81;64;62;61;33;44;40;78;69;46,task:3;informational:55;navigational:14;commercial:12;transactional:16
fornos elétricos Amazon Brasil,17,193,25;25;19;16;19;18;40;100;92;20;20;23,task:1;informational:27;navigational:46;commercial:11;transactional:15
Torre de cocção para forno e micro-ondas,18,2165,47;62;85;81;80;82;82;100;92;92;92;91,task:2;informational:58;navigational:4;commercial:26;transactional:10
Cooking Games,22,3535,38;53;37;34;33;35;35;72;89;86;100;97,task:5;informational:65;navigational:5;commercial:16;transactional:9
NewLink Tech & Electronics,16,134,7;7;8;33;33;8;8;9;100;16;17;12,task:3;informational:50;navigational:33;commercial:9;transactional:5
Phone Chargers,15,854,29;15;17;14;32;32;33;100;51;53;57;57,task:5;informational:47;navigational:5;commercial:22;transactional:21
Gamdias Boreas Air Coolers,15,434,9;18;18;16;15;15;16;22;53;100;78;17,task:3;informational:46;navigational:18;commercial:19;transactional:14
Robot Vacuum Cleaners,42,10020,24;33;36;64;81;83;85;97;100;100;100;99,task:6;informational:50;navigational:5;commercial:29;transactional:10
Forno a gás no Brasil,21,2880,84;98;99;62;96;100;100;91;93;93;92;92,task:2;informational:56;navigational:4;commercial:32;transactional:6
Boilers and Heating,16,504,49;51;55;61;59;45;45;100;100;100;100;100,task:2;informational:50;navigational:4;commercial:26;transactional:18
Fast Food Nearby,24,7164,66;53;49;51;90;92;91;99;99;99;99;100,task:5;informational:45;navigational:22;commercial:20;transactional:8
Hair Straighteners,22,2067,58;62;65;68;51;54;54;61;91;90;100;100,task:8;informational:48;navigational:5;commercial:21;transactional:18
Flydigi Gaming Controllers,29,3465,83;92;94;93;76;77;78;100;43;43;42;43,task:4;informational:51;navigational:11;commercial:20;transactional:14
Fritadeiras a gás com 2 cubas,17,91,31;34;36;71;99;100;62;35;34;35;34;34,task:7;informational:23;navigational:4;commercial:55;transactional:11
Electric Shavers,15,275,79;87;89;100;81;76;84;84;80;80;81;80,task:3;informational:45;navigational:4;commercial:37;transactional:11
Grill e Sanduicheira Philco,20,2276,86;99;100;49;46;49;52;51;54;54;53;52,task:3;informational:36;navigational:10;commercial:35;transactional:16
Bose Earbuds,16,2262,24;28;28;27;54;54;53;73;97;98;98;100,task:2;informational:51;navigational:6;commercial:31;transactional:10
American fast food restaurants,24,11263,84;61;63;66;99;100;100;77;75;75;75;75,task:5;informational:64;navigational:7;commercial:17;transactional:7
Fireplaces and Electric Fireplaces,19,1824,60;88;91;89;91;92;100;96;100;100;100;99,task:5;informational:50;navigational:4;commercial:31;transactional:10
Espremedores de batata,22,8387,73;83;43;54;99;100;100;94;91;91;90;90,task:5;informational:53;navigational:4;commercial:27;transactional:11
Micro-ondas sem prato e flat,22,1919,38;45;46;31;28;29;30;100;50;50;50;50,task:2;informational:62;navigational:4;commercial:25;transactional:7
Air Vents,17,679,27;33;34;29;36;36;32;100;96;84;84;84,task:2;informational:61;navigational:10;commercial:19;transactional:8
LG Styler & Clothing Care,18,713,68;77;81;76;70;72;70;100;65;75;61;59,task:8;informational:44;navigational:15;commercial:26;transactional:7
Forno Elétrico Vicini,16,361,6;39;68;37;36;41;32;100;67;54;48;63,task:5;informational:52;navigational:26;commercial:12;transactional:5
fornos para restaurantes,16,135,83;97;100;73;76;80;92;66;74;74;74;74,task:13;informational:37;navigational:5;commercial:26;transactional:19
Kitchen Range Hood & Ventilation,22,1316,63;80;100;85;80;82;83;97;76;76;76;75,task:8;informational:48;navigational:4;commercial:26;transactional:14
Poached Eggs & Egg Poachers,19,1534,69;69;68;76;98;100;100;69;50;50;50;51,task:2;informational:68;navigational:3;commercial:12;transactional:15
Bike Inside,16,223,29;35;41;39;39;38;33;100;84;50;50;51,task:7;informational:45;navigational:18;commercial:22;transactional:8
Panelas Cuisinox,22,3484,45;19;20;19;43;44;44;100;91;91;91;91,task:2;informational:44;navigational:31;commercial:13;transactional:10
Igloo Coolers,17,1213,60;88;94;89;93;100;100;93;98;90;91;89,task:3;informational:43;navigational:18;commercial:25;transactional:11
Forno e Arte de Cozinha,17,239,18;85;100;38;28;34;46;69;47;61;66;27,task:10;informational:47;navigational:9;commercial:20;transactional:14
Fogão Americano,17,372,20;29;32;46;45;39;39;100;71;35;34;35,task:2;informational:61;navigational:15;commercial:19;transactional:3
Marcas de Eletrodomésticos,22,3382,14;18;28;67;99;99;99;100;90;87;94;100,task:2;informational:38;navigational:8;commercial:47;transactional:5
Panelas Kitchenaid,16,202,71;95;100;99;98;97;92;98;94;95;95;93,task:3;informational:47;navigational:5;commercial:26;transactional:19
Churrasqueiras Arke,21,3348,76;98;100;98;92;98;98;94;94;94;94;93,task:1;informational:27;navigational:40;commercial:14;transactional:18
Smart Living Homes,15,482,34;40;42;48;69;64;45;100;87;100;84;88,task:2;informational:37;navigational:13;commercial:38;transactional:10
Fresh Food & Groceries,17,1870,8;8;21;32;23;26;21;50;46;26;29;100,task:4;informational:60;navigational:4;commercial:26;transactional:6
Electric Cleaning Brushes,17,703,76;82;90;90;93;99;100;88;89;95;86;85,task:2;informational:59;navigational:5;commercial:18;transactional:16
Churrasqueiras Portáteis,15,415,78;94;97;92;93;100;99;93;99;100;93;95,task:3;informational:45;navigational:9;commercial:27;transactional:16
air fryer philips walita ri9280,15,154,9;21;27;24;24;16;22;20;22;73;100;17,task:5;informational:46;navigational:22;commercial:14;transactional:13
AVerMedia devices,15,922,59;81;82;80;83;95;96;93;100;98;98;100,task:3;informational:37;navigational:27;commercial:21;transactional:12
Máquinas de churros,20,3300,64;86;100;98;94;97;99;89;89;89;86;85,task:8;informational:57;navigational:3;commercial:18;transactional:14
Fritadeiras Philco Jumbo,19,1003,39;52;54;45;46;48;47;52;89;100;75;79,task:3;informational:36;navigational:31;commercial:19;transactional:11
Panelas elétricas para feijão,71,25230,43;46;53;64;64;64;64;100;86;86;86;86,task:5;informational:55;navigational:2;commercial:23;transactional:15
Processadores de alho,17,2978,22;28;30;31;100;100;100;36;74;78;66;64,task:2;informational:55;navigational:2;commercial:26;transactional:15
Tecno Eletrodomésticos,16,511,38;46;49;47;58;60;60;100;77;85;52;51,task:12;informational:40;navigational:11;commercial:30;transactional:7
Forno Turbo Elétrico,16,1019,85;95;100;97;91;88;88;58;52;52;55;55,task:5;informational:59;navigational:5;commercial:18;transactional:13
Box Burger,15,715,63;91;90;88;82;93;93;99;98;99;100;100,task:3;informational:30;navigational:22;commercial:29;transactional:16
Thermometers,18,1462,20;22;23;54;64;65;53;100;89;68;68;65,informational:53;navigational:5;commercial:32;transactional:10
Hair Curlers & Curling Irons,19,1751,34;41;47;67;99;100;100;86;71;70;72;72,task:2;informational:59;navigational:5;commercial:20;transactional:14
Petiscos de grão de bico na airfryer,19,2866,88;98;99;97;67;70;71;93;100;100;100;100,task:8;informational:80;navigational:2;commercial:8;transactional:2
AC Solutions & Air Conditioning,15,155,9;81;100;57;60;23;33;92;57;21;17;21,task:3;informational:45;navigational:27;commercial:14;transactional:11
Máquinas de Pipoca,27,6009,54;65;64;66;63;66;67;100;98;98;99;98,task:2;informational:54;navigational:5;commercial:25;transactional:14
Fogões com Forno Elétrico,34,8762,23;31;41;54;99;100;100;74;84;84;84;84,task:2;informational:49;navigational:5;commercial:33;transactional:11
Mini fogões e fogareiros,19,782,100;53;54;52;48;51;51;74;56;56;56;55,task:2;informational:63;navigational:5;commercial:19;transactional:11
fornos elétricos Fischer 44L,20,1623,84;96;96;93;96;98;100;88;52;53;100;100,task:2;informational:49;navigational:22;commercial:15;transactional:12
Frigideiras Fundo Triplo,17,443,66;96;98;92;91;97;85;100;98;88;87;87,task:7;informational:40;navigational:6;commercial:29;transactional:18
Pipoqueiras Multiflon,15,557,4;61;64;46;46;35;20;100;74;57;52;60,task:7;informational:42;navigational:18;commercial:22;transactional:11
Wireless Charging & Chargers,22,2413,29;37;61;87;90;100;96;73;64;62;62;62,task:8;informational:51;navigational:1;commercial:36;transactional:4
Panelas elétricas de arroz,127,77435,28;29;31;46;100;100;100;61;59;59;59;59,task:5;informational:45;navigational:7;commercial:29;transactional:14
Garden Grill & Outdoor Cooking,18,663,73;77;81;83;86;87;94;100;90;84;84;84,task:2;informational:34;navigational:4;commercial:40;transactional:20
Red TV Sticks,19,2063,7;7;10;16;21;100;17;31;36;45;44;39,task:4;informational:62;navigational:9;commercial:19;transactional:6
Smart Timer Devices,16,203,33;73;75;79;71;100;83;57;57;77;73;77,task:5;informational:45;navigational:13;commercial:23;transactional:14
Massage Chairs,17,594,52;57;59;59;66;83;61;62;60;60;97;100,task:2;informational:44;navigational:5;commercial:25;transactional:24
Churrasqueiras Elétricas Embutidas,16,1757,86;99;100;99;51;54;56;64;66;66;66;66,task:2;informational:52;navigational:4;commercial:32;transactional:10
Churrasqueiras de Fogão,16,438,32;36;38;83;100;98;96;91;66;68;50;50,task:5;informational:63;navigational:5;commercial:19;transactional:8
coffee grinders,18,470,70;87;88;93;91;97;93;100;93;89;86;87,task:7;informational:47;navigational:4;commercial:30;transactional:12
Fogões e Cooktops Embutidos (Indução e Gás),15,489,53;69;100;85;72;74;88;70;84;92;76;80,task:7;informational:47;navigational:4;commercial:31;transactional:11
Bolo de Cenoura na Airfryer,17,2089,82;94;96;96;95;98;99;100;63;60;61;61,task:2;informational:83;navigational:3;commercial:4;transactional:8
Veggies To Go,17,2237,26;29;32;62;62;62;61;97;98;100;100;100,task:3;informational:35;navigational:24;commercial:32;transactional:6
Fresh House,15,317,15;16;17;53;53;59;62;100;65;20;23;32,task:7;informational:18;navigational:53;commercial:10;transactional:12
Burger Lovers,15,733,28;41;41;40;39;41;35;100;72;72;94;68,task:3;informational:40;navigational:19;commercial:30;transactional:8
Philips Sonicare,18,1264,62;69;69;68;74;75;81;89;96;100;98;98,task:5;informational:35;navigational:16;commercial:20;transactional:24
Panelas Le Creuset antiaderentes,16,184,61;70;73;70;68;71;73;100;92;84;84;87,task:3;informational:42;navigational:4;commercial:29;transactional:22
PC Cooling Fans,37,23038,21;30;32;44;88;89;89;100;100;100;100;99,task:3;informational:54;navigational:2;commercial:31;transactional:10
Hamburger Making,20,1463,44;46;54;38;50;51;50;100;83;83;83;83,task:2;informational:63;navigational:11;commercial:14;transactional:10
Churrasqueiras elétricas giratórias,17,1832,69;97;100;93;82;83;89;81;90;90;89;88,task:3;informational:55;navigational:4;commercial:28;transactional:10
Home Fitness,16,332,77;78;81;83;100;98;98;100;100;100;100;100,task:12;informational:59;navigational:5;commercial:21;transactional:3
Ultra-Processed Foods,20,2775,18;93;92;38;13;13;13;51;53;52;100;67,task:2;informational:78;navigational:5;commercial:10;transactional:5
Fan Box & Fandom Merchandise,15,1633,62;88;89;87;77;83;84;93;100;98;95;95,task:3;informational:46;navigational:19;commercial:20;transactional:12
Wall-Mounted Air Conditioners,16,403,30;74;84;100;95;79;84;69;56;50;50;51,task:5;informational:47;navigational:5;commercial:36;transactional:7
Panelas e Utensílios de Cozinha,15,657,69;91;95;93;93;91;100;96;96;96;100;99,task:10;informational:38;navigational:7;commercial:37;transactional:8
Wood Stoves & Heaters,21,444,74;83;84;91;90;92;92;100;60;58;60;59,task:2;informational:50;navigational:4;commercial:29;transactional:15
Hot Tub Time Machine,23,23833,27;26;27;30;78;78;78;90;100;100;100;100,task:2;informational:56;navigational:9;commercial:18;transactional:15
Fornos Kilocal,15,142,78;78;86;88;86;87;88;94;96;96;100;96,task:7;informational:21;navigational:51;commercial:10;transactional:11
Cloud Electronics,15,5688,18;22;22;22;24;23;23;90;90;91;99;100,task:5;informational:65;navigational:15;commercial:10;transactional:5
Processadores de Alimentos Casas Bahia,15,766,21;25;26;24;21;22;26;92;100;83;42;51,task:3;informational:27;navigational:44;commercial:8;transactional:18
Fornos Mueller Sapore,17,862,38;66;74;56;62;57;61;96;85;100;89;73,task:4;informational:37;navigational:30;commercial:7;transactional:22
Coffee Machines and Espresso Makers,34,5455,48;58;37;37;98;100;100;94;83;83;83;83,task:9;informational:44;navigational:4;commercial:35;transactional:8
Fogões e Cooktops Híbridos,20,866,50;58;100;81;61;37;37;50;51;50;52;53,task:5;informational:53;navigational:4;commercial:30;transactional:8
Fogões sem forno,16,675,44;50;32;55;98;100;100;69;30;30;30;31,task:2;informational:64;navigational:5;commercial:23;transactional:6
Global Tech Brands,17,2353,21;29;29;26;91;98;100;87;81;100;94;96,task:2;informational:73;navigational:5;commercial:17;transactional:3
Heat and Control - Company & Brand,16,1088,4;11;11;23;23;39;27;60;40;18;35;100,task:1;informational:18;navigational:71;commercial:4;transactional:6
Micro-ondas Electrolux,103,54346,63;64;68;100;90;90;90;90;98;98;98;98,informational:42;navigational:33;commercial:12;transactional:13
Water Dispensers,16,1197,66;75;80;78;68;70;74;100;100;99;99;99,task:2;informational:49;navigational:9;commercial:26;transactional:14
Corsair Water Coolers,24,3373,43;64;67;64;66;68;71;72;100;72;74;71,task:3;informational:51;navigational:12;commercial:18;transactional:16
Forno Alemão,16,398,14;34;34;34;34;22;39;100;84;20;20;38,task:3;informational:51;navigational:18;commercial:14;transactional:14
Electric Arc Furnaces,20,659,48;48;49;100;100;100;100;73;89;89;88;88,task:8;informational:62;navigational:5;commercial:10;transactional:15
Kitchen Sets for Home,16,984,75;89;94;72;71;69;75;95;100;82;81;88,task:8;informational:53;navigational:7;commercial:20;transactional:12
Formas e assadeiras para forno,19,258,43;76;87;54;53;54;67;91;100;68;69;67,task:3;informational:48;navigational:1;commercial:39;transactional:9
Máquinas para o lar,17,1867,15;36;38;32;50;42;45;58;81;94;90;100,task:4;informational:54;navigational:2;commercial:29;transactional:11
Outdoor Whirlpool,15,118,26;33;36;33;44;39;33;100;88;63;64;64,task:2;informational:52;navigational:4;commercial:33;transactional:9
Maquinas de Salgados Interlaser e Jetfood,17,1151,44;56;56;75;97;100;94;71;92;92;95;95,task:5;informational:26;navigational:25;commercial:16;transactional:28
Eletrodomésticos e outlets no Brasil,74,65997,22;23;25;44;81;81;81;100;87;87;87;87,task:2;informational:39;navigational:15;commercial:36;transactional:8
Churrasqueiras a gás e híbridas,18,211,100;42;45;78;76;77;85;77;78;73;74;79,task:8;informational:32;commercial:55;transactional:5
Churrasqueiras a gás e elétricas,15,168,16;40;52;30;26;26;24;92;100;19;18;19,task:1;informational:55;navigational:5;commercial:21;transactional:18
Heat Recovery Ventilators,16,8127,94;97;100;100;18;18;18;83;84;84;84;84,task:6;informational:53;navigational:4;commercial:32;transactional:5
Philips Coffee Machines,15,51,27;31;43;31;31;31;100;84;74;35;37;35,informational:67;navigational:5;commercial:15;transactional:13
Kuhn Rikon Swiss Kitchenware,15,1511,62;79;80;77;74;76;77;100;100;97;97;95,task:2;informational:49;navigational:23;commercial:17;transactional:9
Cooktops e Fogões de Indução,268,417452,19;19;19;85;98;98;98;100;82;82;82;82,task:2;informational:49;navigational:4;commercial:37;transactional:8
Tostadeiras de Pão,22,1354,84;100;100;99;54;56;56;74;74;74;74;74,task:5;informational:50;navigational:4;commercial:32;transactional:9
Processadores de Legumes Elétricos,17,1049,57;72;74;88;100;100;96;64;70;74;69;70,task:5;informational:54;navigational:2;commercial:26;transactional:13
Grupo Grand Chef Eletrodomésticos,18,554,63;90;92;87;81;85;72;100;92;96;91;97,task:3;informational:42;navigational:29;commercial:11;transactional:15
Grilling Burgers,18,2477,96;100;100;90;66;67;67;79;79;79;79;79,task:5;informational:70;navigational:8;commercial:10;transactional:7
Frigideiras 28 cm,17,447,72;99;98;95;89;88;90;100;91;92;99;97,task:7;informational:45;navigational:1;commercial:30;transactional:17
Fogões Elétricos,94,39378,21;21;22;96;100;100;100;53;30;30;30;30,task:8;informational:45;navigational:4;commercial:25;transactional:18
Eletrodomésticos no Brasil,16,531,4;13;23;20;19;30;81;100;67;48;47;47,task:3;informational:56;navigational:4;commercial:29;transactional:8
Panelas elétricas Arno,18,1284,42;61;68;62;59;60;59;77;74;100;74;82,task:5;informational:43;navigational:6;commercial:34;transactional:12
Hand Warmers,22,2646,40;45;47;30;99;100;100;71;68;68;69;69,task:3;informational:49;navigational:5;commercial:33;transactional:10
Fried Rice Recipes,21,2332,61;67;67;49;99;100;100;93;98;98;98;98,task:12;informational:76;navigational:4;commercial:3;transactional:5
frigideiras de cerâmica,16,150,58;68;77;72;71;99;100;71;71;64;65;66,task:3;informational:45;navigational:4;commercial:37;transactional:11
Assadeiras para Biscoitos,20,573,79;100;79;72;73;76;62;99;99;95;95;96,task:2;informational:51;navigational:2;commercial:35;transactional:10
Pão de queijo na airfryer,174,91691,14;15;17;38;65;65;65;87;100;100;100;100,task:5;informational:79;navigational:5;commercial:9;transactional:2
Silicone Kitchen Utensil Sets,15,170,46;50;66;58;52;49;70;96;79;100;91;100,task:10;informational:45;navigational:4;commercial:30;transactional:11
AM4 CPU Coolers and Air Coolers,32,12428,90;97;100;51;86;87;87;100;100;100;99;99,task:2;informational:59;navigational:4;commercial:29;transactional:6
Desfiadores de Frango e Carne,21,6901,37;42;41;51;99;100;100;94;90;90;91;91,task:10;informational:47;navigational:4;commercial:28;transactional:11
Assadeiras Tramontina,24,2885,84;99;100;54;54;58;59;53;58;58;58;57,task:2;informational:34;navigational:21;commercial:14;transactional:29
Frangueiras e Acessórios de Grelhar,22,2499,61;73;51;59;98;100;100;72;69;68;69;68,task:4;informational:47;navigational:9;commercial:29;transactional:11
Micro-ondas 28 litros,20,1109,45;98;100;88;84;71;72;97;91;97;75;75,informational:54;navigational:1;commercial:27;transactional:18
Nearby Fried Chicken Restaurants,17,3413,74;79;80;87;99;99;100;72;68;69;69;69,informational:32;navigational:32;commercial:20;transactional:16
Churrasqueiras Refracon,16,678,53;71;71;67;68;72;68;95;93;100;73;72,task:3;informational:24;navigational:45;commercial:21;transactional:7
Frest Variants,17,292,19;20;23;23;41;45;33;100;89;37;39;64,task:7;informational:25;navigational:40;commercial:17;transactional:11
PC CPU Fans & Cooling,17,3292,89;97;100;99;86;87;87;74;74;74;74;74,task:2;informational:67;navigational:2;commercial:19;transactional:10
Micro-ondas Consul,22,3300,84;99;100;51;47;50;52;54;61;62;75;76,task:2;informational:39;navigational:23;commercial:20;transactional:16
Micro-ondas Philco,44,19282,95;100;49;57;94;94;95;96;100;100;100;100,task:3;informational:54;navigational:16;commercial:13;transactional:14
Forno elétrico Britânia,32,3646,88;98;100;100;47;50;50;51;51;51;53;53,task:5;informational:44;navigational:15;commercial:22;transactional:14
Hair Trimmers & Clippers,30,6716,69;80;81;44;79;82;83;100;94;94;93;93,task:5;informational:42;navigational:4;commercial:35;transactional:14
Dyson HD01 Supersonic Hair Dryer,16,3155,25;28;36;35;73;75;73;100;100;93;91;91,task:2;informational:60;navigational:9;commercial:23;transactional:6
Dehumidifier Guides,16,778,24;30;31;58;95;97;100;69;63;55;55;55,task:5;informational:65;navigational:4;commercial:23;transactional:3
Paper Shredders,16,428,90;100;100;65;69;72;71;69;55;53;49;48,task:3;informational:39;navigational:3;commercial:46;transactional:9
Long Chips & Crisps,15,228,49;80;83;82;81;82;100;80;80;91;90;92,task:3;informational:63;navigational:8;commercial:19;transactional:7
Electronics Stores & Retailers,24,5223,39;71;76;70;100;99;98;76;68;65;65;64,task:5;informational:39;navigational:14;commercial:32;transactional:10
Chapinhas e pranchas com controle de temperatura,21,1243,18;30;41;87;88;81;80;92;79;100;92;65,task:1;informational:62;navigational:3;commercial:30;transactional:4
Fogões e Fornos Havan,20,3967,66;78;78;61;65;67;68;72;69;69;95;100,task:2;informational:18;navigational:47;commercial:7;transactional:26
Omeleteiras Elétricas,18,5392,91;100;50;48;45;46;46;48;54;54;53;53,task:5;informational:40;navigational:4;commercial:30;transactional:21
Frigideiras e Panelas Inox,24,5899,39;48;49;48;99;100;100;71;68;68;68;68,task:5;informational:39;navigational:4;commercial:40;transactional:12
Temporizadores de Cozinha,17,568,54;68;67;91;89;82;79;100;100;82;82;88,task:3;informational:62;navigational:1;commercial:22;transactional:12
Frozen Food Essentials,16,676,24;11;27;22;22;16;12;41;87;95;91;100,task:2;informational:55;navigational:5;commercial:18;transactional:20
Marmitas Elétricas e Térmicas,46,27048,22;23;27;31;46;46;46;100;50;50;50;50,task:7;informational:45;navigational:5;commercial:26;transactional:17
Stock Pot Cookware Brands,17,583,47;52;54;74;100;100;100;84;82;77;75;77,task:2;informational:53;navigational:4;commercial:33;transactional:8
Panelas Roichen,18,1054,24;53;58;49;42;38;47;100;77;69;63;64,task:3;informational:52;navigational:14;commercial:28;transactional:3
AirPods iPlace,15,167,8;36;52;70;70;100;53;44;38;27;25;34,task:5;informational:25;navigational:46;commercial:11;transactional:13
Ozone Generators,16,452,26;31;32;71;92;90;100;66;66;66;66;66,task:5;informational:52;navigational:2;commercial:32;transactional:9
fornos elétricos retrô,15,795,6;16;19;17;9;17;25;89;92;100;94;93,task:3;informational:56;navigational:4;commercial:21;transactional:16
Micro-ondas 220V,17,1483,66;96;100;80;81;87;87;89;91;93;90;89,task:3;informational:42;commercial:47;transactional:8
Conair Infiniti Pro Hair Tools,15,99,86;92;100;86;86;90;93;88;96;87;87;87,task:7;informational:36;navigational:20;commercial:21;transactional:16
Air Conditioner Cleaning,16,1299,57;58;59;58;69;72;40;40;40;51;48;100,task:2;informational:66;navigational:9;commercial:12;transactional:11
Pipoqueiras para Micro-ondas,19,1778,43;49;50;31;98;100;100;28;28;28;28;28,task:8;informational:36;navigational:5;commercial:25;transactional:26
Churrasqueiras Giratórias,16,159,66;75;85;79;100;77;77;79;81;96;90;97,task:3;informational:57;navigational:4;commercial:25;transactional:11
Máquinas para Gastronomia,17,613,63;86;86;79;81;90;89;91;100;100;94;93,task:4;informational:33;navigational:23;commercial:17;transactional:23
Industrial & Shop Fans,17,131,35;39;43;43;44;51;50;49;50;100;42;45,task:10;informational:39;navigational:15;commercial:25;transactional:11
torradeiras Oster,16,1065,56;75;80;73;65;69;70;72;99;100;91;85,task:10;informational:43;navigational:7;commercial:20;transactional:20
Mastercool Refrigeration & HVAC,15,639,31;51;56;54;49;48;48;44;43;47;47;100,task:3;informational:18;navigational:58;commercial:8;transactional:13
Ninja Foodi Panelas Elétricas,19,3764,44;50;51;30;98;100;100;92;100;100;100;100,task:2;informational:41;navigational:16;commercial:24;transactional:17
Ultrasonic Technology,18,3972,79;94;94;100;84;82;82;82;83;82;83;82,task:2;informational:80;navigational:5;commercial:10;transactional:3
Saeco Philips Coffee Machines,15,39,27;34;38;37;37;39;100;58;36;33;36;35,task:3;informational:41;navigational:11;commercial:37;transactional:8
Misturadores e processadores de alimentos,85,43776,31;33;33;100;48;48;48;46;46;46;46;46,task:5;informational:39;navigational:1;commercial:39;transactional:16
Kettle Corn Recipes,15,277,84;99;100;92;90;94;96;79;81;81;81;81,task:10;informational:68;navigational:2;commercial:5;transactional:15
Home and Outdoor Saunas,15,274,91;98;100;98;95;96;96;96;95;94;95;95,task:2;informational:47;navigational:4;commercial:33;transactional:14
Forno elétrico embutido Itatiaia,16,1046,12;48;60;43;43;38;27;48;35;100;86;95,informational:33;navigational:24;commercial:29;transactional:14
Roomba i3 Series,15,30,20;20;22;94;94;100;64;24;24;21;21;20,task:3;informational:52;navigational:5;commercial:18;transactional:22
Apple iPad family devices,523,644101,24;24;26;55;95;95;95;92;100;100;100;100,task:5;informational:50;navigational:5;commercial:24;transactional:16
Sanduicheiras domésticas,15,392,16;22;27;24;38;36;23;60;53;100;98;89,task:7;informational:31;navigational:26;commercial:17;transactional:19
Hot Pack Packaging,17,742,12;13;13;13;13;13;13;100;72;27;26;47,task:10;informational:71;navigational:4;commercial:12;transactional:3
Mix de Eletrodomésticos,15,366,7;100;93;83;83;61;43;56;36;57;54;57,task:3;informational:42;navigational:4;commercial:43;transactional:8
Eletrodomésticos Gorenje,16,864,47;98;100;88;66;68;67;82;82;88;75;83,task:3;informational:27;navigational:42;commercial:16;transactional:12
RedMagic 10 Air smartphones,17,15109,10;12;12;15;16;28;16;100;63;71;54;54,task:2;informational:70;navigational:5;commercial:15;transactional:8
Smart Press Shopping,17,483,35;41;40;35;33;25;25;100;81;43;43;42,task:3;informational:47;navigational:34;commercial:13;transactional:3
Micro-ondas Brastemp,23,1225,83;99;100;49;47;49;50;54;56;56;55;55,task:2;informational:47;navigational:25;commercial:18;transactional:8
Samsung RS65R Refrigerator Model,15,2313,2;23;39;20;20;14;14;95;69;100;40;68,task:3;informational:53;navigational:18;commercial:12;transactional:14
Cuisinart Mandoline Slicers,15,26,20;40;38;61;26;27;100;25;25;24;24;22,task:10;informational:45;navigational:5;commercial:18;transactional:22
Sanduicheiras nas Lojas Americanas,16,216,24;37;43;37;36;32;27;100;72;26;25;25,task:3;informational:31;navigational:40;commercial:10;transactional:16
Churrasqueiras e Sanduicheiras Havan,17,1296,35;48;50;50;50;54;54;56;56;56;77;100,task:3;informational:18;navigational:54;commercial:11;transactional:14
Panelas Elétricas Multicook,20,3898,33;39;41;30;98;100;100;83;62;62;61;60,task:7;informational:55;navigational:11;commercial:16;transactional:11
Fondue em casa,46,12222,87;93;96;44;55;56;56;100;61;61;61;61,task:2;informational:60;navigational:5;commercial:21;transactional:12
Churrasqueiras Automatizadas,17,120,64;92;100;86;86;91;87;99;89;75;75;75,task:3;informational:54;navigational:4;commercial:28;transactional:11
Hollyland gear,15,72,31;83;100;85;85;68;50;61;58;50;51;58,informational:53;navigational:18;commercial:26;transactional:3
Air Apps,15,669,35;45;58;35;57;58;48;44;80;100;52;55,task:8;informational:65;navigational:10;commercial:15;transactional:2
Churrasqueiras Brastemp,15,57,15;72;100;60;63;65;46;20;91;50;47;41,task:7;informational:53;navigational:18;commercial:12;transactional:10
Tostex Sanduicheiras,17,4325,33;41;44;38;95;96;95;100;97;96;96;95,task:4;informational:39;navigational:24;commercial:28;transactional:5
Eletrodomésticos Croydon,19,593,72;97;97;93;93;99;100;96;98;98;85;83,task:3;informational:19;navigational:47;commercial:16;transactional:15
Wireless Headsets,15,79,7;61;57;84;84;26;24;53;100;61;84;16,task:7;informational:40;navigational:6;commercial:27;transactional:20
Lancheiras Térmicas para Adultos e Crianças,15,1651,51;60;61;63;100;98;99;60;60;61;61;61,task:2;informational:34;navigational:2;commercial:34;transactional:28
Smart Start Heating Systems,16,304,81;83;86;86;86;94;94;100;97;90;90;90,task:5;informational:64;navigational:10;commercial:12;transactional:9
Micro-ondas de Embutir Fischer,31,4759,85;99;100;54;62;63;64;59;62;62;61;61,task:5;informational:36;navigational:19;commercial:26;transactional:14
Forno Salamandra e Gratinadores,19,1187,23;25;25;52;82;82;82;100;67;64;64;65,task:2;informational:62;navigational:5;commercial:23;transactional:8
Máquinas de hambúrguer,20,1340,72;42;43;48;97;95;100;74;63;62;58;58,task:8;informational:42;navigational:4;commercial:28;transactional:18
Assadeiras e formas de inox,18,1355,81;87;88;90;89;94;96;95;94;94;94;100,task:5;informational:42;navigational:4;commercial:30;transactional:19
Josper: grelhadores e fornos,19,1765,24;25;25;31;31;31;31;100;100;100;100;100,task:2;informational:50;navigational:17;commercial:20;transactional:11
Frigo: Equipamentos de Cozinha Industrial,15,961,35;59;64;65;61;65;65;67;68;82;100;97,task:7;informational:18;navigational:30;commercial:30;transactional:15
HVAC Systems: Heating and Cooling Solutions,23,10205,40;93;91;100;91;93;93;71;73;72;73;72,task:8;informational:54;navigational:4;commercial:20;transactional:14
Yamaha AG03 Mixer,17,422,27;28;29;32;32;36;34;51;100;96;95;95,task:2;informational:48;navigational:10;commercial:18;transactional:22
Panelas elétricas com divisórias,16,1227,84;93;57;69;65;67;67;100;75;76;65;65,task:8;informational:61;navigational:5;commercial:17;transactional:9
Forno Ooni e pizzas,18,1182,71;85;84;83;76;78;78;78;100;100;100;100,task:5;informational:64;navigational:12;commercial:16;transactional:3
Infrared Thermometers,17,879,41;44;44;42;27;29;38;100;100;95;95;96,informational:60;navigational:4;commercial:26;transactional:10
Frigideiras para Indução com Revestimento Cerâmico,35,8296,29;37;39;43;90;92;92;96;100;100;100;100,task:5;informational:46;navigational:4;commercial:36;transactional:9
Churrasqueiras a gás,32,8156,96;100;47;46;57;58;58;44;45;44;44;44,task:2;informational:36;navigational:4;commercial:40;transactional:18
Mini Cookies,16,314,77;96;99;100;95;97;100;100;100;89;92;88,task:10;informational:59;navigational:5;commercial:15;transactional:11
Sanduicheiras Electrolux,18,1867,47;64;62;52;52;61;61;63;66;66;100;96,task:5;informational:27;navigational:39;commercial:11;transactional:18
Electronic Gaming,16,379,22;58;100;49;54;55;31;50;50;100;85;55,task:10;informational:41;navigational:4;commercial:37;transactional:8
Fogões com forno duplo,23,8943,93;97;100;49;51;52;52;43;48;48;48;48,task:2;informational:44;navigational:4;commercial:37;transactional:13
Churrasqueiras e grills elétricos,19,35444,29;31;14;100;46;46;46;62;62;62;62;62,task:2;informational:50;navigational:4;commercial:36;transactional:8
Termostatos de fritadeira,20,1239,50;53;54;49;58;59;57;98;98;96;96;100,task:5;informational:58;navigational:5;commercial:20;transactional:12
Modern Kitchen Design,17,727,37;53;61;40;40;41;40;100;91;91;91;91,task:2;informational:54;navigational:7;commercial:31;transactional:6
RC Aircraft & Remote Control Planes,19,767,71;96;100;98;97;97;99;92;92;91;92;91,task:5;informational:48;navigational:4;commercial:29;transactional:14
Frigideiras Hercules,19,661,85;91;91;90;57;94;71;100;95;73;73;82,task:2;informational:45;navigational:14;commercial:30;transactional:9
AirPods USA Shopping,17,656,71;99;100;82;84;92;87;100;88;87;91;93,task:3;informational:20;navigational:31;commercial:20;transactional:26
Tortilla Chip Recipes,15,698,96;99;100;99;99;100;100;99;100;99;99;99,task:12;informational:68;navigational:5;commercial:5;transactional:10
Corsair Headsets,15,491,3;19;4;9;9;8;17;32;100;64;40;22,task:7;informational:56;navigational:12;commercial:18;transactional:7
Pan e Spa,15,5310,56;73;92;92;93;95;95;99;100;100;100;99,task:7;informational:18;navigational:60;commercial:10;transactional:5
Micro-ondas Samsung,18,1808,44;67;68;41;43;33;34;100;43;51;55;61,task:2;informational:68;navigational:10;commercial:15;transactional:5
Cereal Bowls,15,168,19;20;21;62;64;32;30;30;28;89;83;100,task:3;informational:56;navigational:4;commercial:29;transactional:8
Forno elétrico Hamilton Beach,18,218,20;42;57;43;42;43;32;100;93;20;20;20,task:3;informational:46;navigational:12;commercial:18;transactional:21
Water Flossers & Waterpik Irrigators,29,12102,55;59;61;31;40;40;41;100;46;46;46;45,task:1;informational:47;navigational:9;commercial:23;transactional:20
YFood app and meal replacements,15,359,33;38;39;38;87;100;70;89;40;40;40;40,task:3;informational:39;navigational:18;commercial:32;transactional:8
Batatas: Cozinha Rápida no Micro-ondas e na Panela de Pressão,161,107950,12;21;16;46;90;90;90;100;100;100;100;100,task:8;informational:74;navigational:2;commercial:8;transactional:8
Smart Kits,16,1255,25;27;27;34;51;56;53;47;52;94;100;100,task:2;informational:43;navigational:32;commercial:14;transactional:9
Unilever Food Solutions,16,39,48;93;91;50;46;45;45;100;86;48;46;46,task:3;informational:39;navigational:38;commercial:15;transactional:5
Cooktops e Ponto Frio,15,213,12;46;74;50;64;36;32;79;61;100;89;99,task:7;informational:18;navigational:47;commercial:10;transactional:18
Fornos Venax embutidos,23,2217,89;100;100;56;81;84;84;83;91;98;85;85,task:2;informational:49;navigational:15;commercial:16;transactional:18
Geek Bar Vapes,17,572,85;100;93;85;58;62;63;53;54;54;54;54,task:3;informational:48;navigational:20;commercial:18;transactional:11
Panelas e pipoqueiras para pipoca,22,6934,20;27;28;29;29;31;31;34;100;100;100;100,task:5;informational:41;navigational:4;commercial:35;transactional:15
Smart Home Hubs,18,810,84;99;100;67;58;64;65;90;85;86;63;62,task:5;informational:64;navigational:8;commercial:19;transactional:4
Forno Elétrico com Espeto Giratório,15,1416,18;21;22;20;46;24;26;56;38;77;92;100,task:5;informational:65;navigational:5;commercial:15;transactional:10
Forno Elétrico Mueller,36,6723,48;60;64;73;94;95;97;100;100;99;99;98,informational:54;navigational:21;commercial:16;transactional:9
Artisan Mini Mixers,17,2183,63;89;95;89;90;94;95;100;97;96;96;95,task:3;informational:50;navigational:11;commercial:26;transactional:10
Panelas Flavorstone e frigideiras antiaderentes,17,907,62;88;95;83;76;81;83;67;90;100;77;77,task:10;informational:51;navigational:1;commercial:34;transactional:4
Frigideiras antiaderentes no Mercado Livre,15,264,68;94;100;89;92;87;84;68;68;88;86;86,task:3;informational:14;navigational:56;commercial:8;transactional:19
Breakfast Essentials,16,115,100;36;37;36;20;19;19;18;18;18;18;18,task:5;informational:70;navigational:8;commercial:12;transactional:5
Snack Box,15,178,22;23;24;24;22;22;22;17;41;100;16;16,task:8;informational:51;navigational:10;commercial:21;transactional:10
CPU Cooling Solutions,17,3112,49;55;28;47;83;85;85;100;86;86;86;85,task:2;informational:48;navigational:1;commercial:40;transactional:9
Oster Grill e Sanduicheiras,22,3128,65;90;94;90;86;93;95;89;91;90;100;100,task:3;informational:47;navigational:7;commercial:20;transactional:23
Churrasqueiras,16,435,83;97;100;99;64;66;65;59;62;54;62;63,task:5;informational:50;navigational:4;commercial:25;transactional:16
Razer BlackWidow Mini Keyboards,15,149,6;9;9;19;19;18;34;29;100;95;15;32,task:3;informational:32;navigational:47;commercial:13;transactional:5
Gizmo Tech & AI,18,2492,28;34;35;36;87;89;91;100;38;37;37;37,task:5;informational:54;navigational:26;commercial:9;transactional:6
Fornos com convecção,55,12061,40;47;48;57;86;88;88;100;99;99;99;99,task:5;informational:62;navigational:4;commercial:26;transactional:3
Smart Cups & Bottles,17,806,20;20;30;55;81;83;77;100;62;53;52;52,task:2;informational:64;navigational:4;commercial:24;transactional:6
Churrasqueiras e Cia,15,304,15;48;100;60;23;22;16;20;19;59;55;55,task:3;informational:23;navigational:49;commercial:20;transactional:5
Small Kitchen Design Ideas,16,664,50;54;54;49;50;50;50;93;100;100;93;93,task:12;informational:73;navigational:3;commercial:10;transactional:2
Aparelhos de emagrecimento e gordura localizada,25,1997,43;48;56;88;100;100;99;89;96;96;95;95,task:2;informational:66;navigational:2;commercial:22;transactional:8
Fornos JJAC e Esteiras,15,125,75;100;100;77;77;78;79;96;94;79;77;79,task:3;informational:12;navigational:67;commercial:10;transactional:8
Micro-ondas Midea,39,11246,88;97;51;70;99;100;100;90;89;89;89;89,task:2;informational:45;navigational:11;commercial:22;transactional:20
Tankless Water Heaters,18,1637,21;25;25;23;100;100;100;63;54;54;56;55,task:8;informational:54;navigational:3;commercial:31;transactional:4
Fogger devices,17,472,25;25;26;41;71;71;71;100;100;100;100;100,task:8;informational:51;navigational:4;commercial:31;transactional:6
Suggar Eletrodomésticos,15,922,31;59;60;77;71;39;58;58;29;76;77;100,task:2;informational:18;navigational:67;commercial:7;transactional:6
Aquecedores Elétricos e Ebulidores,21,19331,10;15;16;80;99;100;100;100;100;100;100;100,task:7;informational:58;navigational:6;commercial:16;transactional:13
Apple MacBook Laptops,301,242181,31;30;35;53;76;76;76;100;71;71;71;71,task:4;informational:40;navigational:13;commercial:25;transactional:18
Deepcool AK400 Air Coolers,18,6572,62;80;86;88;90;91;91;98;100;100;100;98,task:3;informational:48;navigational:13;commercial:19;transactional:17
SodaStream at Home,16,896,67;93;100;97;90;95;96;71;72;72;73;74,task:3;informational:43;navigational:24;commercial:14;transactional:16
Fogões 2 bocas,37,12687,100;44;51;52;67;67;67;55;55;55;55;55,task:2;informational:56;navigational:5;commercial:26;transactional:11
Cooktops com Forno Embutido,36,19149,42;46;49;60;90;90;90;100;95;95;95;95,task:5;informational:53;navigational:9;commercial:26;transactional:7
Fimi Drones,29,17778,16;21;24;65;100;100;100;60;89;89;90;89,task:5;informational:50;navigational:18;commercial:18;transactional:9
Smart Tech Solutions,16,1286,46;69;70;67;65;70;71;80;83;78;91;100,task:3;informational:35;navigational:20;commercial:34;transactional:8
Fantech Harmony Headsets,15,200,20;29;20;16;15;16;15;20;18;100;81;23,task:5;informational:42;navigational:18;commercial:22;transactional:13
Ceiling Fans & Lighting,21,2847,51;59;59;59;71;73;74;70;100;100;100;100,task:2;informational:51;navigational:4;commercial:30;transactional:13
Fogões e Cooktops por Indução Portátil,19,2101,72;83;83;81;78;81;82;84;100;97;97;97,task:5;informational:45;navigational:4;commercial:32;transactional:14
All-in-One i5 PCs,15,581,31;71;64;58;57;54;42;100;69;77;52;70,task:2;informational:46;navigational:4;commercial:42;transactional:6
cabos de frigideira,15,89,13;100;95;47;50;60;22;54;67;30;30;31,informational:78;navigational:4;commercial:13;transactional:5
Phone Cases,22,2401,87;100;54;57;92;95;96;74;59;58;61;61,informational:45;navigational:18;commercial:31;transactional:6
Superframe Gaming Headsets,17,1023,32;55;82;59;75;79;52;35;40;43;59;100,task:8;informational:42;navigational:13;commercial:25;transactional:12
AK500/AK500S Air Coolers,16,748,45;63;62;62;66;67;75;75;78;84;100;78,task:3;informational:52;navigational:5;commercial:18;transactional:22
Churrasqueiras Makeer,16,135,45;80;88;87;100;55;66;48;49;50;50;50,task:3;informational:24;navigational:36;commercial:14;transactional:23
Fogões Bemol,15,371,63;84;89;80;97;75;75;94;91;100;97;90,task:7;informational:31;navigational:29;commercial:11;transactional:22
Frango empanado e nuggets,31,4996,51;62;65;76;77;81;80;93;100;100;100;99,task:7;informational:59;navigational:5;commercial:16;transactional:13
Boilers and Heating Systems,17,11606,20;23;23;23;80;81;81;100;100;100;100;100,task:5;informational:70;navigational:5;commercial:15;transactional:5
Airfix model kits,17,212,47;82;94;100;85;79;77;71;66;65;64;65,task:3;informational:34;navigational:26;commercial:19;transactional:18
Microondas 40–45 litros,16,1470,80;92;94;50;51;54;56;100;77;77;77;77,task:7;informational:43;navigational:1;commercial:47;transactional:2
Drones Online,15,90,64;83;100;66;66;66;68;67;67;59;59;60,task:3;informational:25;navigational:40;commercial:17;transactional:15
Panelas Neoflam,28,5031,39;50;53;55;55;56;57;100;60;60;61;60,task:2;informational:54;navigational:12;commercial:14;transactional:18
Air Repair & HVAC Services,19,1049,59;66;67;100;51;51;52;39;39;39;39;39,task:2;informational:58;navigational:10;commercial:15;transactional:15
Ecovacs Robot Vacuums,17,898,20;22;22;22;22;22;31;40;49;100;41;35,task:2;informational:47;navigational:17;commercial:22;transactional:12
Dishwashers and How to Choose Them,19,3589,37;45;45;45;35;35;36;100;96;88;94;97,task:3;informational:45;navigational:1;commercial:37;transactional:14
Micro-ondas de 18 litros,15,462,38;60;70;57;48;49;50;100;72;66;58;50,task:3;informational:47;navigational:14;commercial:23;transactional:13
Spin Motors,18,600,16;16;17;35;24;24;24;100;86;49;42;50,task:2;informational:60;navigational:15;commercial:12;transactional:11
Farm Grilling,15,317,29;53;50;53;100;55;56;90;93;86;82;81,task:17;informational:57;navigational:5;commercial:8;transactional:13
fornos a carvão,19,583,61;63;64;77;100;100;100;99;72;72;74;74,task:4;informational:70;navigational:2;commercial:15;transactional:9
Forno Flex Brasil: preços e modelos,17,562,29;94;100;32;31;45;46;40;35;46;39;39,informational:44;navigational:12;commercial:23;transactional:21
Micro-ondas Elettromec,15,135,43;48;46;57;100;70;91;89;81;61;65;60,task:3;informational:32;navigational:35;commercial:12;transactional:18
Fog Machines & Effects Equipment,16,134,34;41;43;49;51;58;100;80;68;36;37;37,task:3;informational:51;navigational:1;commercial:30;transactional:15
Frigideiras Tramontina Grill,15,391,5;12;14;13;10;10;8;18;12;100;73;94,task:3;informational:47;navigational:18;commercial:15;transactional:17
Grill no forno,30,2652,87;90;90;89;92;93;93;82;100;100;100;100,task:2;informational:82;navigational:5;commercial:9;transactional:2
Air Wick Refills & Fragrances,17,1475,61;68;68;68;98;99;100;58;61;60;59;59,task:2;informational:32;navigational:15;commercial:41;transactional:10
Micro-ondas Continental,19,1787,10;28;34;24;23;22;17;82;73;100;96;93,task:3;informational:43;navigational:11;commercial:32;transactional:11
Receitas de bacon,25,4960,19;24;44;52;58;59;60;100;92;92;92;92,task:5;informational:76;navigational:5;commercial:8;transactional:6
Batedeiras Planetárias,102,62972,55;57;58;81;100;100;100;98;96;96;96;96,task:4;informational:33;navigational:2;commercial:39;transactional:22
Tramontina Micro-ondas,17,526,74;83;85;77;77;77;75;79;78;100;93;98,task:2;informational:59;navigational:17;commercial:10;transactional:12
Fresh Juice Blenders,15,174,16;56;64;55;59;42;47;100;73;29;28;28,task:3;informational:53;navigational:1;commercial:32;transactional:11
Fairphone smartphones,17,1258,4;5;5;6;6;6;6;100;6;6;6;9,informational:56;navigational:24;commercial:12;transactional:8
Tekitos e nuggets de frango,17,1976,19;24;24;22;99;100;100;29;23;23;23;23,task:3;informational:61;navigational:15;commercial:11;transactional:10
Panelas Fortlar,16,229,67;93;92;95;95;98;91;100;99;98;96;93,task:6;informational:30;navigational:32;commercial:24;transactional:8
Eletrodomésticos Amazon Brasil,15,825,29;35;39;36;36;43;58;77;78;78;62;100,task:7;informational:19;navigational:40;commercial:11;transactional:23
Tech & Science News,15,929,4;23;25;20;24;27;22;82;71;100;60;41,task:3;informational:51;navigational:21;commercial:17;transactional:8
Trane Chillers,17,261,41;42;100;100;99;99;99;100;100;100;100;100,task:2;informational:64;navigational:21;commercial:10;transactional:3
Asian Kitchen & Restaurants,16,10517,28;33;32;66;69;70;70;82;95;100;82;83,task:2;informational:61;navigational:13;commercial:16;transactional:8
Life Hacks & Tips,26,4547,56;66;73;70;99;100;100;88;92;92;93;93,task:10;informational:63;navigational:5;commercial:10;transactional:12
Cool Stuff & Gadgets,16,281,54;61;100;98;56;96;90;57;80;87;57;59,task:2;informational:60;navigational:18;commercial:14;transactional:6
Panelas antiaderentes com teflon,173,93466,63;65;65;74;91;91;91;99;100;100;100;100,task:2;informational:51;navigational:4;commercial:36;transactional:7
Washing Machines,25,10891,24;32;34;34;99;100;100;67;68;67;68;68,task:2;informational:51;navigational:6;commercial:26;transactional:15
Grelhadores Mondial,18,326,100;52;94;91;89;62;61;49;49;51;47;48,task:5;informational:49;navigational:15;commercial:19;transactional:12
Estufas Elétricas,17,1132,92;100;99;93;42;45;45;46;49;49;73;69,task:3;informational:48;navigational:4;commercial:35;transactional:10
Panelas Multiflon antiaderentes,17,1472,84;100;99;97;92;95;95;60;81;95;55;55,task:5;informational:40;navigational:5;commercial:32;transactional:18
Poke Bowls & Healthy Meals,15,49,13;14;100;24;24;44;41;53;44;15;15;15,task:7;informational:56;navigational:12;commercial:12;transactional:13
SmartThings & Smart Home Tech,47,29648,28;63;35;79;100;100;100;96;96;98;94;95,task:10;informational:64;navigational:6;commercial:16;transactional:4
Ferros de passar Oster,26,4709,72;86;92;100;97;100;100;86;92;91;91;90,task:2;informational:50;navigational:4;commercial:27;transactional:17
Fornos elétricos Philco,52,12436,40;45;50;100;57;58;58;63;62;63;62;62,task:5;informational:54;navigational:8;commercial:13;transactional:20
Aiphone brand names,17,257,68;78;80;79;79;81;100;90;88;85;85;84,task:3;informational:48;navigational:26;commercial:11;transactional:12
Panelas Eirilar no Brasil,16,806,38;83;97;73;71;70;73;62;52;73;64;100,task:10;informational:15;navigational:36;commercial:27;transactional:12
Liquidificadores Kitchenaid,19,2511,87;99;100;98;93;96;97;50;76;80;64;63,task:2;informational:54;navigational:10;commercial:19;transactional:15
Mandoline Slicers,18,618,33;40;41;81;95;100;100;62;66;67;66;68,task:8;informational:46;navigational:4;commercial:32;transactional:10
Bubble Machines & Bubble Toys,18,437,61;66;68;57;97;97;99;54;53;100;91;50,task:2;informational:61;navigational:5;commercial:20;transactional:12
Ventiladores e eletrodomésticos na Americanas,15,670,62;85;85;81;72;75;75;85;89;100;87;94,task:3;informational:19;navigational:49;commercial:9;transactional:20
Mini Processadores de Alimentos,27,9681,43;47;50;50;100;100;100;51;49;50;50;49,task:5;informational:34;navigational:4;commercial:41;transactional:16
Online Food Platforms,15,1333,13;90;93;66;41;39;37;35;51;100;60;84,task:3;informational:47;navigational:31;commercial:11;transactional:8
Batata frita congelada,69,19429,41;46;49;89;94;94;95;97;100;100;100;100,task:3;informational:56;navigational:5;commercial:23;transactional:13
Air Conditioner Remote Controls,16,1068,54;72;74;54;61;56;54;88;56;100;59;74,task:2;informational:56;navigational:4;commercial:28;transactional:10
Fontignac Panelas,19,392,29;34;30;75;98;100;98;72;51;25;25;25,task:5;informational:59;navigational:13;commercial:20;transactional:3
Food Box,16,177,14;41;40;52;53;45;41;17;100;94;18;40,task:3;informational:41;navigational:10;commercial:29;transactional:17
Light Food Way,15,104,22;23;26;25;26;28;27;100;86;41;33;35,task:7;informational:42;navigational:18;commercial:25;transactional:8
Oster processadores de alimentos,25,5439,87;98;100;49;59;61;61;76;71;70;72;72,task:5;informational:45;navigational:6;commercial:17;transactional:27
Churrasqueiras Laurindos,15,160,40;49;53;51;48;52;45;44;43;94;100;42,task:3;informational:49;navigational:17;commercial:23;transactional:8
Dyson Vacuums & Stores,18,2814,81;97;99;100;55;58;61;76;77;76;80;80,task:2;informational:46;navigational:29;commercial:12;transactional:11
Micro-ondas Brastemp 20L,21,2838,83;98;100;87;78;81;83;75;73;75;76;72,task:5;informational:42;navigational:16;commercial:21;transactional:16
Wireless & Bluetooth Keyboards,18,1065,72;81;80;62;77;82;83;100;84;91;91;91,task:5;informational:48;navigational:1;commercial:38;transactional:8
Marmita Banho-Maria,28,3180,51;56;56;80;100;100;100;82;80;80;82;82,task:2;informational:72;navigational:5;commercial:17;transactional:4
Micro-ondas de Embutir Philco,16,538,22;65;71;62;60;35;31;100;100;70;66;67,task:3;informational:34;navigational:31;commercial:15;transactional:17
Heatless Curling Tools,19,982,42;52;100;100;80;80;87;71;75;84;73;71,task:2;informational:68;navigational:5;commercial:17;transactional:8
Assadeiras de cerâmica,18,12392,31;37;38;37;98;99;99;100;100;100;100;100,task:1;informational:50;navigational:6;commercial:34;transactional:9
Grill e Hamburguer,15,1180,60;84;87;84;87;93;93;98;100;100;100;99,task:7;informational:43;navigational:7;commercial:30;transactional:13
Ironing Professionals,16,72,45;55;100;50;51;54;52;63;63;72;79;71,task:3;informational:58;navigational:4;commercial:24;transactional:11
mobile phones,52,136187,28;28;30;51;89;89;89;99;100;100;100;100,task:2;informational:52;navigational:4;commercial:33;transactional:9
Tech Fix & Repairs,16,452,44;62;62;96;95;92;99;62;70;100;84;98,task:6;informational:56;navigational:6;commercial:13;transactional:19
AGA Outlet,15,637,27;45;57;44;50;50;37;78;40;38;82;100,task:3;informational:25;navigational:52;commercial:8;transactional:12
Electrical & Electronics Retailers,16,283,33;83;92;79;79;58;66;65;50;100;98;68,task:3;informational:39;navigational:32;commercial:18;transactional:8
Meal Prep & Planning,20,11256,33;83;84;85;70;71;71;100;100;100;100;100,task:12;informational:67;navigational:5;commercial:13;transactional:3
Coifa de cozinha Crissair,15,94,47;49;57;64;82;100;75;59;54;63;73;64,task:3;informational:32;navigational:39;commercial:8;transactional:18
Panelas Jomafe,19,1693,83;99;100;55;55;57;57;69;64;64;62;62,task:2;informational:36;navigational:35;commercial:18;transactional:9
Power Inverters,18,7547,19;22;22;79;79;79;79;100;58;58;59;59,task:5;informational:57;navigational:4;commercial:28;transactional:6
Coleman Ice Coolers,15,255,51;70;63;74;74;82;96;99;100;100;100;100,task:3;informational:43;navigational:11;commercial:32;transactional:11
Defumadoras elétricas domésticas,16,310,70;94;100;92;81;85;86;90;92;100;97;89,task:3;informational:56;navigational:5;commercial:22;transactional:14
Forno elétrico: melhores modelos e avaliações,25,4070,45;52;43;41;57;58;58;100;93;93;93;93,task:2;informational:57;navigational:4;commercial:24;transactional:13
Charcoal Briquettes,19,1056,42;42;42;62;38;38;38;62;68;100;94;80,task:2;informational:61;navigational:3;commercial:15;transactional:19
Air Track Gymnastics,17,396,76;96;100;98;90;90;91;87;89;95;89;88,task:3;informational:46;navigational:18;commercial:26;transactional:7
Frigideiras Tramontina,32,9346,96;100;50;50;56;57;57;54;50;49;49;50,informational:54;navigational:7;commercial:16;transactional:23
PlayStation Controllers,17,728,84;96;95;97;52;54;53;100;45;43;52;52,task:2;informational:44;navigational:10;commercial:32;transactional:12
Future Electronics,18,887,13;37;36;32;32;67;100;81;80;66;60;61,task:2;informational:19;navigational:71;commercial:3;transactional:5
Forno Elétrico no Mercado Livre,15,1234,69;99;100;95;94;98;99;80;77;77;81;82,informational:24;navigational:51;commercial:6;transactional:19
Fogões a gás: tipos e modelos,19,1320,56;66;70;100;97;99;99;47;56;75;68;70,task:3;informational:63;navigational:2;commercial:24;transactional:8
Acessórios para fogão de indução,23,1248,84;99;100;97;93;90;90;58;68;68;67;68,task:5;informational:48;navigational:4;commercial:36;transactional:7
Forno Elétrico de Embutir,19,1560,84;99;100;98;86;88;97;66;67;69;69;69,task:5;informational:41;navigational:4;commercial:39;transactional:11
Eletrodomésticos perto de mim,16,2002,58;97;100;76;78;67;69;84;72;94;89;99,task:5;informational:24;navigational:53;commercial:16;transactional:2
Taco Shells & Tacos,17,475,37;40;41;90;100;100;100;73;42;48;43;43,task:12;informational:64;navigational:5;commercial:13;transactional:6
Tampas de frigideira,16,584,6;11;10;20;33;30;22;71;68;100;87;91,task:3;informational:52;navigational:5;commercial:15;transactional:25
Estufas para Marmita,17,556,22;24;25;64;82;82;100;53;53;54;54;54,task:3;informational:58;navigational:4;commercial:27;transactional:8
Forno de Embutir Mueller,20,856,42;56;55;55;64;68;63;65;81;100;78;79,task:3;informational:35;navigational:35;commercial:15;transactional:12
Computer Cooling Solutions,15,153,18;31;31;31;31;61;90;53;100;99;83;58,task:4;informational:55;navigational:1;commercial:24;transactional:16
Top Products,16,514,9;100;96;54;45;59;55;61;42;57;60;28,task:6;informational:49;navigational:4;commercial:36;transactional:5
Forno Elétrico Mondial,48,9048,89;100;50;54;99;100;100;74;92;92;97;97,task:2;informational:39;navigational:27;commercial:22;transactional:10
Smart Remote Controls,16,267,16;43;52;91;90;100;90;91;56;56;43;52,task:2;informational:48;navigational:9;commercial:27;transactional:14
Tech Repair,15,178,21;21;23;23;23;43;48;100;65;73;60;60,task:17;informational:41;navigational:16;commercial:14;transactional:12
Espremedores de alho,17,1609,60;82;84;82;88;95;95;94;100;100;100;99,task:3;informational:50;navigational:11;commercial:23;transactional:13
Sanduicheiras elétricas vermelhas,16,601,78;99;100;96;75;88;87;87;75;74;73;74,task:7;informational:30;navigational:4;commercial:34;transactional:25
Panelas a vapor Tramontina,19,1159,87;99;100;73;84;86;86;90;86;86;85;85,task:5;informational:54;navigational:9;commercial:20;transactional:12
Micro-ondas Electrolux 20L,20,2275,86;100;56;66;73;76;75;61;63;74;74;75,task:2;informational:41;navigational:28;commercial:11;transactional:18
Electrolux Freezer H400,19,545,27;39;42;36;43;36;34;46;38;99;86;100,task:3;informational:45;navigational:18;commercial:21;transactional:13
Air Conditioner Modding,15,395,15;92;100;45;62;67;77;62;60;80;75;73,task:12;informational:73;navigational:3;commercial:10;transactional:2
Micro-ondas Mondial,24,3514,86;98;99;63;62;65;65;81;90;90;100;100,task:2;informational:41;navigational:25;commercial:16;transactional:16
facas KitchenAid,15,112,30;32;34;100;99;83;38;41;41;48;49;50,task:3;informational:46;navigational:4;commercial:33;transactional:14
Dyson Audio Gear,16,225,78;84;89;86;84;100;91;80;83;76;75;76,task:2;informational:62;navigational:15;commercial:13;transactional:8
Churrasqueiras Americanas,17,2035,61;85;90;87;88;94;95;96;99;98;100;99,task:1;informational:36;navigational:32;commercial:24;transactional:7
Grelhas e Grades para Forno,21,1171,29;37;38;48;74;83;77;58;93;100;98;97,task:5;informational:34;navigational:1;commercial:46;transactional:14
Cooktops de Indução Fischer,18,530,74;83;82;80;42;42;49;100;65;65;47;49,task:2;informational:54;navigational:15;commercial:18;transactional:11
Mallory Sanduicheiras e Grills,17,339,45;87;100;86;81;59;56;54;52;46;48;49,task:5;informational:43;navigational:10;commercial:20;transactional:22
Chef Stock & Restaurant Equipment,15,155,59;62;63;62;73;79;79;100;53;55;62;63,task:3;informational:41;navigational:22;commercial:17;transactional:17
Marmitas Gourmet Brasil,15,217,19;22;27;27;27;26;36;93;100;89;76;45,task:7;informational:34;navigational:17;commercial:31;transactional:11
Mouse Traps and Mice Control,18,1230,33;41;41;40;44;47;48;45;55;52;100;88,task:5;informational:48;navigational:4;commercial:22;transactional:21
Modeladores de Almôndegas,15,34,83;90;100;86;81;81;81;73;73;73;73;73,task:3;informational:52;navigational:8;commercial:15;transactional:22
Processadores de Alimentos com Liquidificador,99,156351,20;21;23;40;46;46;46;96;100;100;100;100,task:2;informational:45;navigational:4;commercial:34;transactional:15
Receitas de biscoito de polvilho e tapioca na airfryer,31,8687,83;91;93;92;68;69;69;88;100;100;100;100,task:30;informational:58;navigational:5;commercial:5;transactional:2
Batatas Fritas e Assadas no Forno,31,4017,55;61;30;30;45;46;47;100;97;99;98;97,task:8;informational:80;navigational:2;commercial:5;transactional:5
Panelas Eirilar Antiaderentes,16,624,43;95;100;83;64;66;77;76;65;65;60;61,task:3;informational:42;navigational:3;commercial:33;transactional:19
Forno esteira para pizzarias,15,195,51;68;70;83;83;65;63;96;100;59;59;88,task:10;informational:24;navigational:7;commercial:41;transactional:18
Bolos de Banana na Airfryer,20,5248,86;98;100;49;49;50;51;55;65;65;65;64,task:13;informational:78;navigational:3;commercial:5;transactional:1
iPhone Electronics,15,1418,9;16;45;25;34;33;33;80;44;79;79;100,task:7;informational:41;navigational:11;commercial:21;transactional:20
Tru Fru Snacks,17,1070,22;24;24;27;12;12;7;46;79;81;100;81,task:2;informational:55;navigational:30;commercial:10;transactional:3
VIP Food,15,153,36;85;93;78;91;100;79;60;55;44;42;39,task:3;informational:35;navigational:24;commercial:17;transactional:21
Best Forks Online,16,492,85;94;95;94;96;99;100;81;78;82;68;68,task:5;informational:43;navigational:13;commercial:24;transactional:15
Food Checkers,16,627,58;67;75;71;71;77;76;100;94;95;94;91,task:3;informational:38;navigational:35;commercial:10;transactional:14
Churrasqueiras redondas,15,576,63;86;87;84;87;93;93;83;84;100;85;85,task:3;informational:45;navigational:11;commercial:30;transactional:11
Panelas Alegrete,22,2522,43;49;50;50;62;61;61;100;88;88;87;87,task:2;informational:39;navigational:29;commercial:24;transactional:6
Brastemp Embutir Micro-ondas,16,710,53;72;76;69;63;67;66;74;83;100;84;95,task:3;informational:35;navigational:35;commercial:19;transactional:8
Forno Fischer de Embutir a Gás,27,1589,86;100;100;52;58;61;65;48;71;80;56;54,task:2;informational:45;navigational:29;commercial:12;transactional:12
Sex Machines,15,1480,68;86;88;77;84;91;92;99;100;100;100;99,task:7;informational:60;navigational:7;commercial:15;transactional:11
Panelas para indução,215,126098,30;30;33;66;86;86;86;100;100;100;100;100,task:5;informational:59;navigational:4;commercial:28;transactional:4
Churrasqueiras Elétricas Multilaser,17,222,20;47;62;39;37;25;24;100;79;31;28;28,task:7;informational:33;navigational:38;commercial:13;transactional:9
Airex Brand & Air-Ex Products,16,169,100;97;90;89;89;88;88;88;87;87;87;87,task:2;informational:31;navigational:29;commercial:31;transactional:7
Exaustores para Churrasqueiras,27,13799,28;31;32;59;100;100;100;62;56;56;55;55,task:5;informational:54;navigational:2;commercial:22;transactional:17
Thermomix e Bimby: Panelas Multifuncionais,53,51830,14;15;19;75;92;92;92;100;100;100;100;100,task:5;informational:61;navigational:7;commercial:14;transactional:13
Thermaltake Fans,15,66,23;23;24;27;27;25;25;94;100;43;23;23,task:4;informational:39;navigational:17;commercial:18;transactional:22
Aluminum Foil & Variants,18,550,23;24;25;23;100;100;100;32;26;26;26;26,task:3;informational:61;navigational:5;commercial:10;transactional:21
Beats Powerbeats Earphones,26,3602,16;23;24;24;23;24;24;100;55;48;37;26,task:8;informational:35;navigational:15;commercial:23;transactional:19
Infrared Technology and Applications,19,3877,88;93;93;100;76;78;76;75;77;76;91;80,task:5;informational:83;navigational:5;commercial:5;transactional:2
Zeedog Kitchen & Pet Care,15,110,56;80;80;75;74;82;82;83;100;84;62;62,informational:37;navigational:40;commercial:16;transactional:7
Fogões Fischer Embutidos,21,2277,75;89;88;55;54;56;57;44;70;72;87;100,task:2;informational:28;navigational:38;commercial:22;transactional:10
Ferros de passar roupas,196,167332,32;34;37;42;73;73;73;70;100;100;100;100,task:5;informational:34;navigational:9;commercial:39;transactional:13
"Espremedores, Liquidificadores e Processadores",19,937,56;62;68;73;82;80;74;89;89;89;89;100,task:5;informational:54;navigational:4;commercial:32;transactional:5
Churrasqueiras e Defumadores,24,4452,46;52;51;62;53;55;56;100;52;52;52;52,task:2;informational:55;navigational:4;commercial:29;transactional:10
Pipoqueiras Elétricas CinePop,17,5852,89;97;100;94;42;43;43;45;45;45;44;44,task:8;informational:44;navigational:25;commercial:15;transactional:8
Parlux 385 Hair Dryers,16,447,7;15;18;16;16;14;22;100;78;69;74;68,task:10;informational:45;navigational:15;commercial:18;transactional:12
Apple Devices & Models,16,1118,8;9;9;9;24;25;26;100;9;12;12;12,task:5;informational:61;navigational:5;commercial:15;transactional:14
Panelas Frigigold,31,17504,18;22;23;62;71;72;72;100;70;70;70;69,task:2;informational:34;navigational:21;commercial:18;transactional:25
Japanese Teppanyaki & Hibachi,19,4242,100;96;96;96;49;50;51;62;61;61;62;62,task:5;informational:57;navigational:4;commercial:23;transactional:11
Hot Glue Guns,16,330,45;47;48;47;69;69;100;72;73;75;75;75,task:8;informational:63;navigational:2;commercial:15;transactional:12
Faema Espresso Machines,17,8383,53;56;57;57;57;57;57;57;100;100;100;100,informational:74;navigational:10;commercial:12;transactional:4
Trituradores e processadores de alho,31,6962,100;45;47;57;61;62;63;74;71;71;71;71,task:1;informational:52;navigational:7;commercial:25;transactional:15
Burger Brothers,15,1668,33;32;33;33;31;34;34;86;95;100;88;89,task:5;informational:49;navigational:25;commercial:13;transactional:8
Frigideiras Rochedo,19,1711,71;98;100;97;80;86;87;90;91;92;84;83,task:3;informational:27;navigational:41;commercial:24;transactional:5
Churrasqueira de ferro fundido,15,30,5;17;22;24;23;20;5;100;5;43;5;5,task:3;informational:55;navigational:1;commercial:30;transactional:11
Air Conditioner Parts,17,969,27;34;38;36;67;65;57;100;45;46;45;80,task:2;informational:59;navigational:4;commercial:27;transactional:8
Felitron Headsets,15,197,49;73;96;73;73;65;62;57;58;100;72;73,task:3;informational:37;navigational:32;commercial:20;transactional:8
Game Stick Consoles,69,87578,14;17;19;32;47;47;47;99;100;100;100;100,task:8;informational:48;navigational:5;commercial:25;transactional:14
Aquecedores e sanduicheiras de pão,16,719,46;63;75;52;51;57;73;100;96;73;87;83,task:2;informational:55;navigational:2;commercial:32;transactional:9
