name,prompts_count,volume,volume_trend,intents
Aspiradores e Extratoras,19,763,58;71;72;75;73;80;79;96;98;100;100;100,task:5;informational:27;navigational:4;commercial:52;transactional:12
Aspiradores e Sopradores de Pó,21,852,86;98;100;49;46;50;50;45;54;57;52;52,task:10;informational:39;navigational:4;commercial:37;transactional:10
Aspiradores industriais,23,3341,85;99;100;54;66;69;69;68;77;77;76;75,task:5;informational:43;navigational:7;commercial:34;transactional:11
Vassouras e Aspiradores,16,545,70;97;100;96;82;88;87;91;90;93;96;95,task:3;informational:60;navigational:5;commercial:25;transactional:7
Aspiradores manuais de pó,17,517,51;59;38;34;37;41;52;100;87;73;65;59,task:5;informational:54;navigational:7;commercial:26;transactional:8
Aspiradores de água e pó,21,1449,94;99;100;100;35;36;37;24;29;29;35;41,task:5;informational:48;navigational:5;commercial:22;transactional:20
Aspiradores de Pó Americanas,15,166,36;61;71;66;69;56;48;100;87;43;41;45,task:3;informational:17;navigational:45;commercial:11;transactional:24
Aspiradores de secreção portáteis,45,10166,47;55;29;59;90;92;91;100;100;99;99;99,task:2;informational:55;navigational:2;commercial:29;transactional:12
Aspiradores Oster,17,816,78;100;97;89;87;96;98;95;98;98;93;93,task:3;informational:50;navigational:7;commercial:18;transactional:22
Aspiradores Bosch,16,182,36;77;100;51;51;48;68;49;46;43;43;48,task:7;informational:43;navigational:4;commercial:32;transactional:14
Robôs Aspiradores Inteligentes,19,1244,68;90;92;85;83;88;84;100;98;98;95;94,task:2;informational:62;navigational:2;commercial:24;transactional:10
Aspiradores de Pó Mondial,35,8304,91;97;100;61;70;70;71;66;67;67;67;66,informational:45;navigational:26;commercial:23;transactional:6
Aspiradores de Folhas,15,137,15;23;30;27;79;100;23;24;24;84;76;92,task:7;informational:43;navigational:4;commercial:32;transactional:14
Aspiradores Vivenso,17,418,44;67;92;72;71;59;59;100;91;98;63;64,task:3;informational:25;navigational:10;commercial:49;transactional:13
Robo Aspirador e Limpeza,216,167007,35;35;37;73;89;89;89;100;96;96;96;96,task:2;informational:51;navigational:1;commercial:37;transactional:9
Aspiradores Electrolux,105,112803,22;22;24;28;37;37;37;30;100;100;100;100,task:3;informational:34;navigational:19;commercial:22;transactional:22
Aspiradores WAP,43,14005,91;94;98;43;100;100;100;58;55;55;55;55,task:1;informational:52;navigational:11;commercial:18;transactional:18
Bocais de Aspirador,16,205,51;74;100;83;73;73;63;78;73;74;74;75,task:10;informational:51;navigational:1;commercial:32;transactional:6
Aspiradores de Pó no Brasil,284,193814,48;48;47;65;81;81;81;100;89;89;89;89,task:2;informational:44;navigational:4;commercial:42;transactional:8
Aspiradores Dyson,17,404,95;100;100;71;71;72;73;86;92;84;84;83,task:2;informational:41;navigational:11;commercial:27;transactional:19
Aspiradores sem fio WAP,20,1387,85;99;100;54;60;63;66;70;70;69;69;68,task:5;informational:40;navigational:9;commercial:31;transactional:15
Aspiradores com função passar pano,23,4128,35;42;26;36;45;46;47;100;95;96;95;95,task:2;informational:64;navigational:2;commercial:21;transactional:11
Aspiradores Kärcher,35,3185,86;98;100;49;44;46;47;47;47;47;47;46,task:2;informational:54;navigational:12;commercial:17;transactional:15
Aspiradores de Pó para Carros,78,13612,52;57;66;68;100;100;100;76;76;76;76;76,task:5;informational:39;navigational:1;commercial:43;transactional:12
Aspiradores Vonder,15,243,67;82;83;93;86;86;100;92;96;87;85;87,task:3;informational:32;navigational:28;commercial:12;transactional:25
Aspiradores de Pó Portáteis,25,6065,87;98;100;50;68;69;69;78;72;72;72;72,task:5;informational:46;navigational:3;commercial:34;transactional:12
Aspiradores Midea,18,1995,49;71;71;67;60;64;65;54;89;100;76;71,task:3;informational:39;navigational:19;commercial:16;transactional:23
Aspiradores a Vapor e Higienizadores WAP,28,3294,81;94;96;55;96;99;100;85;92;91;90;89,task:5;informational:50;navigational:5;commercial:26;transactional:14
Aspiradores de Pó Sem Fio,44,17530,25;28;30;77;100;100;100;83;36;36;36;36,informational:46;navigational:4;commercial:45;transactional:5
Aspiradores Arno e Eletrodomésticos,20,1946,86;100;100;98;94;97;97;96;56;56;55;55,task:2;informational:57;navigational:15;commercial:18;transactional:8
Sistemas de Aspiração Central,21,1091,51;52;53;90;100;100;100;99;99;99;99;99,task:2;informational:68;navigational:8;commercial:16;transactional:6
Aspiradores robô Multilaser,16,1342,86;100;100;98;89;90;90;50;42;42;40;39,task:2;informational:62;navigational:2;commercial:19;transactional:15
Aspiradores Robô Autolimpantes,18,2406,17;35;37;25;79;78;77;100;91;84;84;90,task:5;informational:45;navigational:8;commercial:29;transactional:13
Aspiradores robô Agratto,17,317,45;52;52;76;74;51;100;92;58;61;57;46,task:2;informational:58;navigational:17;commercial:13;transactional:10
Aspiradores EFA,17,1135,35;35;36;86;86;100;95;88;88;87;93;93,task:2;informational:66;navigational:10;commercial:14;transactional:8
Aspiradores de Pó Silenciosos,31,7353,17;23;23;45;81;83;83;98;100;100;100;100,task:5;informational:58;navigational:4;commercial:27;transactional:6
Aspiradoras Tineco,18,362,57;75;79;84;89;97;96;91;92;98;97;100,task:3;informational:48;navigational:8;commercial:21;transactional:20
Aspiradores Verticais e Vassouras Elétricas,25,8764,90;100;49;64;97;98;99;100;95;95;95;95,task:10;informational:41;navigational:4;commercial:36;transactional:9
Aspiradores de Pó Philco,34,6880,95;97;100;43;39;40;40;39;40;40;40;40,task:2;informational:50;navigational:10;commercial:21;transactional:17
Aspiradores Ecoclean,22,2011,52;58;57;56;68;70;69;68;99;100;92;93,task:5;informational:44;navigational:10;commercial:24;transactional:17
Lixadeiras com aspirador,22,3410,47;55;55;54;54;56;56;100;98;99;99;98,task:8;informational:52;navigational:4;commercial:26;transactional:10
Aspiradores Electrolux Hidrolux AWD01,24,835,45;63;63;61;59;62;61;68;94;100;69;71,task:3;informational:51;navigational:12;commercial:14;transactional:20
Aspiradores de Pó WAP High Speed,19,956,40;50;52;36;66;65;66;100;65;93;81;81,task:12;informational:49;navigational:6;commercial:22;transactional:11
Aspiradores antiácaros para cama,24,1889,37;100;93;62;65;51;50;55;84;85;72;72,task:5;informational:51;navigational:2;commercial:26;transactional:16
Aspiradores robô com reservatório de água,16,138,11;100;99;56;20;42;43;14;18;18;17;17,task:4;informational:66;navigational:5;commercial:18;transactional:7
Aspiradores Electrolux: pó e água,49,7307,72;81;88;86;89;92;92;94;100;100;100;99,task:2;informational:57;navigational:3;commercial:21;transactional:17
Aspiradores Robô Mondial,23,2355,88;99;100;98;46;49;49;44;55;55;56;56,task:2;informational:46;navigational:23;commercial:18;transactional:11
Aluguel de Aspiradores de Pó,15,74,52;87;100;68;67;66;61;64;74;72;72;72,task:3;informational:22;navigational:8;commercial:32;transactional:35
Escovas para aspiradores de pó,18,144,80;94;92;96;96;91;87;82;84;100;98;99,task:13;informational:50;navigational:1;commercial:30;transactional:6
Aspiradores WAP Power Speed,39,9326,87;97;100;100;49;50;50;87;89;88;88;88,task:5;informational:39;navigational:26;commercial:19;transactional:11
Acessórios de aspirador de pó,15,477,51;99;100;72;67;72;74;86;96;75;81;71,task:3;informational:48;navigational:13;commercial:23;transactional:13
Aspiradores de Piscina,20,2455,35;50;52;71;76;80;79;94;100;99;100;100,task:2;informational:47;navigational:5;commercial:23;transactional:23
Aspiradores de Pó Makita,20,2071,71;93;95;90;86;93;98;92;100;100;94;93,task:7;informational:32;navigational:11;commercial:25;transactional:25
Aspiradores Dreame,17,502,56;93;100;83;72;78;75;79;87;76;76;84,task:3;informational:41;navigational:15;commercial:30;transactional:11
Aspiradores de Pó 2 em 1,19,522,67;87;85;78;87;94;93;95;97;99;100;100,task:7;informational:43;navigational:1;commercial:34;transactional:15
Ropo: Robôs Aspiradores,24,4062,76;90;92;47;43;45;45;93;100;100;100;100,task:5;informational:61;navigational:9;commercial:14;transactional:11
Aspiradores robô Obabox,15,270,73;87;85;38;39;35;35;34;35;100;94;29,task:2;informational:47;navigational:7;commercial:22;transactional:22
Aspiradores Electrolux Sonic,16,237,39;41;42;42;39;67;56;100;89;100;88;88,task:3;informational:39;navigational:18;commercial:30;transactional:10
Robôs de limpeza doméstica,20,1707,31;41;35;38;69;70;70;100;79;80;79;78,task:2;informational:60;navigational:5;commercial:23;transactional:10
Aspiradores para Piscinas,20,1320,14;14;15;25;49;52;47;82;77;83;82;100,task:2;informational:60;navigational:5;commercial:20;transactional:13
Aspiradores e Extratoras Domésticos,16,526,44;89;100;84;79;51;56;88;60;70;57;71,task:7;informational:42;navigational:4;commercial:32;transactional:15
Aspiradores robô Kärcher,19,393,64;100;93;76;77;73;72;79;79;90;89;92,task:7;informational:36;navigational:11;commercial:24;transactional:22
Aspiradores Shark,15,505,58;90;89;91;96;100;100;81;87;87;96;97,task:3;informational:40;navigational:13;commercial:28;transactional:16
Aspiradores Robô WAP,64,16978,68;74;77;45;100;100;100;97;91;91;91;90,task:2;informational:53;navigational:11;commercial:21;transactional:13
Aspiradores Magazine Luiza,17,294,28;87;100;68;33;34;32;36;36;35;33;32,task:7;informational:17;navigational:26;commercial:25;transactional:25
Robôs Aspiradores com Controle por Voz,15,1965,37;38;39;38;95;96;100;84;85;89;88;85,task:5;informational:48;navigational:5;commercial:35;transactional:7
Extratoras de sujeira e higienizadoras,23,3765,16;21;32;50;62;62;64;68;88;88;100;100,task:7;informational:41;navigational:2;commercial:43;transactional:7
Aspiradores de pó para unhas,24,1561,76;94;97;90;88;95;97;100;91;91;84;83,task:5;informational:43;navigational:9;commercial:26;transactional:17
Aspiradores Antigos,16,123,25;64;75;38;35;75;88;100;87;60;51;51,task:10;informational:56;navigational:4;commercial:26;transactional:4
Aspiradores Black & Decker,19,2675,87;100;100;98;89;91;92;89;52;56;52;52,task:1;informational:46;navigational:15;commercial:26;transactional:12
Poeira e Limpeza Doméstica,19,579,63;71;66;85;64;65;99;100;94;70;70;70,task:2;informational:75;navigational:2;commercial:13;transactional:8
Robo Aspiradores Makita,16,138,20;65;68;33;52;57;50;96;100;23;23;24,task:3;informational:47;navigational:5;commercial:25;transactional:20
Sopradores de ar portáteis,26,4083,59;83;89;90;93;95;96;96;100;100;98;97,task:3;informational:51;navigational:5;commercial:27;transactional:14
Aspiradores de pó na Amazon,16,347,45;97;100;58;57;57;65;58;58;57;55;66,task:3;informational:15;navigational:45;commercial:18;transactional:19
Aspiradores de pó Brastemp,17,616,22;50;65;57;44;36;31;45;35;96;84;100,task:10;informational:40;navigational:11;commercial:25;transactional:14
Aspiradores de Pó 1500W,17,400,34;57;65;69;72;51;43;100;81;59;60;86,task:1;informational:57;navigational:4;commercial:28;transactional:10
Aspiradores Electrolux AQP20,20,819,48;83;100;58;62;46;45;46;43;55;73;76,task:2;informational:54;navigational:15;commercial:17;transactional:12
Aspiradores de Pelo para Pets,28,2587,52;62;41;54;76;78;79;100;91;91;90;89,task:4;informational:49;navigational:1;commercial:39;transactional:7
Aspiradores de pó com bateria,19,914,59;86;87;82;80;86;87;100;88;96;88;96,task:10;informational:37;navigational:4;commercial:41;transactional:8
Aspiradores Electrolux Go,16,674,27;51;63;54;54;47;57;100;74;68;67;69,task:2;informational:51;navigational:25;commercial:16;transactional:6
Robôs aspiradores Jets,15,318,11;22;30;20;14;14;13;10;75;100;29;30,task:3;informational:44;navigational:13;commercial:26;transactional:14
Aspiradores Dyson V15,18,302,41;46;48;67;75;80;100;65;65;66;64;72,task:3;informational:47;navigational:12;commercial:18;transactional:20
Aspiradores Electrolux Neo,19,634,66;100;77;76;34;36;36;46;39;40;40;40,task:4;informational:45;navigational:10;commercial:30;transactional:11
Roomba e Aspiradores iRobot,26,6919,96;51;54;52;50;51;51;97;100;100;100;99,task:2;informational:48;navigational:8;commercial:26;transactional:16
Aspiradores Erg27,17,893,11;14;19;10;38;24;24;68;49;100;88;89,task:10;informational:34;navigational:11;commercial:22;transactional:23
Aspiradores de Pó 2000W,19,1868,87;100;100;57;63;66;64;66;67;67;67;67,task:2;informational:47;navigational:4;commercial:37;transactional:10
Aspiradores Rainbow,30,27388,18;85;21;23;100;100;100;94;99;99;99;98,task:2;informational:42;navigational:13;commercial:36;transactional:7
Aspiradores Robôs Electrolux,59,10966,53;58;60;37;54;55;55;100;74;74;74;73,task:2;informational:41;navigational:25;commercial:15;transactional:17
Aspiradores de pó Mercado Livre,16,721,76;100;97;87;83;87;86;82;82;81;77;77,informational:23;navigational:45;commercial:11;transactional:21
Aspiradores de Pó 1400W,17,849,22;28;30;27;51;51;45;51;47;32;32;100,task:3;informational:51;navigational:1;commercial:29;transactional:16
Aspiradores Philips Walita,18,636,51;100;99;62;61;36;39;74;43;44;51;43,task:2;informational:45;navigational:10;commercial:25;transactional:18
Aspiradores robô Oster,15,97,58;98;100;100;94;64;57;75;93;92;77;75,task:5;informational:67;navigational:5;commercial:18;transactional:5
Aspiradores de Pó Elgin e Britânia,17,966,17;22;23;50;47;31;38;35;32;61;57;100,task:3;informational:47;navigational:11;commercial:25;transactional:14
Aspiradores de pó WAP/GTW inox 1600W,21,1118,65;88;88;86;93;99;100;98;99;100;93;96,task:7;informational:48;navigational:1;commercial:33;transactional:11
Aspiradores Bissell,19,793,83;88;95;87;49;50;62;44;84;97;94;100,task:5;informational:38;navigational:21;commercial:24;transactional:12
Sopradores de Folhas e Aspiradores,52,18550,60;64;69;79;100;100;100;92;95;95;95;95,task:3;informational:30;navigational:4;commercial:39;transactional:24
Mop e Acessórios de Limpeza,100,51253,62;63;68;76;90;90;90;93;100;100;100;100,task:5;informational:34;navigational:4;commercial:31;transactional:26
Aspiradores WAP Magic,16,819,19;56;64;52;57;56;57;100;69;78;72;79,task:7;informational:49;navigational:11;commercial:24;transactional:9
Aspiradores de Pó 1800W,22,1081,87;100;100;96;96;98;100;100;56;56;56;56,task:2;informational:62;navigational:4;commercial:30;transactional:2
Aspiradores de Pó Nano Electrolux,17,1692,43;55;57;55;54;55;48;83;65;93;85;100,task:2;informational:41;navigational:9;commercial:36;transactional:12
Aspiradores de Pó Carrefour,15,1258,13;39;49;33;32;37;20;51;47;41;38;100,task:7;informational:29;navigational:27;commercial:11;transactional:26
Máquinas extratoras para estofados,116,39318,19;22;28;50;100;100;100;77;64;64;64;64,task:2;informational:37;navigational:4;commercial:41;transactional:16
Mangueiras para Aspirador de Pó,16,1072,75;98;100;93;87;94;94;88;95;95;94;94,task:13;informational:14;navigational:1;commercial:47;transactional:25
Aspiradores robô Polishop,17,1745,68;97;100;97;91;98;97;87;93;93;96;95,task:3;informational:46;navigational:23;commercial:12;transactional:16
Robôs Aspiradores Idali Life,20,1579,30;40;40;58;79;78;76;100;94;92;91;92,task:2;informational:52;navigational:15;commercial:19;transactional:12
Aspiradores de Pó 3000W,17,1021,37;49;51;29;87;86;100;80;89;96;95;95,task:2;informational:40;navigational:3;commercial:44;transactional:11
Aspiradores Robô Philco,24,2243,59;71;72;48;92;95;95;100;95;95;94;95,informational:66;navigational:10;commercial:16;transactional:8
Aspiradores Lavor no Brasil,18,288,29;58;67;66;50;46;52;63;61;100;93;45,task:7;informational:45;navigational:18;commercial:16;transactional:14
Hyla Aspiradores: Preços e Avaliações,17,967,47;67;89;83;87;88;84;100;71;70;76;77,task:8;informational:42;navigational:6;commercial:31;transactional:13
Aspiradores Philco PH Rapid 1000,20,1387,28;31;33;30;29;56;46;59;99;100;92;97,task:2;informational:57;navigational:4;commercial:27;transactional:10
Aspiradores Robô Samsung,33,8913,61;72;76;48;56;57;58;89;86;88;87;100,task:2;informational:54;navigational:12;commercial:18;transactional:14
Aspiradores Britania,26,3917,86;97;100;51;46;47;47;52;44;44;47;46,task:5;informational:43;navigational:11;commercial:24;transactional:17
Aspiradores Nasais Elétricos,26,5457,32;42;42;50;82;84;84;100;88;89;89;89,task:5;informational:37;navigational:4;commercial:40;transactional:14
Mops e Vassouras,16,427,44;60;57;46;79;61;52;73;69;46;63;100,task:3;informational:44;navigational:13;commercial:23;transactional:17
Purificadores de Ar Verdes,16,285,8;41;39;32;99;26;21;17;98;100;42;47,task:10;informational:43;navigational:4;commercial:32;transactional:11
Aspiradores Electrolux A10,26,3857,67;77;78;37;54;56;56;89;96;98;99;100,task:8;informational:53;navigational:4;commercial:29;transactional:6
Aspiradores de Pó e Água WAP GTW 15 1700W,18,289,24;32;35;28;36;60;47;100;85;68;60;61,task:3;informational:42;navigational:4;commercial:39;transactional:12
Coletor de Pó Industrial,18,727,69;77;78;75;74;90;90;93;98;99;100;100,task:7;informational:48;navigational:5;commercial:25;transactional:15
Aspiradores Electrolux erg25,22,396,74;86;87;76;90;98;95;94;96;98;100;99,task:3;informational:34;navigational:38;commercial:12;transactional:13
Aspiradores Britânia Dust Off,19,238,26;55;62;51;51;54;65;87;87;100;27;30,task:3;informational:42;navigational:24;commercial:19;transactional:12
Robôs aspiradores WAP/Wsmart,17,793,28;44;47;36;35;33;24;23;23;100;92;95,task:5;informational:60;navigational:5;commercial:20;transactional:10
Aspiradores Cirúrgicos Hospitalares,18,559,35;39;41;26;94;96;100;64;40;35;36;35,task:5;informational:50;navigational:4;commercial:32;transactional:9
Havan: Aspiradores e Lavadoras,16,1723,62;93;96;91;85;90;92;94;99;99;100;100,task:3;informational:28;navigational:33;commercial:13;transactional:23
Lixadeiras com Coletor de Pó,15,181,31;38;39;38;37;100;70;39;42;40;39;40,task:10;informational:51;navigational:5;commercial:27;transactional:7
Aspiradores de Pó Ergorápidos,23,1816,78;99;100;61;53;47;47;54;51;51;52;62,task:5;informational:51;navigational:4;commercial:28;transactional:12
Narwal Robôs Aspiradores,17,1810,100;90;91;88;85;86;89;89;87;87;93;89,task:2;informational:45;navigational:29;commercial:16;transactional:8
Bicos de extratora e aspirador,22,2412,63;92;95;90;91;97;98;99;100;100;100;98,task:7;informational:50;navigational:4;commercial:24;transactional:15
Robô Aspirador Smart 100,18,569,71;91;100;69;65;69;61;66;54;46;43;41,task:5;informational:49;navigational:15;commercial:18;transactional:13
Mops e acessórios de limpeza,19,3170,82;91;91;44;92;95;96;100;95;94;94;93,task:2;informational:51;navigational:10;commercial:28;transactional:9
Espanadores de Pó,19,13597,29;33;34;67;17;17;17;100;68;68;68;68,task:5;informational:51;navigational:2;commercial:32;transactional:10
Aspiradores Electrolux Erg28,15,358,9;16;14;10;23;24;17;100;77;40;36;38,task:3;informational:54;navigational:5;commercial:21;transactional:17
Aspiradores de Pó Philco Ciclone Force,16,342,21;100;100;81;28;29;28;25;41;48;28;29,task:3;informational:40;navigational:15;commercial:23;transactional:19
Mops e Limpeza Profissional,37,7227,23;25;26;100;47;47;47;47;48;48;48;48,task:5;informational:36;navigational:2;commercial:50;transactional:7
Desumidificadores de ar,46,67269,11;13;14;85;98;98;98;100;100;100;100;100,task:2;informational:52;navigational:1;commercial:38;transactional:7
Bruxas da Limpeza,18,242,22;32;34;68;56;41;50;100;72;38;39;35,task:10;informational:60;navigational:8;commercial:17;transactional:5
Máquinas de limpeza e extratoras WAP,19,658,74;85;89;87;94;96;100;57;61;61;57;59,task:2;informational:60;navigational:15;commercial:12;transactional:11
Purificadores de Ar Portáteis,15,76,34;93;100;85;79;85;82;51;43;51;47;56,task:2;informational:46;navigational:3;commercial:39;transactional:10
Esfregões e limpeza doméstica,17,2221,60;82;85;83;83;90;97;97;99;98;100;99,task:7;informational:53;navigational:1;commercial:35;transactional:4
Aparadores de Canto,15,972,68;91;100;87;78;70;68;67;56;56;54;54,task:2;informational:50;navigational:4;commercial:34;transactional:10
Robôs aspiradores com mapeamento,25,1221,67;87;68;56;100;86;85;71;79;75;73;73,task:5;informational:61;navigational:5;commercial:21;transactional:8
Aspiradores Electrolux stk15,27,6794,69;83;84;83;83;86;86;55;100;100;100;100,informational:56;navigational:19;commercial:21;transactional:4
Limpeza doméstica,26,2024,44;52;53;53;98;100;99;65;63;63;64;64,task:2;informational:60;navigational:5;commercial:17;transactional:16
Samsung Jet Bot e Robôs Aspiradores,16,1590,30;54;57;41;42;36;34;100;51;79;86;92,task:2;informational:67;navigational:10;commercial:13;transactional:8
Esfregões e limpadores de piso elétricos,29,5978,20;25;27;28;73;73;74;100;34;34;34;34,task:1;informational:54;navigational:5;commercial:26;transactional:14
Aparadores com Rodas,15,532,25;59;81;56;55;61;64;99;100;25;25;76,task:3;informational:57;navigational:12;commercial:18;transactional:10
Robôs aspiradores Abir X8,17,218,65;59;61;63;74;80;91;100;97;86;84;84,task:10;informational:31;navigational:11;commercial:28;transactional:20
Aspiradores Electrolux Erg22,17,1045,21;45;49;34;44;50;37;28;24;100;88;75,informational:41;navigational:20;commercial:30;transactional:9
Conserto de robô aspirador,16,515,24;56;51;52;51;68;60;40;39;63;100;100,task:17;informational:38;navigational:4;commercial:14;transactional:27
Aspiradores Karcher NT 3000,21,237,40;45;43;88;100;64;55;74;57;66;67;71,task:3;informational:52;navigational:12;commercial:14;transactional:19
Casa: vassouras e armários,18,2292,30;34;55;63;83;84;83;94;99;91;87;100,task:2;informational:48;navigational:5;commercial:25;transactional:20
escovas elétricas de limpeza,59,17094,47;56;64;71;82;83;83;90;100;100;100;100,task:5;informational:40;navigational:4;commercial:39;transactional:12
Purificadores de ar para casa,54,49441,16;18;21;92;34;34;35;100;95;95;95;95,task:2;informational:48;navigational:2;commercial:36;transactional:12
Casas Bahia: Aspiradores e Fogões,15,866,19;28;27;25;36;37;51;48;42;100;92;62,task:3;informational:16;navigational:52;commercial:12;transactional:17
Ventiladores Domésticos,24,7988,90;97;100;48;59;60;60;54;59;59;59;58,task:5;informational:42;navigational:5;commercial:34;transactional:14
Aspiradores Electrolux stk12/stk13,19,634,41;75;84;71;39;34;34;35;88;100;40;46,task:2;informational:49;navigational:25;commercial:13;transactional:11
Robôs aspiradores Kabum Smart,41,15526,38;41;44;43;99;99;99;100;52;52;52;52,task:2;informational:50;navigational:10;commercial:24;transactional:14
Limpeza Doméstica e Higiene,36,12503,21;23;100;23;95;96;96;24;24;24;24;24,task:8;informational:70;navigational:3;commercial:7;transactional:12
Conserto de Aspirador de Pó,19,1773,59;28;28;46;74;76;76;99;100;100;100;100,task:8;informational:58;navigational:9;commercial:13;transactional:12
Condor Mops e Acessórios Domésticos,20,602,72;85;92;88;82;86;100;100;86;86;86;85,task:3;informational:24;navigational:41;commercial:21;transactional:11
Kits de aspiração para piscinas,19,648,32;47;51;50;63;46;52;86;94;73;69;100,task:7;informational:33;navigational:5;commercial:38;transactional:17
Mops com spray,26,4225,42;45;47;20;100;100;100;98;19;19;19;19,task:5;informational:56;navigational:5;commercial:21;transactional:13
Filtros de aspirador WAP,18,260,38;48;48;54;54;52;54;42;43;97;100;48,task:7;informational:58;navigational:6;commercial:19;transactional:10
Aspiradores de pó 1300W e PTE10,17,349,17;21;31;26;23;21;20;100;35;23;20;25,task:7;informational:52;navigational:4;commercial:29;transactional:8
Robô Aspirador Smart 700,17,264,100;49;51;46;45;45;44;39;39;46;44;44,task:5;informational:55;navigational:11;commercial:15;transactional:14
Extratoras WAP e limpadores portáteis,61,26372,37;40;42;65;73;73;73;100;74;74;74;74,informational:52;navigational:14;commercial:24;transactional:10
Brinquedos Eróticos,17,239,84;96;100;99;91;92;93;95;96;96;97;96,task:3;informational:60;navigational:1;commercial:25;transactional:11
Filtros de aspirador Electrolux,15,258,9;73;88;54;41;36;28;42;33;100;89;89,task:7;informational:44;navigational:1;commercial:22;transactional:26
Peças e acessórios WAP para aspiradores,16,254,15;18;19;21;21;21;23;100;81;19;19;19,task:7;informational:17;navigational:4;commercial:43;transactional:29
Aspiradores IPC Soteco Brasil,16,3099,36;42;45;43;42;43;43;99;100;100;99;98,task:2;informational:53;navigational:26;commercial:13;transactional:6
"Baldes, Mops e Esfregões",18,935,66;87;87;82;79;87;87;100;83;83;79;79,task:7;informational:50;navigational:4;commercial:24;transactional:15
Robô aspirador com mapeamento WAP W1000,19,5033,23;15;15;24;52;53;53;100;92;93;94;99,task:2;informational:63;navigational:5;commercial:20;transactional:10
Makita Sopradores e Aspiradores,21,2637,53;77;80;77;84;91;90;97;100;96;95;94,task:7;informational:58;navigational:5;commercial:12;transactional:18
Aparadores modernos,15,655,83;97;100;89;83;83;90;74;74;71;71;71,task:2;informational:48;navigational:4;commercial:35;transactional:11
Vaporizadores e Higienizadores para Limpeza,62,18641,27;32;34;92;100;100;100;95;90;90;90;90,task:5;informational:44;navigational:5;commercial:28;transactional:18
Umidificadores Ultrassônicos,20,1227,70;79;79;40;99;100;100;29;31;31;29;29,task:2;informational:72;navigational:6;commercial:15;transactional:5
limpeza multiuso,18,4234,22;28;53;57;95;94;95;96;100;100;98;98,task:8;informational:52;navigational:2;commercial:34;transactional:4
Desentupidores Manuais,16,176,41;44;55;54;76;79;74;100;56;55;71;73,task:6;informational:32;navigational:5;commercial:22;transactional:35
Aspirateurs balai et sans fil,16,118,30;36;38;41;79;69;91;100;58;37;36;37,task:10;informational:42;navigational:4;commercial:36;transactional:8
Aspiradores de pó Electrolux 1600W sem saco,29,3775,84;100;100;49;51;54;55;57;60;60;63;62,task:1;informational:56;navigational:5;commercial:22;transactional:16
Peças e Acessórios para Aspirador Electrolux,20,3210,66;86;86;77;95;99;100;75;80;80;81;83,task:2;informational:13;navigational:25;commercial:40;transactional:20
Escova Secadora Multilaser,18,322,90;100;99;65;61;63;62;98;55;62;60;59,task:2;informational:58;navigational:10;commercial:17;transactional:13
Pistolas de ar para limpeza,18,294,69;99;100;96;97;100;97;86;82;82;91;89,task:7;informational:52;navigational:5;commercial:22;transactional:14
filtros HEPA para aspiradores,35,13748,21;57;26;73;85;86;87;99;100;100;100;100,task:2;informational:72;navigational:8;commercial:15;transactional:3
Mini Exaustores Domésticos,16,349,31;40;40;43;39;41;39;89;100;51;47;34,task:1;informational:57;navigational:5;commercial:22;transactional:15
Desentupidora SOS,15,588,20;21;45;46;91;91;91;100;100;100;100;100,task:2;informational:55;navigational:15;commercial:15;transactional:13
mini mop e mop portátil,18,381,39;72;61;44;55;54;50;100;87;40;40;47,task:7;informational:39;navigational:8;commercial:24;transactional:22
Aparadores de Cama,15,972,17;24;37;26;26;24;26;30;29;33;29;100,task:10;informational:34;navigational:4;commercial:35;transactional:17
Desentupidora Ligeirinho,15,42,85;89;100;94;94;94;94;94;96;96;96;96,task:3;informational:12;navigational:70;commercial:7;transactional:8
Mops a vapor e mop elétrico,27,1489,89;100;98;56;68;71;72;96;58;58;60;60,task:2;informational:37;navigational:1;commercial:44;transactional:16
Aspiradores Electrolux Easy Box,20,1200,56;68;71;68;99;99;100;81;96;93;93;93,task:2;informational:56;navigational:10;commercial:16;transactional:16
Aspiradores Electrolux Vermelhos,16,386,30;37;41;36;60;69;44;59;54;100;91;97,task:10;informational:37;navigational:12;commercial:21;transactional:20
Vaporização e higienização de estofados,22,10856,25;14;15;89;99;100;100;91;93;93;94;93,task:2;informational:59;navigational:4;commercial:23;transactional:12
Exaustores e insufladores portáteis,28,3546,69;33;34;46;95;98;98;85;100;100;98;97,task:2;informational:59;navigational:4;commercial:30;transactional:5
Utilidades para Casa,16,1506,24;37;47;39;36;39;32;32;99;33;100;92,task:3;informational:42;navigational:16;commercial:24;transactional:15
Kärcher Puzzi e Extratoras,19,801,88;100;100;99;96;98;97;50;51;51;51;50,task:2;informational:49;navigational:11;commercial:12;transactional:26
Torneiras com arejador,27,8332,19;25;26;31;99;100;100;74;75;75;75;75,task:2;informational:57;navigational:10;commercial:25;transactional:6
Aspiradores Dewalt 20V,18,353,33;47;49;60;58;66;50;91;100;94;85;85,task:3;informational:48;navigational:5;commercial:18;transactional:26
Limpadores Multiuso,17,975,15;19;46;88;100;63;61;68;68;71;68;69,task:2;informational:74;navigational:6;commercial:15;transactional:3
Humidificadores Mondial,19,4502,77;88;89;88;39;41;41;100;100;100;100;100,task:5;informational:46;navigational:20;commercial:18;transactional:11
Aparelhos de vapor e aerossóis,24,1966,47;58;57;55;97;100;87;96;95;97;97;95,task:2;informational:73;navigational:5;commercial:15;transactional:5
Desentupidora Avare,16,399,44;45;47;100;100;100;100;84;84;84;84;84,task:2;informational:55;navigational:20;commercial:15;transactional:8
Escovas Rotativas de Limpeza,15,455,67;82;87;83;72;76;77;79;80;82;83;100,task:3;informational:49;navigational:8;commercial:33;transactional:7
Vaporizadores e Umidificadores,24,3110,28;37;43;39;100;99;99;94;97;97;96;96,task:2;informational:59;navigational:8;commercial:24;transactional:7
Piolhos e lêndeas: pentes e aspiradores elétricos,25,3589,26;34;34;49;77;77;77;99;100;100;97;97,task:8;informational:60;navigational:3;commercial:19;transactional:10
Baldes com Espremedor para Limpeza,18,683,66;90;92;87;83;90;91;88;100;100;90;91,task:3;informational:47;navigational:5;commercial:30;transactional:15
Karcher Lavadoras de Alta Pressão,20,391,60;66;69;63;63;63;62;100;62;62;59;59,task:2;informational:56;navigational:10;commercial:20;transactional:12
Ventiladores e circuladores de ar,16,88,19;25;30;73;76;28;25;100;80;44;40;38,task:7;informational:46;navigational:4;commercial:35;transactional:8
Equipamentos Airless,18,3036,24;26;27;27;91;92;92;99;100;100;100;100,task:5;informational:68;navigational:5;commercial:14;transactional:8
Desentupidora Brasil,17,122,97;98;92;93;100;100;100;92;43;43;43;43,task:2;informational:58;navigational:25;commercial:10;transactional:5
Aspiradores nasais e bombas de limpeza nasal,23,1759,54;84;93;89;78;80;80;100;79;80;96;98,task:2;informational:68;navigational:5;commercial:16;transactional:9
Umidificadores de ar Multilaser,16,471,71;100;100;97;40;45;45;48;58;56;45;45,task:7;informational:34;navigational:5;commercial:29;transactional:25
Umidificadores de ar,192,322698,30;31;33;93;98;98;98;100;98;98;98;98,task:6;informational:58;navigational:5;commercial:23;transactional:8
Limpadoras WAP Multifloor,16,1267,85;99;100;100;63;65;65;54;56;56;60;59,task:2;informational:24;navigational:25;commercial:14;transactional:35
Bombas de sucção,27,6903,33;41;43;42;69;71;71;83;100;100;100;100,task:5;informational:54;navigational:5;commercial:22;transactional:14
Faxina e Limpeza de Casa,47,20669,63;75;83;83;72;73;73;98;100;100;100;100,task:12;informational:71;navigational:4;commercial:11;transactional:2
Robôs domésticos,22,1813,25;30;38;87;98;98;100;85;76;76;77;77,task:4;informational:73;navigational:5;commercial:15;transactional:3
Esponjas e vassouras com cabo,18,299,37;53;54;68;73;64;76;43;44;100;95;56,task:10;informational:60;navigational:5;commercial:18;transactional:7
Acessórios de Limpeza para Ar Condicionado,21,1722,87;100;53;75;78;81;82;73;65;65;70;70,task:2;informational:64;navigational:3;commercial:17;transactional:14
Aparadores de Banheiro,15,380,41;55;57;53;45;58;59;87;100;45;45;45,task:3;informational:57;navigational:11;commercial:25;transactional:4
Mops e esfregonas profissionais,19,2098,71;79;82;48;50;52;53;100;75;76;79;79,task:3;informational:52;navigational:4;commercial:36;transactional:5
Desumidificadores Arsec,15,79,83;87;100;100;100;100;100;89;90;99;99;99,task:7;informational:18;navigational:35;commercial:14;transactional:26
Aparadores de Sala e Móveis,28,33524,99;100;100;99;94;94;94;95;95;95;95;95,task:6;informational:53;navigational:5;commercial:28;transactional:8
Exaustores Mecânicos,18,409,58;58;60;92;87;100;95;92;93;91;91;91,task:10;informational:68;navigational:7;commercial:10;transactional:5
Motores de Aspirador de Pó Electrolux,20,2186,84;99;99;96;48;52;52;100;95;95;95;94,task:2;informational:58;navigational:4;commercial:23;transactional:13
Locação de Máquinas de Limpeza,28,3972,43;54;57;66;90;92;92;97;100;99;99;99,task:3;informational:32;navigational:4;commercial:45;transactional:16
Aspiradores Nasais Lolly,17,1042,23;44;38;39;24;24;24;100;96;52;52;51,task:2;informational:53;navigational:25;commercial:12;transactional:8
Vassouras e esfregões,17,368,85;100;100;65;59;68;48;60;67;48;48;48,task:1;informational:68;navigational:5;commercial:22;transactional:4
Aspiradores Liectroux i7 Pro,17,707,39;60;61;65;75;80;80;96;95;99;100;98,task:4;informational:42;navigational:18;commercial:18;transactional:18
Robôs Aspiradores Liectroux,20,5088,72;85;87;86;52;56;57;97;100;100;98;98,task:5;informational:45;navigational:18;commercial:15;transactional:17
Dispositivos de desengasgamento,23,8626,14;20;21;19;48;49;49;83;86;86;100;100,task:7;informational:69;navigational:5;commercial:16;transactional:3
Robôs aspirador WAP/WConnect,17,171,7;100;10;9;10;9;8;9;8;9;8;7,task:7;informational:56;navigational:11;commercial:12;transactional:14
Aspiradores de Pó Automotivos WAP Car 12V,18,341,31;88;100;46;60;55;48;98;87;45;43;62,task:10;informational:36;navigational:4;commercial:29;transactional:21
Desentupidora Cometa,15,72,60;75;86;81;77;64;64;70;90;82;100;95,task:3;informational:21;navigational:45;commercial:25;transactional:6
Extratores de Suco,16,431,40;49;52;50;49;56;61;100;85;52;62;61,task:7;informational:53;navigational:5;commercial:22;transactional:13
Decoração de Aparadores,25,2146,77;90;92;100;83;85;86;84;76;76;76;76,task:4;informational:74;navigational:7;commercial:11;transactional:4
Vacuum Cleaners,22,11498,27;16;66;20;99;100;100;91;91;91;92;92,task:8;informational:48;navigational:1;commercial:32;transactional:11
Escovas Secadoras de Cabelo,175,102840,59;65;65;81;93;93;93;100;97;97;97;97,task:5;informational:45;navigational:1;commercial:36;transactional:13
Exaustores Axiais,17,1293,23;26;27;26;99;100;100;51;49;49;49;49,task:2;informational:60;navigational:14;commercial:21;transactional:3
Desumidificadores RelaxMedic,15,95,19;100;85;79;78;76;43;25;28;22;22;21,task:3;informational:29;navigational:38;commercial:20;transactional:10
Mop PowerMaid Brasil,17,475,52;82;86;81;81;100;87;97;63;37;37;61,task:2;informational:47;navigational:30;commercial:18;transactional:3
Umidificadores de ar portáteis,22,2546,88;98;100;51;43;46;47;61;45;45;44;44,task:2;informational:57;navigational:2;commercial:29;transactional:10
Aparadores de Sofá,15,1280,49;72;75;71;65;68;69;70;92;100;84;82,task:7;informational:43;navigational:8;commercial:30;transactional:12
Sacos para Aspiradores Electrolux,34,6130,91;97;100;100;82;83;83;83;48;48;48;48,task:8;informational:24;navigational:5;commercial:17;transactional:46
Casa Arrumada,21,2351,100;60;60;49;35;36;36;36;36;36;37;39,task:5;informational:67;navigational:10;commercial:10;transactional:8
Pipetadores Automáticos,15,682,30;31;32;32;32;32;40;100;100;100;100;100,task:4;informational:52;navigational:2;commercial:36;transactional:6
Aeradores de Vinho,22,4939,14;17;19;19;29;30;30;92;100;100;99;99,task:5;informational:56;navigational:4;commercial:27;transactional:8
Aspiradores robô WAP W96,17,293,66;94;100;85;88;78;76;52;52;52;51;51,task:2;informational:39;navigational:14;commercial:35;transactional:10
Exaustores e Ventilação Residencial,17,1536,25;32;60;59;95;100;99;91;87;88;86;86,task:2;informational:63;navigational:4;commercial:25;transactional:6
Limpeza de máquinas,18,1041,18;20;28;38;51;51;51;95;95;100;100;99,task:2;informational:68;navigational:5;commercial:15;transactional:10
Escovas de Limpeza,21,1650,55;73;74;84;95;100;100;77;78;78;80;79,task:2;informational:72;navigational:5;commercial:17;transactional:4
limpmais limpeza,16,54,44;46;54;54;54;52;52;100;95;60;60;60,task:10;informational:28;navigational:10;commercial:40;transactional:12
Limpeza Tudo,22,6790,27;28;34;100;99;99;99;99;100;100;99;99,task:2;informational:72;navigational:5;commercial:10;transactional:11
Proclean Limpeza,15,205,72;79;85;83;89;100;95;91;93;93;93;93,task:3;informational:25;navigational:46;commercial:11;transactional:15
Roborock e aspiradores robô,17,1309,48;77;78;89;90;98;97;99;100;100;99;98,task:3;informational:54;navigational:12;commercial:18;transactional:13
Exaustores e Ventiladores,43,8329,41;46;50;56;90;92;92;100;93;93;92;92,task:5;informational:69;navigational:4;commercial:16;transactional:6
Coletor de Pó para Marcenaria,21,1643,72;98;100;97;86;92;89;87;90;90;99;98,task:7;informational:54;navigational:1;commercial:29;transactional:9
Mops Giratórios de Inox,17,614,49;70;73;72;64;69;100;55;54;69;65;100,task:6;informational:26;navigational:1;commercial:49;transactional:18
Mops de Limpeza com Água,21,1192,85;100;55;54;76;79;83;53;54;54;56;56,task:1;informational:60;navigational:2;commercial:24;transactional:13
Depuradores de Ar Suggar,63,11924,65;70;76;78;100;100;100;78;80;80;80;80,task:5;informational:38;navigational:15;commercial:22;transactional:20
Aromatizantes e Purificadores de Ambiente,34,8711,37;44;50;59;77;78;79;100;63;63;63;63,task:5;informational:46;navigational:12;commercial:31;transactional:6
Faxina em casa,27,2240,55;64;60;99;100;91;91;100;86;86;86;86,task:2;informational:80;navigational:5;commercial:10;transactional:3
Casa do Vento: Ventiladores para Casa,15,741,18;24;24;22;35;33;50;60;63;100;90;95,task:4;informational:29;navigational:27;commercial:25;transactional:15
Dyson Chapinha e Secadora,25,2421,40;46;46;47;98;99;99;100;86;86;81;80,task:6;informational:55;navigational:2;commercial:22;transactional:15
Limpeza Fácil,17,604,27;32;36;43;40;40;41;28;43;100;43;43,task:8;informational:62;navigational:8;commercial:11;transactional:11
Purificadores Electrolux,18,467,42;51;53;51;53;73;53;78;74;50;86;100,task:3;informational:39;navigational:10;commercial:20;transactional:28
Mops e Acessórios Havan,15,243,71;84;96;71;64;65;63;78;100;71;84;96,task:3;informational:25;navigational:50;commercial:11;transactional:11
Limpadores de Estofados,15,1503,19;20;20;23;100;100;100;91;91;91;91;92,task:2;informational:52;navigational:9;commercial:33;transactional:4
Máquinas para o lar,17,1867,15;36;38;32;50;42;45;58;81;94;90;100,task:4;informational:54;navigational:2;commercial:29;transactional:11
Mops com Esponja,17,690,64;75;75;71;58;57;51;50;51;68;89;100,task:10;informational:54;navigational:5;commercial:23;transactional:8
Limpeza e higienização de ar condicionado,39,9210,26;34;56;80;98;100;100;94;85;85;86;86,task:8;informational:64;navigational:4;commercial:10;transactional:14
Flotadores e produtos de limpeza,29,18830,11;13;14;60;66;66;66;94;100;100;100;100,task:5;informational:73;navigational:8;commercial:12;transactional:2
Ar condicionado com umidificador,72,21968,80;90;96;98;95;95;95;99;100;100;100;100,task:5;informational:74;navigational:3;commercial:16;transactional:2
Limpeza de Ventiladores,47,18511,38;42;98;59;51;51;52;100;100;99;99;99,task:8;informational:77;navigational:5;commercial:5;transactional:5
Lixeiras e Lixo Doméstico,24,3864,69;93;99;99;95;97;99;97;100;100;100;99,task:3;informational:68;navigational:5;commercial:20;transactional:4
Mini Robôs Domésticos,16,262,37;49;50;50;53;42;51;100;85;56;54;51,task:3;informational:54;navigational:5;commercial:23;transactional:15
Aspiradores Electrolux Flex 1400W,21,593,61;95;100;87;73;90;79;76;79;86;80;79,task:3;informational:49;navigational:11;commercial:24;transactional:13
Desidratadores de Alimentos,31,12086,22;29;29;72;99;100;100;54;95;95;94;94,task:1;informational:60;navigational:5;commercial:25;transactional:9
Bicos de Ar Comprimido,16,1161,67;70;71;69;72;75;74;96;97;96;100;100,task:2;informational:65;navigational:9;commercial:18;transactional:6
Ventiladores domésticos e vídeos,18,2121,65;97;100;97;82;88;89;89;90;90;91;90,task:5;informational:44;navigational:18;commercial:20;transactional:13
Desentupidora Estrela do Sol,15,75,79;75;82;82;82;83;83;98;100;86;86;86,task:7;informational:40;navigational:41;commercial:5;transactional:7
Escovas para limpeza de estofados e sofás,21,1655,37;42;42;35;82;83;83;100;87;87;90;90,task:5;informational:55;navigational:4;commercial:28;transactional:8
Robôs de limpeza para piscinas,44,15402,28;32;37;51;93;94;94;100;60;60;60;60,task:5;informational:44;navigational:7;commercial:29;transactional:15
Purificadores Electrolux com compressor,20,871,30;53;52;51;51;45;51;100;54;57;48;50,task:10;informational:43;navigational:6;commercial:22;transactional:19
Lixeiras e Descarte Doméstico,16,229,48;83;86;74;62;100;87;69;70;59;59;58,task:3;informational:60;navigational:10;commercial:23;transactional:4
Ventiladores no Brasil,130,166862,63;64;66;71;86;86;86;100;99;99;99;99,informational:47;navigational:9;commercial:34;transactional:10
Exaustores para Banheiro,52,44643,16;19;35;74;92;93;93;100;100;100;100;100,task:5;informational:52;navigational:5;commercial:24;transactional:14
Xtraction Limpeza,20,690,49;51;51;80;97;97;88;61;100;99;99;100,task:8;informational:63;navigational:10;commercial:12;transactional:7
Ventiladores de Parede,51,21889,98;100;44;49;48;48;48;51;51;51;51;51,task:2;informational:45;navigational:5;commercial:30;transactional:18
Ventiladores Oster,18,857,80;94;95;87;95;98;100;91;94;95;96;96,task:3;informational:62;navigational:11;commercial:10;transactional:14
Filtros para aspiradores Electrolux,25,3434,84;98;100;54;55;58;58;59;57;58;56;55,task:2;informational:49;navigational:2;commercial:29;transactional:18
Varredeiras Industriais e Manuais,15,261,66;75;78;79;72;74;75;100;85;86;78;78,task:3;informational:59;navigational:5;commercial:23;transactional:10
Limpadoras de piso Kärcher,27,8433,28;38;39;36;34;36;36;60;100;99;100;100,task:5;informational:46;navigational:10;commercial:18;transactional:21
Limpeza Eficiente,17,142,84;89;93;79;79;80;81;93;92;89;89;100,task:7;informational:74;navigational:5;commercial:10;transactional:4
Vaporizadores e higienizadores a vapor,16,167,17;35;36;27;29;20;17;100;84;21;20;21,task:3;informational:52;navigational:4;commercial:30;transactional:11
Depuradores de ar para cozinha,194,171098,17;17;31;84;100;100;100;90;80;80;80;80,task:2;informational:51;navigational:7;commercial:32;transactional:8
Climatizadores de Ar,221,339623,22;23;24;78;93;93;93;98;100;100;100;100,task:2;informational:44;navigational:2;commercial:40;transactional:12
Ventiladores de Coluna e de Pé,94,63847,100;100;41;47;47;47;47;59;46;46;46;46,task:5;informational:43;navigational:5;commercial:30;transactional:17
Aparadores e Buffets,15,427,50;78;100;81;75;76;57;51;67;52;64;65,task:3;informational:33;navigational:28;commercial:28;transactional:8
Removedor de Limpeza,35,6570,32;35;35;46;75;76;76;97;100;100;100;100,task:2;informational:55;navigational:7;commercial:23;transactional:13
Compressores para Lava-Jato,23,1440,92;100;100;54;55;55;55;98;78;79;76;75,task:8;informational:47;navigational:4;commercial:31;transactional:10
Higienização de Estofados,22,1751,23;28;66;100;80;82;81;86;69;69;69;69,task:2;informational:54;navigational:2;commercial:32;transactional:10
"Limpeza com Rodo, Rodinho e Mop",16,273,38;42;42;46;45;45;45;100;61;62;62;63,task:5;informational:80;navigational:5;commercial:8;transactional:2
Ventiladores com nebulizadores,15,336,10;87;100;68;15;13;57;54;66;86;76;71,task:7;informational:55;navigational:4;commercial:21;transactional:13
Compressores de ar portáteis,24,586,85;99;100;55;56;57;58;58;62;58;58;57,task:2;informational:56;navigational:5;commercial:19;transactional:18
Escovas rotativas e secadores - Americanas,15,396,43;91;100;92;89;60;54;89;84;56;64;74,task:3;informational:13;navigational:51;commercial:11;transactional:22
Vassouras e Limpeza Doméstica,44,55811,13;15;16;91;94;94;94;99;100;100;100;100,task:8;informational:55;navigational:4;commercial:23;transactional:10
Ventiladores móveis e de cabeceira,15,57,7;74;100;84;84;57;35;56;35;15;13;17,task:3;informational:50;navigational:12;commercial:18;transactional:17
Misteiras e Eletrodomésticos,16,4024,64;90;96;96;94;96;98;98;100;100;100;99,task:7;informational:45;navigational:11;commercial:30;transactional:7
Limpadores Perfumados,18,2214,29;29;38;37;100;93;94;60;88;88;87;87,task:2;informational:61;navigational:4;commercial:27;transactional:6
Veja Limpeza: Produtos de Limpeza,33,9933,53;62;67;78;82;83;83;100;98;98;98;98,task:3;informational:25;navigational:35;commercial:24;transactional:13
Lavadores de Copos,20,652,84;92;100;97;52;45;45;58;52;52;52;52,task:2;informational:47;navigational:19;commercial:24;transactional:8
Lixinho e Lixeira,16,317,26;57;55;57;100;89;81;57;57;57;57;57,task:2;informational:75;navigational:5;commercial:10;transactional:8
Pistolas e lavadoras de alta pressão Karcher,16,222,71;83;94;100;91;93;88;100;97;89;89;88,task:7;informational:43;navigational:18;commercial:17;transactional:15
Desumidificadores e Umidificadores para Ambientes,23,2466,26;31;37;39;46;47;47;89;92;86;97;100,task:2;informational:66;navigational:5;commercial:21;transactional:6
Dispenser de shampoo e condicionador,16,392,75;100;96;95;87;87;86;71;72;72;79;79,task:3;informational:54;navigational:18;commercial:19;transactional:6
Limpeza de Pisos,45,15988,21;25;33;81;99;100;100;96;93;93;93;93,task:5;informational:70;navigational:5;commercial:12;transactional:8
Pás de limpeza e jardinagem,16,156,42;63;67;65;100;96;75;93;79;54;55;53,task:10;informational:50;navigational:5;commercial:22;transactional:13
Faxina Mil Grau,15,479,27;32;33;30;65;68;69;100;99;86;86;85,task:7;informational:30;navigational:25;commercial:18;transactional:20
Limpeza de casas sujas,16,168,29;28;100;28;16;19;18;14;14;14;14;14,task:8;informational:80;navigational:5;commercial:5;transactional:2
Compressores de ar,91,74898,37;38;41;89;51;51;51;100;100;100;100;100,task:5;informational:39;navigational:4;commercial:29;transactional:23
Equipamentos de Limpeza Profissional,26,973,60;64;40;66;83;85;80;100;87;86;86;86,task:2;informational:57;navigational:2;commercial:33;transactional:6
Faxina Doméstica,16,51,36;50;63;40;82;100;77;38;38;37;37;37,task:3;informational:51;navigational:4;commercial:26;transactional:16
Refil de Mop e Esfregão,20,2146,68;100;100;96;86;93;93;91;92;90;91;90,task:7;informational:27;navigational:1;commercial:29;transactional:36
escovas rotativas com difusor,15,62,23;69;100;90;49;52;40;33;40;30;28;29,task:5;informational:65;navigational:3;commercial:20;transactional:7
Desentupimento Doméstico,18,2238,12;22;27;20;22;22;19;72;86;87;95;100,task:5;informational:70;navigational:2;commercial:15;transactional:8
Espremedores Electrolux,16,637,18;22;22;51;58;43;32;100;91;60;55;56,task:5;informational:33;navigational:29;commercial:11;transactional:22
Aparadores de Mesa e Cozinha,17,1253,63;69;71;73;80;69;68;71;69;100;92;87,task:7;informational:52;navigational:5;commercial:23;transactional:13
Secadoras Mueller,31,3505,85;100;100;49;47;49;48;47;50;51;53;52,task:2;informational:40;navigational:15;commercial:23;transactional:20
Nebulizadores e Umidificadores,22,872,32;43;35;51;70;70;70;72;68;100;68;68,task:2;informational:49;navigational:4;commercial:36;transactional:9
Removedores de odor Zulu,19,1382,38;45;42;42;92;100;97;68;68;86;70;69,task:3;informational:39;navigational:19;commercial:33;transactional:6
Sopradores Vonder (térmicos e de folhas),17,459,67;84;83;80;84;90;90;93;96;97;100;100,task:1;informational:29;navigational:29;commercial:24;transactional:17
Ventiladores Arno,50,40464,33;36;38;39;66;66;66;55;100;100;100;100,task:5;informational:35;navigational:22;commercial:20;transactional:18
Pá de lixo com cabo,18,322,100;52;53;51;73;86;87;55;56;57;52;51,task:5;informational:62;navigational:4;commercial:21;transactional:8
Aspiradores Philco Power Clean Pas4000V,19,1325,62;91;96;85;84;86;95;100;88;94;72;72,task:2;informational:35;navigational:32;commercial:20;transactional:11
Exaustores de Fumaça,21,408,84;93;100;100;96;100;98;69;58;57;56;56,task:2;informational:65;navigational:5;commercial:20;transactional:8
aspersores de irrigação,17,421,83;100;96;88;76;80;86;90;94;73;73;72,task:10;informational:54;navigational:1;commercial:25;transactional:10
Utilidades Domésticas,16,3647,32;37;38;37;94;95;95;100;100;98;100;100,task:8;informational:43;navigational:11;commercial:29;transactional:9
Aspiração de Vias Aéreas,61,21234,59;70;71;74;77;78;78;83;100;100;100;100,task:8;informational:75;navigational:5;commercial:9;transactional:3
Bebedouros e Purificadores com Compressor,28,5443,86;98;100;59;69;71;71;86;77;77;77;77,task:2;informational:52;navigational:9;commercial:29;transactional:8
escovas rotativas,15,611,60;79;80;73;74;83;71;68;65;70;74;100,task:5;informational:38;navigational:20;commercial:17;transactional:20
Lixadeiras Vonder,17,996,67;95;93;89;87;89;89;100;86;86;87;86,task:7;informational:34;navigational:28;commercial:15;transactional:16
Produtos de Limpeza,84,77750,26;26;40;47;55;55;55;100;91;91;91;91,task:2;informational:52;navigational:5;commercial:32;transactional:9
Circuladores de Ar Arno,15,2941,66;95;100;97;86;93;95;90;96;96;92;93,task:7;informational:48;navigational:14;commercial:26;transactional:5
Ventiladores climatizadores com umidificador,36,20195,93;97;100;74;93;94;94;84;80;80;80;80,task:2;informational:58;navigational:5;commercial:25;transactional:10
Philco escovas secadoras 4 em 1,15,161,20;100;83;90;88;62;56;92;81;98;31;29,task:3;informational:44;navigational:12;commercial:20;transactional:21
Utilidades para o Lar,20,3321,89;81;85;85;32;35;35;100;91;91;92;92,task:2;informational:37;navigational:30;commercial:27;transactional:4
Evaporadores Rotativos,18,1983,45;54;71;71;88;88;88;100;99;99;99;99,task:4;informational:68;navigational:7;commercial:17;transactional:4
Ventiladores Arge,23,7189,58;94;95;96;54;56;56;86;89;89;95;100,task:2;informational:61;navigational:15;commercial:18;transactional:4
Aspiradores Electrolux Equipt 1800W,17,325,33;86;100;78;52;27;54;57;99;98;55;54,task:10;informational:56;navigational:5;commercial:22;transactional:7
Dyson Vacuum Cleaners,16,1220,89;99;100;98;51;54;56;67;62;61;65;65,task:2;informational:47;navigational:8;commercial:29;transactional:14
Limpeza e Manutenção de Ar Condicionado (pt),17,359,81;84;84;93;92;91;84;100;96;96;93;94,task:10;informational:57;navigational:7;commercial:5;transactional:21
Secadores de ar comprimido,17,806,57;62;62;49;99;100;100;79;57;57;57;57,task:2;informational:50;navigational:4;commercial:38;transactional:6
Evaporadores de Geladeira,18,1201,31;40;40;37;48;48;33;75;66;100;92;100,task:5;informational:63;navigational:4;commercial:20;transactional:8
Ventiladores Opus,15,579,54;56;59;55;57;56;56;95;95;96;97;100,task:2;informational:41;navigational:14;commercial:30;transactional:13
wap limpeza e detergentes,33,5175,35;41;31;44;79;80;80;97;93;95;100;100,task:2;informational:52;navigational:4;commercial:30;transactional:12
Ventiladores Portáteis,28,13977,94;98;100;41;45;45;45;41;41;41;41;41,informational:60;navigational:4;commercial:27;transactional:9
Hélices para exaustores,15,70,94;99;100;98;84;85;85;87;88;88;88;88,task:3;informational:55;navigational:4;commercial:27;transactional:11
Maquinas de Chapisco,16,349,76;100;97;96;88;97;99;86;87;88;87;83,task:5;informational:44;navigational:2;commercial:20;transactional:29
Desentupimento e encanamentos,25,7882,12;16;16;85;94;95;96;93;100;100;100;100,task:5;informational:51;navigational:15;commercial:13;transactional:16
Vassouras e Pá de Lixo,20,486,58;92;97;81;57;57;42;100;78;89;78;55,task:2;informational:72;navigational:2;commercial:21;transactional:3
Ventiladores Mallory,25,8029,79;91;98;94;86;87;88;96;98;100;99;99,task:4;informational:50;navigational:15;commercial:20;transactional:11
Aparadores e Buffets Mobly,15,130,16;22;27;22;28;29;26;66;90;100;19;19,task:3;informational:23;navigational:44;commercial:11;transactional:19
Pintura Airless Portátil,17,960,67;98;100;93;86;91;91;87;88;89;85;84,task:3;informational:50;navigational:14;commercial:18;transactional:15
Sugador Endodôntico (Angelus),15,196,30;100;98;81;44;49;46;35;35;36;35;37,task:3;informational:56;navigational:8;commercial:22;transactional:11
"Ventiladores, Refrigeradores e Umidificadores",17,1317,50;64;100;94;79;71;75;69;64;68;65;87,task:2;informational:59;navigational:4;commercial:29;transactional:6
Aspirar e Limpar Piscinas,48,16346,35;58;62;79;69;69;70;94;100;100;100;100,task:8;informational:72;navigational:2;commercial:2;transactional:16
Puxadores para móveis,38,38966,57;59;60;99;100;100;100;87;87;87;87;87,task:3;informational:44;navigational:4;commercial:35;transactional:14
Exaustores Sonora,15,426,86;39;40;39;39;62;53;78;91;100;96;65,task:3;informational:58;navigational:17;commercial:14;transactional:8
Qualitas: Ventiladores e Exaustores,15,397,71;83;85;82;84;91;90;87;94;96;97;100,task:3;informational:23;navigational:55;commercial:9;transactional:10
Exaustores de Cozinha,54,18863,16;17;19;87;100;100;100;97;28;28;28;28,task:5;informational:51;navigational:5;commercial:19;transactional:20
Circuladores de ar e ventilação doméstica,27,11063,85;68;73;84;99;100;100;100;99;99;99;98,task:8;informational:54;navigational:4;commercial:25;transactional:9
Desentupidores de Pia,19,6785,13;17;18;18;39;39;39;100;37;37;37;37,task:5;informational:49;navigational:7;commercial:20;transactional:19
Air Wick e difusores elétricos,21,1924,45;59;60;86;94;97;100;93;77;76;73;72,task:8;informational:43;navigational:16;commercial:21;transactional:12
Ventiladores Fame,16,121,38;88;100;37;36;39;38;51;47;46;43;48,task:3;informational:54;navigational:12;commercial:17;transactional:14
Espremedores Mondial,30,3300,86;99;100;99;93;96;96;50;56;57;57;56,task:2;informational:43;navigational:7;commercial:28;transactional:20
Aspiradores Electrolux Erg26,21,1033,51;73;72;69;66;70;69;76;77;86;83;100,task:10;informational:27;navigational:24;commercial:25;transactional:14
Limpeza Doméstica: Mops e Vassouras Bettanin/Noviça,17,5952,66;82;84;82;84;87;87;96;100;100;100;100,task:3;informational:55;navigational:5;commercial:21;transactional:16
Aparadores com Nichos,15,615,21;59;100;47;45;33;47;71;69;85;76;75,task:13;informational:32;navigational:22;commercial:30;transactional:3
Inaladores e nebulizadores Multilaser,26,3108,32;39;54;55;83;87;87;100;83;84;89;92,task:5;informational:59;navigational:10;commercial:13;transactional:13
Coifas e Depuradores de Fogão,53,10974,73;80;86;94;99;100;100;89;91;91;91;91,task:2;informational:69;navigational:10;commercial:16;transactional:3
Ventiladores e eletrodomésticos na Americanas,15,670,62;85;85;81;72;75;75;85;89;100;87;94,task:3;informational:19;navigational:49;commercial:9;transactional:20
Koerich Ar Condicionado e Aspiradores,15,439,38;59;60;58;97;74;62;92;75;95;87;100,task:3;informational:25;navigational:38;commercial:12;transactional:22
Defumadoras elétricas domésticas,16,310,70;94;100;92;81;85;86;90;92;100;97;89,task:3;informational:56;navigational:5;commercial:22;transactional:14
Ventiladores Hunter,15,1259,67;98;100;97;94;100;98;91;94;94;94;96,task:3;informational:37;navigational:22;commercial:26;transactional:12
Espatuladores a vácuo dentais,15,57,63;100;93;80;75;86;81;66;71;70;68;70,task:3;informational:37;navigational:21;commercial:28;transactional:11
Ventiladores Ventura,15,703,23;26;26;29;28;27;48;64;68;24;25;100,task:7;informational:41;navigational:23;commercial:22;transactional:7
Limpeza Mágica de Pisos e Produtos de Limpeza,26,3439,29;32;38;60;71;72;72;81;98;100;90;91,task:3;informational:61;navigational:10;commercial:17;transactional:9
Bebedouros e Purificadores Electrolux,25,2935,70;94;98;95;92;99;99;93;96;95;100;99,task:3;informational:40;navigational:19;commercial:20;transactional:18
limpeza de exaustor de cozinha,25,2356,46;48;52;65;83;84;84;95;100;100;100;100,task:8;informational:80;navigational:5;commercial:5;transactional:2
Cômodas e Penteadeiras,16,3420,72;95;100;93;80;83;86;87;92;92;92;91,task:7;informational:54;navigational:4;commercial:23;transactional:12
coletor de pó para furadeira,17,837,30;51;51;47;46;37;39;92;100;92;86;84,task:3;informational:51;navigational:8;commercial:21;transactional:17
Aparelhos de sucção para cravos,20,2676,20;28;28;31;91;94;87;100;97;96;95;93,task:2;informational:68;navigational:5;commercial:15;transactional:10
Desentupidora e Dedetizadora Imperio,15,293,44;53;54;54;49;50;51;51;50;50;86;100,task:3;informational:12;navigational:59;commercial:11;transactional:15
Purificadores de ar Levoit,17,249,86;95;100;100;86;82;96;78;79;77;79;78,task:5;informational:51;navigational:10;commercial:26;transactional:8
Lavadoras de roupas com centrifuga,16,611,16;62;67;55;66;42;47;100;77;87;80;71,task:1;informational:65;navigational:4;commercial:24;transactional:6
Papel: desumidificadores e estufas,19,675,43;48;48;29;100;100;100;54;65;51;51;52,task:5;informational:56;navigational:5;commercial:26;transactional:8
Mops Planos e Limpeza de Pisos,21,2347,100;52;53;51;64;71;71;82;79;79;80;79,task:8;informational:66;navigational:4;commercial:17;transactional:5
Eletrodomésticos Havan,21,2021,83;100;54;63;63;67;68;60;58;56;57;57,task:1;informational:26;navigational:41;commercial:9;transactional:23
Umidificadores de ar Black & Decker e Montech,21,1660,87;100;100;97;29;31;31;37;40;41;39;38,task:2;informational:53;navigational:3;commercial:30;transactional:12
Inaladores e Nebulizadores Portáteis,41,11745,41;23;23;38;91;92;93;98;100;100;100;100,task:8;informational:64;navigational:3;commercial:23;transactional:2
Desentupimento e Saneamento,15,72,90;95;100;90;90;91;91;93;94;94;94;94,task:7;informational:35;navigational:33;commercial:17;transactional:8
Aromatizadores de Ambiente Automáticos,23,2418,84;99;100;100;62;64;66;76;77;77;78;77,task:2;informational:49;navigational:4;commercial:35;transactional:10
Vassouras com cerdas,17,253,40;46;48;48;52;52;61;100;48;50;49;50,task:5;informational:46;navigational:2;commercial:36;transactional:11
Depuradores Slim Touch,16,333,68;95;100;91;69;69;69;42;66;77;41;41,task:2;informational:22;navigational:22;commercial:15;transactional:39
Exaustores para Fogões,17,641,66;96;100;98;78;80;85;86;87;82;87;87,task:3;informational:57;navigational:5;commercial:28;transactional:7
Ventiladores Inox,16,330,37;48;50;44;50;52;43;57;100;45;45;43,task:3;informational:50;navigational:4;commercial:32;transactional:11
Lavadoras de Piso (Industrial e Residencial),32,5181,38;51;62;92;97;100;100;95;80;80;79;79,task:2;informational:52;navigational:5;commercial:27;transactional:14
Sopradores a bateria,16,1165,83;100;100;57;59;65;66;75;77;81;77;76,task:2;informational:48;navigational:2;commercial:35;transactional:13
Secadoras Midea,19,2500,40;49;49;39;40;45;45;87;70;76;91;100,task:5;informational:51;navigational:10;commercial:24;transactional:10
Aspiradores Robô Xiaomi S20,89,62370,44;47;28;56;100;100;100;85;57;57;57;57,task:5;informational:43;navigational:14;commercial:25;transactional:13
Purificadores de ar Philco,17,356,79;89;92;90;90;91;89;61;56;100;94;93,task:8;informational:50;navigational:10;commercial:17;transactional:15
Secadores de mãos para banheiro,19,3322,75;100;100;43;52;55;56;76;72;87;81;86,task:5;informational:45;navigational:4;commercial:39;transactional:7
Umidificadores Suggar,17,670,11;31;33;21;15;27;18;100;81;36;30;32,task:3;informational:37;navigational:35;commercial:8;transactional:17
Robôs para limpar vidros,42,15530,48;53;57;87;79;80;80;73;100;100;100;100,task:4;informational:54;navigational:5;commercial:25;transactional:12
Depuradores de Ar 60cm,18,1515,87;100;52;54;44;48;48;48;50;50;50;49,task:2;informational:57;navigational:4;commercial:30;transactional:7
Organizadores e utilidades domésticas,20,6199,89;97;100;43;49;50;50;49;47;47;48;47,task:13;informational:48;navigational:4;commercial:30;transactional:5
Aspiradores WAP GTW Compact 1400W,16,462,25;89;100;78;75;81;91;54;59;85;75;78,informational:53;navigational:12;commercial:18;transactional:17
Limpeza no Brasil,18,11311,28;33;34;20;19;20;21;97;100;100;100;99,task:5;informational:64;navigational:8;commercial:13;transactional:10
Difusores de ar condicionado,28,3632,17;22;22;37;99;100;100;64;57;57;57;57,task:2;informational:66;navigational:7;commercial:21;transactional:4
Casa limpa e organizada,33,4211,85;88;100;94;95;96;96;74;82;82;82;81,task:5;informational:72;navigational:5;commercial:10;transactional:8
Ventiladores Cadence,22,2393,85;99;100;50;45;49;51;63;48;48;49;48,task:1;informational:53;navigational:17;commercial:13;transactional:16
Casa e Perfume: Limpadores e Fragrâncias,15,323,24;27;95;86;84;48;26;45;46;100;59;58,task:10;informational:57;navigational:4;commercial:25;transactional:4
Aparelhos elétricos para mosquitos,27,4606,41;61;60;66;82;84;82;100;93;93;99;99,task:2;informational:52;navigational:4;commercial:26;transactional:16
Ventiladores para Banheiro,18,1909,41;46;46;56;59;60;60;100;98;96;96;95,task:5;informational:52;navigational:5;commercial:23;transactional:15
Ventiladores de teto inteligentes,23,1200,85;100;100;98;58;60;60;90;78;78;77;78,task:2;informational:48;navigational:5;commercial:20;transactional:25
Nebulizadores domésticos,17,308,73;80;76;74;73;76;100;46;46;39;39;39,task:8;informational:58;navigational:17;commercial:9;transactional:8
Ventiladores Ultra,16,2758,26;32;35;30;64;66;70;77;73;100;95;93,task:2;informational:47;navigational:14;commercial:28;transactional:9
Sopradores Térmicos e Aquecedores,38,14131,15;17;18;95;100;100;100;28;27;27;27;27,task:3;informational:38;navigational:4;commercial:40;transactional:15
Vassouras de Pelo,21,3340,76;93;96;94;91;97;94;90;100;100;100;100,task:2;informational:62;navigational:4;commercial:27;transactional:5
Limpeza e Casa Santa Maria,15,72,13;19;19;100;100;95;70;60;45;34;25;32,task:1;informational:47;navigational:46;commercial:5;transactional:1
Sopradores Husqvarna,17,328,65;79;86;82;89;100;89;100;96;88;88;88,task:7;informational:39;navigational:24;commercial:17;transactional:13
Umidificadores de Ar Soniclear/Waterclear,16,320,67;83;82;77;73;100;82;75;43;64;59;32,task:3;informational:63;navigational:7;commercial:19;transactional:8
Aeradores de gramados,22,908,29;41;41;100;93;95;94;74;97;94;94;94,task:2;informational:60;navigational:5;commercial:15;transactional:18
Casa Clean - Produtos de Limpeza,15,155,75;65;68;67;67;100;94;76;76;72;72;72,task:1;informational:18;navigational:45;commercial:33;transactional:3
Aspiradores Nasais NoseFrida,17,2733,39;40;63;81;33;36;33;100;100;100;100;97,task:2;informational:58;navigational:10;commercial:17;transactional:13
Evaporadores de ar condicionado e refrigeração,31,4034,24;29;29;50;99;100;100;69;65;65;69;68,task:4;informational:72;navigational:4;commercial:13;transactional:7
Nebulizadores médicos,21,1371,22;49;45;76;63;56;55;100;87;70;70;70,task:5;informational:73;navigational:5;commercial:12;transactional:5
Borrifadores e pulverizadores,21,29641,18;22;23;23;99;99;100;100;100;100;100;100,task:2;informational:56;navigational:4;commercial:27;transactional:11
Bituqueiras e Acessórios para Fumantes,17,195,55;84;100;77;81;72;69;57;56;56;56;56,task:7;informational:35;navigational:11;commercial:33;transactional:14
Equipamentos de Limpeza no Brasil,17,277,41;65;65;71;95;46;46;52;100;89;89;89,task:5;informational:67;navigational:5;commercial:15;transactional:8
Inaladores e Nebulizadores,61,12549,38;50;52;59;90;91;91;100;94;94;95;94,task:7;informational:71;navigational:5;commercial:12;transactional:5
Aparadores e Mesas Dobráveis,15,766,64;87;100;84;79;76;75;75;78;82;82;84,task:8;informational:40;navigational:29;commercial:18;transactional:5
Máquinas de Café Spidem,19,1102,55;62;63;68;68;71;70;99;99;100;99;100,task:2;informational:63;navigational:15;commercial:12;transactional:8
Robô Aspirador WAP W300,19,834,43;54;58;55;54;57;67;91;85;100;96;64,task:2;informational:39;navigational:5;commercial:45;transactional:9
Limpeza de Piso Karcher FC7,16,266,28;97;100;67;67;61;46;32;29;25;25;76,task:3;informational:56;navigational:12;commercial:12;transactional:17
Compressores de ar domésticos,16,1080,48;63;63;60;63;68;68;73;73;74;100;97,task:3;informational:49;navigational:17;commercial:25;transactional:6
Ventiladores de Teto Volare,17,1952,16;19;19;18;23;28;31;46;68;100;94;92,task:2;informational:33;navigational:26;commercial:35;transactional:4
Mops 360° e esfregões,15,99,13;56;62;24;32;23;38;100;76;14;13;15,task:7;informational:49;navigational:5;commercial:18;transactional:21
Limpeza e Controle Sem Cheiro,17,1245,26;28;29;41;41;40;38;91;96;98;97;100,task:3;informational:68;navigational:4;commercial:22;transactional:3
Limpeza de Escritório,16,286,97;98;100;100;100;100;100;68;66;63;63;63,task:8;informational:37;navigational:3;commercial:45;transactional:7
Desentupidora e Dedetizadora,15,42,52;56;74;81;81;79;79;100;93;81;81;81,task:7;informational:35;navigational:3;commercial:47;transactional:8
Agitadores de Laboratório,21,7349,29;33;33;33;97;98;98;98;100;100;100;100,task:2;informational:44;navigational:5;commercial:35;transactional:14
Exaustores e depuradores Philco,16,775,43;56;58;56;54;56;59;98;96;100;55;54,task:3;informational:39;navigational:27;commercial:8;transactional:23
Purgadores e drenagens de compressores,20,1005,37;39;40;26;27;28;27;90;100;100;100;100,task:5;informational:73;navigational:2;commercial:14;transactional:6
Remoção de ar em encanamentos,125,48973,38;41;44;56;86;87;87;98;100;100;100;100,task:8;informational:78;navigational:2;commercial:8;transactional:4
Aparadores Imcal Classic,15,818,12;61;65;42;41;46;41;89;100;77;67;70,task:3;informational:21;navigational:54;commercial:7;transactional:15
Dust Collectors,17,583,30;30;30;82;60;68;51;98;100;91;91;91,task:2;informational:51;navigational:5;commercial:16;transactional:26
Acessórios de Limpeza para Piscinas,17,375,50;78;69;56;55;59;62;100;65;51;50;52,task:5;informational:59;navigational:5;commercial:18;transactional:13
Dyson: secadores e escovas de cabelo,54,121201,23;23;24;24;32;32;32;55;100;100;100;100,task:1;informational:49;navigational:15;commercial:24;transactional:11
Secadores de cabelo com difusor,18,3788,35;44;44;44;22;22;24;98;100;99;100;99,task:3;informational:50;navigational:4;commercial:32;transactional:11
Purificadores de Ar LG Puricare,16,267,9;45;47;27;26;29;21;100;65;91;85;27,task:3;informational:41;navigational:21;commercial:18;transactional:17
Aparadores de Bar e Bebidas,16,1861,68;98;99;89;93;99;100;89;96;100;88;87,task:2;informational:44;navigational:15;commercial:31;transactional:8
Produtos de Limpeza Max,18,458,58;79;86;60;62;63;63;100;89;74;74;74,task:5;informational:52;navigational:14;commercial:21;transactional:8
Escovas e secadores Philips,20,850,43;58;59;53;55;58;58;62;75;87;98;100,task:7;informational:39;navigational:17;commercial:29;transactional:8
Motores de ventiladores,22,2670,62;72;73;44;98;100;100;75;76;75;74;74,task:5;informational:68;navigational:5;commercial:19;transactional:3
Ventiladores e motores de refrigeração,17,283,56;81;85;74;75;83;79;68;66;100;72;85,task:10;informational:63;navigational:3;commercial:21;transactional:3
depuradores e exaustores Colormaq,18,334,28;74;100;82;64;63;45;32;73;83;33;32,task:3;informational:43;navigational:29;commercial:10;transactional:15
Máquinas de Tosa Oster,17,188,50;93;100;86;65;57;54;80;71;63;62;64,task:3;informational:37;navigational:18;commercial:32;transactional:10
Umidificadores de ar WAP com fluxo de ar,17,3988,84;97;99;98;71;73;74;98;100;100;96;96,task:5;informational:53;navigational:5;commercial:25;transactional:12
Escovas e Secadoras Mondial,35,13045,89;92;100;96;88;88;88;92;92;93;92;92,task:2;informational:47;navigational:15;commercial:22;transactional:14
Desentupidora,15,37,79;77;93;91;86;86;86;100;96;89;89;89,task:3;informational:47;navigational:12;commercial:18;transactional:20
Ventiladores de Teto,17,302,51;67;71;62;68;100;58;72;73;64;62;64,task:3;informational:48;navigational:4;commercial:32;transactional:13
Lixadeiras Mirka com Aspirador (sem pó),20,482,70;88;84;81;74;79;80;79;94;100;77;76,task:3;informational:43;navigational:12;commercial:25;transactional:17
Limpeza Doméstica: Limpadores Multiuso,19,2491,12;13;22;14;95;94;94;100;100;100;100;100,task:2;informational:53;navigational:11;commercial:15;transactional:19
Ventiladores de mesa,20,7883,89;95;99;93;93;94;94;100;48;48;48;48,task:4;informational:34;navigational:2;commercial:22;transactional:38
Aquecedores e Desumidificadores de Ar,21,1230,37;44;44;54;74;75;78;100;100;98;99;100,task:5;informational:45;navigational:1;commercial:40;transactional:9
Coadores e Strainers para Bar,18,755,53;63;63;51;51;53;54;58;100;94;94;93,task:2;informational:49;navigational:5;commercial:34;transactional:10
Komeco Desumidificadores e Umidificadores,19,437,88;100;78;88;90;80;81;79;81;85;85;88,task:2;informational:39;navigational:40;commercial:7;transactional:12
Armários de limpeza,22,1664,75;93;93;94;92;95;100;88;90;89;97;97,task:5;informational:63;navigational:4;commercial:20;transactional:8
Desentupidora no Gama,15,28,79;87;90;100;82;82;82;74;74;74;74;74,task:3;informational:12;navigational:33;commercial:47;transactional:5
Limpeza com borrifador,15,46,49;45;47;47;47;100;74;61;52;44;42;44,task:3;informational:77;navigational:5;commercial:8;transactional:7
Máquinas de tosa ProPetz,21,299,85;99;100;92;92;96;97;91;96;95;96;95,task:3;informational:20;navigational:35;commercial:26;transactional:16
Difusores e essências Avatim,15,399,72;89;89;94;90;90;86;95;100;94;95;100,task:3;informational:21;navigational:45;commercial:9;transactional:22
Aspiradores Robô Roborock Q7,17,1068,19;22;22;21;81;99;100;76;69;64;64;63,task:2;informational:60;navigational:15;commercial:17;transactional:6
Limpeza com Mop e Flash Limp,15,430,91;98;99;95;97;98;100;92;62;94;95;56,task:2;informational:56;navigational:2;commercial:26;transactional:14
Ventiladores Philco,18,1795,85;99;100;98;94;97;97;47;53;53;54;53,task:8;informational:35;navigational:16;commercial:13;transactional:28
Aparadores de Mogno,15,397,6;43;65;34;34;30;24;57;65;100;94;94,task:7;informational:44;navigational:11;commercial:32;transactional:6
Exaustores 150mm e Ventisol,15,314,62;81;83;79;77;81;78;98;100;77;78;78,task:7;informational:22;navigational:24;commercial:23;transactional:24
Vaporizadores Black+Decker,18,808,69;72;70;89;87;88;88;87;88;92;91;100,task:3;informational:45;navigational:27;commercial:14;transactional:11
Mops Electrolux no Brasil,16,484,50;68;68;59;75;75;99;81;81;100;94;84,task:3;informational:46;navigational:28;commercial:11;transactional:12
Aeradores para Chafariz,17,76,31;100;100;85;32;32;32;43;40;38;34;38,task:3;informational:46;navigational:4;commercial:33;transactional:14
Borrifadores e acessórios,16,3638,25;28;28;28;29;30;30;100;81;88;87;87,task:5;informational:67;navigational:5;commercial:15;transactional:8
LG evaporadoras,16,1021,25;73;68;69;77;74;71;77;60;68;64;100,task:5;informational:38;navigational:21;commercial:26;transactional:10
Motores para Exaustores e Coifas,16,837,88;98;99;71;89;93;100;95;89;94;87;87,task:2;informational:62;navigational:2;commercial:24;transactional:10
Cadence: Escovas e Secadoras,28,2264,86;99;100;46;43;48;48;44;51;52;47;46,task:3;informational:44;navigational:5;commercial:21;transactional:27
Escova Secadora de Cabelo,15,271,60;67;72;76;75;82;62;83;100;56;56;43,task:2;informational:63;navigational:5;commercial:18;transactional:12
Limpeza Ultrassônica,23,2729,41;46;47;34;55;57;57;100;100;100;100;100,task:2;informational:61;navigational:4;commercial:24;transactional:9
Escovas elétricas infantis,18,4269,77;94;100;96;87;89;89;90;92;92;92;91,task:7;informational:45;navigational:2;commercial:24;transactional:22
Ventiladores de teto Latina,20,693,58;98;100;89;81;87;86;87;76;77;78;80,task:3;informational:44;navigational:24;commercial:21;transactional:8
escovas de mão,15,161,30;79;100;79;48;40;36;44;44;40;40;40,task:7;informational:45;navigational:4;commercial:28;transactional:16
Aromatizadores e difusores de ar,16,354,53;63;64;95;94;78;59;100;92;93;93;94,task:2;informational:60;navigational:1;commercial:29;transactional:8
Aspiradores Nasais Buba para Bebês,20,1154,67;73;73;69;82;84;83;100;84;98;97;100,task:2;informational:54;navigational:2;commercial:32;transactional:10
Escovas Express,15,230,58;77;80;75;100;98;85;93;95;99;96;80,task:3;informational:25;navigational:24;commercial:36;transactional:12
Ventiladores Mondial,47,20339,69;74;76;77;100;100;100;100;97;98;97;97,task:1;informational:37;navigational:14;commercial:33;transactional:15
Escorredores de louça retráteis,15,192,44;100;97;80;86;80;59;50;52;52;51;53,task:3;informational:37;navigational:1;commercial:42;transactional:17
Máquinas de Lavar e Secar,334,230136,37;37;41;53;97;97;97;100;97;97;97;97,task:8;informational:37;navigational:5;commercial:38;transactional:12
Puxadores de Borboleta,15,185,35;43;44;70;70;77;43;100;88;46;48;47,task:7;informational:37;navigational:18;commercial:28;transactional:10
Humidificadores de Ar 4 Litros,16,139,47;87;100;62;51;55;40;34;30;27;27;28,task:10;informational:28;navigational:4;commercial:40;transactional:18
Penteadeiras e Camarins,23,50333,97;98;100;89;87;87;87;86;87;87;87;87,task:8;informational:50;navigational:4;commercial:28;transactional:10
Limpeza com Mop Flashlimp,22,5359,89;97;100;100;66;67;68;50;52;52;51;50,task:2;informational:54;navigational:5;commercial:27;transactional:12
Coleta e Gestão de Lixo,22,7260,37;41;42;34;72;73;72;100;100;100;100;100,task:10;informational:58;navigational:2;commercial:22;transactional:8
Lavadoras Elétricas de Alta Pressão,16,90,5;100;85;40;31;25;22;13;14;9;10;10,task:3;informational:38;navigational:4;commercial:28;transactional:27
Penteadeiras de Canto,15,508,32;62;81;63;60;56;40;100;70;77;37;38,task:7;informational:50;navigational:4;commercial:28;transactional:11
Ventiladores Novo Mundo,16,67,17;81;100;64;64;61;16;20;19;17;17;18,task:5;informational:31;navigational:40;commercial:11;transactional:13
Xiaomi Mi Robot Vacuum-Mop 2C,19,713,74;100;100;87;90;97;99;75;75;75;70;69,task:5;informational:42;navigational:29;commercial:16;transactional:8
Máquinas de tosar cães,107,33297,21;23;26;28;69;69;69;100;71;71;71;71,task:5;informational:42;navigational:4;commercial:33;transactional:16
Filtros de Secador,21,5072,31;36;31;32;97;99;99;100;100;100;98;98,task:2;informational:65;navigational:5;commercial:18;transactional:10
Lixeiras com Sensor,28,7086,91;97;100;47;50;51;51;47;48;48;48;48,task:5;informational:60;navigational:7;commercial:18;transactional:10
Mops e Baldes Noviça,15,526,29;53;60;43;40;36;38;34;33;96;100;93,task:3;informational:29;navigational:38;commercial:19;transactional:11
Secadores e Sopradores Automotivos,19,817,71;44;43;68;96;99;100;99;51;59;53;54,task:2;informational:52;navigational:3;commercial:16;transactional:27
Escorredor de Louça de Parede,15,989,65;88;88;83;65;68;68;64;75;66;94;100,task:3;informational:58;navigational:11;commercial:24;transactional:4
Escovas Elétricas Dentais,74,30942,33;35;36;39;53;53;53;100;51;51;51;51,task:5;informational:40;navigational:2;commercial:27;transactional:26
Aparadores e Buffets Rústicos,15,613,56;81;100;81;72;71;89;69;77;82;60;59,task:7;informational:53;navigational:5;commercial:25;transactional:10
Umidificadores de ar com controle de umidade,18,563,74;83;93;91;91;90;82;100;78;68;67;74,task:8;informational:58;navigational:4;commercial:27;transactional:3
Compressores de ar diretos e tufão,36,6173,67;76;38;43;99;100;100;62;63;63;63;63,task:8;informational:40;navigational:4;commercial:26;transactional:22
Escorredores de Louças,16,517,40;57;58;51;45;49;66;61;57;38;37;100,task:10;informational:18;navigational:12;commercial:30;transactional:30
Carrinhos de Limpeza Profissional,19,2833,85;98;100;99;46;49;50;49;50;50;51;50,task:4;informational:59;navigational:2;commercial:24;transactional:11
Lixadeiras Portáteis e Esmerilhadeiras,24,5094,86;99;100;100;49;52;52;89;95;95;96;95,task:2;informational:43;navigational:5;commercial:25;transactional:25
Aspiradores Crivie 4 em 1 Pro Max,16,93,100;44;51;56;56;74;72;66;59;42;42;36,task:2;informational:55;navigational:16;commercial:19;transactional:8
Secadores Parlux,19,1676,86;99;100;61;57;60;61;61;51;48;48;47,task:2;informational:26;navigational:15;commercial:40;transactional:17
Spotter e Repuxadeiras,20,6213,55;65;66;34;86;89;89;99;100;100;100;100,task:2;informational:55;navigational:10;commercial:28;transactional:5
Maquinas de Lavar e Secar,17,844,11;36;45;30;29;22;11;57;23;100;35;55,task:5;informational:32;navigational:19;commercial:25;transactional:19
Ventiladores de Torre,53,16841,84;89;92;51;76;77;77;100;84;84;84;84,task:2;informational:38;navigational:4;commercial:39;transactional:17
Utilidades domésticas e lojas de variedades,69,53006,71;76;61;66;99;99;99;100;95;95;95;95,task:8;informational:38;navigational:11;commercial:31;transactional:12
Removedores de cheiro e limpadores sem odor,17,1321,32;34;73;52;60;61;61;97;100;85;85;85,task:6;informational:50;navigational:1;commercial:31;transactional:12
Escovas Dentais Elétricas,23,1840,55;66;66;87;95;95;95;90;97;97;100;100,task:2;informational:50;navigational:2;commercial:36;transactional:10
Ventiladores Arno Turbo,30,3359,84;98;100;61;57;60;60;69;68;68;66;66,task:5;informational:38;navigational:15;commercial:25;transactional:17
Jet Clean: Lavadoras,22,2918,16;22;28;24;32;32;33;60;92;97;94;100,task:5;informational:64;navigational:10;commercial:21
Tecno Eletrodomésticos,19,511,38;46;49;47;58;60;60;100;77;85;52;51,task:12;informational:40;navigational:11;commercial:30;transactional:7
Passadeiras e vaporizadores Mondial,24,1421,49;64;66;75;80;84;84;100;81;81;77;76,task:2;informational:51;navigational:25;commercial:15;transactional:7
Produtos de Limpeza Suprema,26,7650,17;23;24;87;99;100;100;87;84;85;85;84,task:2;informational:50;navigational:11;commercial:25;transactional:12
Aparadores Pretos para Sala,15,1013,52;66;67;64;52;55;56;72;91;100;61;62,task:7;informational:34;navigational:1;commercial:47;transactional:11
Maridão – Produtos de Limpeza,21,1667,33;34;35;53;98;100;100;72;94;100;93;93,task:2;informational:53;navigational:30;commercial:10;transactional:5
Ventiladores Ventisol e similares,17,817,41;59;60;55;54;52;63;81;57;58;80;100,task:3;informational:46;navigational:19;commercial:14;transactional:18
Purificadores de ar Fischer,18,365,36;45;45;76;76;100;95;41;41;42;69;77,task:3;informational:47;navigational:12;commercial:20;transactional:18
Dyson Supersonic: secadores de cabelo,26,4252,30;42;43;59;82;84;83;100;92;92;91;90,task:2;informational:56;navigational:5;commercial:21;transactional:16
Puxadores Redondos,15,222,27;58;53;36;25;27;32;84;100;26;26;23,task:10;informational:45;navigational:1;commercial:28;transactional:16
Aparadores e Buffets de Cozinha,18,881,57;79;80;76;72;77;77;100;79;79;74;74,task:3;informational:47;navigational:8;commercial:30;transactional:12
Coifas e depuradores Consul,24,869,70;90;100;49;50;50;50;51;64;68;64;69,task:2;informational:40;navigational:29;commercial:13;transactional:16
Coifas e Depuradores Electrolux,44,7894,92;97;100;47;46;47;48;49;48;48;48;49,task:4;informational:34;navigational:26;commercial:22;transactional:14
Atacado de Limpeza,15,396,38;48;52;100;48;79;81;70;68;64;66;69,task:7;informational:32;navigational:3;commercial:46;transactional:12
Electrolux: Climatização e Purificação do Ar,20,3895,84;99;100;58;69;71;73;78;83;84;83;82,task:2;informational:58;navigational:9;commercial:21;transactional:10
Robot Vacuum Cleaners,41,10020,24;33;36;64;81;83;85;97;100;100;100;99,task:6;informational:50;navigational:5;commercial:29;transactional:10
Sopradores Silenciosos para Pets,16,290,65;94;100;86;92;69;69;71;70;70;70;70,task:5;informational:34;navigational:7;commercial:26;transactional:28
Lavadoras de Alta Pressão Jacto,21,2493,86;100;100;54;60;61;64;64;62;61;62;61,task:2;informational:38;navigational:19;commercial:17;transactional:24
Limpeza de Sofás e Estofados,260,183019,99;99;99;100;82;82;82;49;51;51;51;51,task:3;informational:73;navigational:5;commercial:14;transactional:5
Coadores de Café e Acessórios,26,4765,77;94;100;100;91;94;95;96;97;97;97;96,task:3;informational:55;navigational:5;commercial:25;transactional:12
Penteadeiras Aéreas com Espelho,15,580,6;41;48;34;34;24;43;100;89;71;64;65,task:3;informational:52;navigational:4;commercial:30;transactional:11
Mop Triangular: Limpeza Eficiente,17,951,87;100;100;51;35;37;36;36;39;39;38;37,task:8;informational:66;navigational:3;commercial:17;transactional:6
Aparadores de 80 cm,16,858,28;32;36;35;44;44;46;25;26;100;91;94,task:2;informational:46;navigational:2;commercial:38;transactional:12
Guru de Limpeza Online,21,1004,34;30;28;73;100;100;100;72;77;81;77;77,informational:58;navigational:32;commercial:8;transactional:2
Desentupidores de alta pressão,17,1314,24;33;33;30;33;34;33;63;87;87;97;100,task:2;informational:47;navigational:2;commercial:38;transactional:11
Arno Vaporizadores e Passadeiras a Vapor,18,592,57;72;100;94;64;67;68;73;68;70;73;75,task:6;informational:30;navigational:25;commercial:17;transactional:22
Ventiladores de Teto Arno,55,12783,51;56;61;80;100;100;100;96;68;68;68;68,task:2;informational:58;navigational:10;commercial:13;transactional:17
Robuschi Sopradores,16,148,100;96;100;100;100;100;100;100;100;100;100;100,task:5;informational:22;navigational:32;commercial:16;transactional:25
Dessecadores de laboratório,23,4456,13;14;15;14;27;28;28;98;100;100;100;100,task:5;informational:68;navigational:5;commercial:16;transactional:6
Pistolas Tornador para Limpeza Automotiva,21,964,54;60;58;58;98;100;100;41;41;42;44;44,task:2;informational:58;navigational:5;commercial:20;transactional:15
Aparadores para salões de beleza,16,129,74;90;100;87;77;80;77;87;85;85;85;85,task:7;informational:34;navigational:1;commercial:45;transactional:13
Exaustores silenciosos para banheiro e quarto,26,5920,16;22;23;23;80;82;82;82;99;99;100;100,task:10;informational:42;navigational:5;commercial:33;transactional:10
Limpeza a Vapor Kärcher SC4,20,470,79;87;89;91;91;93;95;76;100;96;96;95,task:3;informational:65;navigational:5;commercial:12;transactional:15
Vassouras Condor,18,845,68;97;100;94;85;88;91;81;86;96;95;94,task:3;informational:37;navigational:32;commercial:14;transactional:14
Air Wash Samsung e Desodorização,19,1808,15;51;53;20;20;14;15;100;70;82;70;73,task:6;informational:75;navigational:2;commercial:11;transactional:6
Secadoras portáteis de roupas,22,1946,66;88;90;87;92;99;100;97;100;100;94;93,task:3;informational:54;navigational:1;commercial:26;transactional:16
Escovas secadoras e alisadoras,18,4025,33;37;38;37;52;53;54;100;99;96;95;96,task:2;informational:46;navigational:9;commercial:29;transactional:14
Dichavadores e acessórios para maconha,30,10900,69;77;79;78;96;98;98;95;100;100;100;99,task:2;informational:46;navigational:10;commercial:22;transactional:20
Vassouras Mágicas e Multifuncionais,18,1256,93;100;100;98;74;78;77;75;72;74;84;90,task:8;informational:43;navigational:4;commercial:34;transactional:11
Sopradores de folhas Dewalt,15,495,74;90;91;91;95;100;100;100;100;100;99;98,task:3;informational:47;navigational:5;commercial:20;transactional:25
Brinquedos eróticos de sucção,18,518,81;85;90;91;97;100;100;85;92;91;91;90,task:2;informational:66;navigational:5;commercial:22;transactional:5
Ventiladores de teto silenciosos,44,23314,16;20;21;27;89;89;90;95;100;100;100;100,task:5;informational:49;navigational:4;commercial:34;transactional:8
Pás e hélices de ventilador de teto,29,3577,88;100;51;53;56;59;59;45;53;53;51;51,task:2;informational:68;navigational:4;commercial:21;transactional:5
Lavadoras Wanke,34,5868,51;57;58;28;59;61;63;89;100;100;98;97,task:2;informational:43;navigational:35;commercial:13;transactional:7
Higiene de aparelhos ortodônticos,33,3954,50;54;73;83;80;81;81;94;100;100;100;100,task:6;informational:77;navigational:3;commercial:12;transactional:2
Umidificadores de Ar Magalu,16,313,45;83;100;67;65;70;46;77;76;37;37;41,task:3;informational:28;navigational:42;commercial:14;transactional:13
Escovas do Homem-Aranha,17,654,54;71;73;83;81;100;87;97;82;62;63;63,task:5;informational:58;navigational:7;commercial:22;transactional:8
Liquidificadores com Espremedor,16,402,33;36;37;60;86;87;100;83;56;34;34;34,task:2;informational:51;navigational:2;commercial:36;transactional:9
Rodo com Esponja e Espuma,23,1590,87;99;100;49;55;59;60;55;53;53;54;53,task:8;informational:62;navigational:4;commercial:23;transactional:3
Ventiladores Goar,17,601,35;49;49;47;44;46;44;41;82;100;44;44,task:3;informational:24;navigational:46;commercial:8;transactional:19
TopLimp Limpeza Brasil,15,131,15;18;100;77;18;18;18;63;42;22;19;19,task:3;informational:18;navigational:49;commercial:25;transactional:5
Ajax: produtos de limpeza,23,4711,19;25;26;28;98;100;100;89;87;87;88;88,task:5;informational:62;navigational:15;commercial:13;transactional:5
Aparadores com prateleiras,15,585,14;31;61;28;35;38;42;23;20;100;87;58,task:3;informational:45;navigational:4;commercial:34;transactional:14
Lava-louças com função de higienizar,30,3674,24;33;43;72;78;74;74;100;72;73;84;85,task:2;informational:63;navigational:5;commercial:22;transactional:8
Ar Condicionado: Limpeza e Instalação,19,1074,21;58;55;47;47;23;23;83;100;77;77;77,task:10;informational:56;navigational:2;commercial:17;transactional:15
Enceradeiras Domésticas Arno,20,1791,45;27;28;30;99;100;100;99;30;30;29;29,task:3;informational:53;navigational:10;commercial:16;transactional:18
Trituradores Insinkerator,18,623,65;82;84;80;76;81;82;100;87;86;87;86,task:1;informational:44;navigational:34;commercial:11;transactional:10
Escova Secadora Mega,16,304,15;22;27;27;57;53;100;32;29;91;86;78,task:3;informational:32;navigational:39;commercial:8;transactional:18
Depuradores de Embutir,26,5018,79;93;100;100;92;94;95;93;97;96;96;95,task:3;informational:42;navigational:12;commercial:25;transactional:18
Ferramentas e Compressores Casas Bahia,16,382,19;33;41;29;28;31;43;58;58;100;91;44,task:3;informational:26;navigational:46;commercial:8;transactional:17
Ventiladores repelentes para moscas e mosquitos,27,3554,46;27;31;45;48;49;49;100;87;87;93;95,task:5;informational:61;navigational:6;commercial:22;transactional:6
Batedeiras KitchenAid,36,13764,93;97;100;46;46;47;47;56;57;57;57;57,task:3;informational:38;navigational:15;commercial:29;transactional:15
Desumidificadores para armários e closets,18,659,24;43;52;63;80;63;61;100;96;50;50;80,task:1;informational:58;navigational:4;commercial:30;transactional:7
Xiaomi E5 - Robô de Limpeza,20,1875,24;25;26;87;91;92;91;69;100;100;99;99,task:5;informational:60;navigational:28;commercial:5;transactional:2
Liquidificadores Arno Magiclean,15,325,39;48;50;46;45;48;55;100;95;47;47;49,task:3;informational:30;navigational:36;commercial:27;transactional:4
Coifa e Depurador para Apartamento,67,15241,74;81;80;85;90;92;93;97;100;100;100;100,task:2;informational:66;navigational:5;commercial:24;transactional:3
Lixadeiras e ferramentas pneumáticas,18,2025,63;91;93;91;92;100;100;97;98;98;100;99,task:5;informational:55;navigational:3;commercial:25;transactional:12
Purificadores de Ar Sterilair,36,35069,8;11;13;81;82;82;82;100;100;100;100;100,task:2;informational:46;navigational:18;commercial:26;transactional:8
Serviços de Limpeza,17,351,93;99;100;77;83;87;77;76;86;78;86;85,task:4;informational:33;navigational:33;commercial:18;transactional:12
Desmontagem de agitadores de máquinas de lavar,21,811,54;58;58;88;90;89;92;100;68;67;68;68,task:8;informational:82;navigational:3;commercial:5;transactional:2
Suggar Eletrodomésticos,15,922,31;59;60;77;71;39;58;58;29;76;77;100,task:2;informational:18;navigational:67;commercial:7;transactional:6
Praxis Eletrodomésticos,16,533,70;58;59;100;94;83;78;91;82;59;58;72,task:5;informational:48;navigational:23;commercial:13;transactional:11
Penteadeiras Tok Stok,16,711,19;26;29;41;41;47;22;50;36;92;81;100,task:1;informational:35;navigational:40;commercial:9;transactional:15
Lavadoras e centrífugas de tapetes,18,632,56;29;29;100;15;17;16;63;63;63;63;64,task:5;informational:33;navigational:1;commercial:37;transactional:24
Suportes de shampoo com ventosa,15,345,25;33;36;35;32;33;47;30;31;100;88;30,task:7;informational:35;navigational:4;commercial:43;transactional:11
Lavadoras com secadora,31,10710,41;49;50;28;69;70;70;90;99;99;100;100,task:4;informational:41;navigational:2;commercial:38;transactional:15
Circuladores de Ar Mondial,17,419,70;88;94;89;83;89;87;91;96;100;96;97,task:3;informational:45;navigational:18;commercial:28;transactional:6
Puxadores de metal estilo Beetle,15,98,17;89;100;22;66;77;53;43;47;24;24;24,task:2;informational:30;navigational:40;commercial:23;transactional:5
Purificadores PA26G,16,471,14;39;50;36;49;50;33;100;97;36;33;54,task:7;informational:45;navigational:5;commercial:21;transactional:22
Companhia de Limpeza,15,308,51;55;58;60;60;60;60;65;66;66;100;98,task:13;informational:25;navigational:3;commercial:47;transactional:12
Dispositivos de Tosse e Assistência Respiratória,28,3264,55;86;78;80;83;70;70;74;99;100;76;76,task:2;informational:74;navigational:5;commercial:10;transactional:9
Vassouras Grandes para Limpeza,15,141,38;92;94;92;92;100;88;90;93;59;56;57,task:3;informational:38;navigational:4;commercial:41;transactional:14
Acessórios para Café,15,285,80;100;97;92;86;89;88;87;89;96;89;93,task:10;informational:41;navigational:1;commercial:35;transactional:13
Aparadores de Metal e Metalon,15,664,22;35;41;34;36;30;32;94;100;68;65;65,task:7;informational:46;navigational:4;commercial:27;transactional:16
Liquidificadores Oster,61,30723,57;59;63;74;76;76;76;100;100;100;100;100,task:2;informational:45;navigational:11;commercial:19;transactional:23
Pastas de Limpeza,20,1476,19;25;25;62;68;68;66;100;98;98;98;99,task:2;informational:68;navigational:3;commercial:15;transactional:12
Lavadoras compactas e combos Electrolux,23,1461,46;61;60;56;62;68;66;66;83;100;79;92,task:3;informational:58;navigational:5;commercial:25;transactional:9
Desentupidora em Americana,15,46,59;66;82;82;91;95;90;88;100;91;84;84,task:10;informational:5;navigational:10;commercial:57;transactional:18
Desumidificadores Max 500,16,783,3;14;16;11;8;9;31;100;93;80;74;70,task:3;informational:43;navigational:29;commercial:12;transactional:13
Pistolas e Pulverizadores de Pintura,27,4137,84;98;100;60;47;49;48;68;62;60;60;60,task:2;informational:50;navigational:4;commercial:34;transactional:10
Aparadores no Mercado Livre,15,182,43;57;56;52;46;50;100;35;35;40;41;41,task:3;informational:18;navigational:47;commercial:11;transactional:21
Philco: escovas e secadoras,41,11936,80;85;40;100;99;99;99;39;40;40;40;40,task:2;informational:38;navigational:29;commercial:14;transactional:17
Ventiladores Silenciosos,38,38198,19;21;23;78;80;81;81;100;87;87;87;87,task:2;informational:55;navigational:4;commercial:30;transactional:9
Aspiradores IPC AP150,15,110,27;42;48;36;36;71;48;42;37;100;100;88,task:3;informational:47;navigational:11;commercial:31;transactional:8
Arandelas de Parede Recarregáveis,15,272,34;93;100;45;55;51;78;70;68;51;50;51,task:3;informational:54;navigational:4;commercial:29;transactional:10
Acessórios para Instalação de Ar Condicionado,17,524,42;56;58;66;86;85;83;100;64;74;80;75,task:2;informational:68;navigational:5;commercial:15;transactional:10
Difusores de aromas,35,7624,25;31;33;100;36;36;37;43;42;42;42;42,task:2;informational:67;navigational:5;commercial:17;transactional:9
escorredor de talheres,15,32,9;61;75;62;69;77;67;14;14;100;14;14,task:3;informational:67;navigational:5;commercial:15;transactional:10
Depuradores embutidos para cozinha,18,472,39;54;100;84;72;55;53;56;62;62;77;80,task:7;informational:47;navigational:11;commercial:25;transactional:10
Desentupidora Betel,15,213,36;37;39;42;42;42;42;42;99;100;99;99,task:5;informational:15;navigational:57;commercial:8;transactional:15
Desentupidora no Boqueirão,17,60,70;84;85;79;80;82;79;92;100;100;100;100,task:7;informational:18;navigational:13;commercial:47;transactional:15
Aparadores Dourados de Luxo,15,1116,17;39;49;23;20;22;14;36;34;17;17;100,task:10;informational:35;navigational:4;commercial:34;transactional:17
Vaporizadores WAP,17,2082,84;99;100;98;59;60;60;82;87;87;89;93,task:5;informational:48;navigational:15;commercial:17;transactional:15
Ventiladores Solaster,16,150,17;25;23;62;71;60;19;64;67;100;100;24,task:7;informational:28;navigational:29;commercial:20;transactional:16
LimpTec: Limpeza e Serviços,15,48,49;52;63;70;92;96;80;69;69;100;69;69,task:3;informational:32;navigational:46;commercial:11;transactional:8
Puxadores Slim para Móveis,16,2544,59;85;89;86;83;87;93;91;100;100;100;98,task:9;informational:48;navigational:1;commercial:31;transactional:11
Puxadores de Bolinha para Móveis,15,252,42;55;54;58;69;67;62;83;79;100;93;48,task:7;informational:36;navigational:1;commercial:45;transactional:11
Lavadoras Karcher K4,21,1917,37;47;49;48;47;41;42;33;83;98;100;100,informational:46;navigational:14;commercial:26;transactional:14
Vassoura de Pano para Limpeza,16,555,19;29;31;24;22;23;37;62;53;100;90;45,task:7;informational:47;navigational:5;commercial:29;transactional:12
Escovas Mágicas 5 em 1,16,770,57;100;99;91;91;65;64;61;61;70;69;71,task:3;informational:37;navigational:5;commercial:22;transactional:33
Lava Rápido com Karcher K1,17,1093,42;43;43;43;43;44;44;100;100;98;98;97,task:7;informational:55;navigational:4;commercial:25;transactional:9
Lavadoras de alta pressão profissionais,17,569,62;78;78;77;76;95;92;92;95;95;99;100,task:7;informational:32;navigational:11;commercial:39;transactional:11
Ventiladores Domina Brasil,15,1397,78;90;92;87;56;48;40;65;66;74;100;100,task:4;informational:51;navigational:29;commercial:10;transactional:6
Ventiladores de Bauru,15,723,18;21;22;48;54;54;62;50;39;80;70;100,task:3;informational:61;navigational:4;commercial:21;transactional:11
Ventiladores de Parede Arno,17,373,59;83;84;78;70;100;99;58;59;61;61;64,task:3;informational:45;navigational:18;commercial:20;transactional:14
Compactadores de lixo,19,1330,31;47;48;39;90;89;89;100;98;96;96;96,informational:53;navigational:5;commercial:24;transactional:18
Vassouras Mágicas e Feitiçaria,26,2793,34;39;38;34;30;32;33;100;31;31;30;30,task:3;informational:72;navigational:7;commercial:12;transactional:6
Kits de Limpeza,20,951,81;92;100;99;76;72;72;78;80;82;82;82,task:5;informational:37;navigational:4;commercial:40;transactional:14
Irrigadores Oraljet,15,473,54;75;76;69;87;97;74;72;94;100;61;61,task:7;informational:26;navigational:43;commercial:13;transactional:11
Espremedores de Laranja e Frutas,36,20433,63;67;75;85;94;94;94;100;99;99;99;99,task:2;informational:36;navigational:4;commercial:35;transactional:23
Removedor de bolinhas para roupas,44,8779,18;24;25;33;41;42;42;100;45;45;45;45,task:5;informational:32;navigational:4;commercial:38;transactional:21
escovas secadoras 3 em 1,15,215,47;72;100;61;51;53;72;44;43;52;49;50,task:7;informational:42;navigational:5;commercial:18;transactional:28
Ventiladores para Quarto,17,463,32;75;94;85;65;64;59;92;100;58;57;57,task:5;informational:60;navigational:5;commercial:17;transactional:13
Máquinas de tosa Bravura e Wahl,20,136,71;99;100;72;68;70;70;69;67;79;79;80,task:7;informational:43;navigational:4;commercial:33;transactional:13
Limpeza de Ar Condicionado,201,80659,62;68;80;88;94;94;94;99;100;100;100;100,task:7;informational:79;navigational:3;commercial:7;transactional:4
Saboneteiras Automáticas com Sensor,15,130,59;69;67;67;63;100;72;61;65;62;62;62,task:3;informational:62;navigational:1;commercial:24;transactional:10
Veja limpadores desengordurantes,34,5106,46;61;62;71;99;100;100;74;69;70;70;69,task:5;informational:47;navigational:4;commercial:36;transactional:8
Difusores e Umidificadores com Aromatizadores,67,21829,30;33;42;53;87;88;88;100;100;100;100;99,task:2;informational:55;navigational:4;commercial:30;transactional:9
Enceradeiras e lavadoras de pisos,30,12124,59;29;30;40;98;99;100;99;100;100;100;100,task:8;informational:55;navigational:4;commercial:26;transactional:7
Escorredores de louça,31,25566,81;81;86;100;79;79;79;94;78;78;78;78,task:2;informational:53;navigational:4;commercial:31;transactional:10
Bicos Karcher para Lavadora,16,302,73;83;84;81;82;85;86;82;83;98;100;82,task:4;informational:35;navigational:5;commercial:29;transactional:27
Robôs Aspiradores WAP W400,24,1511,29;39;38;40;40;41;41;92;100;100;99;100,task:2;informational:58;navigational:15;commercial:18;transactional:7
Ventiladores rosa,16,980,38;57;59;56;49;52;53;98;94;100;52;51,task:3;informational:51;navigational:11;commercial:29;transactional:6
Puffs de Espuma,16,1337,45;45;46;46;45;44;43;99;96;100;98;99,task:2;informational:61;navigational:4;commercial:29;transactional:4
Lava-Louças Portátil,34,11938,92;100;49;44;39;39;39;43;43;43;43;43,task:5;informational:40;navigational:7;commercial:34;transactional:14
"Espremedores, Liquidificadores e Processadores",20,937,56;62;68;73;82;80;74;89;89;89;89;100,task:5;informational:54;navigational:4;commercial:32;transactional:5
Lavadoras e Secadoras Electrolux,66,22109,44;49;54;86;100;100;100;93;93;93;93;93,task:5;informational:42;navigational:11;commercial:22;transactional:20
Cortadores de Fio,16,68,31;35;40;100;47;47;80;48;43;51;49;49,informational:48;navigational:4;commercial:37;transactional:11
Limpeza de pele com aparelhos,27,2702,32;35;61;91;85;86;86;100;73;73;72;72,task:5;informational:69;navigational:5;commercial:19;transactional:2
Lixeiras com controle de odor,15,917,43;57;60;57;48;53;56;67;68;100;93;96,task:10;informational:34;navigational:4;commercial:39;transactional:13
Lava-louças e lavadoras compactas,24,929,73;100;71;62;68;56;55;73;66;76;64;69,task:2;informational:65;navigational:5;commercial:22;transactional:6
"Escovas, chapinhas e secadores (Brasil)",27,6483,27;36;38;42;94;96;96;81;100;100;100;99,task:8;informational:53;navigational:4;commercial:28;transactional:7
Lavadoras com Inverter,17,697,20;38;40;39;78;72;77;100;44;26;26;28,task:4;informational:62;navigational:2;commercial:24;transactional:8
Lavadoras de alta pressão com motor de indução,51,14981,50;55;57;41;84;85;85;100;97;97;98;97,task:2;informational:56;navigational:4;commercial:28;transactional:10
Limpadores de Banheiro,15,321,30;59;100;73;44;46;45;79;67;68;59;63,task:3;informational:56;navigational:1;commercial:29;transactional:11
Secadores de cabelo sem fio,17,450,56;70;74;82;86;92;100;87;87;89;87;89,task:3;informational:48;navigational:4;commercial:34;transactional:11
Ventiladores WAP,27,13295,54;61;40;81;92;93;93;100;100;100;100;100,task:2;informational:51;navigational:14;commercial:25;transactional:8
Removedor de Cera,19,5212,26;15;16;15;71;70;71;100;100;100;100;100,task:8;informational:62;navigational:2;commercial:23;transactional:5
Escovas e acessórios para piscina,18,674,77;100;99;91;92;96;92;67;89;92;68;67,task:8;informational:53;navigational:5;commercial:20;transactional:14
Acessórios para Casa,16,88,28;85;100;61;78;85;36;28;27;27;27;27,task:7;informational:38;navigational:4;commercial:40;transactional:11
Desentupidores de Esgoto e Canos,24,2041,91;100;51;76;77;79;83;98;67;65;65;64,task:7;informational:51;navigational:3;commercial:31;transactional:8
Motores de ventilador Arno,17,399,60;81;83;84;81;76;66;77;76;100;94;76,task:3;informational:68;navigational:5;commercial:15;transactional:9
Vassouras Magnéticas,15,132,34;44;50;67;94;67;89;86;99;100;100;100,task:7;informational:46;navigational:12;commercial:18;transactional:17
Limpeza de Carpete,35,5098,55;59;75;78;86;88;89;89;100;100;100;100,task:5;informational:60;navigational:4;commercial:23;transactional:8
Liquidificadores Silenciosos,18,934,56;69;71;58;70;70;79;100;96;82;83;80,task:2;informational:53;navigational:2;commercial:32;transactional:11
Porta Shampoo,15,35,4;36;41;22;16;23;5;100;5;5;5;5,task:7;informational:27;navigational:28;commercial:11;transactional:27
Espremedores de Limão,23,3672,41;49;26;30;38;40;40;100;34;33;34;34,task:8;informational:45;navigational:4;commercial:29;transactional:14
Aparelhos anti-mofo eletrônicos,24,2086,29;16;17;26;89;89;96;85;95;100;84;84,task:5;informational:47;navigational:6;commercial:30;transactional:12
Desentupidora Pelotas,15,101,78;82;88;87;88;90;90;90;98;100;92;92,task:3;informational:22;navigational:17;commercial:46;transactional:12
Hiperclean: Produtos de Limpeza,17,764,36;38;40;40;40;42;42;100;97;92;91;90,task:5;informational:31;navigational:3;commercial:47;transactional:14
Rodo e acessórios de limpeza,28,30762,19;21;100;90;90;90;90;89;89;89;89;89,task:2;informational:34;navigational:30;commercial:25;transactional:9
agulhas e seringas para aspiração,33,11205,12;17;21;84;88;89;90;100;96;96;96;96,task:4;informational:63;navigational:2;commercial:23;transactional:8
Ventiladores no Brasil: ofertas e modelos,32,10110,29;35;37;100;68;69;69;60;62;62;61;61,informational:52;navigational:6;commercial:31;transactional:11
Organização Doméstica,81,20508,100;100;95;91;86;87;87;87;85;85;85;85,task:7;informational:71;navigational:5;commercial:11;transactional:6
Espirometros Portáteis,17,3152,31;33;34;34;80;96;87;100;100;100;100;100,task:8;informational:55;navigational:4;commercial:27;transactional:6
Ventiladores de parede 30 cm,15,597,39;50;53;50;52;52;43;42;44;99;95;100,task:3;informational:53;navigational:4;commercial:29;transactional:11
depuradores de ar 80 cm,33,3552,87;100;100;47;46;49;49;46;51;51;53;52,task:5;informational:41;navigational:4;commercial:41;transactional:9
Limpeza de Sofás,15,50,37;37;46;42;55;53;37;66;35;100;35;36,task:10;informational:43;navigational:1;commercial:34;transactional:12
Arno Climatização e Umidificação,15,498,16;16;17;16;16;16;28;100;44;61;56;53,informational:49;navigational:18;commercial:28;transactional:5
Secadores de Cabelo Philco,27,4048,84;98;100;53;50;51;51;51;52;52;51;51,task:2;informational:45;navigational:28;commercial:13;transactional:12
Esponjas e Buchas de Limpeza,20,1079,80;90;93;92;96;97;97;100;76;75;84;84,task:5;informational:58;navigational:5;commercial:22;transactional:10
Ar comprimido em lata e spray,22,2877,34;36;29;42;94;94;95;99;98;99;99;100,task:5;informational:60;navigational:4;commercial:27;transactional:4
Veja limpeza doméstica,16,521,23;39;67;60;60;52;43;76;96;100;76;77,task:3;informational:33;navigational:38;commercial:22;transactional:4
Difusores de Aroma para Casa,173,143829,28;28;32;80;100;100;100;96;95;95;95;95,task:2;informational:56;navigational:5;commercial:30;transactional:7
Ventiladores de teto Aliseu,26,2668,83;99;100;98;94;97;98;52;55;54;57;56,task:2;informational:36;navigational:32;commercial:17;transactional:13
Aspiradores Electrolux Lite 1400W,16,379,37;38;39;48;49;50;44;100;83;59;54;43,task:2;informational:49;navigational:14;commercial:23;transactional:12
Espumadores de Leite Elétricos,17,2281,100;55;57;58;56;60;61;65;67;67;67;66,task:1;informational:53;navigational:5;commercial:25;transactional:16
Profitec Espresso,15,175,84;92;97;97;81;83;83;98;98;100;100;100,task:1;informational:34;navigational:53;commercial:8;transactional:4
Limpeza a Vapor para Roupas,19,2065,47;53;53;65;99;100;100;63;64;64;63;64,task:4;informational:57;navigational:2;commercial:24;transactional:13
Pipoqueiras Elétricas CinePop,17,5852,89;97;100;94;42;43;43;45;45;45;44;44,task:8;informational:44;navigational:25;commercial:15;transactional:8
Pipoqueiras Elétricas,52,35910,80;77;79;81;92;92;92;100;100;100;100;100,task:5;informational:33;navigational:6;commercial:38;transactional:18
Vaporizadores Capilares,21,1355,27;30;25;62;96;97;100;44;58;58;58;58,task:1;informational:53;navigational:5;commercial:28;transactional:13
Aparadores para Quarto de Casal,15,867,42;52;58;51;46;45;46;75;72;100;82;75,informational:28;navigational:1;commercial:60;transactional:11
Escovas de cabelo vazadas,15,187,49;77;100;95;81;63;55;64;69;64;58;59,task:7;informational:62;navigational:5;commercial:19;transactional:7
Sopradores térmicos a bateria,17,471,50;86;86;78;87;89;85;96;99;99;100;100,task:7;informational:41;navigational:5;commercial:25;transactional:22
Umidificadores de Ar Supermedy,16,95,19;23;27;98;100;66;78;16;17;40;27;28,task:3;informational:40;navigational:34;commercial:19;transactional:4
Aparadores e Buffets Cinza,15,1253,30;45;48;39;45;44;37;83;45;52;100;96,task:7;informational:39;navigational:11;commercial:28;transactional:15
Extratoras IPC Lava Pro,15,312,77;97;100;96;95;86;87;86;86;100;97;100,task:3;informational:23;navigational:41;commercial:20;transactional:13
Dispenser de Sabão Automático,18,720,73;100;100;93;81;87;83;80;80;81;82;81,task:10;informational:49;navigational:1;commercial:26;transactional:14
Ventiladores de teto com iluminação,45,22627,30;31;33;100;34;34;34;37;38;38;38;38,informational:57;navigational:2;commercial:25;transactional:16
Ventiladores e Climatizadores de Ar,39,10465,22;26;29;39;65;65;67;91;100;100;100;100,task:2;informational:61;navigational:10;commercial:19;transactional:8
Sofás Limpos e Retráteis,15,795,19;42;51;44;34;29;27;34;40;25;91;100,task:7;informational:51;navigational:4;commercial:31;transactional:7
Barbeadores elétricos,78,72773,19;20;21;44;89;89;89;84;100;100;100;100,task:2;informational:41;navigational:1;commercial:46;transactional:10
Lavadoras de Alta Pressão Philco,18,416,15;18;20;21;43;25;22;41;51;96;100;36,task:3;informational:37;navigational:20;commercial:15;transactional:25
Difusores e umidificadores B-Max,18,280,100;45;46;40;68;70;37;66;64;58;59;58,task:5;informational:48;navigational:12;commercial:31;transactional:4
Tambores de Lixo,15,237,22;25;24;24;22;23;23;100;33;35;24;24,task:4;informational:65;navigational:4;commercial:21;transactional:6
Escovas de Mamadeira,19,2698,46;64;67;63;72;76;77;100;79;79;79;79,task:2;informational:57;navigational:10;commercial:23;transactional:8
Secadores Revair,17,332,96;100;100;94;71;74;74;68;67;94;83;63,task:2;informational:63;navigational:9;commercial:19;transactional:7
Peças de Ventiladores de Teto,34,5638,31;43;45;86;96;100;100;82;80;80;82;82,task:1;informational:50;navigational:10;commercial:29;transactional:10
Escorredores de louça Brinox,16,402,79;100;98;91;85;88;87;82;82;100;89;91,task:3;informational:32;navigational:32;commercial:14;transactional:19
Nebulizadores de malha vibratória,24,2148,37;44;43;48;81;81;81;100;100;99;99;99,task:2;informational:78;navigational:5;commercial:13;transactional:2
Aparelhos de nebulização e inalação,235,309565,18;17;29;88;87;87;87;100;86;86;86;86,task:2;informational:70;navigational:4;commercial:18;transactional:6
Trituradores sanitários,19,2508,18;21;21;27;39;40;42;97;100;100;100;100,task:3;informational:57;navigational:13;commercial:18;transactional:9
Mops no Mercado Livre,15,186,33;100;82;61;59;100;79;31;29;29;30;27,task:3;informational:25;navigational:48;commercial:8;transactional:16
Desentupimento de mictórios,19,587,82;86;87;87;100;100;100;87;87;87;87;87,task:15;informational:67;navigational:2;commercial:5;transactional:11
Exaustores 50 cm,16,380,56;72;73;74;72;90;87;99;84;87;99;100,task:3;informational:26;navigational:35;commercial:24;transactional:12
Escovas elétricas e cuidados dentários,55,5200,86;98;100;57;66;67;68;67;64;64;63;63,task:5;informational:56;navigational:5;commercial:20;transactional:14
Ventiladores no Shopee,15,930,54;72;73;72;72;77;76;89;91;100;100;99,task:3;informational:24;navigational:40;commercial:12;transactional:21
Walkers: acessórios e abafadores,16,826,30;19;19;18;99;100;100;20;19;19;19;19,task:2;informational:64;navigational:9;commercial:22;transactional:3
Remoção de Pelos (Dispositivos/Serviços),16,2395,53;60;61;32;99;100;100;98;94;97;96;96,task:8;informational:64;navigational:2;commercial:23;transactional:3
Compressores Tekna,17,489,42;100;60;59;75;83;64;88;60;60;50;49,task:3;informational:29;navigational:39;commercial:19;transactional:10
Carrinhos de lixo e coletores,22,1465,53;71;71;67;83;88;86;93;94;95;100;100,task:8;informational:60;navigational:4;commercial:24;transactional:4
Ventiladores de Teto Retráteis,24,2557,85;99;100;55;55;58;59;66;70;69;70;69,task:5;informational:59;navigational:5;commercial:18;transactional:13
Juicers e Espremedores,16,108,15;15;16;13;23;29;29;100;79;31;28;24,task:3;informational:61;navigational:12;commercial:17;transactional:7
Cafeteiras Oster Compacta,16,130,10;33;37;29;28;33;59;65;60;100;86;17,task:3;informational:51;navigational:8;commercial:15;transactional:23
Aparadores de Madeira Rústica,16,8474,97;100;46;47;44;44;44;43;43;43;43;43,task:2;informational:54;navigational:4;commercial:30;transactional:10
Puxadores de Gola,15,262,29;43;45;35;52;30;36;82;100;31;31;42,task:7;informational:58;navigational:5;commercial:20;transactional:10
Limpeza de Estofados e Carpetes com Zap,21,1261,28;32;33;57;99;100;99;86;55;55;54;54,task:5;informational:40;navigational:4;commercial:23;transactional:28
Shampoozeiras automotivas,15,657,81;96;100;94;89;97;97;92;93;94;92;93,task:10;informational:60;navigational:1;commercial:22;transactional:7
Aparelhos e Acessórios de Cozinha,15,545,6;33;44;36;36;39;28;100;85;78;92;70,task:3;informational:60;navigational:9;commercial:18;transactional:10
Esfregões para porcelanato,17,401,29;81;88;100;100;85;48;58;62;92;84;95,task:6;informational:51;navigational:3;commercial:38;transactional:2
Mop Perfect Pro 360,26,1268,85;100;100;94;61;64;65;76;54;58;45;44,task:2;informational:43;navigational:26;commercial:20;transactional:9
Lavadoras de Alta Pressão WAP,56,34530,79;77;79;64;93;93;93;100;99;99;99;99,task:2;informational:39;navigational:14;commercial:27;transactional:18
Cortinas de ar Springer,15,357,58;76;77;93;93;82;74;74;93;100;93;99,task:2;informational:52;navigational:9;commercial:33;transactional:4
Britânia - Extratoras de Sujeira,15,113,10;11;11;11;10;29;20;100;96;10;9;9,task:3;informational:45;navigational:18;commercial:15;transactional:19
Ventiladores Havan,17,2561,84;99;100;70;65;68;69;65;56;56;56;56,task:5;informational:45;navigational:14;commercial:13;transactional:23
Duchas Fame,36,7927,38;50;55;57;98;100;100;97;100;100;100;99,task:5;informational:51;navigational:4;commercial:19;transactional:21
escovas de lavar roupas,19,3773,74;86;89;45;92;93;93;97;100;100;99;98,task:2;informational:64;navigational:2;commercial:22;transactional:10
Mini pulverizadores,15,355,27;40;38;42;42;41;45;91;95;100;92;100,task:3;informational:50;navigational:5;commercial:27;transactional:15
Robôs com Alexa,18,1325,47;84;84;45;53;57;61;100;86;76;76;88,task:2;informational:58;navigational:9;commercial:24;transactional:7
"Máquinas de cuidado pessoal: cabelo, barba e pés",23,1168,78;98;100;80;84;91;92;81;90;91;85;93,task:5;informational:59;navigational:4;commercial:24;transactional:8
Ventiladores e Cia Brasil,15,935,38;64;68;60;59;81;60;100;94;99;100;100,task:1;informational:13;navigational:70;commercial:13;transactional:3
Compressores de ar Fiac,15,175,53;78;82;72;64;70;57;58;57;100;57;57,task:3;informational:33;navigational:34;commercial:19;transactional:11
Esfregadeiras e tábuas de lavar roupas,15,710,25;59;68;42;42;26;30;100;79;61;57;71,task:5;informational:63;navigational:2;commercial:22;transactional:8
Tudo Limpinho: Produtos de Limpeza,18,1814,46;52;87;96;100;89;89;90;91;92;88;87,task:2;informational:43;navigational:40;commercial:10;transactional:5
Liquidificadores Electrolux,29,4588,74;94;100;100;95;97;97;99;100;99;99;98,task:1;informational:50;navigational:11;commercial:23;transactional:15
Compressores de Pintura,57,17285,45;47;52;56;82;83;83;100;100;100;100;100,task:2;informational:52;navigational:5;commercial:28;transactional:13
Coifas e Depuradores de Cozinha,89,86718,23;26;28;86;90;90;90;100;100;100;100;100,task:4;informational:57;navigational:9;commercial:22;transactional:8
Alfa Máquinas e Pisos,15,265,80;99;100;99;90;89;88;86;98;98;93;95,task:3;informational:24;navigational:51;commercial:8;transactional:14
Purgadores industriais,22,2869,46;49;73;76;100;100;100;96;96;96;96;96,task:3;informational:68;navigational:7;commercial:17;transactional:5
Aparadores Amarelos,15,521,18;39;58;34;32;33;38;100;88;93;76;81,task:7;informational:36;navigational:18;commercial:29;transactional:10
Eletrodomésticos no Zoom,22,2376,85;100;100;99;75;78;82;97;86;87;93;94,task:5;informational:33;navigational:27;commercial:10;transactional:25
Ventiladores de 20 cm,17,1265,68;94;97;93;93;100;100;96;97;98;98;96,task:3;informational:48;navigational:4;commercial:31;transactional:14
Aparadores brancos de madeira,15,2316,59;76;78;75;59;63;64;58;59;59;100;98,task:7;informational:58;navigational:4;commercial:24;transactional:7
Ventiladores Arno 30 cm,16,2085,68;97;100;98;83;94;95;80;90;90;91;96,informational:34;navigational:35;commercial:24;transactional:7
Aquecedores Halógenos,21,2698,20;26;27;32;32;34;39;93;98;100;100;100,task:5;informational:44;navigational:9;commercial:28;transactional:14
Puffs para penteadeira,15,1815,48;66;68;61;60;65;65;83;94;100;74;75,task:10;informational:29;navigational:1;commercial:45;transactional:15
Máquinas de sopro de plástico,20,957,27;29;29;78;96;97;97;100;100;100;100;100,task:2;informational:60;navigational:5;commercial:25;transactional:8
Ventiladores: guia de compra e avaliações,109,62532,16;20;25;37;78;79;79;98;100;100;100;100,task:5;informational:42;navigational:1;commercial:50;transactional:2
Ventiladores Arno com repelente,18,1855,39;43;26;25;35;37;36;60;43;45;100;98,task:3;informational:64;navigational:10;commercial:15;transactional:8
Odorizadores e Desodorizadores,18,2035,23;28;29;28;96;100;99;58;72;74;56;56,task:2;informational:54;navigational:4;commercial:31;transactional:9
Compressores de ar Vonder,18,599,73;100;100;93;89;90;90;90;92;92;94;92,task:3;informational:30;navigational:41;commercial:10;transactional:16
Removedores em Spray,18,2679,28;33;20;55;62;65;62;56;85;100;97;100,task:5;informational:47;navigational:7;commercial:24;transactional:17
TecLar Climatização,15,158,12;74;73;28;30;24;98;100;69;31;28;28,task:7;informational:24;navigational:34;commercial:31;transactional:4
Ventiladores com rolamento,25,5737,49;55;40;48;84;85;87;94;100;100;100;100,task:5;informational:69;navigational:7;commercial:13;transactional:6
Extratores Industriais,17,7354,22;25;25;71;94;95;95;100;100;100;100;100,task:5;informational:56;navigational:6;commercial:29;transactional:4
Motores Hidea,20,560,76;92;92;86;82;99;100;88;90;90;90;89,task:3;informational:42;navigational:21;commercial:22;transactional:12
Coifas Máximas,15,210,11;52;100;14;17;37;31;36;43;46;44;50,task:1;informational:40;navigational:34;commercial:19;transactional:6
Desentupidora em Contagem,15,64,85;100;93;95;85;84;85;75;79;78;77;77,task:7;informational:18;navigational:10;commercial:50;transactional:15
escovas rotativas Philco Spin Brush,18,311,37;94;100;81;80;72;55;49;49;47;46;43,task:7;informational:46;navigational:8;commercial:20;transactional:19
Casa e Multicoisas,17,1070,32;50;63;47;73;66;57;97;84;100;90;84,task:7;informational:19;navigational:46;commercial:10;transactional:18
Lavadoras de roupas,17,774,36;74;82;68;41;51;53;41;64;84;56;100,task:7;informational:37;navigational:10;commercial:18;transactional:28
Difusores e Aromatizadores Elétricos,64,23535,24;26;28;47;100;100;100;83;70;70;70;70,task:2;informational:47;navigational:7;commercial:34;transactional:10
Armazenamento NAS Asustor,16,489,32;54;48;47;44;51;53;45;46;51;50;100,task:3;informational:47;navigational:24;commercial:12;transactional:14
Máquina azul,16,156,4;25;38;29;29;74;50;100;62;92;72;31,task:10;informational:63;navigational:12;commercial:12;transactional:3
Penteadeira com Escrivaninha,15,10945,87;96;100;92;95;95;95;91;92;92;92;92,task:7;informational:38;navigational:5;commercial:32;transactional:18
Omron inaladores e nebulizadores,49,11025,25;33;34;42;99;100;100;94;96;95;94;94,informational:68;navigational:15;commercial:11;transactional:6
MaxClean: Produtos de Limpeza,16,563,35;41;43;35;100;100;100;36;38;38;38;37,task:5;informational:38;navigational:16;commercial:25;transactional:16
escovas Sanifill,17,1568,42;61;48;48;51;55;39;67;100;100;76;73,task:2;informational:53;navigational:18;commercial:19;transactional:8
Puxadores de porcelana e cerâmica,16,1105,61;83;84;79;77;83;87;78;96;100;88;87,task:10;informational:38;navigational:4;commercial:32;transactional:16
Revisteiros de Móveis,17,626,44;66;92;62;57;61;50;84;66;73;69;100,task:3;informational:53;navigational:15;commercial:22;transactional:7
Ventiladores Bluetooth Arno,17,260,52;65;67;72;72;75;100;55;52;56;56;52,task:7;informational:40;navigational:18;commercial:22;transactional:13
Ar Condicionado Único,15,1016,10;57;68;33;35;29;30;100;50;20;17;91,task:3;informational:45;navigational:32;commercial:15;transactional:5
Raspadores de Vidro e Acessórios,17,1427,71;77;79;83;90;90;93;87;94;94;94;100,task:2;informational:53;navigational:7;commercial:25;transactional:13
Desentupidora Cariacica,15,64,68;70;74;74;74;100;83;83;85;85;85;85,informational:22;navigational:29;commercial:47;transactional:2
Secadores de Cabelo Mondial,28,4074,89;98;100;49;48;48;49;47;51;51;51;50,task:5;informational:37;navigational:15;commercial:21;transactional:22
Multiutilidades,15,796,22;56;68;51;64;81;62;90;62;70;62;100,task:10;informational:44;navigational:16;commercial:11;transactional:19
Purificadores de Ambiente Lavanda,17,532,85;98;100;95;62;56;56;52;83;82;67;100,task:5;informational:40;navigational:4;commercial:39;transactional:12
Aparadores de vidro,16,2484,68;98;100;95;82;88;89;82;88;88;89;89,task:7;informational:50;navigational:5;commercial:27;transactional:11
Umidificadores G Tech,22,4395,54;74;76;78;57;60;61;99;100;100;98;98,task:2;informational:57;navigational:10;commercial:21;transactional:10
Lixadeiras Vibratórias,17,1874,61;68;35;34;98;100;100;36;35;35;36;35,task:5;informational:55;navigational:5;commercial:23;transactional:12
Polidoras de Piso e Máquinas Polidoras,16,746,53;57;62;62;60;62;57;95;99;100;98;100,task:2;informational:56;navigational:10;commercial:15;transactional:17
Robo aspirador Neatsvor X600 Pro,18,978,43;55;57;52;47;47;46;46;100;100;100;99,task:2;informational:45;navigational:16;commercial:31;transactional:6
Secadoras Carrefour,19,1213,27;92;75;76;49;81;74;53;55;100;84;76,task:2;informational:32;navigational:23;commercial:15;transactional:28
Cubas com Escorredor para Cozinha,15,802,24;37;42;34;29;29;28;45;88;100;53;56,task:10;informational:65;navigational:2;commercial:21;transactional:2
Coletor de pó para máquinas 1CV–3CV (Razi/2CV),16,105,40;43;43;43;43;100;70;41;41;42;42;41,task:7;informational:49;navigational:5;commercial:23;transactional:16
Ventiladores Tufão e Loren Sid,22,3200,81;94;96;49;97;100;100;47;48;48;48;48,task:2;informational:40;navigational:5;commercial:18;transactional:35
Atomizadores de Perfume,16,1035,19;23;25;26;34;30;27;73;100;85;89;93,task:5;informational:38;navigational:1;commercial:44;transactional:12
Abridores de vinho elétricos,18,875,75;95;100;98;93;100;100;91;94;94;95;94,task:3;informational:28;navigational:1;commercial:47;transactional:21
Puxadores de Alça,15,790,50;100;91;87;84;74;74;71;74;74;74;74,task:10;informational:53;navigational:2;commercial:29;transactional:6
Extratores de Grampos,20,6184,52;58;59;95;93;94;96;100;98;97;97;97,task:2;informational:66;navigational:5;commercial:20;transactional:7
Lavadoras Electrolux,199,82842,37;38;40;64;68;68;68;100;99;99;99;99,task:2;informational:43;navigational:16;commercial:21;transactional:18
Elgin Umidificadores de Ar,24,1772,71;98;100;98;62;66;69;65;70;70;70;70,task:1;informational:37;navigational:32;commercial:15;transactional:15
Limpeza Doméstica e Saúde Ambiental,15,55,55;74;83;75;73;84;82;100;86;47;42;42,task:10;informational:42;navigational:6;commercial:37;transactional:5
Mops úmidos e refis,18,818,34;48;55;51;51;55;68;53;50;62;94;100,task:3;informational:42;navigational:5;commercial:40;transactional:10
Ventiladores com Controle de Velocidade,28,4604,47;51;52;73;87;87;86;94;100;100;100;100,task:10;informational:58;navigational:5;commercial:18;transactional:9
Porta-Papel Higiênico com Ventosa,15,857,22;31;31;27;25;25;22;23;22;100;91;91,task:7;informational:37;navigational:5;commercial:31;transactional:20
Umidificadores CareTech,16,263,45;77;83;31;27;44;42;100;88;31;28;28,task:2;informational:48;navigational:9;commercial:35;transactional:6
Desidratadores e desumidificadores Thermomatic,20,1734,82;98;100;98;83;86;87;83;98;98;94;92,task:5;informational:36;navigational:21;commercial:16;transactional:22
Poloar Ar Condicionado,18,6375,69;84;90;87;97;99;99;100;96;96;96;95,informational:48;navigational:21;commercial:18;transactional:13
Aspersores e Irrigação,38,17454,28;37;41;73;78;78;78;100;81;80;80;80,task:2;informational:61;navigational:5;commercial:22;transactional:10
Pulverizadores de água,16,202,52;60;56;56;50;35;35;98;100;31;31;31,task:2;informational:62;navigational:5;commercial:23;transactional:8
Máquinas de Cana e Juicers,15,127,57;84;87;78;50;53;53;100;82;37;36;35,task:3;informational:49;navigational:5;commercial:25;transactional:18
Limpeza Pós-Obra,52,21685,42;49;69;65;89;89;89;100;86;86;86;86,task:12;informational:61;navigational:3;commercial:21;transactional:3
Zip: limpeza e desengordurantes,20,1289,24;48;44;63;78;63;63;84;89;100;98;79,informational:69;navigational:2;commercial:17;transactional:12
Aparelhos de depilação com cera,21,1468,51;58;60;50;99;100;100;54;69;68;59;60,task:2;informational:57;navigational:5;commercial:23;transactional:13
Escovas de Cabelo com Secadora na Shopee,16,313,52;58;60;43;42;42;47;100;88;41;41;41,task:2;informational:35;navigational:22;commercial:22;transactional:19
Turbinas Portáteis,15,72,30;57;100;69;45;59;37;50;65;36;38;36,task:10;informational:49;navigational:8;commercial:16;transactional:17
Moedores KingRinder,15,450,95;100;100;98;96;98;99;62;62;63;62;62,task:2;informational:56;navigational:19;commercial:18;transactional:5
Capas para Ventiladores,16,243,57;69;70;67;71;78;75;73;72;100;76;79,task:10;informational:38;navigational:5;commercial:23;transactional:24
Casa e Organização,16,204,74;75;79;79;79;100;100;79;80;80;80;80,task:8;informational:59;navigational:15;commercial:10;transactional:8
Super Clean: Produtos de Limpeza,17,727,52;59;100;94;33;35;34;95;85;87;44;44,task:2;informational:41;navigational:9;commercial:37;transactional:11
Puxadores de Ponto,15,565,51;86;93;65;83;92;87;77;68;68;97;100,task:7;informational:56;navigational:5;commercial:22;transactional:10
Contentores de lixo,21,9648,40;47;48;72;55;56;57;99;100;100;100;100,task:2;informational:53;navigational:4;commercial:32;transactional:9
Vassouras Miniatura,16,102,29;36;40;36;37;38;59;100;83;40;38;39,task:7;informational:58;navigational:1;commercial:30;transactional:4
Raspadores de Tintas,16,493,15;58;55;56;52;37;29;81;100;100;92;97,task:1;informational:56;navigational:5;commercial:24;transactional:14
Bosch Pro: Politriz e Lixadeira,22,2467,74;88;89;86;96;99;98;100;100;100;99;98,task:2;informational:34;navigational:32;commercial:26;transactional:6
Retificadoras Pneumáticas,20,602,68;94;93;87;84;90;90;84;85;93;100;99,task:3;informational:54;navigational:1;commercial:25;transactional:17
Aerógrafos com Compressor,17,733,68;89;89;87;93;98;90;100;100;100;98;97,task:3;informational:50;navigational:1;commercial:31;transactional:15
Lavadoras de Alta Pressão Portáteis,43,14095,33;39;47;56;85;86;86;92;100;100;100;100,task:5;informational:41;navigational:4;commercial:33;transactional:17
Pulverizadores Brudden,15,819,67;88;89;86;93;99;100;93;97;96;97;95,task:5;informational:29;navigational:36;commercial:14;transactional:16
Mister Limpeza Brasil,15,59,77;82;99;99;99;99;99;94;100;100;100;100,task:3;informational:28;navigational:35;commercial:22;transactional:12
Difusores ultrassônicos de aromas,18,1585,49;52;52;52;95;96;96;96;97;100;97;96,task:6;informational:49;navigational:4;commercial:36;transactional:5
Multifunções e Impressoras,17,2065,60;63;63;73;69;69;70;100;91;84;84;84,task:2;informational:70;navigational:5;commercial:15;transactional:8
Aparadores espelhados,15,936,21;32;41;60;41;39;45;100;77;69;64;77,task:10;informational:36;navigational:12;commercial:25;transactional:17
Climatizadores de ar portáteis,24,10299,64;73;76;76;66;67;67;81;100;100;100;100,task:2;informational:53;navigational:4;commercial:32;transactional:9
Desentupidora em Salto,15,54,62;70;96;97;88;89;86;88;99;100;88;88,task:3;informational:18;navigational:34;commercial:40;transactional:5
Vibradores discretos,16,401,80;97;98;100;90;93;91;92;96;96;96;95,task:3;informational:67;navigational:2;commercial:18;transactional:10
Lavadoras de Alta Pressão Schulz,16,363,42;53;52;77;100;44;44;52;56;54;52;100,task:3;informational:52;navigational:18;commercial:15;transactional:12
Lixadeiras para Parede,71,16558,51;56;58;65;77;78;78;100;84;84;84;84,task:2;informational:48;navigational:4;commercial:26;transactional:20
Vaporizadores e passadeiras Philips Walita,18,1102,84;97;98;63;61;64;63;100;79;80;80;78,task:3;informational:45;navigational:24;commercial:18;transactional:10
Hélices de Ventiladores,15,365,33;39;40;39;34;34;35;100;88;39;39;40,task:3;informational:67;navigational:5;commercial:15;transactional:10
Aparadores para corredores,16,3088,86;98;100;97;45;47;47;43;46;45;44;43,task:5;informational:54;navigational:7;commercial:26;transactional:8
Ventiladores de teto Ventisol,62,20882,46;57;61;62;84;84;84;100;85;85;85;85,task:2;informational:48;navigational:22;commercial:16;transactional:12
Umidificadores de ar industriais,15,132,38;46;43;42;100;96;75;45;46;35;35;35,task:7;informational:52;navigational:4;commercial:29;transactional:8
Ventiladores de teto Tron Aventador,15,595,10;51;51;55;67;46;23;58;58;100;88;65,task:7;informational:40;navigational:5;commercial:32;transactional:16
UAU Multiuso: Limpeza e Perfumes,16,497,46;68;67;70;89;100;77;80;90;90;83;83,task:3;informational:51;navigational:4;commercial:31;transactional:11
Produtos de Limpeza e Perfumaria,16,1574,46;66;100;97;69;67;66;68;77;77;72;72,task:3;informational:45;navigational:8;commercial:33;transactional:11
Agitadores de Lavadora Brastemp/Consul,15,356,50;64;68;63;63;69;100;63;63;100;93;96,task:2;informational:64;navigational:5;commercial:11;transactional:18
Puxadores de cava para móveis,22,4464,72;95;100;99;98;99;100;99;98;98;100;99,task:2;informational:56;navigational:5;commercial:25;transactional:12
Aparadores de pelos e máquinas de cortar cabelo,19,675,36;44;42;65;67;61;72;100;89;61;62;61,task:5;informational:44;navigational:4;commercial:38;transactional:9
Guia de Umidificadores de Ar,21,747,93;95;96;100;90;90;90;69;80;78;79;79,task:2;informational:77;navigational:4;commercial:5;transactional:12
Bombas de vácuo odontológicas,20,568,67;96;96;93;84;89;90;92;100;95;95;94,task:3;informational:49;navigational:4;commercial:30;transactional:14
Ventiladores Ventali,15,842,5;29;38;29;22;46;28;99;64;97;89;100,task:4;informational:30;navigational:29;commercial:23;transactional:14
Limpex - Produtos de Limpeza,15,217,67;75;77;75;75;87;80;85;85;100;89;81,task:7;informational:21;navigational:37;commercial:31;transactional:4
Mover móveis com facilidade,17,351,67;83;82;46;44;46;54;100;98;57;57;56,task:5;informational:69;navigational:4;commercial:8;transactional:14
Ventiladores de parede com controle remoto,26,5104,67;79;80;42;98;100;100;75;76;76;76;75,task:5;informational:53;navigational:4;commercial:32;transactional:6
Escovas modeladoras e secadoras de cabelo,20,893,63;81;87;85;70;67;67;100;83;83;89;89,task:8;informational:46;navigational:2;commercial:31;transactional:13
Ventiladores Mondial Turbo,22,3037,83;99;100;96;95;98;99;52;61;61;63;62,task:2;informational:43;navigational:14;commercial:33;transactional:8
Ventiladores Carrefour,19,2101,74;100;100;53;51;50;44;45;56;58;79;83,task:2;informational:28;navigational:25;commercial:12;transactional:33
Armários para Vassouras,18,3463,100;53;54;55;53;55;55;52;56;57;53;53,task:2;informational:60;navigational:10;commercial:21;transactional:7
Aspiradores robô Xiaomi Mijia 3C Plus,20,4152,33;38;38;22;22;23;23;97;100;100;100;100,task:7;informational:47;navigational:4;commercial:33;transactional:9
Aspersórios de água benta,18,1620,23;25;26;26;38;39;39;100;100;99;100;99,task:8;informational:57;navigational:4;commercial:23;transactional:8
Climatizadores de Ar 2024,22,1631,43;52;58;55;74;75;73;97;93;100;85;85,task:3;informational:35;navigational:3;commercial:48;transactional:11
Jato de Areia — Máquinas e Acessórios,35,11493,20;26;27;75;77;79;78;100;100;100;100;99,task:2;informational:53;navigational:21;commercial:13;transactional:11
Sopradores elétricos Stihl,16,101,41;42;46;100;78;67;49;43;48;48;48;48,task:10;informational:49;navigational:5;commercial:18;transactional:18
Casa Organizada,39,5537,66;71;73;96;95;97;97;100;98;98;98;98,task:12;informational:72;navigational:5;commercial:6;transactional:5
Ventiladores com água,24,2979,31;37;38;42;96;97;100;60;75;77;83;79,task:2;informational:68;navigational:5;commercial:19;transactional:6
Aparadores em aço e inox,16,137,38;55;65;100;91;86;40;47;47;44;44;41,task:10;informational:45;navigational:4;commercial:37;transactional:4
Ar Condicionado Conforterm,21,2810,12;13;30;57;60;49;56;90;77;84;81;100,task:1;informational:52;navigational:27;commercial:16;transactional:4
Airfryer Multilaser,25,2736,58;67;45;42;55;56;54;100;84;84;86;86,task:2;informational:63;navigational:5;commercial:22;transactional:8
Aspiradores Nasais para Bebês,203,94153,46;46;48;93;80;80;80;99;100;100;100;100,task:3;informational:66;navigational:5;commercial:20;transactional:6
sprays de ambiente,19,676,38;88;100;77;77;73;57;69;71;92;88;99,task:8;informational:50;navigational:4;commercial:30;transactional:8
Espuma Mágica de Limpeza,24,19447,26;32;33;95;92;93;93;100;100;100;100;100,task:2;informational:57;navigational:5;commercial:17;transactional:19
Ventiladores de Mesa e Piso,15,160,23;30;31;32;43;46;54;100;80;20;19;20,task:3;informational:54;navigational:4;commercial:28;transactional:11
Secadores Arno Lissima,16,339,11;22;32;36;36;26;37;100;63;36;30;40,task:7;informational:53;navigational:18;commercial:15;transactional:7
Rodol - Produtos de Limpeza,17,3474,30;33;100;99;99;100;100;84;84;97;82;82,task:2;informational:65;navigational:15;commercial:10;transactional:8
Ventiladores Leroy Merlin,15,2566,30;43;44;43;46;47;39;59;81;85;95;100,task:3;informational:25;navigational:51;commercial:6;transactional:15
Mop Lava e Seca: Eletrodomésticos no Brasil,15,688,25;58;68;41;45;45;53;100;75;56;51;96,task:3;informational:57;navigational:2;commercial:21;transactional:17
Ar Condicionado Carrier,38,15805,38;43;45;48;100;100;100;90;91;91;91;91,task:2;informational:47;navigational:14;commercial:24;transactional:13
Sistemas de Ar e Compressores,18,507,51;57;57;53;54;55;55;100;100;94;95;95,task:3;informational:62;navigational:18;commercial:9;transactional:8
Aparadores e Mesas Extensíveis,15,251,7;49;100;64;9;9;26;30;30;47;48;39,task:7;informational:47;navigational:4;commercial:31;transactional:11
Compressores de Ar Schulz/Brabo,17,122,70;97;100;60;60;61;61;87;98;61;61;61,task:7;informational:48;navigational:11;commercial:21;transactional:13
Filtros de ar,18,3390,40;43;44;43;84;85;83;86;100;100;100;100,task:2;informational:56;navigational:10;commercial:24;transactional:8
Alicate e Descascadores de Fios,24,9241,63;71;77;77;76;78;78;100;87;87;87;87,task:2;informational:48;navigational:5;commercial:21;transactional:24
Escovas e massageadores capilares,43,19858,19;24;29;34;89;89;89;100;100;100;100;100,task:5;informational:47;navigational:4;commercial:35;transactional:9
Irrigadores Orais,47,27088,13;17;19;48;85;85;85;100;73;73;73;73,informational:53;navigational:4;commercial:31;transactional:12
Agitadores de máquina de lavar Brastemp,24,4432,58;68;37;43;89;91;91;100;95;95;98;96,informational:58;navigational:5;commercial:19;transactional:18
Lavadoras de alta pressão Karcher HD 585,41,8232,87;96;50;49;56;57;58;100;100;100;100;100,task:2;informational:38;navigational:13;commercial:17;transactional:30
Dispenser de Balas e Doces,15,38,31;100;87;38;38;42;80;43;42;37;36;39,task:17;informational:44;navigational:8;commercial:21;transactional:10
Encadernadoras e Acessórios,16,46,33;53;59;100;36;35;43;36;34;36;38;36,task:1;informational:47;navigational:39;commercial:12;transactional:1
Aparadores e Buffets 150 cm,15,941,6;29;33;27;27;17;35;94;100;96;88;87,task:7;informational:24;navigational:4;commercial:45;transactional:20
vaporizadores Mallory,15,277,6;52;68;35;58;59;32;100;77;56;45;50,task:7;informational:37;navigational:18;commercial:15;transactional:23
Mini Ventiladores Turbo,15,280,81;95;97;87;85;92;86;99;100;86;86;95,task:3;informational:48;navigational:12;commercial:18;transactional:19
Laboratório: Agitadores e Vórtices,20,858,39;42;41;100;100;100;100;86;73;73;73;73,task:2;informational:77;navigational:5;commercial:13;transactional:3
Borrifadores e Pulverizadores de Plástico,15,646,18;20;22;20;20;21;22;91;93;100;89;93,task:7;informational:52;navigational:4;commercial:26;transactional:11
Ventiladores na Amazon,15,386,18;36;60;24;23;22;50;100;75;52;55;58,task:7;informational:25;navigational:32;commercial:11;transactional:25
Climatizadores evaporativos,19,5171,37;42;43;24;99;100;100;94;94;94;94;94,task:8;informational:42;navigational:4;commercial:33;transactional:13
escovas de nylon,17,830,30;39;38;28;98;100;100;96;96;97;96;97,task:2;informational:66;navigational:5;commercial:24;transactional:3
Geladeiras com dispenser de água,18,1373,22;38;42;33;53;49;48;100;38;36;60;71,task:2;informational:60;navigational:4;commercial:28;transactional:6
Cantinho do Café: Móveis,17,3760,76;96;100;98;89;91;91;87;88;88;91;90,task:3;informational:32;navigational:38;commercial:22;transactional:5
Escovas para banheiro,24,4332,74;94;100;100;90;92;92;92;93;92;95;94,task:7;informational:45;navigational:5;commercial:28;transactional:15
Puxadores para Box,15,1841,67;98;100;97;92;97;91;95;98;98;98;97,task:10;informational:46;navigational:4;commercial:28;transactional:12
Ventiladores de teto com pás transparentes,17,752,18;54;59;41;42;44;31;76;61;100;90;100,task:3;informational:58;navigational:5;commercial:27;transactional:7
Secadoras de roupas no Brasil,127,49370,45;47;50;59;68;68;68;100;73;73;73;73,task:8;informational:42;navigational:6;commercial:35;transactional:9
Orbi Air - Limpeza de Ar Condicionado,20,946,29;30;31;31;64;65;65;100;85;85;85;85,task:5;informational:63;navigational:5;commercial:20;transactional:7
Ventoinhas e eletroventiladores de ar condicionado,23,7400,28;16;17;23;99;100;100;90;91;90;96;97,task:2;informational:69;navigational:2;commercial:14;transactional:13
Aromas para casa,29,12974,18;21;21;64;78;79;79;97;100;100;100;99,task:5;informational:33;navigational:4;commercial:48;transactional:10
Arrolhadores de garrafas,15,94,76;91;100;98;98;99;97;97;96;93;92;92,task:13;informational:36;navigational:1;commercial:28;transactional:22
Ferramentas pneumáticas,19,1684,29;35;36;58;58;62;59;97;100;100;99;99,task:7;informational:69;navigational:5;commercial:16;transactional:3
Purificadores Brastemp,67,20562,98;100;46;50;60;60;60;55;57;57;57;57,task:5;informational:39;navigational:16;commercial:25;transactional:15
Lavadoras de Roupa Portáteis,32,9822,92;97;100;45;43;43;43;42;45;45;45;44,task:2;informational:51;navigational:5;commercial:19;transactional:23
Escovas de Cabelo,18,1398,90;98;100;83;79;80;80;86;30;29;29;29,task:3;informational:65;navigational:5;commercial:22;transactional:5
Amassador de Latinhas,21,6598,39;51;53;57;99;100;100;85;83;83;84;84,task:2;informational:65;navigational:10;commercial:11;transactional:12
Retratores Farabeuf,20,2296,55;61;62;61;60;62;62;99;99;99;100;99,task:4;informational:74;navigational:4;commercial:16;transactional:2
Sopradores térmicos Black & Decker,15,480,26;29;30;82;86;81;47;52;62;100;100;98,task:3;informational:26;navigational:37;commercial:26;transactional:8
Babadores para adultos e idosos,15,313,48;67;69;67;65;70;100;54;56;54;54;53,task:10;informational:39;navigational:11;commercial:28;transactional:12
Vassouras de Mão,17,104,20;61;69;54;56;43;75;100;72;29;28;30,task:3;informational:53;navigational:1;commercial:32;transactional:11
Kärcher Lavadoras de Alta Pressão,47,19222,99;100;46;48;60;60;60;67;65;65;65;65,task:5;informational:42;navigational:4;commercial:18;transactional:31
Pufes e Puff Online,15,293,31;70;78;75;53;39;39;45;88;100;52;55,task:7;informational:19;navigational:38;commercial:18;transactional:18
Insetos Domésticos,19,680,99;100;64;73;58;58;58;56;56;56;56;56,task:8;informational:75;navigational:2;commercial:15
Aparelhos de Depilação e Aparadores de Pelos,24,6173,61;72;74;49;86;89;89;100;80;80;79;79,task:5;informational:47;navigational:4;commercial:28;transactional:16
Sopradores de Folhas Stihl,24,4935,88;98;100;51;51;52;51;60;57;57;57;57,task:2;informational:50;navigational:6;commercial:13;transactional:29
Pistolas Airless Graco,15,568,92;99;100;99;59;61;63;61;62;61;62;61,task:5;informational:49;navigational:2;commercial:29;transactional:15
Máquinas sem Caterpillar,17,86,69;100;100;77;75;80;80;82;83;79;79;79,task:7;informational:62;navigational:5;commercial:18;transactional:8
Ar Condicionado Portátil e Acessórios,17,830,42;50;51;40;47;35;34;36;46;100;91;51,task:7;informational:42;navigational:2;commercial:31;transactional:18
Atacado de Utensílios Domésticos,17,1145,49;63;64;88;86;99;100;84;89;90;76;75,task:5;informational:21;navigational:7;commercial:53;transactional:14
Máquinas de lavar e secar roupas,15,1423,27;79;84;55;67;48;49;99;85;89;89;100,task:2;informational:55;navigational:10;commercial:15;transactional:18
Aparadores Retrô,15,946,24;35;48;40;37;31;31;100;39;43;52;58,task:10;informational:44;navigational:5;commercial:25;transactional:16
Umidificadores com iluminação,18,208,57;65;71;67;100;92;74;84;83;56;55;62,task:7;informational:55;navigational:1;commercial:25;transactional:12
Limpeza de rejunte e rejuntes,23,2049,26;29;29;34;82;82;77;99;100;85;84;84,task:2;informational:68;navigational:5;commercial:16;transactional:9
Espumas de Limpeza,17,2814,30;36;36;35;96;96;96;100;100;96;96;96,task:8;informational:68;navigational:4;commercial:17;transactional:3
Corte de espuma pt,18,1551,51;56;63;96;100;100;100;96;96;95;93;92,task:26;informational:57;navigational:6;commercial:7;transactional:4
Carrinhos de Chá e Aparadores,15,794,23;34;41;33;30;32;39;59;53;100;84;66,task:7;informational:49;navigational:4;commercial:29;transactional:11
Esmerilhadeiras e Lixadeiras,50,24917,73;76;80;85;88;88;88;100;96;96;96;96,task:2;informational:56;navigational:4;commercial:23;transactional:15
Máquinas de Pipoca,27,6009,54;65;64;66;63;66;67;100;98;98;99;98,task:2;informational:54;navigational:5;commercial:25;transactional:14
Desentupidora Betim,15,71,87;92;100;84;84;85;85;79;80;80;80;80,task:1;informational:18;navigational:38;commercial:38;transactional:5
Rodo Mágico e Mop,19,2813,72;90;94;91;89;94;95;100;100;100;97;96,task:2;informational:35;navigational:23;commercial:30;transactional:10
Vibradores e acessórios eróticos,21,2759,52;75;79;80;89;95;94;96;99;99;100;99,task:7;informational:52;navigational:5;commercial:22;transactional:14
Atacarejo do Lar,15,905,47;100;91;87;83;91;85;86;86;86;88;87,task:7;informational:19;navigational:34;commercial:27;transactional:13
Secadores Mondial,17,1026,74;97;100;53;79;81;83;71;83;93;60;69,task:2;informational:59;navigational:10;commercial:19;transactional:10
Secadoras de roupas a gás,19,1337,35;49;54;48;48;46;39;82;53;55;53;100,task:1;informational:55;navigational:4;commercial:35;transactional:5
Vibradores e brinquedos sexuais,29,3446,65;86;90;89;90;95;95;100;97;97;97;96,task:5;informational:58;navigational:6;commercial:20;transactional:11
Exaustores 30 cm Ventisol,22,891,66;90;93;87;86;92;100;97;97;97;95;94,task:3;informational:25;navigational:39;commercial:20;transactional:13
Estopa e panos de limpeza,21,1638,68;77;44;50;98;100;100;93;89;89;90;90,task:2;informational:52;navigational:9;commercial:31;transactional:6
Ventiladores Polishop,16,1487,68;97;100;96;78;83;82;94;97;97;98;97,informational:35;navigational:43;commercial:11;transactional:11
Umidificadores Caseiros,25,5067,77;75;78;93;90;91;91;96;100;100;100;100,task:2;informational:78;navigational:2;commercial:10;transactional:8
Secadores de Cabelo Profissionais,254,145336,35;38;39;69;89;89;89;100;97;97;97;97,task:2;informational:42;navigational:1;commercial:39;transactional:16
Máquinas de Travete,21,1843,48;49;53;48;99;100;96;100;99;96;97;98,task:2;informational:63;navigational:6;commercial:15;transactional:14
Esponjas Mágicas para Limpeza,47,34359,14;17;22;83;98;98;98;100;100;100;100;100,task:5;informational:73;navigational:5;commercial:13;transactional:4
Ventiladores holográficos,15,352,68;97;98;93;92;100;93;82;77;77;77;76,task:7;informational:51;navigational:8;commercial:15;transactional:19
Escovas para portas,16,291,16;51;60;58;47;57;52;75;91;99;100;99,task:3;informational:49;navigational:4;commercial:28;transactional:16
Vaporesso e Vaporizadores,16,8288,88;98;100;97;92;93;93;95;87;87;87;87,task:2;informational:59;navigational:13;commercial:17;transactional:9
Filtros e Purificadores Electrolux,21,1086,81;83;92;100;94;99;99;92;90;90;94;94,task:3;informational:47;navigational:36;commercial:9;transactional:5
Máquinas de descascar fio,20,1963,91;100;64;76;76;80;81;97;99;100;98;98,task:5;informational:56;navigational:5;commercial:20;transactional:14
Empório da Limpeza - lojas e produtos de limpeza,15,516,19;27;100;81;37;58;55;32;31;48;48;85,informational:22;navigational:44;commercial:29;transactional:5
Lavadoras GE,19,1601,12;26;26;29;41;36;38;95;66;100;89;84,task:2;informational:52;navigational:15;commercial:21;transactional:10
Astoria Máquinas de Café,16,3489,36;43;43;42;96;97;97;100;98;98;98;98,task:3;informational:44;navigational:30;commercial:17;transactional:6
Secadores Gama Profissionais,37,6943,92;100;48;48;48;49;49;63;65;64;64;64,task:5;informational:38;navigational:15;commercial:34;transactional:8
Afastadores de Finochietto,18,739,91;98;99;94;94;95;96;98;98;97;97;100,task:2;informational:73;navigational:5;commercial:15;transactional:5
Puxadores de Armário,15,579,59;77;74;69;63;63;62;63;62;62;62;100,task:7;informational:39;navigational:8;commercial:34;transactional:12
Lavadoras de alta pressão,276,107601,34;32;34;100;61;61;61;65;59;59;59;59,task:1;informational:46;navigational:4;commercial:38;transactional:11
Britânia: Umidificadores e Purificadores de Ar,19,915,86;99;100;99;77;78;78;34;32;32;32;32,task:2;informational:37;navigational:27;commercial:24;transactional:10
Ejetores de Brigadeiros,18,3045,84;99;100;53;56;60;60;89;83;83;83;82,task:2;informational:55;navigational:10;commercial:22;transactional:11
Limpeza de Colchões,157,58955,94;97;98;99;97;97;97;100;100;100;100;100,task:12;informational:74;navigational:3;commercial:10;transactional:1
Depuradores de ar 80 cm preto,17,491,43;63;100;83;55;54;61;75;51;54;73;79,task:3;informational:25;navigational:4;commercial:47;transactional:21
Mata Moscas e Aparelhos Elétricos,22,11956,54;59;100;53;96;97;97;89;90;90;90;90,task:8;informational:54;navigational:4;commercial:28;transactional:6
Ventiladores Industriais e Domésticos Ventisol,27,6908,72;84;85;43;97;99;99;100;100;100;100;99,task:2;informational:33;navigational:17;commercial:20;transactional:28
Brastemp Coifa e Depuradores,29,3629,87;98;100;99;46;48;48;45;51;51;51;50,task:2;informational:38;navigational:26;commercial:18;transactional:16
Ar Condicionado Portátil Agratto,16,394,23;29;28;26;33;38;53;100;88;35;32;36,task:3;informational:32;navigational:32;commercial:14;transactional:19
Sopradores de folhas 3000W,18,181,43;52;54;49;48;59;56;100;95;55;52;56,task:7;informational:31;navigational:1;commercial:43;transactional:18
Coletor de secreção respiratória,16,894,40;58;55;66;66;71;49;100;83;52;52;52,task:2;informational:61;navigational:9;commercial:24;transactional:4
Máquinas de Lavar Roupa,1036,671917,53;52;62;71;94;94;94;100;99;99;99;99,task:5;informational:45;navigational:5;commercial:36;transactional:9
