name,prompts_count,volume,volume_trend,intents
Louça suja na pia,17,797,90;100;100;81;74;77;77;77;77;77;77;77,task:8;informational:75;navigational:5;commercial:7;transactional:5
Escovas para lavar louça,15,651,34;57;57;52;51;54;50;41;41;91;100;81,task:10;informational:47;navigational:5;commercial:23;transactional:15
Panelas para lava-louças,46,12385,26;32;49;62;93;94;95;94;100;100;100;100,task:5;informational:61;navigational:6;commercial:19;transactional:9
Limpeza de Louças e Placas,22,1370,59;80;82;81;83;83;84;88;92;100;92;91,task:10;informational:74;navigational:5;commercial:6;transactional:5
Lava-louças com função de higienizar,30,3674,24;33;43;72;78;74;74;100;72;73;84;85,task:2;informational:63;navigational:5;commercial:22;transactional:8
lava-louças 16 serviços,18,1621,33;39;44;40;74;74;77;89;77;72;68;100,task:2;informational:48;navigational:6;commercial:34;transactional:10
Sabão e Detergente para Lava-Louças,73,44030,17;19;24;83;100;100;100;97;78;78;78;77,task:2;informational:53;navigational:2;commercial:33;transactional:10
Lava-louças industriais,19,2718,39;48;50;44;91;95;96;100;93;93;93;92,task:5;informational:54;navigational:4;commercial:32;transactional:5
Lava-louças: guias e marcas,422,204827,37;38;53;71;100;100;100;84;69;69;69;69,task:2;informational:59;navigational:4;commercial:27;transactional:8
Lava-Louças Portátil,34,11938,92;100;49;44;39;39;39;43;43;43;43;43,task:5;informational:40;navigational:7;commercial:34;transactional:14
Luvas para lavar louça,21,2826,79;90;91;84;92;94;94;100;95;95;92;92,task:10;informational:53;navigational:3;commercial:26;transactional:8
Louças e porcelanas para casa,23,40236,27;28;29;93;99;99;99;100;100;100;100;100,task:2;informational:38;navigational:7;commercial:44;transactional:9
Lava-louças Brastemp,154,51660,36;37;42;70;76;76;76;100;83;83;83;83,task:2;informational:56;navigational:11;commercial:18;transactional:13
Lava-Louças e Máquinas de Lavar Louça (10 serviços),36,9666,50;53;25;100;28;29;29;27;27;27;27;27,task:5;informational:51;navigational:5;commercial:31;transactional:8
Buchas e Esponjas para Lavar Louça,32,7383,39;49;52;77;81;82;83;100;89;89;89;88,task:5;informational:50;navigational:5;commercial:30;transactional:10
Limpeza Eficiente,17,142,84;89;93;79;79;80;81;93;92;89;89;100,task:7;informational:74;navigational:5;commercial:10;transactional:4
Lava-Louças 14 Serviços,33,8435,85;91;44;45;71;72;72;100;62;62;62;61,task:2;informational:54;navigational:4;commercial:28;transactional:12
Lavagem de Carro,19,11567,100;98;51;49;83;84;83;85;85;85;85;85,task:2;informational:60;navigational:5;commercial:19;transactional:14
Melhores Lava-Louças,31,7659,29;38;42;65;93;86;85;96;100;100;100;100,informational:42;commercial:56;transactional:2
Detergentes para Lava-Louças,48,11159,10;12;20;30;50;51;50;89;99;100;100;100,task:2;informational:51;navigational:4;commercial:33;transactional:10
Lava-Louças (usados e usados/revendidos),18,1548,50;57;57;38;40;41;41;79;67;68;100;99,task:2;informational:60;navigational:5;commercial:17;transactional:16
Limpeza Fácil,17,604,27;32;36;43;40;40;41;28;43;100;43;43,task:8;informational:62;navigational:8;commercial:11;transactional:11
LG Lava-Louças,22,1671,54;67;70;65;73;74;75;100;73;84;80;77,task:4;informational:56;navigational:17;commercial:11;transactional:12
Limpeza de Cozinha,29,2080,51;55;67;94;84;75;77;83;100;100;97;97,task:4;informational:68;navigational:4;commercial:19;transactional:5
Limpeza Tudo,21,6790,27;28;34;100;99;99;99;99;100;100;99;99,task:2;informational:72;navigational:5;commercial:10;transactional:11
Lavanderia e Limpeza,16,243,86;87;86;89;86;87;87;87;100;100;100;100,task:5;informational:72;navigational:5;commercial:10;transactional:8
Bosch lava-louças,18,354,60;95;94;92;92;96;75;100;95;87;85;97,task:1;informational:49;navigational:10;commercial:34;transactional:6
Lava-louças Consul,25,3081,85;100;100;98;94;97;97;76;70;79;86;100,informational:51;navigational:15;commercial:16;transactional:18
Sabão Lava-Louças Unik,17,784,45;49;49;47;67;67;55;39;59;100;94;94,task:2;informational:43;navigational:15;commercial:23;transactional:17
Torneiras para lava-louças (cozinha),16,460,62;85;84;78;81;86;82;89;89;91;93;100,task:3;informational:49;navigational:4;commercial:29;transactional:15
Escorredores de Louças,15,517,40;57;58;51;45;49;66;61;57;38;37;100,task:10;informational:18;navigational:12;commercial:30;transactional:30
Limpeza de Sanduicheiras e Grills,28,4566,32;35;37;51;90;90;90;100;99;98;99;98,task:2;informational:89;navigational:3;commercial:4;transactional:2
Escorredores de louça,30,25566,81;81;86;100;79;79;79;94;78;78;78;78,task:2;informational:53;navigational:4;commercial:31;transactional:10
Finish: tabletes para lava-louças,22,1315,85;94;93;52;96;98;97;93;79;79;93;100,task:5;informational:32;navigational:13;commercial:40;transactional:10
Pastilhas para lava-louça,21,1807,76;85;86;49;51;53;53;100;92;93;92;92,task:2;informational:39;navigational:2;commercial:36;transactional:21
cozinha com lava-louças embutida,16,1095,73;85;88;59;79;79;78;63;67;67;92;100,task:2;informational:66;navigational:10;commercial:14;transactional:8
Conserto Lava-Louças,15,659,11;16;16;16;15;15;14;22;19;63;100;91,task:3;informational:38;navigational:9;commercial:26;transactional:24
limpmais limpeza,16,54,44;46;54;54;54;52;52;100;95;60;60;60,task:10;informational:28;navigational:10;commercial:40;transactional:12
lava-louças Tramontina,16,423,55;70;71;84;85;73;74;75;76;90;88;100,task:3;informational:29;navigational:41;commercial:11;transactional:16
lava-louças gourmand Brastemp,15,382,6;16;18;46;40;38;9;100;54;33;28;32,task:3;informational:41;navigational:31;commercial:16;transactional:9
Secantes e brilhos para lava-louças,36,12869,22;29;30;57;68;69;70;100;93;93;93;93,task:8;informational:53;navigational:4;commercial:29;transactional:6
Lava-louças Carrefour,16,2719,7;26;22;20;19;22;21;21;17;19;86;100,task:3;informational:26;navigational:29;commercial:15;transactional:27
Detergentes CIF para lava-louças,18,360,56;59;57;70;63;55;53;67;67;75;72;100,task:7;informational:36;navigational:8;commercial:32;transactional:17
Lava-louças Continental 14 serviços,16,935,12;80;100;54;52;19;16;29;21;26;24;95,task:3;informational:55;navigational:18;commercial:17;transactional:7
Lavanderias e Lavare,16,130,77;81;89;87;89;94;91;99;100;100;100;100,task:7;informational:41;navigational:7;commercial:40;transactional:5
Limpeza de Fogões,168,48653,64;67;71;89;97;97;97;95;100;100;100;100,task:2;informational:73;navigational:6;commercial:12;transactional:7
Lava-louças 6 serviços,25,2633,85;100;57;53;46;49;50;51;52;52;52;51,task:4;informational:53;navigational:4;commercial:28;transactional:11
Lava-louças e lavadoras compactas,24,929,73;100;71;62;68;56;55;73;66;76;64;69,task:2;informational:65;navigational:5;commercial:22;transactional:6
Brinquedos Lava-Louça Infantis,18,315,74;94;94;90;86;91;94;86;92;100;100;99,task:9;informational:57;navigational:1;commercial:21;transactional:12
Limpeza Doméstica e Higiene,36,12503,21;23;100;23;95;96;96;24;24;24;24;24,task:8;informational:70;navigational:3;commercial:7;transactional:12
Lava-louças Elettromec,15,198,51;53;53;51;51;53;53;70;68;100;91;58,informational:33;navigational:36;commercial:11;transactional:20
Mangueiras para Lava-Louças,16,658,21;42;43;27;39;29;43;37;34;100;86;92,task:5;informational:40;navigational:3;commercial:29;transactional:23
Bruxas da Limpeza,18,242,22;32;34;68;56;41;50;100;72;38;39;35,task:10;informational:60;navigational:8;commercial:17;transactional:5
Lavadoras e Lava-Louças Hisense,34,11699,12;19;21;30;87;89;89;96;100;100;99;100,task:2;informational:60;navigational:10;commercial:17;transactional:11
Lavadores de Copos,19,652,84;92;100;97;52;45;45;58;52;52;52;52,task:2;informational:47;navigational:19;commercial:24;transactional:8
Postos com Lava Rápido,19,2274,93;100;95;87;81;83;83;82;83;83;80;79,task:2;informational:48;navigational:25;commercial:19;transactional:6
Mops e Vassouras,16,427,44;60;57;46;79;61;52;73;69;46;63;100,task:3;informational:44;navigational:13;commercial:23;transactional:17
LG Lava e Seca,112,32728,48;50;54;58;83;83;83;100;83;83;83;83,task:2;informational:43;navigational:18;commercial:19;transactional:18
Louças e Sanitários Brasil,19,1072,24;27;28;39;100;100;95;67;64;39;39;58,task:1;informational:23;navigational:29;commercial:39;transactional:8
Lava-Louças Brastemp e Eletrodomésticos,19,641,21;48;55;53;74;78;77;68;69;100;82;82,task:1;informational:38;navigational:37;commercial:15;transactional:9
Faxina em casa,27,2240,55;64;60;99;100;91;91;100;86;86;86;86,task:2;informational:80;navigational:5;commercial:10;transactional:3
limpeza multiuso,18,4234,22;28;53;57;95;94;95;96;100;100;98;98,task:8;informational:52;navigational:2;commercial:34;transactional:4
Finish Lava Louças e Powerball,20,4016,67;87;92;93;92;95;96;97;99;99;100;100,task:3;informational:62;navigational:7;commercial:18;transactional:10
Lavanderia e Passar Roupas,16,233,87;91;100;99;99;99;100;98;100;100;100;100,task:5;informational:53;navigational:9;commercial:22;transactional:11
lava-louças Philco,25,1815,74;98;100;97;77;81;85;78;86;85;87;86,task:1;informational:47;navigational:24;commercial:12;transactional:16
Lava-louças e Electrolux,15,451,2;33;45;27;17;14;21;100;92;38;34;42,task:7;informational:64;navigational:8;commercial:18;transactional:3
Britânia Lava-Louças,16,202,12;16;18;17;33;21;17;27;24;100;83;18,task:3;informational:40;navigational:35;commercial:15;transactional:7
Detergentes e Buchas,15,156,66;94;100;98;74;65;63;75;74;80;69;67,task:3;informational:60;navigational:8;commercial:12;transactional:17
Limpeza de máquinas,18,1041,18;20;28;38;51;51;51;95;95;100;100;99,task:2;informational:68;navigational:5;commercial:15;transactional:10
Limpeza de Inox,28,9213,27;32;55;93;92;94;93;100;78;78;79;78,task:4;informational:64;navigational:4;commercial:18;transactional:10
Lava-louças Midea no Brasil,59,19334,46;52;58;89;62;62;62;99;100;100;100;100,task:2;informational:55;navigational:4;commercial:20;transactional:19
Limpeza de Máquina de Lavar,160,58643,69;69;75;88;88;88;88;99;100;100;100;100,task:3;informational:77;navigational:5;commercial:8;transactional:7
Detergentes Ype para Lava-Louças,19,706,85;100;100;74;74;78;76;87;67;71;71;70,task:2;informational:34;navigational:32;commercial:25;transactional:7
Lavanderia Brilhante,18,513,82;41;40;100;100;99;99;100;99;99;99;99,task:3;informational:51;navigational:30;commercial:12;transactional:4
Higiene das Mãos,27,3890,29;37;38;41;66;69;69;96;100;98;100;100,informational:82;navigational:4;commercial:4;transactional:10
Passar Roupas e Lavanderia,39,12113,36;25;25;64;91;92;92;100;99;99;99;99,task:26;informational:59;navigational:3;commercial:8;transactional:4
Lavanderias do Brasil,17,1128,37;39;32;27;22;22;24;91;100;100;100;100,task:2;informational:68;navigational:15;commercial:10;transactional:5
Detergentes Limpol Brasil,21,7430,81;90;92;91;95;98;98;98;99;100;100;100,task:2;informational:30;navigational:27;commercial:18;transactional:23
Suportes e bases para lava-louças,15,1967,61;89;90;87;83;89;90;90;93;100;91;90,task:10;informational:43;navigational:5;commercial:34;transactional:8
Veja limpadores desengordurantes,35,5106,46;61;62;71;99;100;100;74;69;70;70;69,task:5;informational:47;navigational:4;commercial:36;transactional:8
escovas de lavar roupas,19,3773,74;86;89;45;92;93;93;97;100;100;99;98,task:2;informational:64;navigational:2;commercial:22;transactional:10
Sabão Jua e Desinfetante,15,199,68;82;100;89;96;89;82;82;85;85;86;88,task:10;informational:63;navigational:5;commercial:15;transactional:7
Camicado: louças e jogos de jantar,15,569,78;100;100;90;86;88;86;89;83;77;77;78,task:7;informational:18;navigational:41;commercial:11;transactional:23
Tanques de Louça Deca,21,1186,71;100;100;91;88;94;94;94;96;96;98;96,task:3;informational:37;navigational:26;commercial:19;transactional:15
Lavadoras de roupas,17,774,36;74;82;68;41;51;53;41;64;84;56;100,task:7;informational:37;navigational:10;commercial:18;transactional:28
Lava-louças Electrolux Blue Touch,20,1210,30;47;52;47;45;42;45;70;67;76;100;86,task:3;informational:31;navigational:38;commercial:16;transactional:12
Lava-louças Panasonic,20,1293,68;79;83;79;77;86;85;100;54;82;68;94,task:5;informational:61;navigational:10;commercial:16;transactional:8
Lava-louças 8 serviços 220V,19,721,49;72;70;66;66;62;61;97;94;100;81;91,task:3;informational:41;navigational:4;commercial:39;transactional:13
Lavar roupas à mão,34,7471,97;100;99;93;86;87;87;88;89;89;87;87,task:6;informational:81;navigational:3;commercial:5;transactional:5
Lava Rápido de Carros no Brasil,15,555,46;69;71;66;66;78;87;100;88;63;59;58,task:3;informational:53;navigational:5;commercial:32;transactional:7
Limpeza doméstica,26,2024,44;52;53;53;98;100;99;65;63;63;64;64,task:2;informational:60;navigational:5;commercial:17;transactional:16
Lavadeiras e Lavandeiros do Brasil,19,1937,70;100;100;92;67;69;69;46;44;42;41;42,task:2;informational:63;navigational:16;commercial:7;transactional:12
Instalação e Nicho de Lava-Louças,22,2094,89;93;98;89;76;77;76;66;76;77;95;100,task:2;informational:76;navigational:5;commercial:8;transactional:9
Máquinas de Lavar Roupas,24,2285,35;37;37;47;47;53;52;100;89;69;68;86,task:5;informational:72;navigational:5;commercial:10;transactional:8
Lavagem de Tapetes,68,17870,76;88;85;96;93;94;94;97;100;100;100;100,task:2;informational:64;navigational:5;commercial:19;transactional:10
Lavanderias Lavamais,15,106,77;89;91;100;92;97;96;100;95;95;95;95,informational:30;navigational:45;commercial:22;transactional:3
Produtos de Limpeza,86,77750,26;26;40;47;55;55;55;100;91;91;91;91,task:2;informational:52;navigational:5;commercial:32;transactional:9
Veja Limpeza: Produtos de Limpeza,33,9933,53;62;67;78;82;83;83;100;98;98;98;98,task:3;informational:25;navigational:35;commercial:24;transactional:13
Lava-louças Compactas e Instalação,45,12635,70;78;80;84;99;100;100;95;94;94;94;94,task:5;informational:68;navigational:5;commercial:18;transactional:4
limpeza de vaso sanitário,112,31185,91;93;97;100;98;99;99;97;100;100;100;100,task:3;informational:78;navigational:5;commercial:11;transactional:3
Lava-louças Samsung no Brasil,33,7829,85;97;100;100;99;100;100;88;93;93;91;90,task:5;informational:37;navigational:21;commercial:20;transactional:17
Limpeza de casas sujas,16,168,29;28;100;28;16;19;18;14;14;14;14;14,task:8;informational:80;navigational:5;commercial:5;transactional:2
Limpeza de Azulejos da Cozinha,34,4116,68;78;77;74;70;70;70;80;100;94;80;80,task:8;informational:80;navigational:5;commercial:5;transactional:2
Detergente Caseiro: Receitas e Dicas,32,4031,55;62;100;100;54;56;56;65;77;77;77;76,task:2;informational:79;navigational:6;commercial:5;transactional:8
Lava-louças Brastemp 14 Serviços,17,689,62;76;78;71;70;68;66;67;77;86;95;100,task:5;informational:59;navigational:10;commercial:15;transactional:11
limpeza de forno elétrico,41,9869,29;31;38;86;99;100;100;56;56;56;57;56,task:8;informational:80;navigational:3;commercial:7;transactional:2
Lava-louças Hobart,18,3127,89;95;96;100;89;91;91;100;99;99;98;98,task:3;informational:63;navigational:17;commercial:12;transactional:5
Faxina e Limpeza de Casa,47,20669,63;75;83;83;72;73;73;98;100;100;100;100,task:12;informational:71;navigational:4;commercial:11;transactional:2
Lava Rápido Brasil,83,83865,100;58;58;84;79;79;79;79;75;75;75;75,task:8;informational:40;navigational:15;commercial:22;transactional:15
Faxina Mil Grau,15,479,27;32;33;30;65;68;69;100;99;86;86;85,task:7;informational:30;navigational:25;commercial:18;transactional:20
Limpeza de Banheiro,108,32463,95;97;98;96;92;93;93;98;100;100;100;100,task:12;informational:72;navigational:5;commercial:10;transactional:1
Limpa Vidros,19,284,43;53;100;34;100;89;89;54;41;48;42;42,task:2;informational:64;navigational:5;commercial:21;transactional:8
Veja limpeza doméstica,16,521,23;39;67;60;60;52;43;76;96;100;76;77,task:3;informational:33;navigational:38;commercial:22;transactional:4
Porta e cestos de talheres para lava-louças,18,638,19;28;30;29;37;40;35;74;60;100;90;95,task:7;informational:36;navigational:11;commercial:32;transactional:14
Lavado: sinônimos e significados,19,6324,91;94;24;93;93;94;94;100;100;100;100;100,informational:80;navigational:2;commercial:10;transactional:8
Baldes de água e itens molhados,19,1826,25;26;28;27;27;31;31;100;100;100;100;100,task:7;informational:75;navigational:5;commercial:10;transactional:3
Água sanitária e limpeza,41,30374,15;67;85;90;96;97;96;100;100;100;100;100,task:7;informational:62;navigational:4;commercial:16;transactional:11
Estopa e panos de limpeza,21,1638,68;77;44;50;98;100;100;93;89;89;90;90,task:2;informational:52;navigational:9;commercial:31;transactional:6
Produtos de limpeza Veja,15,167,17;100;100;97;100;41;41;54;23;23;23;45,task:4;informational:30;navigational:34;commercial:28;transactional:4
Balde e lavadora de roupas,21,527,87;100;100;58;57;64;74;81;45;45;43;43,task:8;informational:75;navigational:2;commercial:10;transactional:5
Casa do Lavador - Lavação Automotiva Brasil,15,657,37;48;48;47;82;100;83;53;58;57;49;49,task:3;informational:18;navigational:64;commercial:10;transactional:5
Lavanderias Clean Brasil,16,314,65;83;88;86;85;85;85;88;100;100;95;95,task:3;informational:24;navigational:37;commercial:28;transactional:8
Lavanderias em Belo Horizonte,15,52,88;96;93;93;100;96;91;88;80;80;80;80,task:1;informational:28;navigational:32;commercial:28;transactional:11
Lavadoras e Secadoras LG,19,2045,43;54;57;48;47;47;47;100;60;68;56;64,task:2;informational:36;navigational:10;commercial:36;transactional:16
Dr Lava Tudo - Limpeza e Serviços,18,1120,62;90;94;87;87;91;92;91;98;98;100;97,task:7;informational:27;navigational:29;commercial:22;transactional:15
Panos de Limpeza,20,5116,43;47;41;47;29;30;30;98;100;100;99;99,task:5;informational:59;navigational:5;commercial:20;transactional:11
Lavacar Londrina,15,186,10;11;12;12;100;12;16;13;12;23;20;20,task:3;informational:33;navigational:31;commercial:29;transactional:4
escovas de mão,15,161,30;79;100;79;48;40;36;44;44;40;40;40,task:7;informational:45;navigational:4;commercial:28;transactional:16
Louças Maison Blanche,15,150,75;100;99;93;71;54;54;76;72;52;52;51,task:7;informational:33;navigational:42;commercial:10;transactional:8
Lavagem de roupas íntimas,43,7159,90;95;85;90;91;92;92;100;89;89;89;89,task:5;informational:80;navigational:2;commercial:6;transactional:7
Tapetes e Escorredores de Louça,16,931,72;97;98;96;78;93;94;98;98;99;100;99,task:3;informational:36;navigational:5;commercial:35;transactional:21
Pratos e Talheres: Utensílios de Cozinha,15,134,81;91;100;87;79;90;85;95;93;87;87;89,task:10;informational:53;navigational:4;commercial:22;transactional:11
Limpeza de fogões com vidro,33,7089,100;96;99;100;95;95;95;98;96;96;97;97,task:2;informational:83;navigational:5;commercial:8;transactional:2
TCL lava e seca,19,4113,14;30;32;30;64;64;64;80;70;67;66;100,task:2;informational:58;navigational:23;commercial:12;transactional:5
Limpeza de Air Fryer,76,32739,34;36;43;54;84;84;84;100;100;100;100;100,task:12;informational:79;navigational:3;commercial:5;transactional:1
Higiene e Lavagem das Mãos,162,69627,100;95;93;89;89;89;89;88;90;90;90;90,task:2;informational:73;navigational:11;commercial:10;transactional:4
Pratos de Pedra-Sabão,15,1357,29;32;32;31;29;30;30;70;67;100;100;91,task:8;informational:54;navigational:4;commercial:28;transactional:6
Limpeza de Alumínio e Panelas,67,15387,52;56;65;82;89;90;90;93;100;100;100;100,task:2;informational:80;navigational:5;commercial:10;transactional:3
Bolas/Esferas para Lavar Roupas,30,2511,23;27;27;74;98;100;97;82;93;93;93;93,task:8;informational:55;navigational:4;commercial:22;transactional:11
Lavadoras Wanke,36,5868,51;57;58;28;59;61;63;89;100;100;98;97,task:2;informational:43;navigational:35;commercial:13;transactional:7
Cozinha em casa,26,3279,25;66;65;70;68;69;69;92;100;100;98;98,task:12;informational:72;navigational:3;commercial:5;transactional:8
Tanquinho Latina,16,287,23;64;72;52;52;61;37;80;66;100;87;27,task:7;informational:42;navigational:18;commercial:21;transactional:12
Área gourmet com lavanderia,23,4638,87;100;88;62;46;48;48;49;51;51;51;51,task:12;informational:74;navigational:4;commercial:8;transactional:2
Lavacar Brasil,16,3015,75;100;93;69;70;72;73;75;81;80;80;79,task:3;informational:24;navigational:40;commercial:25;transactional:8
Limpeza de Sofás e Estofados,265,183019,99;99;99;100;82;82;82;49;51;51;51;51,task:3;informational:73;navigational:5;commercial:14;transactional:5
Louças Rosa e Pratos,15,601,76;92;91;88;84;98;100;85;83;83;87;86,task:7;informational:47;navigational:11;commercial:23;transactional:12
Luvas de Limpeza,31,4231,86;100;52;57;58;62;64;82;89;89;89;88,task:8;informational:47;navigational:1;commercial:34;transactional:10
Porcelana e Utensílios de Cozinha,17,4490,33;14;15;94;98;100;100;96;98;98;97;97,task:2;informational:66;navigational:5;commercial:21;transactional:6
Guarda-louças para cozinha,17,3369,100;58;61;59;90;94;95;93;98;98;94;93,task:2;informational:50;navigational:2;commercial:37;transactional:9
Limpeza e Desinfecção,71,22512,96;99;100;98;90;90;90;88;93;92;92;92,task:5;informational:71;navigational:2;commercial:13;transactional:9
Enxoval e jogos de cama Lavive,15,545,68;95;100;93;80;80;79;87;88;88;75;74,informational:27;navigational:49;commercial:9;transactional:15
Escorredores de louça no Shopee,15,606,49;63;62;57;58;63;63;49;91;100;49;50,task:3;informational:18;navigational:35;commercial:11;transactional:33
Limpeza de Sofás,15,50,37;37;46;42;55;53;37;66;35;100;35;36,task:10;informational:43;navigational:1;commercial:34;transactional:12
Desengordurantes e Limpeza de Cozinha,17,536,64;80;100;100;71;72;72;41;82;84;41;41,task:2;informational:68;navigational:5;commercial:18;transactional:7
lava-louças Brastemp 8 serviços preta,16,727,9;43;53;51;51;35;39;80;69;100;89;94,task:7;informational:32;navigational:31;commercial:21;transactional:9
Limpeza Pós-Obra,52,21685,42;49;69;65;89;89;89;100;86;86;86;86,task:12;informational:61;navigational:3;commercial:21;transactional:3
Limpeza de Vidros,213,88492,89;94;94;94;88;88;88;100;100;100;100;100,task:5;informational:70;navigational:5;commercial:14;transactional:6
Top Clean: Limpeza e Lavanderia no Brasil,15,286,39;45;100;90;96;50;48;55;67;69;53;53,task:3;informational:53;navigational:8;commercial:32;transactional:4
Limpeza de Box de Banheiro,62,31714,55;59;59;62;71;71;71;99;100;100;100;100,task:8;informational:80;navigational:2;commercial:6;transactional:4
Lava Rápido Sorocaba,15,272,57;71;71;70;64;68;67;100;60;59;71;67,task:3;informational:18;navigational:40;commercial:34;transactional:5
Louças e Pratos Biona,15,820,37;54;54;47;42;44;44;41;88;100;66;56,task:3;informational:26;navigational:43;commercial:12;transactional:16
Pratos e Porcelana,62,41510,51;52;54;76;76;76;76;100;100;100;100;100,task:5;informational:45;navigational:4;commercial:34;transactional:12
Higiene e Segurança Alimentar,31,4512,98;99;97;100;94;99;96;86;87;87;87;87,task:4;informational:80;navigational:5;commercial:7;transactional:4
All Banho: Louças e Metais Sanitários,15,525,25;35;38;37;37;40;53;52;62;58;54;100,task:7;informational:18;navigational:46;commercial:17;transactional:12
Lava-louças Electrolux LL08B,19,377,17;19;20;59;59;100;57;47;45;70;65;71,task:3;informational:34;navigational:45;commercial:9;transactional:9
Lavanderia e serviços de lavanderia,15,220,13;14;18;40;74;36;30;16;16;17;17;100,task:3;informational:45;navigational:30;commercial:17;transactional:5
Limpeza de chapa de lanche e fogão a lenha,36,3468,55;62;62;73;91;92;92;100;96;98;96;96,task:2;informational:74;navigational:3;commercial:16;transactional:5
Limpadores/Desengordurantes para Fogão,24,4161,15;18;23;53;62;62;62;86;99;100;88;88,task:2;informational:68;navigational:3;commercial:16;transactional:11
Lava-louças Brastemp 8 serviços,20,984,37;59;65;61;59;57;58;54;100;77;57;56,task:3;informational:53;navigational:12;commercial:20;transactional:12
Anúncios de lava-louças no OLX,15,169,46;65;81;100;92;74;48;80;62;62;58;63,task:1;informational:11;navigational:67;commercial:4;transactional:17
Tudo Limpinho: Produtos de Limpeza,18,1814,46;52;87;96;100;89;89;90;91;92;88;87,task:2;informational:43;navigational:40;commercial:10;transactional:5
Casa: vassouras e armários,18,2292,30;34;55;63;83;84;83;94;99;91;87;100,task:2;informational:48;navigational:5;commercial:25;transactional:20
Etiqueta à mesa e talheres,57,9780,97;100;97;85;94;95;95;93;98;98;98;97,task:8;informational:79;navigational:5;commercial:5;transactional:3
Limpeza de Máquina e Bijuterias,20,1798,40;43;42;51;50;51;51;95;100;100;100;100,task:10;informational:70;navigational:5;commercial:5;transactional:10
Produtos de limpeza e saneantes,166,113019,58;59;66;96;95;95;95;100;100;100;100;100,task:2;informational:69;navigational:5;commercial:16;transactional:8
Lavagem de Carro Expresso,15,290,52;63;62;64;67;80;76;65;71;69;69;100,task:3;informational:18;navigational:4;commercial:67;transactional:8
Produtos para lavanderia,21,1963,17;20;24;86;100;100;100;98;93;93;95;95,task:2;informational:51;navigational:2;commercial:35;transactional:10
Rodol - Produtos de Limpeza,17,3474,30;33;100;99;99;100;100;84;84;97;82;82,task:2;informational:65;navigational:15;commercial:10;transactional:8
Limpeza no Brasil,18,11311,28;33;34;20;19;20;21;97;100;100;100;99,task:5;informational:64;navigational:8;commercial:13;transactional:10
Organização de lavanderia e área de serviço,17,1681,69;91;93;100;90;94;100;91;92;92;86;85,task:10;informational:64;navigational:5;commercial:15;transactional:6
Casa Clean - Produtos de Limpeza,15,155,75;65;68;67;67;100;94;76;76;72;72;72,task:1;informational:18;navigational:45;commercial:33;transactional:3
escorredor de talheres,15,32,9;61;75;62;69;77;67;14;14;100;14;14,task:3;informational:67;navigational:5;commercial:15;transactional:10
Louças e pratos Nadir Opaline,20,1349,22;36;37;34;42;45;43;41;43;56;100;95,task:7;informational:31;navigational:19;commercial:30;transactional:13
Lava-louças Brastemp 10 serviços,20,792,58;91;93;100;96;97;93;92;94;94;94;93,task:3;informational:54;navigational:18;commercial:17;transactional:8
Lavagens de Carros em Itu,15,329,33;39;41;38;63;40;38;100;90;51;51;45,task:5;informational:53;navigational:14;commercial:22;transactional:6
CIF Desengordurante: Limpeza de Cozinha,21,8619,29;32;33;60;49;51;51;96;99;99;100;100,task:8;informational:65;navigational:2;commercial:21;transactional:4
Tanques de lavanderia,121,43669,38;80;44;59;100;100;100;100;54;54;54;54,task:4;informational:54;navigational:4;commercial:28;transactional:10
Lava Jato Americana,15,454,90;92;92;98;95;100;98;92;91;93;93;97,task:2;informational:41;navigational:25;commercial:21;transactional:11
"Lavadoras Consul: limpeza, filtros e manchas",30,2247,90;91;92;100;96;95;95;82;88;89;90;89,task:2;informational:83;navigational:5;commercial:8;transactional:2
Limpeza com Bombril,18,3480,68;88;89;97;97;100;100;84;84;82;82;82,task:5;informational:75;navigational:2;commercial:10;transactional:8
Esfregadeiras e tábuas de lavar roupas,15,656,25;59;68;42;42;26;30;100;79;61;57;65,task:5;informational:63;navigational:2;commercial:22;transactional:8
Sabão de Pedra,20,7009,23;27;27;15;39;40;40;90;100;100;100;100,task:2;informational:68;navigational:6;commercial:20;transactional:4
Alleanza Cerâmica e Louças,16,1818,83;98;99;98;95;100;100;54;56;56;56;55,task:2;informational:48;navigational:32;commercial:12;transactional:6
Lavanderias Lavamatic,16,174,77;93;100;95;89;88;88;94;93;90;90;90,task:3;informational:32;navigational:49;commercial:8;transactional:8
Cozinha Organizada,22,1899,27;30;31;48;99;99;100;89;100;99;99;99,task:1;informational:49;navigational:30;commercial:16;transactional:4
Proclean Limpeza,15,205,72;79;85;83;89;100;95;91;93;93;93;93,task:3;informational:25;navigational:46;commercial:11;transactional:15
Casa e Panelas,18,795,89;100;100;50;49;50;50;49;49;49;49;49,task:2;informational:54;navigational:10;commercial:24;transactional:10
Lavagem de Carro a Domicílio,16,326,95;100;85;66;50;50;50;51;47;46;46;46,task:10;informational:42;navigational:5;commercial:18;transactional:25
Tigelas para Sopa,19,1373,75;85;85;51;67;70;82;100;90;90;91;91,task:5;informational:51;navigational:12;commercial:28;transactional:4
Kits de lavanderia,15,693,23;34;38;40;38;26;39;76;84;100;87;87,task:7;informational:51;navigational:1;commercial:31;transactional:10
Luvas de cozinha,47,10989,60;31;33;51;100;100;100;83;86;86;86;85,task:5;informational:52;navigational:4;commercial:29;transactional:10
Área de Serviço e Lavanderia,58,20674,58;98;79;100;82;82;82;73;71;71;71;71,task:5;informational:65;navigational:10;commercial:14;transactional:6
Esponjas e vassouras com cabo,18,299,37;53;54;68;73;64;76;43;44;100;95;56,task:10;informational:60;navigational:5;commercial:18;transactional:7
Lavanderias em Cascavel,15,137,57;65;70;100;100;62;60;52;49;54;52;52,informational:45;navigational:10;commercial:40;transactional:5
Esponjas e buchas para lavar banheiro,18,318,25;42;60;78;92;100;93;75;82;53;52;53,task:5;informational:36;navigational:4;commercial:44;transactional:11
Limpeza de Porcelanato,73,23781,66;66;68;83;100;100;100;97;98;98;98;97,task:3;informational:77;navigational:4;commercial:10;transactional:6
Lavadoras/Tanquinhos Rosa,15,824,31;54;59;45;44;53;45;84;44;45;82;100,task:1;informational:63;navigational:12;commercial:17;transactional:7
Vassouras e Limpeza Doméstica,43,55811,13;15;16;91;94;94;94;99;100;100;100;100,task:8;informational:55;navigational:4;commercial:23;transactional:10
Lav Sec Lavanderias,15,141,56;94;100;91;90;73;71;77;80;80;80;80,task:3;informational:28;navigational:22;commercial:35;transactional:12
Quadro de Recados,16,38,6;9;10;51;63;8;19;100;8;8;8;8,task:3;informational:47;navigational:17;commercial:29;transactional:4
Lavanderias Brasil,15,199,28;31;32;67;42;44;43;100;98;73;74;73,task:7;informational:18;navigational:33;commercial:30;transactional:12
Produtos de Limpeza para Banheiro,48,20171,64;68;71;88;94;94;94;100;99;99;99;98,task:2;informational:58;navigational:5;commercial:24;transactional:11
limpeza de inox e panelas queimadas,194,61201,86;97;100;99;96;97;97;97;98;98;98;98,task:5;informational:76;navigational:3;commercial:8;transactional:8
Limpeza e Desentupimento de Chuveiros,42,13051,36;42;47;60;92;93;93;95;100;100;100;100,task:5;informational:69;navigational:5;commercial:11;transactional:10
Maridão – Produtos de Limpeza,21,1667,33;34;35;53;98;100;100;72;94;100;93;93,task:2;informational:53;navigational:30;commercial:10;transactional:5
Lavagem a Seco de Estofados,38,8701,37;48;61;68;98;100;100;94;91;91;91;91,task:5;informational:58;navigational:1;commercial:28;transactional:8
Mop e Acessórios de Limpeza,99,51253,62;63;68;76;90;90;90;93;100;100;100;100,task:5;informational:34;navigational:4;commercial:31;transactional:26
Tide: Sabão e Detergentes para Lava-Roupas,22,5669,31;35;36;24;38;39;39;100;93;93;94;94,task:5;informational:60;navigational:2;commercial:25;transactional:8
limpeza de vidros com esponjas,23,4997,32;17;23;29;99;100;100;58;61;62;61;61,task:5;informational:75;navigational:2;commercial:12;transactional:6
Panelas e Utensílios de Cozinha,15,657,69;91;95;93;93;91;100;96;96;96;100;99,task:10;informational:38;navigational:7;commercial:37;transactional:8
"Baldes, Mops e Esfregões",18,935,66;87;87;82;79;87;87;100;83;83;79;79,task:7;informational:50;navigational:4;commercial:24;transactional:15
Veja Limpeza com Álcool,17,655,65;71;96;91;96;74;66;61;58;58;97;100,task:2;informational:60;navigational:15;commercial:17;transactional:6
Lavagem de Carros Top,15,371,90;94;100;74;74;76;76;75;84;84;84;83,task:2;informational:10;navigational:28;commercial:52;transactional:8
Escovas para pia e cozinha,15,172,18;54;50;49;42;19;26;89;100;29;23;24,task:7;informational:50;navigational:1;commercial:29;transactional:13
wap limpeza e detergentes,35,5175,35;41;31;44;79;80;80;97;93;95;100;100,task:2;informational:52;navigational:4;commercial:30;transactional:12
Samsung Lava e Seca: Limpeza e Manutenção,28,6788,26;38;43;50;49;47;47;100;91;98;97;96,task:2;informational:82;navigational:5;commercial:9;transactional:2
Móveis para Lava-Louças e Máquina de Lavar,16,1514,85;100;99;56;60;62;63;43;48;48;48;47,task:8;informational:67;navigational:2;commercial:19;transactional:4
Lavagem de Caminhões,21,3048,73;85;91;80;83;87;88;100;86;85;84;83,task:13;informational:58;navigational:2;commercial:22;transactional:5
Vanish e limpeza de manchas,17,198,81;84;88;100;86;86;86;87;87;87;87;87,task:3;informational:53;navigational:2;commercial:20;transactional:22
Conjuntos de Pratos eXícaras,17,260,45;88;81;59;55;54;54;100;84;48;47;49,task:4;informational:27;navigational:4;commercial:48;transactional:17
Termos de lavagem de roupas (quarar),24,3077,66;69;69;69;72;73;73;92;100;100;100;100,task:1;informational:89;navigational:5;commercial:3;transactional:2
Panelas de Pedra Sabão,90,86485,19;19;20;63;90;90;90;99;100;100;100;100,task:5;informational:36;navigational:15;commercial:32;transactional:12
Utilita Cozinha,15,177,20;100;100;31;34;36;33;32;28;84;99;31,task:7;informational:28;navigational:40;commercial:20;transactional:5
Lavanderias de Qualidade,15,401,73;88;87;82;78;100;99;94;100;97;93;92,task:7;informational:42;navigational:10;commercial:36;transactional:5
Escovas de Limpeza,22,1650,55;73;74;84;95;100;100;77;78;78;80;79,task:2;informational:72;navigational:5;commercial:17;transactional:4
Máquinas de Lavar Roupa,1020,671917,53;52;62;71;94;94;94;100;99;99;99;99,task:5;informational:45;navigational:5;commercial:36;transactional:9
Lavatórios de Inox,15,202,25;28;30;28;29;28;25;24;25;100;99;93,task:7;informational:49;navigational:5;commercial:25;transactional:14
Lavanderias Ecolav,15,1872,29;33;33;32;32;33;33;99;99;100;100;99,task:2;informational:23;navigational:17;commercial:53;transactional:5
Máquinas de Lavar e Secar,324,230136,37;37;41;53;97;97;97;100;97;97;97;97,task:8;informational:37;navigational:5;commercial:38;transactional:12
Pastas de Limpeza,20,1476,19;25;25;62;68;68;66;100;98;98;98;99,task:2;informational:68;navigational:3;commercial:15;transactional:12
Magazine Luiza e eletrodomésticos,17,558,28;66;77;38;51;59;63;100;62;37;43;48,task:2;informational:32;navigational:38;commercial:12;transactional:16
Lavanderias em São Paulo,15,600,67;96;100;97;88;92;95;87;87;85;86;85,task:3;informational:41;navigational:14;commercial:32;transactional:10
Lava-louças Electrolux 14 serviços,15,805,32;37;39;39;56;57;58;67;69;92;98;100,task:7;informational:43;navigational:4;commercial:26;transactional:20
Inox e aço: manchas e riscos,31,4309,92;93;91;100;92;93;94;99;99;99;100;100,task:8;informational:80;navigational:5;commercial:5;transactional:2
Lavanderia com Rodinhas,15,945,3;26;31;25;32;42;27;55;43;100;92;82,task:5;informational:58;navigational:18;commercial:12;transactional:7
Netter Lava-Louças e Lavadoras,15,110,100;45;49;41;41;42;42;35;35;59;51;34,task:2;informational:49;navigational:27;commercial:16;transactional:6
Produtos Químicos de Limpeza,17,427,29;29;30;34;74;74;74;100;44;44;44;44,task:8;informational:46;navigational:4;commercial:33;transactional:9
Lixeiras e Lixo Doméstico,23,3864,69;93;99;99;95;97;99;97;100;100;100;99,task:3;informational:68;navigational:5;commercial:20;transactional:4
Lavagem e Polimento Automotivo,19,1901,58;66;67;37;44;46;46;98;100;99;99;100,task:5;informational:46;navigational:9;commercial:31;transactional:9
Máquinas de lavar no Pontofrio,15,1347,56;92;92;83;67;69;70;89;76;84;100;100,informational:25;navigational:49;commercial:11;transactional:15
Lavadoras Britânia,17,598,58;78;85;76;75;87;88;76;74;75;78;100,task:4;informational:45;navigational:13;commercial:18;transactional:20
Midea Lava e Seca,26,2395,100;53;59;55;51;55;58;73;91;85;86;87,task:8;informational:36;navigational:21;commercial:21;transactional:14
Locações de louças para festas,19,1319,90;100;100;49;52;55;55;81;69;69;69;69,task:2;informational:13;commercial:54;transactional:31
Limpeza de Escovas de Cabelo,29,5751,70;100;100;100;94;93;93;81;77;77;77;77,task:8;informational:77;navigational:5;commercial:8;transactional:2
Limpeza de Micro-ondas e Plástico Amarelado,69,16013,90;91;100;100;99;100;100;97;97;97;98;98,task:5;informational:77;navigational:5;commercial:10;transactional:3
Lava-louças Electrolux ll08s,35,4302,36;49;58;79;82;85;86;85;78;78;100;98,task:2;informational:52;navigational:23;commercial:16;transactional:7
Pratos de vidro,19,2545,84;99;100;53;51;54;54;50;79;81;75;75,task:5;informational:46;navigational:4;commercial:36;transactional:9
JM Equipamentos Gastronômicos,15,50,22;100;95;24;24;27;25;25;25;25;25;25,task:1;informational:27;navigational:49;commercial:8;transactional:15
Desentupimento de Fogões,52,13244,34;40;45;55;70;70;71;100;97;97;97;97,task:5;informational:68;navigational:5;commercial:11;transactional:11
Tupperware e Utensílios de Cozinha,47,30525,89;91;95;97;98;98;98;99;100;100;100;100,task:5;informational:32;navigational:18;commercial:20;transactional:25
Lava Rápido em SP,15,1430,84;94;96;94;94;97;97;88;89;88;95;100,task:2;informational:48;navigational:24;commercial:22;transactional:4
Limpeza com Sapólio,50,48801,20;25;26;86;85;86;86;99;100;100;100;100,task:5;informational:74;navigational:3;commercial:10;transactional:8
Dispenser de Sabão Líquido para Lavanderia,17,237,32;100;34;60;58;49;33;65;60;35;33;33,task:3;informational:31;navigational:5;commercial:28;transactional:33
Lavagem de Motos,63,28481,29;32;37;43;87;88;88;95;100;100;100;100,task:5;informational:58;navigational:5;commercial:21;transactional:11
limpeza de pedras,49,31705,26;28;30;87;100;100;100;96;97;97;97;97,task:10;informational:68;navigational:4;commercial:10;transactional:8
Limpeza de caixas d'água,55,25082,39;53;77;62;99;99;99;98;100;100;100;100,task:8;informational:66;navigational:2;commercial:18;transactional:6
Escorredores de louça dobráveis,17,1215,84;99;100;97;95;98;98;50;49;49;46;46,task:2;informational:49;navigational:5;commercial:32;transactional:12
Desengordurantes de cozinha e limpeza,33,24720,9;13;18;86;96;96;96;100;100;100;100;100,task:7;informational:57;navigational:2;commercial:31;transactional:3
Limpeza e Manutenção de Coifas,21,1542,55;61;72;80;98;100;100;88;79;80;85;85,task:3;informational:67;navigational:4;commercial:22;transactional:4
Higienização em Português,18,2423,46;82;100;77;77;78;78;77;92;92;93;92,task:5;informational:80;navigational:5;commercial:5;transactional:5
Lava e Seca: Melhores Máquinas 2024,117,52918,19;20;23;34;84;84;84;100;89;89;89;89,task:2;informational:38;navigational:1;commercial:53;transactional:6
Lavagem de Moto e Carro,17,618,49;95;100;88;82;77;73;75;73;64;64;64,task:2;informational:57;navigational:2;commercial:28;transactional:11
Eletrodomésticos Havan,21,2021,83;100;54;63;63;67;68;60;58;56;57;57,task:1;informational:26;navigational:41;commercial:9;transactional:23
Passa-Pratos de Cozinha,18,1714,68;90;92;95;92;95;100;89;94;94;96;95,task:2;informational:78;navigational:2;commercial:14;transactional:4
Desentupimento Doméstico,17,2238,12;22;27;20;22;22;19;72;86;87;95;100,task:5;informational:70;navigational:2;commercial:15;transactional:8
Mops de Limpeza com Água,21,1192,85;100;55;54;76;79;83;53;54;54;56;56,task:1;informational:60;navigational:2;commercial:24;transactional:13
Escorredores de louça embutidos,17,5066,75;93;98;97;95;98;99;97;100;100;100;99,task:1;informational:58;navigational:5;commercial:27;transactional:9
Limpeza de Espelhos e Vidros,88,40529,88;87;90;95;99;99;99;100;100;100;100;100,task:6;informational:75;navigational:2;commercial:9;transactional:8
Lousas de vidro,17,1852,70;98;100;96;94;93;100;94;97;96;97;95,task:2;informational:52;navigational:7;commercial:33;transactional:6
Desentupidora Ligeirinho,15,42,85;89;100;94;94;94;94;94;96;96;96;96,task:3;informational:12;navigational:70;commercial:7;transactional:8
Escovas de aço para copos,15,257,37;59;67;53;89;83;46;62;73;99;92;100,task:10;informational:41;navigational:4;commercial:31;transactional:14
limpeza de canudos,23,1623,42;56;56;100;99;97;97;96;87;86;88;88,task:8;informational:68;navigational:3;commercial:20;transactional:1
Lavadoras de roupas com centrifuga,16,611,16;62;67;55;66;42;47;100;77;87;80;71,task:1;informational:65;navigational:4;commercial:24;transactional:6
Talheres: garfo e colher,19,649,35;48;73;58;62;54;52;74;78;99;92;100,task:4;informational:66;navigational:4;commercial:22;transactional:4
Bolha Azul Lavanderias,15,226,67;82;84;88;88;83;84;74;74;97;100;99,task:3;informational:12;navigational:43;commercial:37;transactional:5
Verbos de Limpeza em Português,24,3774,74;79;80;77;99;100;100;91;97;97;97;97,task:2;informational:78;navigational:2;commercial:10;transactional:8
Sabão vs Detergente: Diferenças e Usos,23,2110,73;78;74;84;90;90;90;100;100;100;100;100,task:5;informational:77;navigational:7;commercial:5;transactional:6
Pratos esmaltados,19,4153,14;18;18;26;99;100;100;91;76;76;74;74,task:5;informational:59;navigational:4;commercial:26;transactional:6
Lavagem de Carros em BH,16,229,41;43;49;48;51;100;79;55;48;49;52;57,task:3;informational:18;navigational:37;commercial:34;transactional:8
Esponjas e Buchas de Limpeza,20,1079,80;90;93;92;96;97;97;100;76;75;84;84,task:5;informational:58;navigational:5;commercial:22;transactional:10
Vassouras e esfregões,17,368,85;100;100;65;59;68;48;60;67;48;48;48,task:1;informational:68;navigational:5;commercial:22;transactional:4
utensílios de cozinha e talheres,18,2828,68;72;73;72;89;90;89;90;88;89;100;98,task:8;informational:53;navigational:4;commercial:29;transactional:6
"Limpeza com Rodo, Rodinho e Mop",17,273,38;42;42;46;45;45;45;100;61;62;62;63,task:5;informational:80;navigational:5;commercial:8;transactional:2
"Louças Corona: porcelana, cerâmica e pratos",17,325,48;53;53;53;53;54;67;75;75;55;54;100,task:10;informational:51;navigational:6;commercial:29;transactional:4
Cubas e lavatórios de porcelana,18,871,55;80;86;75;71;75;77;75;81;86;98;100,task:3;informational:54;navigational:4;commercial:30;transactional:9
limpeza vs limpesa (português),18,10519,88;91;91;91;99;99;100;100;100;100;100;100,task:4;informational:86;navigational:5;commercial:4;transactional:1
Banheiros Limpos e Organizados,18,244,38;39;100;39;39;39;39;10;10;10;10;10,task:5;informational:75;navigational:5;commercial:10;transactional:5
Panos de prato copa limpa,15,237,74;94;100;87;86;91;80;82;86;88;88;90,task:7;informational:21;navigational:18;commercial:40;transactional:14
limpeza de exaustor de cozinha,25,2356,46;48;52;65;83;84;84;95;100;100;100;100,task:8;informational:80;navigational:5;commercial:5;transactional:2
Serviços de Limpeza,17,351,93;99;100;77;83;87;77;76;86;78;86;85,task:4;informational:33;navigational:33;commercial:18;transactional:12
Lavanderias no Brasil,15,1765,67;94;94;88;84;90;94;99;100;97;97;96,task:3;informational:45;navigational:9;commercial:27;transactional:16
Descanso de Pratos,17,1322,34;37;37;57;99;100;100;65;65;69;67;64,task:8;informational:56;navigational:4;commercial:31;transactional:1
Utensílios de Cozinha,122,91261,24;27;50;80;100;100;100;99;100;100;100;100,task:4;informational:53;navigational:9;commercial:28;transactional:6
Pratos de porcelana avulsos,15,1226,87;100;100;53;68;71;68;40;40;40;42;42,task:8;informational:19;navigational:3;commercial:53;transactional:17
Limpeza de gordura no fogão,19,1368,46;45;17;66;72;73;72;100;100;98;98;98,task:5;informational:80;navigational:5;commercial:8;transactional:2
Paninhos e acessórios de limpeza,17,134,26;41;45;42;26;26;28;41;96;100;31;31,task:3;informational:30;navigational:19;commercial:34;transactional:14
Limpeza e Casa Santa Maria,15,72,13;19;19;100;100;95;70;60;45;34;25;32,task:1;informational:47;navigational:46;commercial:5;transactional:1
Culinária Trivial,17,382,55;26;29;62;63;64;64;78;100;91;91;91,task:12;informational:62;navigational:16;commercial:7;transactional:3
Aparelhos e Acessórios de Cozinha,15,545,6;33;44;36;36;39;28;100;85;78;92;70,task:3;informational:60;navigational:9;commercial:18;transactional:10
Cozinha em L,15,5182,79;93;100;99;96;99;99;98;100;100;100;99,task:3;informational:68;navigational:4;commercial:20;transactional:5
Frigideiras de Pedra Sabão,20,3479,24;32;33;32;95;98;98;100;99;100;95;95,task:2;informational:57;navigational:10;commercial:20;transactional:11
Lavagem e Higienização Automotiva,49,14830,79;84;90;82;91;92;93;94;100;100;100;100,task:8;informational:59;navigational:2;commercial:20;transactional:11
Lava Jato no Brasil,15,177,62;100;88;85;91;93;89;85;80;68;68;68,task:7;informational:52;navigational:8;commercial:28;transactional:5
Limpeza de box e banheiro,17,1372,13;15;15;58;86;86;86;100;96;95;94;94,task:5;informational:75;navigational:5;commercial:10;transactional:5
Limpeza de sofá com tampa de panela,18,490,97;94;90;83;83;83;83;100;100;69;69;69,task:12;informational:72;navigational:3;commercial:5;transactional:8
Toucas de Cozinha,26,3962,88;98;100;48;48;49;49;49;48;48;48;47,task:2;informational:49;navigational:10;commercial:20;transactional:19
Lavagem Turbo,16,234,21;89;100;95;100;84;75;40;40;40;40;40,task:5;informational:68;navigational:10;commercial:7;transactional:10
Gabinetes de lavanderia,16,126,33;94;100;67;65;56;30;100;93;28;28;28,task:7;informational:34;navigational:4;commercial:41;transactional:14
Lavanderia Self-Service,27,2409,33;38;59;70;80;80;78;100;82;80;81;80,task:2;informational:59;navigational:15;commercial:19;transactional:5
Lavanderias Pequenas Decoradas,21,6083,72;100;98;87;64;65;65;75;80;80;80;80,task:8;informational:69;navigational:5;commercial:12;transactional:6
Micro-ondas LG,32,5315,86;97;100;52;59;60;61;56;62;62;62;61,task:2;informational:48;navigational:18;commercial:20;transactional:12
Colheres e Utensílios de Cozinha,18,4125,16;21;22;21;37;38;38;30;100;100;100;100,task:3;informational:57;navigational:4;commercial:30;transactional:6
Lava-louças Electrolux LL14B/LV14X,15,370,18;20;22;21;79;47;35;59;45;100;84;84,task:3;informational:38;navigational:36;commercial:12;transactional:11
Limpadores de Banheiro,15,321,30;59;100;73;44;46;45;79;67;68;59;63,task:3;informational:56;navigational:1;commercial:29;transactional:11
Lavanderia Dry Wash,16,4332,95;98;98;98;98;100;100;100;100;100;100;100,task:5;informational:42;navigational:13;commercial:33;transactional:7
Sabão Brilhante,27,14907,31;36;40;97;98;99;99;100;99;99;98;98,task:5;informational:38;navigational:22;commercial:25;transactional:10
Buffet: Pratos e Louças,19,484,67;90;100;60;78;79;74;58;59;61;61;65,task:1;informational:61;navigational:4;commercial:29;transactional:5
Máquinas de lavar com água quente,48,12558,16;23;34;55;99;100;100;98;96;96;96;96,task:5;informational:62;navigational:2;commercial:26;transactional:5
Start Limpeza e Química,15,1317,60;86;87;88;87;95;92;91;100;100;96;95,task:3;informational:23;navigational:50;commercial:18;transactional:6
Limpeza de Calçadas,17,630,43;45;45;26;97;100;99;80;97;98;98;98,task:8;informational:75;navigational:5;commercial:7;transactional:5
Bacias e Baldes para Lavar Roupas,15,430,37;43;44;30;28;42;52;100;58;42;43;42,task:2;informational:47;navigational:2;commercial:40;transactional:9
Limpeza de Alumínio,30,20254,14;19;23;73;100;100;100;92;91;91;91;91,task:2;informational:66;navigational:3;commercial:15;transactional:14
Limpeza Doméstica: Limpadores Multiuso,19,2491,12;13;22;14;95;94;94;100;100;100;100;100,task:2;informational:53;navigational:11;commercial:15;transactional:19
limpeza de cadeiras,18,524,85;85;87;95;95;95;95;100;100;100;100;100,task:5;informational:78;navigational:5;commercial:10;transactional:2
Lavatórios de Cabelo Usados,16,143,84;90;94;99;97;97;100;90;92;92;92;92,task:7;informational:36;navigational:11;commercial:19;transactional:27
Lavagem de Bonés,32,4548,100;98;92;90;86;86;86;90;79;79;81;82,task:8;informational:80;navigational:5;commercial:5;transactional:2
Vidro Lacado e Lacagem,18,1248,52;51;52;61;21;22;22;91;100;100;100;100,task:8;informational:68;navigational:2;commercial:19;transactional:3
Organização Doméstica,81,20508,100;100;95;91;86;87;87;87;85;85;85;85,task:7;informational:71;navigational:5;commercial:11;transactional:6
Limpeza de forno com Easy-Off,20,4498,28;30;26;44;93;94;94;100;96;95;95;96,task:2;informational:65;navigational:5;commercial:17;transactional:11
Frigideiras Brinox,22,1429,59;85;86;82;84;88;89;93;100;100;96;96,task:3;informational:36;navigational:33;commercial:14;transactional:14
Faxina Doméstica,16,51,36;50;63;40;82;100;77;38;38;37;37;37,task:3;informational:51;navigational:4;commercial:26;transactional:16
Lavadoras Electrolux,192,82842,37;38;40;64;68;68;68;100;99;99;99;99,task:2;informational:43;navigational:16;commercial:21;transactional:18
Esponjas Mágicas para Limpeza,47,34359,14;17;22;83;98;98;98;100;100;100;100;100,task:5;informational:73;navigational:5;commercial:13;transactional:4
Lavanderias Self-Service,46,45755,38;41;36;100;39;39;39;46;46;46;46;46,informational:57;navigational:10;commercial:23;transactional:10
Suportes para detergente e esponja,24,5699,74;92;99;98;97;100;100;97;100;100;100;98,task:3;informational:49;navigational:12;commercial:26;transactional:10
Limpeza de Geladeiras Inox,57,13498,94;94;95;100;83;84;84;97;97;97;97;96,task:3;informational:81;navigational:5;commercial:6;transactional:5
Brastemp Lava-Louças: Tabela de Erros,18,812,96;100;100;99;84;85;84;88;88;87;86;85,task:2;informational:73;navigational:10;commercial:10;transactional:5
Produtos de Limpeza Suprema,27,7650,17;23;24;87;99;100;100;87;84;85;85;84,task:2;informational:50;navigational:11;commercial:25;transactional:12
Chef e utilidades Brasil,17,1280,77;100;99;98;98;99;99;96;91;91;92;92,task:2;informational:46;navigational:32;commercial:14;transactional:6
Máquinas de lavar no Brasil,21,2468,82;98;100;58;51;54;55;56;56;68;57;63,task:2;informational:50;navigational:12;commercial:17;transactional:19
Pegadores de Cozinha,16,2026,77;97;100;99;99;100;100;100;99;99;97;99,task:5;informational:65;navigational:2;commercial:20;transactional:8
Lavanderias Planejadas com Móveis Embutidos,19,1742,76;98;100;98;89;96;98;95;98;97;98;96,task:3;informational:68;navigational:1;commercial:16;transactional:12
Carrinhos de Lavanderia,16,283,40;89;98;92;88;56;58;100;91;67;53;55,task:10;informational:42;navigational:8;commercial:29;transactional:11
Remoção de lodo em casa,22,1297,54;61;79;97;100;85;85;87;84;93;91;89,task:2;informational:80;navigational:5;commercial:8;transactional:5
Noda Cozinha,16,1248,28;99;100;100;19;20;19;79;78;78;78;78,task:2;informational:15;navigational:60;commercial:14;transactional:9
Lixeiras e Baldes de Lixo,16,2294,35;42;42;40;35;36;37;100;94;94;98;100,task:7;informational:45;navigational:4;commercial:35;transactional:9
Limpeza Doméstica e Saúde Ambiental,15,55,55;74;83;75;73;84;82;100;86;47;42;42,task:10;informational:42;navigational:6;commercial:37;transactional:5
Ciclos de Lavanderia,15,819,14;23;24;14;14;14;14;25;25;100;79;97,task:2;informational:40;navigational:34;commercial:19;transactional:5
Finish lava-louças 2–5 kg,17,212,53;59;61;56;53;67;72;100;53;53;54;53,task:3;informational:22;navigational:41;commercial:30;transactional:4
Lava Rápido Barueri & Alphaville,15,332,39;100;49;47;47;50;49;51;44;45;49;50,task:2;informational:13;navigational:30;commercial:50;transactional:5
Panos de pia de cozinha,17,1098,84;99;100;99;98;93;94;58;67;67;68;67,task:2;informational:37;navigational:2;commercial:46;transactional:13
Lavagem de Travesseiros,55,12787,97;100;100;100;96;97;97;96;100;100;100;100,task:2;informational:82;navigational:2;commercial:6;transactional:8
Limpeza de cobre e bronze,46,9430,41;44;46;70;79;80;80;99;100;100;100;100,task:12;informational:73;navigational:3;commercial:10;transactional:2
Cabeceiras limpas,15,86,19;56;100;77;20;20;20;62;57;23;23;23,task:7;informational:38;navigational:13;commercial:30;transactional:12
Ajax: produtos de limpeza,23,4711,19;25;26;28;98;100;100;89;87;87;88;88,task:5;informational:62;navigational:15;commercial:13;transactional:5
Lavanderias Mauá,15,181,32;97;100;38;55;64;57;41;39;41;41;36,task:3;informational:22;navigational:30;commercial:40;transactional:5
Limpeza de Pisos,45,15988,21;25;33;81;99;100;100;96;93;93;93;93,task:5;informational:70;navigational:5;commercial:12;transactional:8
Produtos de Limpeza Caseiros,31,3952,64;66;54;82;87;88;88;93;100;100;100;100,task:12;informational:75;navigational:5;commercial:5;transactional:3
Lavagem de Carros - Campo Grande,15,204,75;100;100;96;90;90;88;90;86;90;92;92,task:3;informational:18;navigational:37;commercial:37;transactional:5
Lavagem do Rosto,31,4382,97;90;93;100;96;97;97;88;100;100;100;100,task:6;informational:73;navigational:2;commercial:12;transactional:7
Utensílios de Cozinha Inox,19,636,89;100;100;54;64;67;69;77;60;61;56;57,task:5;informational:45;navigational:4;commercial:40;transactional:6
Guru de Limpeza Online,21,1004,34;30;28;73;100;100;100;72;77;81;77;77,informational:58;navigational:32;commercial:8;transactional:2
Pratos de bambu,16,465,72;79;88;77;74;82;66;100;100;97;97;97,task:2;informational:65;navigational:5;commercial:20;transactional:8
Removedor de Limpeza,34,6570,32;35;35;46;75;76;76;97;100;100;100;100,task:2;informational:55;navigational:7;commercial:23;transactional:13
Lava Show: lava rápido e lavagem automotiva,16,381,45;100;100;87;86;45;46;53;62;62;62;62,task:2;informational:56;navigational:10;commercial:22;transactional:10
Bowl de porcelana e cerâmica,26,25800,19;22;22;99;100;100;100;83;84;84;84;83,task:8;informational:53;navigational:4;commercial:27;transactional:8
Sabão líquido para lavar roupas,70,27975,45;49;53;76;88;88;88;100;95;95;95;95,task:5;informational:49;navigational:4;commercial:30;transactional:12
Cozinhando com Ly,19,5501,97;100;100;100;94;95;96;94;94;94;94;94,task:10;informational:70;navigational:5;commercial:7;transactional:8
Utilidades para o Lar,19,3321,89;81;85;85;32;35;35;100;91;91;92;92,task:2;informational:37;navigational:30;commercial:27;transactional:4
Lavanderias em Porto Alegre,15,1647,88;99;100;99;94;98;99;68;68;68;68;68,informational:50;navigational:16;commercial:28;transactional:6
Lavagens de Carro em Shoppings,15,49,23;24;29;100;100;30;30;27;27;25;26;25,task:3;informational:48;navigational:4;commercial:31;transactional:14
Limpadores Multiuso,17,975,15;19;46;88;100;63;61;68;68;71;68;69,task:2;informational:74;navigational:6;commercial:15;transactional:3
Capas para lava e seca,17,990,17;51;52;38;38;53;56;68;56;100;81;81,task:7;informational:51;navigational:4;commercial:21;transactional:17
Limpeza B Clean,22,9368,7;14;14;36;87;88;88;100;100;100;99;99,task:2;informational:66;navigational:10;commercial:16;transactional:6
Lavagem gástrica e estomacal,33,8288,92;95;96;98;82;83;84;98;100;100;100;100,task:2;informational:83;navigational:5;commercial:8;transactional:2
Pato – Limpeza Doméstica,21,2068,49;60;60;99;96;98;100;87;94;94;94;94,task:8;informational:59;navigational:4;commercial:19;transactional:10
Higienização e Limpeza,30,26564,29;32;100;35;99;99;99;31;99;99;98;98,task:12;informational:76;navigational:4;commercial:8
OMO lavanda: detergente líquido,15,264,79;97;100;98;96;97;98;99;95;95;95;96,task:7;informational:54;navigational:5;commercial:18;transactional:16
Super Clean: Produtos de Limpeza,16,727,52;59;100;94;33;35;34;95;85;87;44;44,task:2;informational:41;navigational:9;commercial:37;transactional:11
Lavanderias em Tatuapé,15,267,45;96;100;75;75;46;45;48;48;46;46;46,task:2;informational:28;navigational:13;commercial:52;transactional:5
Lava Rápido Campinas,15,250,50;53;55;53;100;97;78;54;53;52;52;52,task:7;informational:35;navigational:20;commercial:33;transactional:5
Vasos sanitários Logasa,21,1640,84;92;91;89;66;94;77;96;70;70;96;100,task:2;informational:43;navigational:28;commercial:19;transactional:8
Pias e tanques para lavanderia,23,4358,100;52;57;59;71;72;72;56;57;57;58;57,task:5;informational:55;navigational:5;commercial:21;transactional:14
Detergentes e Limpeza Doméstica,74,23707,49;54;57;96;94;95;95;94;100;100;100;100,task:5;informational:63;navigational:6;commercial:17;transactional:9
Lavanderias em Palhoça,15,155,47;99;98;49;100;52;49;50;48;48;49;50,informational:57;navigational:18;commercial:21;transactional:4
Brushing de cabelo,17,1402,38;43;45;44;41;41;38;99;99;100;100;100,task:2;informational:79;navigational:3;commercial:10;transactional:6
Enxágue e enxaguar em PT,29,8159,21;25;24;29;33;35;35;45;100;100;100;100,task:2;informational:85;navigational:5;commercial:5;transactional:3
Lavanderia e Lava-Rápido Itaquera,15,71,32;34;35;34;100;37;37;33;33;33;33;33,task:3;informational:25;navigational:38;commercial:22;transactional:12
Higiene de Bebedouros,21,1130,37;38;53;83;100;100;100;98;99;99;99;99,task:4;informational:77;navigational:6;commercial:7;transactional:6
Batedeiras KitchenAid,34,13764,93;97;100;46;46;47;47;56;57;57;57;57,task:3;informational:38;navigational:15;commercial:29;transactional:15
Escorredores de louça retráteis,15,192,44;100;97;80;86;80;59;50;52;52;51;53,task:3;informational:37;navigational:1;commercial:42;transactional:17
Escovas Rotativas de Limpeza,15,455,67;82;87;83;72;76;77;79;80;82;83;100,task:3;informational:49;navigational:8;commercial:33;transactional:7
Baixelas e Louças de Mesa,20,11251,14;19;19;97;97;99;99;100;100;100;100;99,task:2;informational:58;navigational:7;commercial:25;transactional:8
Maquinas de Lavar e Secar,17,844,11;36;45;30;29;22;11;57;23;100;35;55,task:5;informational:32;navigational:19;commercial:25;transactional:19
Lavanderias na Tijuca e Barra da Tijuca,16,404,83;98;98;96;92;98;100;89;87;87;87;86,task:3;informational:38;navigational:17;commercial:37;transactional:5
Louceiros e armários de cozinha,17,2193,68;76;86;73;98;95;94;100;94;94;95;95,task:2;informational:71;navigational:5;commercial:17;transactional:5
Rechaud de Porcelana,15,460,70;100;96;87;73;79;85;66;67;78;78;79,task:7;informational:40;navigational:14;commercial:28;transactional:11
Lavanderias de Vitória,15,229,77;96;89;100;95;92;89;85;87;87;87;89,task:3;informational:38;navigational:11;commercial:26;transactional:22
Lavadoras LG com Torre de Lava e Seca,21,3032,80;98;100;98;93;96;97;93;70;72;71;71,task:2;informational:39;navigational:29;commercial:16;transactional:14
Brinort: limpeza e cuidado de roupas,17,884,54;56;57;39;83;84;84;96;99;100;99;99,task:2;informational:71;navigational:5;commercial:19;transactional:3
Louças e porcelanas para banheiro,24,3432,86;100;63;63;75;78;79;100;87;89;87;86,task:6;informational:43;navigational:3;commercial:38;transactional:10
água sanitária 5L,17,351,100;39;45;58;72;62;60;40;59;64;64;63,task:8;informational:30;navigational:5;commercial:20;transactional:37
Espumas de Limpeza,17,2814,30;36;36;35;96;96;96;100;100;96;96;96,task:8;informational:68;navigational:4;commercial:17;transactional:3
Porcelana e Cia,15,243,45;71;100;88;58;83;79;59;61;59;59;69,task:3;informational:26;navigational:47;commercial:15;transactional:9
Praxis Eletrodomésticos,16,429,70;58;59;100;94;83;78;91;82;59;58;58,task:5;informational:48;navigational:23;commercial:13;transactional:11
Brastemp Lava-Louças 12 Serviços,22,2324,73;98;100;54;53;47;48;45;77;86;84;91,task:2;informational:48;navigational:15;commercial:12;transactional:23
Lavadoras que transbordam,21,1149,62;62;63;72;72;72;72;74;66;71;88;100,task:9;informational:73;navigational:4;commercial:4;transactional:10
Higiene da Língua,19,955,30;31;32;43;64;64;85;86;54;100;97;96,task:10;informational:71;navigational:2;commercial:9;transactional:8
Lavadoras Gazin,15,311,16;53;62;39;36;32;28;100;61;83;67;55,task:7;informational:31;navigational:32;commercial:11;transactional:19
Xtraction Limpeza,20,690,49;51;51;80;97;97;88;61;100;99;99;100,task:8;informational:63;navigational:10;commercial:12;transactional:7
Manteigueiras e Utensílios de Cozinha,15,808,7;21;25;18;25;18;28;8;8;100;94;89,task:3;informational:47;navigational:39;commercial:8;transactional:3
Sanol: Produtos de Limpeza,16,996,26;34;34;44;36;41;34;81;100;99;96;97,task:5;informational:54;navigational:12;commercial:20;transactional:9
Limpeza de Vidros com Rodo e Mop,42,9002,37;42;46;59;77;78;78;100;80;80;79;79,task:10;informational:66;navigational:3;commercial:12;transactional:9
Limpeza de Caixas d'Água,16,236,57;58;59;95;97;100;100;94;95;97;98;99,task:8;informational:59;navigational:5;commercial:20;transactional:8
Desentupimento e Saneamento,15,72,90;95;100;90;90;91;91;93;94;94;94;94,task:7;informational:35;navigational:33;commercial:17;transactional:8
Raylin - Produtos de Limpeza,23,2437,89;94;95;100;71;72;72;64;66;64;64;64,task:2;informational:53;navigational:30;commercial:10;transactional:5
Limpeza Multiuso Ypê,20,651,83;89;100;98;82;80;82;82;40;42;38;38,task:2;informational:49;navigational:27;commercial:15;transactional:7
Higiene do Banheiro,18,475,74;74;75;75;100;100;100;88;88;88;88;88,task:5;informational:80;navigational:5;commercial:5;transactional:5
Ortografia de utensílios de cozinha,21,17205,18;17;18;19;95;96;96;100;100;100;100;100,task:5;informational:75;navigational:5;commercial:12;transactional:3
lava-louças Electrolux com 8 a 14 serviços,146,56910,50;50;52;65;68;68;68;100;78;78;78;78,task:5;informational:59;navigational:5;commercial:18;transactional:13
Lavagem e Limpeza de Carros em Casa,45,10351,55;66;79;100;80;81;82;91;94;93;93;93,task:10;informational:68;navigational:3;commercial:10;transactional:9
Roca Revestimentos e Louças,28,7713,21;25;27;28;100;100;100;34;31;31;31;31,task:2;informational:36;navigational:41;commercial:8;transactional:13
Fouet e Fuê: Utensílios de Cozinha,25,14169,14;17;77;100;46;46;46;46;47;47;47;46,task:2;informational:75;navigational:5;commercial:15;transactional:3
feiticeiras e escovas de mesa,17,305,28;42;49;42;56;67;58;100;79;59;55;57,task:4;informational:67;navigational:4;commercial:21;transactional:4
Limpeza de Placas Solares,19,3111,24;30;30;54;99;100;100;98;81;80;80;80,task:2;informational:75;navigational:3;commercial:7;transactional:13
CIF lavanda limpadores saponáceos,15,434,67;98;100;98;46;49;46;35;36;36;31;30,task:3;informational:37;navigational:42;commercial:13;transactional:5
Lixinho e Lixeira,16,317,26;57;55;57;100;89;81;57;57;57;57;57,task:2;informational:75;navigational:5;commercial:10;transactional:8
Louças e Acessórios para Banheiro,16,266,25;33;33;30;30;31;29;29;87;100;32;31,task:14;informational:40;navigational:4;commercial:30;transactional:12
Vassouras e Pá de Lixo,20,486,58;92;97;81;57;57;42;100;78;89;78;55,task:2;informational:72;navigational:2;commercial:21;transactional:3
Quartinhas de louça e porcelana para rituais,22,1812,23;32;71;60;60;56;56;94;100;100;100;100,task:4;informational:54;navigational:4;commercial:34;transactional:4
Lavanderias em Brasília,15,649,76;98;97;92;92;100;100;95;99;99;92;91,task:5;informational:39;navigational:10;commercial:40;transactional:6
Lavanderia com tanques e cuba de inox,15,424,68;89;90;91;89;94;89;97;98;98;98;100,task:10;informational:60;navigational:1;commercial:22;transactional:7
Lavanderia externa no quintal,16,859,76;87;85;100;90;80;81;80;89;89;89;88,task:8;informational:71;navigational:2;commercial:11;transactional:8
limpeza de painéis solares,56,12891,62;75;80;95;96;97;98;100;99;99;99;99,task:10;informational:64;navigational:3;commercial:13;transactional:10
Lavanderias em SBC,15,220,83;100;97;92;94;92;90;88;84;83;84;83,task:7;informational:22;navigational:30;commercial:33;transactional:8
Espagueteiras de Inox,16,1280,96;100;100;98;92;95;95;44;44;46;46;53,task:2;informational:65;navigational:5;commercial:18;transactional:10
Pratos e Cerâmica para Mesa,17,2373,85;99;100;54;53;55;57;56;57;57;56;55,task:5;informational:22;navigational:8;commercial:55;transactional:10
Lixeiras e Descarte Doméstico,16,229,48;83;86;74;62;100;87;69;70;59;59;58,task:3;informational:60;navigational:10;commercial:23;transactional:4
Lavanderias Acqua Brasil,15,564,47;59;66;78;77;82;83;98;100;100;100;99,task:4;informational:18;navigational:52;commercial:21;transactional:5
limpeza de ferro de passar,101,47535,84;95;96;94;100;100;100;97;97;97;97;97,task:2;informational:80;navigational:5;commercial:10;transactional:3
Talheres e Faqueiros,41,13973,20;23;25;48;48;48;49;100;50;50;50;50,task:2;informational:39;navigational:4;commercial:45;transactional:10
Higiene de aparelhos ortodônticos,31,3954,50;54;73;83;80;81;81;94;100;100;100;100,task:6;informational:77;navigational:3;commercial:12;transactional:2
Batedeiras Mondial no Brasil,19,345,54;83;88;76;65;69;68;100;89;73;63;64,task:7;informational:49;navigational:5;commercial:23;transactional:16
limpeza com cloro: saponáceos e sapólio,22,4130,30;33;34;33;59;60;58;94;100;100;97;98,task:5;informational:79;navigational:2;commercial:11;transactional:3
Bater Mão em Panos e Toalhas de Cozinha,23,1953,47;69;78;95;73;76;77;81;100;100;100;100,task:5;informational:84;navigational:3;commercial:4;transactional:4
Pias de cozinha,16,129,21;28;31;31;35;36;100;28;28;27;27;27,task:5;informational:57;navigational:5;commercial:25;transactional:8
Pratos de Cerâmica,16,1403,71;94;95;95;89;95;90;93;100;95;96;94,task:5;informational:51;navigational:2;commercial:32;transactional:10
Panelas e Pilões de Pedra-Sabão,28,2825,81;87;100;100;98;99;99;64;88;88;88;88,informational:79;navigational:5;commercial:14;transactional:2
Vassouras de Mão,17,104,20;61;69;54;56;43;75;100;72;29;28;30,task:3;informational:53;navigational:1;commercial:32;transactional:11
Lavadoras de Alta Pressão Lavor,19,1063,71;100;100;94;85;89;88;89;91;96;85;85,task:3;informational:47;navigational:27;commercial:13;transactional:10
Esponjas de Aço Inox,19,2200,58;83;85;81;90;96;95;100;85;84;84;83,task:5;informational:53;navigational:7;commercial:30;transactional:5
Escorredores de Talheres,15,1131,70;99;100;93;79;83;79;80;84;84;84;84,task:3;informational:45;navigational:4;commercial:37;transactional:11
Limpeza com Cloro Ativo UAU,21,1061,85;96;96;95;91;94;100;96;54;54;54;54,task:2;informational:63;navigational:5;commercial:22;transactional:8
Bowl de Porcelana,15,37,47;70;92;96;96;100;50;59;57;39;39;39,task:3;informational:47;navigational:4;commercial:35;transactional:11
Tesouras de cozinha,15,743,57;73;76;70;69;73;75;74;77;100;93;72,task:7;informational:53;navigational:4;commercial:26;transactional:10
Pratos Cinza,15,229,21;26;27;24;27;33;29;28;100;30;29;29,task:7;informational:35;navigational:11;commercial:36;transactional:11
Saleiro Tupperware,15,557,64;97;100;94;79;84;66;63;63;62;62;61,task:3;informational:26;navigational:42;commercial:19;transactional:10
Mop Lava e Seca: Eletrodomésticos no Brasil,15,412,25;58;68;41;45;45;53;100;75;56;51;58,task:3;informational:57;navigational:2;commercial:21;transactional:17
Limpeza Profissional e Higienização,19,2847,21;100;100;100;85;86;87;88;94;94;93;93,task:5;informational:71;navigational:4;commercial:18;transactional:2
Cozinhas Clean e Modernas,15,229,74;84;85;84;81;84;85;78;95;100;80;80,task:10;informational:51;navigational:7;commercial:28;transactional:4
Detergentes de 500 ml,16,1019,44;64;72;65;74;70;68;77;68;69;100;98,task:8;informational:50;navigational:5;commercial:24;transactional:13
Cozinha e Lavanderia Integradas,25,5150,86;94;100;90;63;64;65;66;57;57;57;56,task:3;informational:62;navigational:10;commercial:12;transactional:13
Pincéis Culinários,16,215,49;65;77;100;91;72;67;54;59;50;50;51,task:3;informational:58;navigational:5;commercial:27;transactional:7
Pratos de sobremesa,18,8101,78;83;41;52;100;100;100;65;55;55;55;54,task:12;informational:57;navigational:2;commercial:26;transactional:3
Lavanderias em Macaé,15,114,21;24;25;28;28;100;67;25;25;25;25;26,task:3;informational:42;navigational:17;commercial:33;transactional:5
Limpeza de Mármore e Granito,108,19913,81;83;86;98;100;100;100;93;97;98;98;98,task:8;informational:70;navigational:5;commercial:14;transactional:3
Desentupimento de Fogão e Forno,36,7731,27;32;23;73;82;82;83;95;99;99;100;100,task:18;informational:46;navigational:5;commercial:13;transactional:18
Banheiro Organizado,17,1068,41;60;87;82;82;86;87;100;73;73;79;78,task:12;informational:69;navigational:3;commercial:11;transactional:5
limpeza com água sanitária Brilhante,17,322,17;86;94;92;92;92;49;56;63;100;88;87,task:10;informational:80;navigational:2;commercial:5;transactional:3
Água para Passar Roupas,20,1465,31;39;59;72;78;78;74;100;92;92;92;93,task:2;informational:68;navigational:3;commercial:12;transactional:15
Higienização e Sanitização no Brasil,17,741,31;46;83;84;84;82;81;100;95;87;87;90,task:2;informational:72;navigational:5;commercial:18;transactional:3
Escovas e limpadores de garrafas,17,839,48;51;52;100;65;66;66;58;58;54;54;52,task:5;informational:58;navigational:4;commercial:23;transactional:10
Washtec Lavanderias e Tinturaria,15,233,37;41;42;79;100;96;88;32;34;34;33;33,task:2;informational:43;navigational:41;commercial:7;transactional:7
Tapetes Laváveis,15,354,20;40;38;34;44;46;33;49;50;100;99;78,task:3;informational:55;navigational:6;commercial:28;transactional:8
Cozinha Wolff Brasil,16,205,34;50;56;69;69;63;51;51;51;100;94;45,task:7;informational:25;navigational:44;commercial:18;transactional:6
Máquinas de lavar Zema,15,964,13;14;15;27;27;25;22;27;21;24;21;100,task:4;informational:33;navigational:30;commercial:11;transactional:22
Ferramentas para máquinas de lavar,31,6480,20;29;43;60;98;100;100;91;90;90;90;90,task:5;informational:60;navigational:5;commercial:22;transactional:8
Mops Planos e Limpeza de Pisos,21,2347,100;52;53;51;64;71;71;82;79;79;80;79,task:8;informational:66;navigational:4;commercial:17;transactional:5
Espuma para Lava Jato,21,2579,15;19;20;24;77;78;78;100;100;100;100;100,task:5;informational:59;navigational:4;commercial:25;transactional:7
Enxoval de Cozinha Preto,16,1257,21;28;36;87;97;89;90;81;80;100;97;96,task:5;informational:52;navigational:15;commercial:20;transactional:8
Detergentes em Pó,17,1824,25;32;32;27;68;68;68;100;100;100;100;99,task:2;informational:57;navigational:2;commercial:31;transactional:8
Escorredores de louça Brinox,16,402,79;100;98;91;85;88;87;82;82;100;89;91,task:3;informational:32;navigational:32;commercial:14;transactional:19
Lavagem de roupas: manual e máquina,21,1406,100;98;99;93;91;92;92;85;85;85;85;85,task:8;informational:80;navigational:3;commercial:5;transactional:4
Casa e Cozinha,18,1155,37;64;74;72;72;77;77;82;84;88;100;100,task:3;informational:53;navigational:4;commercial:29;transactional:11
Lexxa: torneiras e metais,15,311,64;91;90;86;84;78;100;73;77;88;91;90,task:4;informational:44;navigational:28;commercial:16;transactional:8
Toalhas e Acessórios para Cozinha,16,464,55;84;100;67;64;78;77;76;64;63;69;70,task:7;informational:32;navigational:11;commercial:30;transactional:20
Ordem de Produtos Capilares,21,799,38;38;100;41;48;49;49;53;48;43;43;43,task:5;informational:52;navigational:5;commercial:10;transactional:28
Tanques Celite de Louça,16,1788,16;22;23;22;36;36;26;22;22;47;94;100,task:3;informational:41;navigational:30;commercial:11;transactional:15
Panelas La Cuisine Brasil,22,3908,18;26;27;28;99;100;100;56;56;56;55;54,task:1;informational:42;navigational:25;commercial:26;transactional:6
Instalação de máquina de lavar,52,7621,46;51;57;95;92;93;92;98;100;100;100;100,task:5;informational:82;navigational:3;commercial:2;transactional:8
Limpeza de canos,16,288,22;23;25;24;24;24;24;61;62;100;99;100,task:8;informational:65;navigational:4;commercial:17;transactional:6
Arroz soltinho e branco,192,87154,51;53;56;62;94;95;95;100;100;100;100;100,task:2;informational:83;navigational:5;commercial:8;transactional:2
Vista Alegre: Cerâmica e Louças,23,19465,93;95;21;39;28;28;28;100;55;55;55;54,task:2;informational:33;navigational:45;commercial:10;transactional:10
Limpadores de Estofados,15,1495,19;20;20;23;100;100;100;91;91;91;91;91,task:2;informational:52;navigational:9;commercial:33;transactional:4
Grupo Lav: palavras com a raiz lav no português,18,3154,83;86;86;86;85;86;85;100;91;95;93;93,task:12;informational:68;navigational:3;commercial:8;transactional:9
Sofás e Estofados em Londrina,15,161,53;60;64;56;76;68;73;100;56;55;54;53,task:3;informational:18;navigational:37;commercial:37;transactional:5
Vassoura de Pano para Limpeza,16,555,19;29;31;24;22;23;37;62;53;100;90;45,task:7;informational:47;navigational:5;commercial:29;transactional:12
mini mop e mop portátil,19,381,39;72;61;44;55;54;50;100;87;40;40;47,task:7;informational:39;navigational:8;commercial:24;transactional:22
Lavagem de Carros em Brasília,16,485,69;84;80;77;69;71;69;100;83;81;80;77,task:3;informational:51;navigational:14;commercial:24;transactional:8
UAU Multiuso: Limpeza e Perfumes,16,497,46;68;67;70;89;100;77;80;90;90;83;83,task:3;informational:51;navigational:4;commercial:31;transactional:11
Pratos avulsos e sobremesa,16,283,57;84;92;91;93;78;93;97;100;75;77;81,task:3;informational:46;navigational:11;commercial:28;transactional:12
PortaTalheres e Organizadores de Mesa,15,4260,74;94;99;97;96;98;97;97;100;100;100;99,task:5;informational:33;navigational:20;commercial:30;transactional:12
Bancadas e Pias para Lavanderia,15,144,14;17;18;17;15;15;19;100;92;15;15;15,task:7;informational:34;navigational:1;commercial:47;transactional:11
Lavadoras Elétricas de Alta Pressão,17,90,5;100;85;40;31;25;22;13;14;9;10;10,task:3;informational:38;navigational:4;commercial:28;transactional:27
Panos de prato brancos: limpeza e clareamento,97,29615,90;100;100;97;89;89;90;97;99;99;99;98,task:5;informational:82;navigational:3;commercial:10
Limpatinha Cosméticos,15,254,20;24;24;23;23;37;46;27;41;48;100;56,task:3;informational:15;navigational:70;commercial:7;transactional:5
Toalhas de banho: lavagem e maciez,73,15417,93;97;100;99;90;91;91;100;100;100;100;100,task:2;informational:80;navigational:5;commercial:8;transactional:5
Talheres de Sobremesa,17,1480,73;83;85;83;79;82;83;96;100;100;100;100,task:5;informational:55;navigational:4;commercial:27;transactional:9
Porta-Sabonete para Banheiro,16,872,17;49;54;41;49;50;45;44;43;26;100;100,task:5;informational:48;navigational:2;commercial:31;transactional:14
Hermitage: louças e copos,22,1005,83;97;100;99;33;33;33;62;66;75;37;38,informational:64;navigational:13;commercial:20;transactional:3
Tira manchas: dicas e produtos,30,13618,45;57;97;100;96;97;98;100;100;100;100;100,task:2;informational:70;navigational:3;commercial:17;transactional:8
Lavanderia e Revestimentos de Piso,26,5941,25;32;33;41;79;81;81;89;100;100;100;100,task:2;informational:58;navigational:9;commercial:24;transactional:7
Lavanderias em Santos,16,429,74;90;94;91;82;87;87;89;100;100;90;89,task:5;informational:37;navigational:20;commercial:29;transactional:9
Lavadoras de Roupa Portáteis,33,9822,92;97;100;45;43;43;43;42;45;45;45;44,task:2;informational:51;navigational:5;commercial:19;transactional:23
Lavanderias em São Luís,15,231,50;63;65;63;61;100;88;58;62;67;66;69,task:3;informational:48;navigational:11;commercial:21;transactional:17
Saleiros de cozinha,15,661,40;84;82;59;53;68;65;52;57;68;62;100,task:7;informational:36;navigational:4;commercial:32;transactional:21
Bocais de Aspirador,16,205,51;74;100;83;73;73;63;78;73;74;74;75,task:10;informational:51;navigational:1;commercial:32;transactional:6
Limpex - Produtos de Limpeza,16,217,67;75;77;75;75;87;80;85;85;100;89;81,task:7;informational:21;navigational:37;commercial:31;transactional:4
Eletrodomésticos no Zoom,22,2376,85;100;100;99;75;78;82;97;86;87;93;94,task:5;informational:33;navigational:27;commercial:10;transactional:25
Limpeza de Estofados e Cadeiras,33,5527,98;100;99;96;84;84;84;85;85;85;85;85,task:8;informational:75;navigational:2;commercial:12;transactional:3
Tradução de Cozinha,32,6993,95;58;100;54;48;49;49;47;46;46;46;46,task:29;informational:59;navigational:4;commercial:6;transactional:2
Panelas antiaderentes com teflon,173,93466,63;65;65;74;91;91;91;99;100;100;100;100,task:2;informational:51;navigational:4;commercial:36;transactional:7
Lava rápido Piracicaba,15,123,48;42;44;39;39;100;76;41;42;44;47;42,task:1;informational:22;navigational:38;commercial:36;transactional:3
Limpeza Automotiva em Shoppings,16,264,67;76;78;81;81;93;92;82;100;100;85;87,task:3;informational:55;navigational:7;commercial:30;transactional:5
Higiene Pessoal,48,12652,37;42;48;66;99;100;100;88;95;95;97;96,task:5;informational:72;navigational:5;commercial:14;transactional:4
LG lava e seca Reclamações,17,369,23;34;38;33;58;54;53;78;72;100;84;66,task:7;informational:44;navigational:32;commercial:7;transactional:10
Conjuntos de Pratos Fundo e Porcelana,18,5358,91;98;100;54;51;51;51;63;58;58;59;58,task:2;informational:31;navigational:2;commercial:51;transactional:14
Casa e banho,17,628,11;37;38;59;50;76;38;72;75;97;100;95,task:2;informational:56;navigational:4;commercial:29;transactional:9
Cabides para lavanderia,15,156,54;86;100;99;58;63;54;57;56;59;56;58,task:3;informational:37;navigational:11;commercial:32;transactional:17
Peças de máquina de lavar,53,27921,27;30;36;45;74;75;75;96;100;100;100;100,task:3;informational:46;navigational:3;commercial:33;transactional:15
Dosadores e Dispensers de Detergente,19,1430,86;99;100;98;97;100;100;51;72;74;73;72,task:5;informational:47;navigational:5;commercial:24;transactional:19
Lavadoras e Secadoras LG 12kg,21,1413,83;100;100;65;62;65;64;81;59;59;58;57,task:2;informational:65;navigational:7;commercial:14;transactional:12
Diabo Verde: Produtos de Limpeza,24,10459,11;14;19;23;58;58;59;100;100;100;100;100,task:2;informational:53;navigational:29;commercial:12;transactional:4
OMO 3L: Detergentes Líquidos,20,2268,83;99;100;100;53;57;58;58;58;58;58;58,task:5;informational:27;navigational:9;commercial:27;transactional:32
Bowls de Plástico,15,398,31;67;79;65;69;71;93;42;43;100;82;88,task:7;informational:44;navigational:4;commercial:31;transactional:14
Escovas de Mamadeira,19,2698,46;64;67;63;72;76;77;100;79;79;79;79,task:2;informational:57;navigational:10;commercial:23;transactional:8
Escovas para limpeza de estofados e sofás,22,1655,37;42;42;35;82;83;83;100;87;87;90;90,task:5;informational:55;navigational:4;commercial:28;transactional:8
Esfregões e limpeza doméstica,17,2221,60;82;85;83;83;90;97;97;99;98;100;99,task:7;informational:53;navigational:1;commercial:35;transactional:4
Porta-Tudo Tupperware,15,176,39;47;49;39;36;37;38;100;80;39;39;40,task:7;informational:55;navigational:4;commercial:22;transactional:12
Mops e acessórios de limpeza,19,3170,82;91;91;44;92;95;96;100;95;94;94;93,task:2;informational:51;navigational:10;commercial:28;transactional:9
Sabão Líquido Caseiro,25,15101,33;26;70;34;44;44;45;100;97;97;97;97,task:16;informational:72;navigational:5;commercial:6;transactional:1
Lavatórios de Mármore,16,449,34;92;100;90;89;62;50;36;36;75;87;88,task:14;informational:47;navigational:2;commercial:30;transactional:7
Lava Jato em Vitória,15,160,17;47;71;100;100;45;22;22;21;27;25;19,task:1;informational:27;navigational:46;commercial:16;transactional:10
Lava Rápido e Estética Automotiva,15,87,56;62;64;57;53;54;54;100;95;61;67;64,task:3;informational:35;navigational:32;commercial:25;transactional:5
Assistência técnica Lava e Seca (Brasil),16,2907,58;77;76;74;88;93;94;93;100;100;100;99,task:10;informational:41;navigational:22;commercial:15;transactional:12
Instalação Lava e Seca LG,15,262,14;50;54;54;54;38;31;62;45;50;47;100,task:17;informational:43;navigational:7;commercial:10;transactional:23
Conchas de cozinha,16,437,53;70;72;66;65;70;58;100;97;76;75;72,task:7;informational:48;navigational:11;commercial:28;transactional:6
Cacerola: restaurantes e panelas,15,214,44;66;68;57;57;88;86;95;100;76;67;71,task:3;informational:64;navigational:5;commercial:15;transactional:13
Sacos para lavar roupas,38,7571,28;37;43;75;85;88;88;100;90;90;90;90,task:8;informational:52;navigational:4;commercial:31;transactional:5
Casa limpa e organizada,33,4211,85;88;100;94;95;96;96;74;82;82;82;81,task:5;informational:72;navigational:5;commercial:10;transactional:8
Galheteiros de porcelana e vidro,24,12128,18;25;26;79;90;91;91;100;84;84;83;83,task:8;informational:53;navigational:4;commercial:22;transactional:13
Natal: Louças e Porcelanas,19,2269,84;98;100;73;74;77;77;66;67;67;68;67,task:2;informational:65;navigational:4;commercial:23;transactional:6
Culinária Online,16,9632,94;98;99;99;99;100;100;100;100;100;100;100,task:8;informational:70;navigational:5;commercial:10;transactional:7
Hidroja: Limpeza e Desentupimento,15,178,77;86;89;100;100;100;83;78;78;78;79;79,task:7;informational:35;navigational:30;commercial:17;transactional:11
Sopeiras de Porcelana,17,1312,74;99;100;97;87;93;94;88;91;91;87;87,task:3;informational:44;navigational:11;commercial:31;transactional:11
Limpeza e Controle Sem Cheiro,17,1245,26;28;29;41;41;40;38;91;96;98;97;100,task:3;informational:68;navigational:4;commercial:22;transactional:3
Limpeza CIF/Sapólio no Brasil,43,14658,29;36;92;82;82;83;84;100;98;98;98;97,task:5;informational:74;navigational:5;commercial:12;transactional:4
Lavadoras de Madeira,16,433,44;100;100;100;100;65;77;42;42;52;41;42,task:5;informational:52;navigational:5;commercial:16;transactional:22
Sanlimp: Limpeza Ácida,26,8044,14;42;44;100;77;78;79;92;97;97;97;97,task:2;informational:69;navigational:10;commercial:12;transactional:7
Eletrodomésticos LG no Brasil,16,801,24;75;76;59;39;40;63;88;61;100;66;71,task:3;informational:49;navigational:27;commercial:11;transactional:10
Louças e acessórios de banheiro,16,17595,24;28;29;98;98;99;99;99;100;100;100;100,task:2;informational:65;navigational:10;commercial:15;transactional:8
Limpeza de Vidros Profissional,31,21760,29;34;18;66;95;95;95;100;98;98;98;98,task:4;informational:51;navigational:5;commercial:29;transactional:11
Sofás Limpos e Retráteis,15,795,19;42;51;44;34;29;27;34;40;25;91;100,task:7;informational:51;navigational:4;commercial:31;transactional:7
Limpeza de pedras e pisos,29,6214,29;33;33;41;91;92;92;91;100;100;100;100,task:5;informational:69;navigational:5;commercial:13;transactional:8
Mops com spray,25,4225,42;45;47;20;100;100;100;98;19;19;19;19,task:5;informational:56;navigational:5;commercial:21;transactional:13
Lavanderias em Betim,15,144,26;32;30;29;100;27;27;23;23;23;23;24,task:3;informational:18;navigational:37;commercial:37;transactional:5
Eletroportáteis de Cozinha,26,5956,23;26;26;26;90;91;91;99;100;100;100;100,task:2;informational:50;navigational:4;commercial:34;transactional:10
Limpeza Mágica de Pisos e Produtos de Limpeza,27,3439,29;32;38;60;71;72;72;81;98;100;90;91,task:3;informational:61;navigational:10;commercial:17;transactional:9
Desentupimento de Vaso e Pia,425,332364,95;99;100;89;100;100;100;100;100;100;100;100,task:20;informational:51;navigational:5;commercial:16;transactional:8
Culinária para Alimentação,15,112,47;49;55;89;100;80;75;69;70;70;70;70,task:7;informational:50;navigational:15;commercial:11;transactional:17
Mofo em Toalhas,26,5148,94;100;98;98;98;98;99;93;89;89;89;91,task:12;informational:75;navigational:3;commercial:5;transactional:5
Mazarrollo Produtos de Limpeza,20,1542,100;84;85;98;84;85;84;81;92;93;93;91,informational:45;navigational:33;commercial:11;transactional:11
"Lava e Seca LG 8,5 kg",31,3579,43;67;68;63;68;63;61;57;80;80;95;100,task:2;informational:56;navigational:10;commercial:12;transactional:20
Porta sabão e dispensers para lavanderia,19,1342,74;100;100;95;83;89;89;83;82;83;89;88,task:3;informational:50;navigational:1;commercial:37;transactional:9
Escorredores de Louça no Mercado Livre,17,671,68;100;91;81;80;82;82;78;82;82;76;77,task:1;informational:22;navigational:53;commercial:8;transactional:16
Banheiros e louças sanitárias,20,5809,60;72;77;75;98;100;100;74;75;75;75;74,task:8;informational:47;navigational:7;commercial:21;transactional:17
Organizadores de pia em inox,15,242,34;50;49;41;62;67;50;97;100;100;90;46,task:7;informational:28;navigational:4;commercial:38;transactional:23
BioWash: Lava-Roupas Ecológico,16,316,68;78;77;77;84;78;78;89;90;100;95;97,task:3;informational:42;navigational:16;commercial:18;transactional:21
Hiperclean: Produtos de Limpeza,17,780,36;38;40;40;40;42;42;100;97;92;91;92,task:5;informational:31;navigational:3;commercial:47;transactional:14
Pasta Rosa Cristal: Limpeza Doméstica,31,5613,15;23;30;33;99;100;100;70;71;71;70;70,task:2;informational:71;navigational:2;commercial:13;transactional:12
Lider Limpeza e Serviços,15,103,17;72;82;100;19;20;20;21;21;21;21;21,task:3;informational:25;navigational:49;commercial:18;transactional:5
Lousa e Louça: ortografia e significado,33,6695,79;83;85;94;88;89;89;100;99;100;100;99,task:2;informational:85;navigational:5;commercial:5;transactional:3
Brinox: Utensílios de Cozinha,16,726,26;34;34;34;35;38;37;54;46;100;88;96,task:1;informational:30;navigational:41;commercial:12;transactional:16
Lixívia: significado e usos,20,5647,52;22;22;23;99;100;100;100;100;100;100;100,task:2;informational:89;navigational:4;commercial:4;transactional:1
Colheres de Inox,19,709,62;68;69;76;87;84;80;87;89;100;97;98,task:5;informational:53;navigational:10;commercial:24;transactional:8
Desentupimento de tanques e tanquinhos,20,940,87;82;83;93;100;94;94;72;85;85;85;86,task:32;informational:52;navigational:3;commercial:5;transactional:8
Flotadores e produtos de limpeza,29,18830,11;13;14;60;66;66;66;94;100;100;100;100,task:5;informational:73;navigational:8;commercial:12;transactional:2
Detergentes de Limão,17,329,32;34;33;34;45;45;48;95;95;100;94;94,informational:74;navigational:10;commercial:12;transactional:4
Manteigueiras de Porcelana,15,640,52;90;89;86;50;51;46;41;41;100;92;95,task:5;informational:48;navigational:11;commercial:28;transactional:8
Panelas Tefal,23,2402,70;79;83;60;59;62;62;99;100;100;99;100,task:3;informational:48;navigational:15;commercial:22;transactional:12
Vasos sanitários e louças Pettra,16,250,52;57;55;100;100;94;64;53;55;46;47;46,task:2;informational:38;navigational:34;commercial:20;transactional:6
limpeza de rejunte,104,36737,69;72;75;81;95;95;95;99;100;100;100;100,task:12;informational:70;navigational:3;commercial:12;transactional:3
facas KitchenAid,15,112,30;32;34;100;99;83;38;41;41;48;49;50,task:3;informational:46;navigational:4;commercial:33;transactional:14
Produtos de Sanitização,19,4920,28;91;94;94;94;93;93;100;100;100;100;100,task:3;informational:48;navigational:14;commercial:24;transactional:11
Máquinas de lavar inox com cesto,19,1838,41;58;61;62;66;63;64;61;90;98;87;100,task:2;informational:56;navigational:2;commercial:29;transactional:11
Limpeza com Scotch-Brite,15,594,6;7;8;7;7;8;19;34;24;95;100;86,task:10;informational:67;navigational:2;commercial:12;transactional:9
Limpeza e Higienização de Estofados e Sofás,21,5941,19;25;29;32;98;99;99;100;100;100;100;100,task:4;informational:60;navigational:5;commercial:19;transactional:12
Rolamentos de máquina de lavar,24,3591,37;43;43;64;100;100;100;75;89;89;88;88,task:5;informational:61;navigational:5;commercial:14;transactional:15
Lavagem de vestidos de festa e noiva,20,900,88;86;86;100;100;87;87;93;84;84;85;84,task:2;informational:79;navigational:5;commercial:11;transactional:3
Sabão Ala: sabões e detergentes,21,1614,100;55;56;55;54;57;58;86;88;84;84;83,task:2;informational:51;navigational:15;commercial:14;transactional:18
Escovas para Lavagem de Carros,20,512,93;100;100;56;62;63;63;72;61;60;59;59,task:2;informational:47;navigational:4;commercial:38;transactional:9
Utensílios de cerâmica para cozinha,17,963,61;87;89;81;85;86;94;100;100;95;95;96,task:3;informational:52;navigational:7;commercial:30;transactional:8
Lava Botas e Lavadores Industriais,15,248,78;96;98;96;100;89;90;92;98;97;97;97,task:7;informational:41;navigational:11;commercial:25;transactional:16
Lavanderia e Tinturaria no Brasil,15,261,58;60;63;100;72;64;64;74;73;73;73;73,task:2;informational:54;navigational:9;commercial:29;transactional:6
Limpeza Ultrassônica,23,2729,41;46;47;34;55;57;57;100;100;100;100;100,task:2;informational:61;navigational:4;commercial:24;transactional:9
Lousas com Suporte,15,236,7;11;13;12;12;11;47;69;68;96;100;82,task:3;informational:50;navigational:35;commercial:5;transactional:7
Jogos de Limpeza em Casa,24,1945,83;100;98;81;74;76;77;63;76;76;77;76,task:28;informational:59;navigational:5;commercial:5;transactional:3
Logotipos e slogans de Lava Jato,27,3328,65;75;80;90;98;100;100;94;98;97;95;94,task:2;informational:62;navigational:12;commercial:18;transactional:6
Sabão líquido para roupas,21,1155,31;34;34;88;100;100;99;78;87;85;86;87,task:3;informational:67;navigational:3;commercial:19;transactional:8
Remoção de manchas de maquiagem em roupas,81,31708,90;100;100;100;85;85;85;99;98;98;98;98,task:2;informational:83;navigational:3;commercial:10;transactional:2
Torneiras para tanque e máquina de lavar,32,14223,39;42;45;100;80;80;80;42;44;44;44;44,task:8;informational:39;navigational:4;commercial:36;transactional:13
Descanso de Colher e Acessórios Cerâmicos,15,664,70;100;100;99;97;99;97;99;95;95;95;95,task:7;informational:33;navigational:4;commercial:45;transactional:11
Pratos e Bowls,17,451,32;69;83;79;79;78;58;83;89;97;94;100,task:2;informational:62;navigational:4;commercial:26;transactional:6
Phytoervas Verbena com Capim-Limão,15,800,5;7;9;39;39;59;53;89;39;6;6;100,task:4;informational:32;navigational:31;commercial:16;transactional:17
Escovas de cabelo vazadas,16,187,49;77;100;95;81;63;55;64;69;64;58;59,task:7;informational:62;navigational:5;commercial:19;transactional:7
Tigelas e Bowls de Cerâmica,15,476,64;82;82;79;79;87;92;98;99;84;85;100,task:3;informational:54;navigational:2;commercial:33;transactional:8
mise en place na cozinha,48,30731,98;100;100;98;87;88;88;86;89;89;89;88,task:8;informational:82;navigational:3;commercial:5;transactional:2
LimpTec: Limpeza e Serviços,15,48,49;52;63;70;92;96;80;69;69;100;69;69,task:3;informational:32;navigational:46;commercial:11;transactional:8
limpeza de alumínio roxo,16,59,85;89;95;95;95;95;95;97;99;99;100;99,task:10;informational:59;navigational:5;commercial:22;transactional:4
Toalhas de prato atoalhadas,16,2519,63;89;92;89;88;95;95;98;100;100;100;99,task:3;informational:54;navigational:1;commercial:30;transactional:12
Produtos de Limpeza Max,18,458,58;79;86;60;62;63;63;100;89;74;74;74,task:5;informational:52;navigational:14;commercial:21;transactional:8
Lavanderias em Carapicuíba,15,101,23;100;94;28;37;89;66;28;28;29;29;29,task:3;informational:39;navigational:10;commercial:40;transactional:8
Limpeza de Paredes,51,9641,100;100;97;99;96;97;97;91;91;91;92;91,task:12;informational:76;navigational:3;commercial:5;transactional:4
Limpeza do Fígado e Vesícula,42,8282,99;97;96;100;92;93;93;92;94;94;89;89,task:3;informational:70;navigational:5;commercial:13;transactional:9
Vanish Alvejante Brasil,18,1115,31;55;55;92;100;90;83;83;83;83;83;83,task:2;informational:42;navigational:24;commercial:26;transactional:6
Lavanderias Cristal,15,212,66;85;89;97;91;100;97;94;98;98;99;98,task:3;informational:18;navigational:37;commercial:37;transactional:5
Lavadoras de Alta Pressão Electrolux,45,7478,92;100;49;65;79;80;80;75;67;68;67;66,task:2;informational:36;navigational:20;commercial:22;transactional:20
Lavadoras Electrolux: problemas de água e manutenção,23,3038,62;62;59;61;78;78;79;79;98;98;100;100,task:3;informational:75;navigational:5;commercial:10;transactional:7
Lavanderia dry clean Brasil,16,2619,52;70;73;73;58;63;63;80;100;100;98;97,task:5;informational:53;navigational:20;commercial:14;transactional:8
Mop PowerMaid Brasil,17,291,52;82;86;81;81;100;87;97;63;37;37;37,task:2;informational:47;navigational:30;commercial:18;transactional:3
Detalhamento Automotivo e Limpeza de Carros,20,3500,18;23;25;27;99;100;100;57;60;59;60;60,task:2;informational:67;navigational:7;commercial:14;transactional:10
Mesa posta com sousplats,47,42481,18;20;22;31;93;93;93;100;100;100;100;100,task:8;informational:69;navigational:2;commercial:14;transactional:7
Lavanderias Ecológicas,15,126,64;75;83;95;95;100;99;97;99;99;99;99,task:3;informational:35;navigational:21;commercial:33;transactional:8
Zip: limpeza e desengordurantes,20,1289,24;48;44;63;78;63;63;84;89;100;98;79,informational:69;navigational:2;commercial:17;transactional:12
Lavanderias Elav,16,361,66;68;69;69;79;80;81;83;100;100;85;84,task:5;informational:25;navigational:31;commercial:33;transactional:6
Sabão líquido para roupas (OMO e similares),60,34793,49;55;59;69;86;86;86;100;97;97;97;97,task:3;informational:46;navigational:5;commercial:36;transactional:10
Elis Lavanderia e Serviços,22,3470,21;27;30;93;98;100;100;94;35;33;33;33,task:2;informational:23;navigational:57;commercial:11;transactional:7
Taças e Copos Pasabahce,16,781,39;41;42;41;41;43;46;78;78;100;95;98,task:2;informational:37;navigational:25;commercial:30;transactional:6
Porta sabão e suportes para bancada,16,677,36;69;78;56;56;52;44;24;24;81;75;100,informational:32;navigational:42;commercial:22;transactional:4
Aqua Magic Lavanderias,15,296,22;28;33;31;32;34;33;100;31;31;31;31,task:3;informational:21;navigational:46;commercial:19;transactional:11
Travessas Refratárias de Porcelana,18,629,64;75;75;72;46;50;68;100;51;57;55;54,task:5;informational:43;navigational:6;commercial:34;transactional:12
Placas de Limpeza e Organização,17,400,84;100;90;86;82;67;68;91;93;95;88;87,task:2;informational:69;navigational:5;commercial:19;transactional:5
Nomes para Lava Jato e Estética Automotiva,30,4978,97;98;100;100;92;92;93;79;87;87;86;86,task:32;informational:52;navigational:8;commercial:6;transactional:2
Marmitas e Vasilhas Plásticas,16,563,45;54;56;68;61;58;82;61;59;100;88;92,task:7;informational:45;navigational:11;commercial:30;transactional:7
Jogos de Cozinha,96,49361,69;79;70;70;69;69;69;100;87;87;87;87,task:5;informational:65;navigational:5;commercial:19;transactional:6
Frigideiras Elétricas,17,1528,84;99;100;99;90;90;90;94;48;47;46;46,task:2;informational:46;navigational:4;commercial:35;transactional:13
"Sabão para lava e seca: tipos, usos e dicas",28,3299,80;79;83;92;69;67;66;83;87;90;90;100,informational:77;navigational:5;commercial:14;transactional:4
Limpeza de telas de dispositivos,173,64262,54;54;75;88;94;95;95;100;100;100;100;100,task:5;informational:81;navigational:5;commercial:6;transactional:3
Luminarc: Pratos e Panelas de Vidro,18,786,44;49;48;82;81;79;70;78;80;100;97;100,task:2;informational:43;navigational:18;commercial:31;transactional:6
Limpeza de Móveis MDF,60,8773,85;87;86;87;94;95;96;99;100;100;100;100,task:5;informational:75;navigational:5;commercial:9;transactional:6
Limpeza e cuidado com couro,42,15611,86;99;94;88;96;97;98;93;100;100;100;100,task:8;informational:71;navigational:2;commercial:14;transactional:5
Robôs de limpeza doméstica,20,1707,31;41;35;38;69;70;70;100;79;80;79;78,task:2;informational:60;navigational:5;commercial:23;transactional:10
Lousas e Quadros Escolares,21,26791,14;18;19;17;17;17;17;100;100;100;100;100,task:4;informational:40;navigational:26;commercial:24;transactional:6
Remoção de manchas em roupas,82,24839,100;89;90;88;89;90;90;94;94;94;94;94,task:5;informational:80;navigational:2;commercial:5;transactional:8
Pias e Pedras para Cozinha,18,966,46;60;62;74;67;61;58;91;76;81;76;100,task:2;informational:46;navigational:7;commercial:29;transactional:16
Desentupidora Brasil,17,122,97;98;92;93;100;100;100;92;43;43;43;43,task:2;informational:58;navigational:25;commercial:10;transactional:5
Limpeza Doméstica: Mops e Vassouras Bettanin/Noviça,17,5952,66;82;84;82;84;87;87;96;100;100;100;100,task:3;informational:55;navigational:5;commercial:21;transactional:16
Lavagem rápida de carros perto de mim,30,11579,88;90;91;52;48;49;49;100;54;53;53;53,task:3;informational:32;navigational:30;commercial:16;transactional:19
Terrinas e Utensílios de Mesa,19,433,90;93;93;100;89;90;90;36;25;23;23;23,task:2;informational:62;navigational:10;commercial:18;transactional:8
Bombril: Esponjas e Buchas de Limpeza,17,136,45;51;56;55;60;94;75;100;90;84;93;75,task:3;informational:54;navigational:11;commercial:22;transactional:10
Aquafast: Limpeza e Higiene,16,351,61;71;73;72;72;75;75;82;79;100;100;82,task:3;informational:55;navigational:10;commercial:16;transactional:16
Pratos e Travessas de Porcelana,15,995,9;15;17;27;20;24;16;10;10;100;96;88,task:3;informational:32;navigational:9;commercial:38;transactional:18
Poeira e Limpeza Doméstica,19,579,63;71;66;85;64;65;99;100;94;70;70;70,task:2;informational:75;navigational:2;commercial:13;transactional:8
Bombas Lava e Seca LG,18,784,26;70;71;60;57;49;43;100;76;71;65;79,task:2;informational:52;navigational:20;commercial:12;transactional:14
Produtos de Limpeza Dragão,20,2990,53;64;64;92;72;70;70;83;99;100;97;96,task:2;informational:41;navigational:40;commercial:13;transactional:4
Escovas para banheiro,24,4332,74;94;100;100;90;92;92;92;93;92;95;94,task:7;informational:45;navigational:5;commercial:28;transactional:15
Panelas wok,26,15162,15;19;21;49;100;100;100;80;77;77;76;76,task:7;informational:56;navigational:5;commercial:23;transactional:9
Companhia de Limpeza,15,308,51;55;58;60;60;60;60;65;66;66;100;98,task:13;informational:25;navigational:3;commercial:47;transactional:12
Panelas de Cozinha,25,4918,40;51;49;69;92;94;92;96;98;98;100;99,task:2;informational:62;navigational:2;commercial:27;transactional:7
Lavanderias 5àsec,34,15941,38;43;44;61;50;51;51;100;84;84;84;83,task:2;informational:22;navigational:58;commercial:6;transactional:12
Lavagem rápida em Mooca,15,101,66;93;100;86;83;86;93;83;81;87;87;83,task:7;informational:29;navigational:26;commercial:25;transactional:13
Lava rápido em Santo André,15,226,36;39;39;40;40;42;40;100;81;42;44;42,task:3;informational:25;navigational:37;commercial:30;transactional:5
Cubas e pias pretas,16,1720,85;100;100;97;90;92;93;86;92;93;77;76,task:5;informational:54;navigational:1;commercial:34;transactional:6
Verbos de higienização em Português,22,3899,90;86;92;83;59;59;60;100;100;100;100;100,task:5;informational:80;navigational:2;commercial:5;transactional:8
Potes e Utensílios de Plástico,20,5174,47;55;56;98;98;100;100;99;100;100;100;99,task:2;informational:44;navigational:7;commercial:33;transactional:14
Torneiras de Cozinha,74,73611,59;58;60;100;68;68;68;71;70;70;70;70,task:8;informational:42;navigational:4;commercial:33;transactional:13
Higienização de Estofados,22,1751,23;28;66;100;80;82;81;86;69;69;69;69,task:2;informational:54;navigational:2;commercial:32;transactional:10
Lava-Jatos em Cuiabá,15,146,14;21;22;21;29;34;29;100;71;15;14;14,task:7;informational:58;navigational:8;commercial:17;transactional:10
Baldes com Espremedor para Limpeza,18,683,66;90;92;87;83;90;91;88;100;100;90;91,task:3;informational:47;navigational:5;commercial:30;transactional:15
Vaporização e higienização de estofados,23,10856,25;14;15;89;99;100;100;91;93;93;94;93,task:2;informational:59;navigational:4;commercial:23;transactional:12
Sinalização de Higiene para Banheiro,25,1331,92;100;100;65;31;33;33;62;63;63;62;61,task:8;informational:72;navigational:5;commercial:12;transactional:3
Lavanderias em Penha,15,119,84;95;91;82;76;85;82;73;79;100;80;87,task:1;informational:24;navigational:39;commercial:33;transactional:3
Rodo e acessórios de limpeza,29,30762,19;21;100;90;90;90;90;89;89;89;89;89,task:2;informational:34;navigational:30;commercial:25;transactional:9
Máquinas de lavar Bemol,17,209,17;90;100;58;58;33;35;63;42;24;25;25,task:1;informational:47;navigational:24;commercial:11;transactional:17
Sobrado e Restaurante no Brasil,16,1140,44;66;69;67;73;76;77;67;98;100;82;83,task:2;informational:64;navigational:10;commercial:14;transactional:10
Lavanderias em Limeira,15,169,47;53;48;50;100;45;43;43;44;64;61;62,task:5;informational:26;navigational:45;commercial:20;transactional:4
Candida e Água Sanitária – Produtos de Limpeza,30,6365,60;57;76;86;63;64;64;100;100;100;100;100,task:3;informational:71;navigational:8;commercial:12;transactional:6
Limpeza com Peróxido no Brasil,21,4641,23;26;17;17;87;85;85;98;100;100;99;99,task:5;informational:66;navigational:4;commercial:22;transactional:3
Kit Sabão Líquido Caseiro,18,809,38;44;47;55;57;57;57;100;77;77;77;77,task:5;informational:45;navigational:9;commercial:30;transactional:11
Esfregões para porcelanato,16,401,29;81;88;100;100;85;48;58;62;92;84;95,task:6;informational:51;navigational:3;commercial:38;transactional:2
utensílios de cozinha Electrolux,15,437,4;4;4;13;20;16;27;100;62;50;46;47,task:3;informational:25;navigational:39;commercial:15;transactional:18
Limpeza de Persianas,18,608,77;79;80;76;75;76;76;100;100;100;100;100,task:6;informational:75;navigational:2;commercial:14;transactional:3
Lavanderias do Rio de Janeiro,15,309,90;98;100;96;73;76;75;73;74;74;74;74,task:2;informational:48;navigational:9;commercial:34;transactional:7
Kit Garfo e Faca (PT),27,5588,63;33;34;33;74;76;76;100;100;100;100;100,task:2;informational:50;navigational:4;commercial:35;transactional:9
Coquel Sabão para Lavanderia,20,882,51;77;91;100;94;96;95;65;56;58;49;49,task:5;informational:54;navigational:15;commercial:17;transactional:9
Utensílios de fritura,23,2272,77;87;89;56;97;100;100;52;47;47;46;45,task:1;informational:52;navigational:5;commercial:20;transactional:22
Vanish: Manchas e Bolor,17,530,100;100;47;57;57;57;57;93;90;90;90;90,task:2;informational:70;navigational:8;commercial:12;transactional:8
Potes e seus Usos,18,17616,26;30;31;30;30;31;31;32;100;100;100;100,task:8;informational:84;navigational:2;commercial:6
Saboneteiras para Banheiro,16,6044,79;93;100;100;94;96;96;98;99;99;100;99,task:7;informational:33;navigational:1;commercial:39;transactional:20
Esponjas de cozinha não riscam,23,2061,54;64;64;79;74;76;75;100;100;100;98;99,task:3;informational:78;navigational:2;commercial:13;transactional:4
Extratoras IPC Lava Pro,16,312,77;97;100;96;95;86;87;86;86;100;97;100,task:3;informational:23;navigational:41;commercial:20;transactional:13
Limpeza de Ouro e Semijoias,91,30310,98;99;100;97;89;89;89;95;94;94;94;94,task:10;informational:70;navigational:5;commercial:10;transactional:5
Escorredores de madeira para louça,15,199,29;53;52;45;47;52;48;30;31;100;89;33,task:3;informational:54;navigational:5;commercial:24;transactional:14
Lavadoras e tanquinhos Arno,22,5596,73;85;89;90;88;89;89;89;100;100;100;99,task:2;informational:45;navigational:14;commercial:25;transactional:14
Plush para lavanderia,16,195,33;79;100;59;52;47;41;70;68;54;45;45,task:4;informational:57;navigational:4;commercial:22;transactional:13
Desinfetantes e Limpadores,24,1498,61;67;67;46;72;74;78;80;100;100;64;64,task:2;informational:53;navigational:5;commercial:24;transactional:16
Limpeza de rodas de carro,24,1508,21;23;23;58;61;61;61;100;85;93;90;86,task:5;informational:64;navigational:3;commercial:10;transactional:18
Lavanderias em Americana e região,15,259,48;97;100;92;92;57;56;50;51;51;51;51,informational:49;navigational:22;commercial:26;transactional:3
Colher de Pau - Restaurantes e Gastronomia,16,1374,57;100;95;85;87;92;93;98;100;91;91;90,task:5;informational:53;navigational:11;commercial:21;transactional:10
Limpeza com Mop e Flash Limp,16,430,91;98;99;95;97;98;100;92;62;94;95;56,task:2;informational:56;navigational:2;commercial:26;transactional:14
Limpeza de Cachimbos,18,4295,93;52;63;75;83;88;88;82;100;100;100;99,task:8;informational:58;navigational:3;commercial:11;transactional:20
Assistência LG Lava e Seca,15,143,15;22;25;23;24;31;26;100;45;65;36;35,task:10;informational:18;navigational:42;commercial:18;transactional:12
Lavadoras LG compactas e Twinwash,15,859,4;20;23;18;18;13;23;70;55;100;88;47,task:5;informational:52;navigational:19;commercial:11;transactional:13
Máquinas de Lavar Brinquedo,18,937,83;99;100;58;66;71;81;56;69;74;58;59,task:2;informational:62;navigational:5;commercial:21;transactional:10
Bowls de vidro,16,418,48;71;72;65;56;58;67;71;70;100;89;52,task:10;informational:44;navigational:5;commercial:27;transactional:14
Casa Arrumada,21,2351,100;60;60;49;35;36;36;36;36;36;37;39,task:5;informational:67;navigational:10;commercial:10;transactional:8
Vassouras Grandes para Limpeza,15,141,38;92;94;92;92;100;88;90;93;59;56;57,task:3;informational:38;navigational:4;commercial:41;transactional:14
Aproveitamento de Alimentos,38,8223,58;62;62;60;61;62;62;94;100;100;100;100,task:5;informational:75;navigational:5;commercial:10;transactional:5
Pan e Spa,15,5310,56;73;92;92;93;95;95;99;100;100;100;99,task:7;informational:18;navigational:60;commercial:10;transactional:5
Liquidificadores Oster,61,30723,57;59;63;74;76;76;76;100;100;100;100;100,task:2;informational:45;navigational:11;commercial:19;transactional:23
Eletrodomésticos para Cozinha,70,27782,35;38;50;72;80;80;80;93;100;100;100;100,task:2;informational:62;navigational:2;commercial:26;transactional:8
Super Prático,16,1643,19;38;47;43;44;37;40;44;52;32;100;86,task:13;informational:49;navigational:23;commercial:4;transactional:11
Utensílios de vidro para cozinha,17,803,58;85;88;85;70;74;74;89;100;74;73;74,task:3;informational:57;navigational:5;commercial:20;transactional:15
Cubas e Lavatórios Deca,15,303,65;85;86;79;99;100;92;79;79;79;86;83,task:7;informational:34;navigational:34;commercial:16;transactional:9
Limpeza de couro,81,16536,98;100;100;100;99;100;100;99;100;100;100;100,task:8;informational:75;navigational:2;commercial:15
Cerâmica e Louças Portuguesas,19,1254,52;53;45;100;63;64;64;65;80;80;81;80,task:2;informational:76;navigational:8;commercial:10;transactional:4
Bainhas de roupas,23,9891,96;100;100;85;29;30;30;85;88;88;87;87,task:5;informational:70;navigational:7;commercial:10;transactional:8
Conjunto de jantar para casa,15,131,11;65;65;57;47;58;44;92;100;40;43;47,task:17;informational:50;navigational:5;commercial:18;transactional:10
Lavanderias Sol Brasil,15,232,34;53;95;100;100;56;53;45;46;46;46;47,task:7;informational:12;navigational:45;commercial:30;transactional:6
Detergentes em 1 litro,17,214,7;9;100;84;100;10;9;25;18;22;35;44,task:3;informational:45;navigational:4;commercial:37;transactional:11
Banheiros e Lavabos Decorados,17,118,29;31;32;30;29;54;54;100;89;27;27;27,task:3;informational:64;navigational:5;commercial:21;transactional:7
Cola e Reparo de Cerâmica,33,4395,26;28;39;59;90;93;93;100;98;99;97;97,task:8;informational:61;navigational:3;commercial:20;transactional:8
Panelas de Porcelana,16,264,78;100;96;100;69;73;77;59;53;60;53;53,task:1;informational:54;navigational:4;commercial:33;transactional:8
Limpeza de Escritório,16,286,97;98;100;100;100;100;100;68;66;63;63;63,task:8;informational:37;navigational:3;commercial:45;transactional:7
limpeza automotiva: vassouras para lavar carros e ônibus,19,604,25;36;50;42;96;96;100;48;48;48;48;48,task:3;informational:53;navigational:5;commercial:20;transactional:19
Letras na Cozinha,17,3985,49;62;63;55;72;75;76;82;100;100;99;98,task:5;informational:58;navigational:25;commercial:10;transactional:2
Lavatórios e Pias para Banheiro e Salão,37,13708,53;55;59;58;56;56;56;100;58;58;58;58,task:5;informational:39;navigational:4;commercial:40;transactional:12
Desamassar Geladeiras e Latarias,28,4165,37;39;62;77;73;75;75;98;100;100;100;100,task:5;informational:62;navigational:7;commercial:15;transactional:11
Lavanderias em Natal e Região,15,473,81;95;100;94;87;91;90;92;95;95;95;94,task:3;informational:44;navigational:10;commercial:36;transactional:7
Kits e Equipamentos para Lava Jato,51,7094,45;51;62;89;98;100;100;89;94;94;92;92,task:2;informational:45;navigational:2;commercial:33;transactional:18
Detergentes para Lavar Roupas,32,6559,29;35;62;75;92;93;93;88;100;100;100;100,task:2;informational:68;navigational:3;commercial:17;transactional:10
Toalhas Listradas,15,418,31;43;45;63;63;69;46;100;93;58;60;99,task:6;informational:38;navigational:11;commercial:28;transactional:17
Sabão Líquido Suprema,19,817,71;78;76;77;77;95;86;82;92;100;96;96,task:1;informational:44;navigational:33;commercial:18;transactional:4
Conjuntos de Taças,18,1255,86;100;66;65;55;57;57;64;66;70;70;69,task:2;informational:52;navigational:5;commercial:28;transactional:13
Mops com Esponja,17,690,64;75;75;71;58;57;51;50;51;68;89;100,task:10;informational:54;navigational:5;commercial:23;transactional:8
Panelas e jogos de panelas,18,1207,100;49;63;67;64;67;67;69;70;70;66;66,task:5;informational:54;navigational:7;commercial:23;transactional:11
Remoção de ferrugem,322,173114,94;92;93;90;97;97;97;100;100;100;100;100,task:12;informational:74;navigational:3;commercial:8;transactional:3
limpeza de grelha para churrasqueira,40,13439,67;71;72;82;94;95;95;100;98;98;98;98,task:5;informational:86;navigational:2;commercial:6;transactional:1
Querosene na limpeza,48,40550,26;28;29;85;90;91;91;100;100;100;100;100,task:5;informational:74;navigational:5;commercial:10;transactional:6
Rodo com Esponja e Espuma,23,1590,87;99;100;49;55;59;60;55;53;53;54;53,task:8;informational:62;navigational:4;commercial:23;transactional:3
Lavanderias em Taguatinga,15,210,88;100;97;95;94;100;97;95;93;86;87;87,informational:49;navigational:21;commercial:20;transactional:10
escovas elétricas de limpeza,63,17094,47;56;64;71;82;83;83;90;100;100;100;100,task:5;informational:40;navigational:4;commercial:39;transactional:12
Pratos de Micro-ondas,29,10088,22;28;35;50;91;93;93;100;94;94;94;94,task:5;informational:56;navigational:4;commercial:26;transactional:9
Sanitização e Higienização,30,6533,54;58;57;56;94;95;94;97;100;100;100;100,task:8;informational:80;navigational:5;commercial:5;transactional:2
Chopeiras Portáteis,18,734,66;99;100;96;74;80;80;74;76;76;80;79,task:10;informational:46;navigational:5;commercial:21;transactional:18
"Fritadeiras Air Fryer Mondial 3,5 L",22,797,89;99;100;97;52;55;55;59;52;52;51;51,task:5;informational:46;navigational:4;commercial:37;transactional:8
Escorredores de louça 2 e 3 andares,16,358,60;100;96;88;83;85;84;88;89;82;83;83,task:10;informational:51;navigational:5;commercial:28;transactional:6
Panelas de vidro para cozinha,48,52944,20;21;22;76;52;52;52;100;100;99;99;99,task:5;informational:52;navigational:3;commercial:34;transactional:6
LG lava e seca 10kg,17,1254,48;81;91;76;64;51;50;98;63;77;85;100,task:5;informational:21;navigational:10;commercial:20;transactional:44
Porto Brasil: louças e porcelanas,18,7915,90;97;100;46;49;50;51;53;53;54;54;53,informational:43;navigational:22;commercial:22;transactional:13
Lavanderias em Joinville e Região,15,677,80;90;92;89;83;88;88;100;90;90;97;95,task:4;informational:32;navigational:26;commercial:30;transactional:8
Porta Shampoo,15,35,4;36;41;22;16;23;5;100;5;5;5;5,task:7;informational:27;navigational:28;commercial:11;transactional:27
Limpeza de pincéis e esponjas de maquiagem,62,24741,67;51;58;69;94;95;95;99;100;100;100;100,task:12;informational:76;navigational:2;commercial:8;transactional:2
Ternos: lavagem e lavanderia,34,4618,84;87;90;97;95;95;96;100;85;85;83;83,task:2;informational:71;navigational:5;commercial:13;transactional:9
Espuma Mágica de Limpeza,24,19447,26;32;33;95;92;93;93;100;100;100;100;100,task:2;informational:57;navigational:5;commercial:17;transactional:19
Desincrustação e limpeza de Dolce Gusto,42,12596,32;35;49;50;60;62;62;99;100;100;100;100,task:8;informational:72;navigational:5;commercial:9;transactional:6
Panelas Brancas e Jogos de Panela,16,544,80;100;96;91;74;89;88;82;83;84;83;83,task:13;informational:33;navigational:4;commercial:36;transactional:14
Roupas Pretas — Lavagem e Cuidados,52,13408,40;45;53;72;84;86;87;100;100;100;100;100,task:1;informational:78;navigational:5;commercial:13;transactional:3
Banho e Higiene Pessoal,60,45230,60;62;65;67;40;40;40;99;100;100;100;100,task:5;informational:76;navigational:7;commercial:5;transactional:7
Talheres para Restaurantes,16,616,85;100;97;91;96;93;92;91;91;91;91;91,task:1;informational:59;navigational:4;commercial:26;transactional:10
Desincrustantes para Limpeza,27,13401,13;14;18;30;89;90;90;100;100;99;100;100,task:5;informational:61;navigational:5;commercial:17;transactional:12
Sabão Caseiro: Receitas e Técnicas,165,113504,26;27;29;34;47;47;47;96;100;100;100;100,task:8;informational:72;navigational:5;commercial:11;transactional:4
Kits de Limpeza,19,951,81;92;100;99;76;72;72;78;80;82;82;82,task:5;informational:37;navigational:4;commercial:40;transactional:14
Limpeza de Porcelanato e Pisos,271,109131,74;77;81;86;100;100;100;98;98;98;98;98,task:2;informational:78;navigational:4;commercial:12;transactional:4
Conserto de Eletrodomésticos,21,10588,34;42;46;43;40;41;41;55;100;100;100;100,task:17;informational:35;navigational:2;commercial:29;transactional:17
Cif: limpadores para banheiro,25,3821,37;39;40;30;79;80;80;91;100;100;100;100,task:5;informational:57;navigational:7;commercial:21;transactional:10
Higienização de Morangos,60,22291,89;100;100;95;80;80;80;97;100;100;100;100,task:12;informational:78;navigational:3;commercial:5;transactional:2
Receitas e Despesas,120,53779,46;53;57;72;82;83;83;97;100;100;100;100,task:12;informational:71;navigational:4;commercial:13
Copos e Taças Haus,15,1154,26;33;37;33;32;36;47;42;79;88;100;97,task:3;informational:35;navigational:38;commercial:20;transactional:4
Pratos de Melamina,46,29124,49;71;74;80;88;88;88;97;100;100;100;100,task:2;informational:63;navigational:5;commercial:20;transactional:10
Vanish – Limpeza e Branqueamento,29,5838,21;30;88;100;82;85;85;92;91;91;91;90,task:2;informational:53;navigational:7;commercial:23;transactional:15
Lojas de Utensílios de Cozinha,16,863,48;51;44;49;48;44;43;44;44;100;94;46,task:5;informational:40;navigational:39;commercial:10;transactional:6
Reparo de Torneiras,49,24874,17;20;24;53;96;96;96;99;100;100;100;100,task:10;informational:63;navigational:6;commercial:12;transactional:9
Lavanderias na Freguesia e Jacarepaguá,15,65,64;69;74;71;70;75;100;66;65;65;65;65,task:3;informational:29;navigational:31;commercial:32;transactional:5
Lavagem automotiva e higienização,22,1431,62;84;100;90;81;81;82;67;68;68;68;68,task:5;informational:47;navigational:9;commercial:16;transactional:23
Limpeza de rejunte e rejuntes,23,2049,26;29;29;34;82;82;77;99;100;85;84;84,task:2;informational:68;navigational:5;commercial:16;transactional:9
Guia de reset de lavadoras e lava-louças,22,1693,30;54;44;74;81;80;80;98;88;94;96;100,task:18;informational:58;navigational:2;commercial:10;transactional:12
Pias e Lavabos de Banheiro,16,1991,59;73;76;73;72;76;76;87;91;100;96;94,task:2;informational:54;navigational:11;commercial:21;transactional:12
porta utensílios de cozinha,15,900,85;100;100;98;49;50;47;53;69;72;52;52,task:5;informational:36;navigational:4;commercial:41;transactional:14
Saboneteiras de vidro,17,731,37;54;54;52;51;55;53;41;42;100;83;86,task:3;informational:32;navigational:28;commercial:24;transactional:13
Desentupidora Estrela do Sol,15,75,79;75;82;82;82;83;83;98;100;86;86;86,task:7;informational:40;navigational:41;commercial:5;transactional:7
Vasos sanitários e sifões,18,1188,59;63;64;38;67;70;66;42;97;100;100;99,task:3;informational:72;navigational:3;commercial:13;transactional:9
Álcool para Limpeza Doméstica,30,5598,33;35;53;68;89;90;90;100;99;99;99;98,task:5;informational:71;navigational:4;commercial:17;transactional:3
Limpeza para bicicletas,15,1168,66;90;90;88;87;99;100;93;96;100;96;94,task:13;informational:54;navigational:1;commercial:18;transactional:14
"Banheiro em Porcelanato: Lavatórios, Cubas e Bancadas",17,1018,67;98;100;95;84;90;93;88;88;88;81;80,task:2;informational:73;navigational:5;commercial:15;transactional:5
Chopeiras para bancada,16,551,78;89;90;85;81;84;86;82;94;96;100;99,task:4;informational:45;navigational:4;commercial:30;transactional:17
Vasilhames e recipientes,22,20476,59;63;64;63;71;72;72;94;100;100;100;100,task:2;informational:65;navigational:5;commercial:20;transactional:8
Limpeza de Porcelanato Pós-Obra,28,2823,49;54;37;57;100;98;99;97;87;87;88;88,task:12;informational:60;navigational:6;commercial:9;transactional:13
Cerâmica Artesanal e Pratos Rústicos,22,1714,86;100;98;53;49;52;53;74;83;83;81;80,task:8;informational:51;navigational:7;commercial:30;transactional:4
sabao liquido UAU para lavar roupas,16,1361,81;100;100;100;62;65;65;80;74;74;74;74,task:2;informational:57;navigational:1;commercial:30;transactional:10
Panelinha - Receitas e Cozinha Prática,36,26915,46;49;53;52;65;65;65;100;100;100;100;100,informational:62;navigational:20;commercial:13;transactional:5
Água potável e purificação,46,7695,92;93;92;95;97;98;99;95;99;99;100;100,task:5;informational:81;navigational:5;commercial:6;transactional:3
Pratos de vidro com tampa,15,497,26;96;89;69;50;49;62;75;72;100;98;100,task:7;informational:53;navigational:1;commercial:29;transactional:10
Lavanderias em Taquara,15,88,24;93;96;46;46;100;77;27;27;28;27;27,task:3;informational:38;navigational:22;commercial:18;transactional:19
Remoção de manchas de roupas,660,370436,100;98;97;97;91;91;91;94;94;94;94;94,task:12;informational:77;navigational:3;commercial:5;transactional:3
Água Levissima Brasil,18,672,54;55;43;44;82;82;100;100;72;66;66;66,task:3;informational:61;navigational:19;commercial:10;transactional:7
Sanduicheiras Mondial,23,3469,91;98;100;100;46;47;47;41;44;44;43;42,informational:38;navigational:10;commercial:18;transactional:34
Mamadeiras Tupperware,15,441,80;99;100;100;79;85;86;81;84;79;81;83,task:3;informational:50;navigational:11;commercial:29;transactional:7
Lavagens de carro Fortaleza,15,268,63;67;68;69;74;100;93;86;87;86;75;75,task:6;informational:22;navigational:43;commercial:24;transactional:5
MaxClean: Produtos de Limpeza,16,563,35;41;43;35;100;100;100;36;38;38;38;37,task:5;informational:38;navigational:16;commercial:25;transactional:16
Lanches ao Prato,15,325,69;93;89;99;100;77;78;83;85;85;85;84,task:3;informational:53;navigational:10;commercial:17;transactional:17
Lavadoras de alta pressão,284,107601,34;32;34;100;61;61;61;65;59;59;59;59,task:1;informational:46;navigational:4;commercial:38;transactional:11
Papel Higiênico e Vaso Sanitário,44,7503,81;86;96;96;94;95;95;91;100;100;100;100,task:2;informational:77;navigational:5;commercial:11;transactional:5
Sifões de Pia e Acessórios,21,6219,41;48;49;24;77;79;80;100;84;84;84;83,task:5;informational:66;navigational:7;commercial:14;transactional:8
Manuais e símbolos Samsung Eco Bubble Lava e Seca,81,16381,66;70;77;89;99;99;99;91;94;100;94;94,task:2;informational:79;navigational:6;commercial:6;transactional:7
Desinfetantes Minuano,15,134,60;100;96;91;71;69;67;78;81;82;71;71,task:7;informational:45;navigational:18;commercial:26;transactional:4
Produtos de limpeza Coimbra,15,117,9;13;32;24;24;37;100;12;12;14;12;12,task:3;informational:18;navigational:57;commercial:10;transactional:12
Alfa Laval Brasil,19,2728,95;100;100;100;56;58;55;56;57;57;57;57,task:2;informational:42;navigational:48;commercial:4;transactional:4
Come-come e Jogos,27,7176,29;84;29;28;87;88;88;100;42;42;42;42,task:5;informational:66;navigational:11;commercial:10;transactional:8
Lavadoras GE,18,1601,12;26;26;29;41;36;38;95;66;100;89;84,task:2;informational:52;navigational:15;commercial:21;transactional:10
Produtos de limpeza Removex/Vonixx,30,16563,40;40;47;95;90;91;91;97;100;100;100;100,task:2;informational:60;navigational:12;commercial:20;transactional:6
Limpeza com borrifador,15,46,49;45;47;47;47;100;74;61;52;44;42;44,task:3;informational:77;navigational:5;commercial:8;transactional:7
Acessórios para sabonete líquido,21,9191,92;97;100;47;47;47;47;45;46;46;46;46,task:5;informational:49;navigational:4;commercial:34;transactional:8
Erros de lava-louças Electrolux,21,1216,68;69;70;84;86;86;86;89;100;100;99;99,task:2;informational:85;navigational:5;commercial:5;transactional:3
Limpeza de Telas,20,5180,41;46;46;46;100;99;100;94;86;87;86;86,task:8;informational:70;navigational:4;commercial:15;transactional:3
Estopa: Limpeza e Polimento,25,23005,15;20;84;87;95;96;96;100;100;100;100;99,task:7;informational:56;navigational:5;commercial:14;transactional:18
Marmitas de Alumínio,21,6976,60;69;46;53;78;81;80;100;99;99;97;97,task:8;informational:53;navigational:4;commercial:29;transactional:6
Lavatórios Portáteis para Salões,22,3630,86;98;100;97;53;55;56;50;56;56;53;53,task:2;informational:47;navigational:2;commercial:32;transactional:17
Batedeiras Inox,15,386,33;49;54;47;47;48;50;100;78;79;45;47,task:7;informational:43;navigational:4;commercial:32;transactional:14
Limpeza Doméstica com X14 Veja,28,5778,89;97;100;52;54;55;56;59;52;52;52;51,task:2;informational:57;navigational:23;commercial:15;transactional:3
Casas de Banho (PT),19,2238,24;27;31;40;100;100;100;97;97;97;98;97,task:2;informational:79;navigational:5;commercial:8;transactional:6
Limpeza Ambiental,16,76,87;91;100;100;100;100;98;99;100;100;100;100,task:10;informational:49;navigational:5;commercial:17;transactional:19
Co-Wash: Cuidados com Cabelo,37,12265,37;54;60;89;93;94;94;100;100;100;100;100,task:2;informational:72;navigational:5;commercial:15;transactional:6
Lavanderias em Santana e região,15,172,73;90;100;93;90;79;74;78;75;75;75;78,task:1;informational:18;navigational:46;commercial:31;transactional:4
Lava Jato Goiânia,15,577,59;60;58;55;55;57;55;52;87;86;84;100,task:3;informational:24;navigational:27;commercial:37;transactional:9
Aparadores de Mesa e Cozinha,17,1253,63;69;71;73;80;69;68;71;69;100;92;87,task:7;informational:52;navigational:5;commercial:23;transactional:13
Cubas para cozinha,68,53053,57;57;61;64;100;100;100;83;81;81;81;81,task:2;informational:49;navigational:7;commercial:32;transactional:10
Cabelo lavado com sabonete,29,3389,84;86;87;92;91;92;92;95;100;99;100;100,task:2;informational:75;navigational:5;commercial:15;transactional:3
Harpic e limpeza de banheiro,15,2315,26;32;33;32;33;35;33;99;99;100;97;97,task:2;informational:30;navigational:29;commercial:31;transactional:8
Fritadeiras Labravia,20,1091,56;59;55;41;97;100;100;88;88;89;91;92,informational:60;navigational:15;commercial:16;transactional:9
Vasos sanitários e louças icasa,18,3298,50;71;73;78;79;85;87;81;89;89;100;100,task:3;informational:34;navigational:27;commercial:24;transactional:12
Panelas laranja,17,354,18;22;24;22;37;24;34;100;96;23;23;44,task:7;informational:34;navigational:5;commercial:32;transactional:22
Máquinas de Cozinha Automatizadas,18,138,27;31;38;35;35;36;68;100;87;44;44;44,task:4;informational:65;navigational:1;commercial:23;transactional:7
Pingo Mágico - Limpeza Doméstica,25,12873,11;14;18;60;61;61;61;97;100;100;99;99,task:2;informational:67;navigational:10;commercial:10;transactional:11
Lâmpadas de lava,41,26504,31;34;36;43;92;93;93;96;100;100;100;100,task:2;informational:65;navigational:5;commercial:19;transactional:9
Desentupimento e encanamentos,26,7882,12;16;16;85;94;95;96;93;100;100;100;100,task:5;informational:51;navigational:15;commercial:13;transactional:16
LG Lava e Seca VC2,27,5022,18;27;28;37;100;100;100;82;39;39;38;39,task:2;informational:60;navigational:11;commercial:15;transactional:12
Lavanderias em Maceió,15,264,42;90;93;50;50;100;80;46;47;47;47;49,task:3;informational:47;navigational:11;commercial:31;transactional:8
Sabão em pó para remover manchas,20,1211,30;14;14;42;100;100;99;98;98;100;97;97,task:5;informational:66;navigational:2;commercial:21;transactional:6
Xícaras Wolff e porcelana,16,668,50;72;72;65;63;67;87;66;90;100;77;79,task:3;informational:43;navigational:19;commercial:27;transactional:8
Colheres grandes de inox,16,328,54;79;78;90;100;78;77;74;77;80;81;82,task:7;informational:34;navigational:18;commercial:31;transactional:10
Vassouras Miniatura,16,102,29;36;40;36;37;38;59;100;83;40;38;39,task:7;informational:58;navigational:1;commercial:30;transactional:4
Espátulas para Cozinha,16,2762,58;83;87;83;84;92;93;98;100;97;98;99,task:3;informational:59;navigational:5;commercial:18;transactional:15
Vazamentos em Torneiras e Pia da Cozinha,20,2473,41;37;41;74;79;79;79;98;100;100;100;100,task:2;informational:75;navigational:3;commercial:10;transactional:10
Decoração de cozinhas,38,12728,75;78;95;100;90;90;90;77;77;77;77;77,task:2;informational:66;navigational:5;commercial:23;transactional:4
Suportes para Máquina de Lavar,21,3585,69;93;98;95;89;91;94;93;98;100;98;97,task:7;informational:46;navigational:5;commercial:28;transactional:14
Lavanderias em Santo André,15,298,75;91;94;94;99;100;99;89;94;97;91;91,informational:35;navigational:23;commercial:37;transactional:5
Pratos transparentes de vidro,18,2558,82;98;99;98;96;99;100;56;57;57;58;57,task:5;informational:46;navigational:5;commercial:28;transactional:16
Pratos e Louças Limão Siciliano,18,393,78;88;88;53;100;98;90;49;43;71;50;51,task:8;informational:45;navigational:12;commercial:22;transactional:13
Desentupimento com garrafa PET,22,4990,81;86;96;100;61;63;64;98;95;95;95;95,task:10;informational:85;navigational:3;commercial:2
Sabão Líquido Concentrado para Lavanderia,16,598,23;24;50;99;99;100;100;74;74;77;74;74,task:5;informational:55;navigational:5;commercial:19;transactional:16
Enxaguantes bucais,82,71965,16;19;20;90;43;43;43;100;100;100;100;100,task:4;informational:48;navigational:2;commercial:34;transactional:12
Desengordurante Multiuso,17,473,24;28;87;62;100;63;63;64;64;67;63;64,task:6;informational:39;navigational:10;commercial:19;transactional:26
Lavadoras de Alta Pressão WAP 4000,18,1355,49;55;55;27;99;100;100;41;64;68;39;40,task:1;informational:24;navigational:26;commercial:13;transactional:36
Limpeza Ecológica e Vegana,23,1036,34;36;25;62;91;93;92;100;96;98;96;96,task:8;informational:67;navigational:4;commercial:18;transactional:3
Lavup Lavanderias Brasil,15,265,55;99;96;89;96;100;96;88;75;75;75;75,task:7;informational:31;navigational:44;commercial:11;transactional:7
TokLimp: produtos de limpeza,15,68,17;17;100;19;19;19;19;19;19;21;19;19,task:3;informational:36;navigational:33;commercial:17;transactional:11
Grupo Grand Chef Eletrodomésticos,18,554,63;90;92;87;81;85;72;100;92;96;91;97,task:3;informational:42;navigational:29;commercial:11;transactional:15
Detergentes Ypê no Brasil,41,8587,49;60;65;83;90;91;91;95;100;100;100;100,task:2;informational:53;navigational:10;commercial:19;transactional:16
Lavatórios Dompel para Salão,15,166,14;18;18;15;23;17;21;97;76;100;88;13,task:7;informational:26;navigational:17;commercial:28;transactional:22
Garfos descartáveis para refeição,20,1019,68;99;100;93;90;97;98;91;84;84;98;97,task:7;informational:25;navigational:1;commercial:47;transactional:20
Lavanderias em Gravataí,15,99,26;28;34;71;70;64;55;100;76;31;32;32,task:1;informational:42;navigational:12;commercial:39;transactional:6
Oxiclean e limpeza,19,2605,30;32;18;18;97;98;98;100;100;100;100;100,task:3;informational:61;navigational:4;commercial:26;transactional:6
Bolhas de água,24,1845,29;29;29;59;99;99;100;100;97;97;97;97,task:2;informational:69;navigational:17;commercial:8;transactional:4
Vasos sanitários azuis,15,876,14;44;65;53;42;47;30;69;71;100;87;91,task:3;informational:44;navigational:11;commercial:31;transactional:11
Vassouras para porcelanato,17,1980,22;28;31;25;53;51;48;92;89;100;94;96,task:1;informational:68;navigational:5;commercial:20;transactional:6
Desentupidora Cometa,15,72,60;75;86;81;77;64;64;70;90;82;100;95,task:3;informational:21;navigational:45;commercial:25;transactional:6
Pratos de Porcelana Branca,19,1874,86;99;100;60;54;57;54;50;49;47;49;49,task:2;informational:42;navigational:9;commercial:35;transactional:12
Calhas: Limpeza e Manutenção,20,1295,41;45;75;90;91;93;92;84;100;100;100;100,task:10;informational:45;navigational:7;commercial:28;transactional:10
Perfex: Panos e Rolos de Limpeza,26,9645,37;47;50;57;90;91;91;100;93;93;93;93,task:3;informational:54;navigational:7;commercial:26;transactional:10
Assadeiras de Porcelana,16,330,86;98;100;92;62;65;74;59;57;57;57;58,task:10;informational:44;navigational:4;commercial:36;transactional:6
Acessórios para Panelas,26,3463,87;100;52;61;62;63;63;54;51;51;51;50,task:8;informational:53;navigational:2;commercial:25;transactional:12
panelas de cozinha e casa,16,982,25;40;53;48;46;35;51;55;52;78;79;100,task:3;informational:38;navigational:26;commercial:20;transactional:13
Tupperware Mantimentos e Acessórios,20,3181,71;93;96;97;94;99;100;95;98;97;97;96,task:2;informational:48;navigational:28;commercial:14;transactional:8
Bicarbonato na Limpeza,18,1138,69;69;100;60;91;91;91;91;91;91;91;91,task:2;informational:83;navigational:5;commercial:8;transactional:2
Lava Rápido Ribeirão Preto,15,189,67;70;74;71;69;100;85;67;68;85;73;74,task:3;informational:15;navigational:44;commercial:33;transactional:5
Lixeiras Coza para pia e banheiro,15,700,24;32;31;30;100;85;60;30;31;68;62;63,task:7;informational:29;navigational:14;commercial:23;transactional:27
Panelas Le Creuset,44,24887,97;100;48;52;55;55;55;66;68;68;68;68,task:2;informational:29;navigational:21;commercial:27;transactional:21
Lava Rápido com Karcher K1,17,1093,42;43;43;43;43;44;44;100;100;98;98;97,task:7;informational:55;navigational:4;commercial:25;transactional:9
Lixeiras para Pia de Cozinha,25,4251,100;52;55;55;54;55;55;66;57;57;58;58,task:2;informational:43;navigational:2;commercial:37;transactional:16
Bio Clean Produtos de Limpeza,18,533,79;91;92;90;98;100;100;75;68;72;67;67,task:5;informational:32;navigational:25;commercial:29;transactional:9
Lavanderias em Pinheiros e Vila Madalena,15,65,42;45;48;62;100;90;44;48;44;44;44;44,task:3;informational:42;navigational:17;commercial:37;transactional:1
Nação Detail,15,995,87;98;100;96;93;99;100;95;97;97;100;99,task:3;informational:32;navigational:44;commercial:13;transactional:8
Mente Limpa,18,1271,63;57;57;64;93;94;94;100;97;97;97;98,task:12;informational:74;navigational:5;commercial:8;transactional:1
Mesa posta com comida,16,597,54;59;60;75;99;100;100;79;59;59;59;59,task:12;informational:71;navigational:5;commercial:9;transactional:3
Lavadoras Philco Lava e Seca,28,6629,36;43;44;31;98;99;100;61;53;53;54;54,task:2;informational:51;navigational:15;commercial:13;transactional:19
Duchas Fame,33,7927,38;50;55;57;98;100;100;97;100;100;100;99,task:5;informational:51;navigational:4;commercial:19;transactional:21
Mops a vapor e mop elétrico,26,1489,89;100;98;56;68;71;72;96;58;58;60;60,task:2;informational:37;navigational:1;commercial:44;transactional:16
Desinfetantes e limpadores de roupas,66,17315,50;55;58;68;94;95;96;100;99;99;99;99,task:5;informational:62;navigational:5;commercial:24;transactional:4
Porcelana Branca,15,511,66;73;76;70;70;72;70;100;98;98;98;98,task:8;informational:46;navigational:3;commercial:39;transactional:4
Detergentes Enzimáticos,41,31386,16;19;20;40;67;68;68;93;100;100;100;100,task:8;informational:65;navigational:4;commercial:17;transactional:6
Cuidados com a oleosidade do cabelo,20,1233,100;97;97;97;85;82;79;89;55;60;59;59,task:12;informational:75;navigational:3;commercial:8;transactional:2
Lavadoras de Alta Pressão Stihl,39,10924,84;38;41;46;67;67;67;72;100;100;100;99,task:2;informational:38;navigational:32;commercial:12;transactional:16
utensílios de cozinha em bambu,19,1823,68;75;75;65;78;81;80;98;89;89;100;100,task:2;informational:52;navigational:2;commercial:35;transactional:9
Pratos Dourados,16,467,34;38;39;38;36;48;42;100;77;36;38;83,task:3;informational:55;navigational:18;commercial:17;transactional:7
Vagas de Limpeza,18,4219,54;67;67;65;65;73;67;68;78;73;98;100,task:2;informational:57;navigational:9;commercial:28;transactional:4
Pias e Lavatórios de Jardim,16,147,39;99;100;96;96;82;88;40;44;53;55;52,task:10;informational:38;navigational:5;commercial:36;transactional:11
Limpeza de vidros e cera Sopami,19,4295,68;75;75;73;59;60;61;97;98;99;99;100,task:5;informational:54;navigational:5;commercial:20;transactional:16
Desengordurante Zap,15,125,10;11;14;13;14;15;16;97;100;41;43;40,task:3;informational:46;navigational:25;commercial:19;transactional:7
Escumadeiras: utensílios de cozinha,21,24675,34;38;38;38;90;90;90;100;100;100;100;100,task:2;informational:67;navigational:5;commercial:20;transactional:6
Limpeza e fragrâncias,15,449,11;25;100;55;55;19;18;29;24;45;39;49,task:3;informational:64;navigational:8;commercial:21;transactional:4
Remoção de Manchas – Limpeza no Brasil,18,1406,43;45;53;43;51;52;52;92;98;100;98;99,task:5;informational:83;navigational:5;commercial:5;transactional:2
Bandolim na Cozinha,15,243,25;27;100;85;29;29;52;38;35;69;64;65,task:3;informational:58;navigational:5;commercial:21;transactional:13
Prateleiras e Rack para Máquina de Lavar,15,370,39;80;88;44;82;80;100;78;69;86;78;88,task:7;informational:39;navigational:4;commercial:39;transactional:11
Esponjas e Lixas Abrasivas,19,1931,30;34;34;45;90;91;91;100;89;89;89;89,task:2;informational:58;navigational:5;commercial:25;transactional:10
Panelas no Shoptime,23,9939,40;42;44;19;20;20;20;100;20;20;20;20,informational:42;navigational:30;commercial:20;transactional:8
Dispensadores de Molho,16,194,48;79;100;85;84;93;89;63;62;49;49;49,informational:66;navigational:5;commercial:18;transactional:11
Panelas Kitchenaid,16,202,71;95;100;99;98;97;92;98;94;95;95;93,task:3;informational:47;navigational:5;commercial:26;transactional:19
Liquidificadores Kitchenaid,19,2511,87;99;100;98;93;96;97;50;76;80;64;63,task:2;informational:54;navigational:10;commercial:19;transactional:15
Petisqueiras de Porcelana,15,266,76;96;100;96;80;84;84;92;89;99;96;98,task:7;informational:46;navigational:14;commercial:29;transactional:4
Liquidificadores Mondial,61,20753,74;77;81;86;94;94;94;100;95;95;95;95,task:2;informational:42;navigational:14;commercial:30;transactional:12
Defecação ao ar livre,17,342,71;89;89;90;98;100;97;20;21;18;17;17,task:1;informational:80;navigational:5;commercial:10;transactional:4
Liquidificadores e Biscuit,16,55,8;78;100;18;15;16;12;79;61;13;13;14,task:7;informational:51;navigational:24;commercial:14;transactional:4
Lavanderias em São José (Brasil),15,515,75;100;100;91;85;91;90;93;92;92;92;91,task:3;informational:37;navigational:17;commercial:36;transactional:7
Taças de Vidro e Copos,18,2458,65;92;100;98;89;95;96;92;94;94;94;93,task:10;informational:54;navigational:4;commercial:26;transactional:6
Derretimento de gordura na cozinha,19,1625,25;26;57;87;81;79;79;59;83;100;83;83,task:4;informational:88;navigational:2;commercial:5;transactional:1
Lavanderias em Canoas,15,216,80;79;80;57;71;75;70;100;56;57;60;61,task:3;informational:22;navigational:41;commercial:25;transactional:9
Pratos Amarelos e Porcelana,15,230,12;25;26;23;33;38;20;100;81;27;25;17,task:3;informational:53;navigational:3;commercial:28;transactional:13
Chopeiras de Cerveja,15,587,51;68;73;71;74;79;77;89;96;100;82;83,task:10;informational:43;navigational:7;commercial:25;transactional:15
Produtos de limpeza Valencia,15,244,80;96;100;69;69;74;75;71;72;79;82;79,task:5;informational:60;navigational:23;commercial:10;transactional:2
Jogos para banheiro,17,1149,41;60;61;54;43;49;49;49;51;62;58;100,task:4;informational:52;navigational:1;commercial:25;transactional:18
Polimento de Inox,33,4437,31;36;42;89;93;95;95;100;88;88;89;89,informational:64;navigational:5;commercial:16;transactional:15
Taças e artigos de mesa de vidro,47,9913,59;66;74;82;99;100;100;96;94;95;94;94,task:5;informational:51;navigational:4;commercial:28;transactional:12
Lavanderias Industriais e Comerciais,17,1171,86;100;100;67;87;90;90;80;80;80;78;78,task:5;informational:45;navigational:4;commercial:34;transactional:12
Linha Alvfresh Spartan,18,1727,69;70;71;71;71;71;71;80;100;100;100;100,task:2;informational:72;navigational:5;commercial:18;transactional:3
Desentupimento de Canos com Gordura,17,435,54;54;57;100;91;91;91;91;92;92;92;92,task:8;informational:70;navigational:5;commercial:10;transactional:7
Cafeteira e Sanduicheira,17,207,14;17;18;15;15;15;25;100;65;17;18;16,task:3;informational:47;navigational:4;commercial:33;transactional:13
Panelas esmaltadas,19,3605,37;42;43;28;90;90;92;100;96;96;97;96,task:5;informational:56;navigational:4;commercial:27;transactional:8
Removedores de manchas e clareadores,18,882,28;29;31;32;98;97;96;96;96;99;100;100,task:5;informational:52;navigational:2;commercial:24;transactional:17
Prata: limpeza e conservação,237,136198,95;90;98;99;97;97;97;99;100;100;100;100,task:10;informational:78;navigational:3;commercial:6;transactional:3
Lavagem de Carros em Natal,15,125,31;33;35;33;29;100;82;32;31;28;28;28,task:3;informational:38;navigational:7;commercial:47;transactional:5
"Saladeiras: inox, porcelana e vidro",19,8336,17;22;20;19;98;99;99;19;100;100;100;99,informational:58;navigational:4;commercial:32;transactional:6
Louças e jogos de jantar Havan,20,3751,84;98;100;51;55;56;57;55;56;59;56;55,informational:31;navigational:40;commercial:12;transactional:17
Lavadoras Consul Facilite,35,3302,39;48;48;46;57;61;62;72;91;100;79;97,task:2;informational:39;navigational:29;commercial:16;transactional:14
Travessas de Porcelana,19,3407,69;96;100;100;93;96;95;95;97;97;100;99,task:3;informational:44;navigational:11;commercial:31;transactional:11
Tomadas de Cozinha,19,602,47;54;57;50;84;84;84;51;100;95;96;94,task:3;informational:70;navigational:5;commercial:12;transactional:10
Limpeza de Persianas e Cortinas,51,7244,87;90;95;98;97;98;98;99;100;99;99;99,task:5;informational:74;navigational:5;commercial:10;transactional:6
Jantinhas da Lu,15,793,12;57;57;52;52;51;40;74;70;57;94;100,task:7;informational:40;navigational:25;commercial:11;transactional:17
Limpeza de Sofá RJ,15,128,76;98;100;99;84;86;86;83;88;86;90;91,task:3;informational:39;navigational:3;commercial:47;transactional:8
Toalhas para Casa,17,1356,86;100;100;51;46;48;47;58;64;64;63;62,task:6;informational:45;navigational:11;commercial:19;transactional:19
"Escovas, chapinhas e secadores (Brasil)",27,6483,27;36;38;42;94;96;96;81;100;100;100;99,task:8;informational:53;navigational:4;commercial:28;transactional:7
Casa e Organização,16,204,74;75;79;79;79;100;100;79;80;80;80;80,task:8;informational:59;navigational:15;commercial:10;transactional:8
Saboneteiras de Cerâmica,15,439,13;77;73;74;74;75;38;30;34;100;89;95,task:3;informational:42;navigational:5;commercial:25;transactional:25
Casa Limpa Santo André,15,4443,92;98;99;99;98;100;100;99;100;100;100;100,task:2;informational:41;navigational:31;commercial:20;transactional:6
Blue Clean Brasil – Limpeza e Bem-Estar,17,922,27;56;78;100;98;86;86;78;89;89;76;76,task:2;informational:49;navigational:30;commercial:16;transactional:3
Cuisinart Grill e Sanduíches,16,162,48;91;100;78;79;60;58;67;60;66;63;63,task:3;informational:36;navigational:22;commercial:27;transactional:12
Acessórios para lavadora de alta pressão,18,4368,59;67;68;43;64;66;67;100;90;90;90;90,task:2;informational:52;navigational:4;commercial:31;transactional:11
Lavanderias Vila Mariana,15,106,15;49;100;17;17;17;16;17;17;22;20;20,task:1;informational:24;navigational:39;commercial:33;transactional:3
Lavanderias em Curitiba,15,296,63;73;74;72;75;100;98;78;76;75;76;75,task:2;informational:57;navigational:5;commercial:30;transactional:6
Marinex e Vidro para Forno,41,11759,69;74;77;89;89;90;90;100;100;99;100;99,task:2;informational:69;navigational:10;commercial:16;transactional:3
Chopeiras Skol,15,499,4;24;31;16;7;7;11;7;8;100;90;89,task:3;informational:28;navigational:17;commercial:41;transactional:11
Pinho Sol e Desinfetantes - Limpeza Doméstica,26,4692,16;21;21;98;22;22;22;100;25;25;25;25,task:8;informational:67;navigational:5;commercial:15;transactional:5
Lavanderias em Sorocaba,15,253,93;96;100;100;82;88;81;84;83;83;83;83,task:2;informational:36;navigational:17;commercial:40;transactional:5
Limpeza de Carpete,36,5098,55;59;75;78;86;88;89;89;100;100;100;100,task:5;informational:60;navigational:4;commercial:23;transactional:8
Buffalo: Produtos de Limpeza,16,226,73;96;100;97;93;99;98;86;86;95;92;92,task:7;informational:50;navigational:16;commercial:20;transactional:7
Louças e acabamentos para banheiro,15,603,6;11;13;12;42;45;37;15;16;100;87;91,task:7;informational:47;navigational:5;commercial:38;transactional:3
Panelas Gourmet e Premium,16,293,52;83;100;65;75;79;71;72;72;90;86;79,task:10;informational:46;navigational:8;commercial:29;transactional:7
Vazamentos em Pias,18,215,27;55;100;87;68;66;66;100;67;67;67;67,task:12;informational:60;navigational:5;commercial:5;transactional:18
Desentupimento de ralos e encanamentos,17,441,99;99;100;94;94;94;94;87;88;88;88;88,task:5;informational:71;navigational:6;commercial:12;transactional:6
Panelas e Jogos Electrolux,25,2937,85;100;53;56;80;83;84;70;74;74;74;74,informational:35;navigational:32;commercial:21;transactional:12
Panelas Cuisinox,22,3484,45;19;20;19;43;44;44;100;91;91;91;91,task:2;informational:44;navigational:31;commercial:13;transactional:10
Lavagem e impermeabilização de sofás,16,297,83;84;85;62;62;62;62;62;96;100;99;99,task:3;informational:61;navigational:5;commercial:10;transactional:21
Panelas Genebra,19,1214,27;52;68;75;68;76;69;100;98;87;83;86,task:2;informational:44;navigational:30;commercial:21;transactional:3
Travessas e assadeiras de vidro,19,5837,89;97;100;100;46;47;47;53;58;57;57;56,task:4;informational:37;navigational:5;commercial:40;transactional:14
Pratos e Equipamentos de Restaurante,15,382,62;96;94;95;92;80;81;83;85;100;85;85,task:3;informational:41;navigational:20;commercial:24;transactional:12
Lavatórios para Barbearias,15,373,68;100;100;95;94;83;79;77;78;78;94;96,informational:56;navigational:4;commercial:29;transactional:11
Produtos de Limpeza Teiu,16,337,80;96;96;92;90;94;95;97;97;100;96;95,task:3;informational:35;navigational:34;commercial:17;transactional:11
Sabão líquido ODD,15,216,13;92;100;19;20;18;17;21;19;27;26;57,task:3;informational:35;navigational:38;commercial:14;transactional:10
Manchas de óleo e tinta em roupas,256,116169,100;96;97;93;89;89;89;88;88;88;88;88,task:5;informational:81;navigational:2;commercial:10;transactional:2
Detergentes no Brasil,30,67308,9;10;30;98;99;99;99;100;100;100;100;100,task:4;informational:63;navigational:3;commercial:24;transactional:6
Lavadoras Toyama,16,820,7;24;27;16;16;7;7;7;7;100;89;93,task:3;informational:43;navigational:18;commercial:17;transactional:19
Lavadoras Ultrassônicas Médicas,22,2392,14;28;35;52;84;85;85;100;98;98;98;98,task:1;informational:64;navigational:5;commercial:26;transactional:4
Talheres de Inox,16,260,76;92;93;84;84;92;83;81;83;82;83;100,task:3;informational:56;navigational:4;commercial:29;transactional:8
Pratos de borboleta,15,177,37;68;69;65;63;73;100;97;89;42;36;36,task:10;informational:45;navigational:4;commercial:34;transactional:7
Garrafões de Vidro,16,546,49;63;61;59;52;55;56;100;83;57;57;57,task:1;informational:58;navigational:4;commercial:29;transactional:8
Pratos e tamanhos para mesa,23,1605,50;53;97;100;97;100;100;93;90;88;90;90,task:8;informational:67;navigational:5;commercial:16;transactional:4
Casa Organizada,38,5537,66;71;73;96;95;97;97;100;98;98;98;98,task:12;informational:72;navigational:5;commercial:6;transactional:5
TopLimp Limpeza Brasil,15,131,15;18;100;77;18;18;18;63;42;22;19;19,task:3;informational:18;navigational:49;commercial:25;transactional:5
Bombas de lavagem automotiva,22,3114,85;99;100;99;96;97;97;86;90;90;91;90,task:5;informational:61;navigational:6;commercial:16;transactional:12
escorredores de tupperware,15,477,62;92;89;78;81;100;87;77;79;77;77;77,informational:44;navigational:5;commercial:31;transactional:20
