name,prompts_count,volume,volume_trend,intents
Fogões e Fornos de Cozinha,15,677,35;56;67;47;60;57;71;100;72;75;68;87,task:8;informational:66;navigational:8;commercial:14;transactional:4
Fogões Elétricos,94,39378,21;21;22;96;100;100;100;53;30;30;30;30,task:8;informational:45;navigational:4;commercial:25;transactional:18
Eletrodomésticos para Cozinha,70,27782,35;38;50;72;80;80;80;93;100;100;100;100,task:2;informational:62;navigational:2;commercial:26;transactional:8
Aparelhos e Acessórios de Cozinha,15,545,6;33;44;36;36;39;28;100;85;78;92;70,task:3;informational:60;navigational:9;commercial:18;transactional:10
Fogões e fornos Elettromec,15,1393,72;93;98;91;80;87;88;95;100;99;99;98,task:4;informational:27;navigational:46;commercial:6;transactional:17
Cookers e fogões,18,1083,70;74;74;75;93;93;99;100;38;39;39;43,task:2;informational:75;navigational:10;commercial:10;transactional:3
Cozinha Industrial e Equipamentos,24,13468,31;38;42;98;99;100;100;100;100;100;100;100,task:5;informational:55;navigational:1;commercial:35;transactional:4
Cooktops e Fogões de Indução,268,417452,19;19;19;85;98;98;98;100;82;82;82;82,task:2;informational:49;navigational:4;commercial:37;transactional:8
fogões elétricos de bancada,16,141,5;18;23;16;16;11;32;100;74;17;14;21,task:3;informational:39;navigational:4;commercial:36;transactional:18
Fogões com Forno Elétrico,34,8762,23;31;41;54;99;100;100;74;84;84;84;84,task:2;informational:49;navigational:5;commercial:33;transactional:11
Fogões e Cooktops,16,382,14;85;100;19;33;32;30;30;25;31;29;31,task:2;informational:50;navigational:19;commercial:15;transactional:14
Fogões e Cooktops Industriais,16,536,70;99;99;92;85;90;96;100;100;86;87;85,task:10;informational:45;navigational:4;commercial:32;transactional:9
Panelas e Utensílios de Cozinha,15,657,69;91;95;93;93;91;100;96;96;96;100;99,task:10;informational:38;navigational:7;commercial:37;transactional:8
Fogões Realce e Eletrodomésticos,16,1989,83;99;100;52;51;54;54;62;82;88;80;81,task:1;informational:33;navigational:35;commercial:26;transactional:5
Fogões Clarice e Eletrodomésticos,15,1326,28;48;53;42;49;54;43;56;38;37;98;100,task:4;informational:20;navigational:42;commercial:17;transactional:17
Fogões e Cooktops por Indução,53,12086,93;97;100;100;44;44;44;83;55;55;55;55,task:8;informational:43;navigational:4;commercial:36;transactional:9
Fogões e Fornos Importados,17,3287,73;86;51;55;96;98;99;96;98;100;97;97,task:2;informational:50;navigational:7;commercial:30;transactional:11
Eletroportáteis de Cozinha,26,5956,23;26;26;26;90;91;91;99;100;100;100;100,task:2;informational:50;navigational:4;commercial:34;transactional:10
Queimadores de Fogão,21,3327,49;59;59;48;67;68;69;100;90;90;91;91,task:2;informational:53;navigational:2;commercial:34;transactional:9
Fogões LG e Cooktops,16,350,22;64;70;95;95;61;39;86;64;100;92;100,task:3;informational:49;navigational:16;commercial:15;transactional:17
Fogões Online Fogaonet,15,1998,55;81;85;89;85;91;91;94;100;100;98;97,task:3;informational:13;navigational:69;commercial:10;transactional:5
Cooktops Gourmand e Eletrodomésticos de Cozinha,15,359,20;38;43;32;50;33;30;43;42;66;58;100,task:7;informational:57;navigational:5;commercial:18;transactional:13
Fogões Portáteis,17,1549,55;80;85;82;85;90;91;93;99;100;93;94,task:3;informational:52;navigational:1;commercial:30;transactional:14
Fogões digitais,18,482,46;60;65;54;59;65;91;62;59;60;68;100,task:3;informational:52;navigational:8;commercial:29;transactional:8
Fogões a gás: tipos e modelos,19,1320,56;66;70;100;97;99;99;47;56;75;68;70,task:3;informational:63;navigational:2;commercial:24;transactional:8
Fogões e bocas,16,623,54;70;77;66;64;81;72;100;71;47;48;48,task:2;informational:52;navigational:5;commercial:19;transactional:22
Cooktops e Fogões a Indução Electrolux,89,20358,69;71;67;70;79;80;80;100;79;79;79;79,task:2;informational:35;navigational:19;commercial:24;transactional:20
Fogões Electrolux Chef,18,3216,36;50;58;47;43;41;44;54;80;83;100;98,informational:36;navigational:27;commercial:30;transactional:7
Fogões Elétricos Industriais,19,485,90;99;100;96;56;60;58;50;56;56;56;57,task:4;informational:48;navigational:4;commercial:34;transactional:10
Fogões Itatiaia e Cooktops,21,2245,43;27;30;50;75;75;77;100;91;72;71;77,task:5;informational:53;navigational:12;commercial:19;transactional:11
Fogatti: cooktops e fogões,15,237,16;42;57;43;45;26;23;100;73;31;28;36,task:3;informational:25;navigational:45;commercial:15;transactional:12
Panasonic Fogões e Cooktops,19,891,38;57;60;56;51;55;55;80;83;100;61;62,task:3;informational:33;navigational:32;commercial:23;transactional:9
Peças de Fogão,30,10720,87;94;50;56;86;87;87;98;100;100;100;100,task:5;informational:31;navigational:5;commercial:44;transactional:15
Mundo dos Fogões,15,1199,40;61;63;60;60;67;70;83;91;100;93;94,task:7;informational:33;navigational:22;commercial:25;transactional:13
Fornos Elétricos,241,147415,42;40;41;53;100;100;100;97;79;79;79;79,task:2;informational:40;navigational:4;commercial:39;transactional:15
fornos e eletrodomésticos no Brasil,15,720,6;6;7;19;14;13;23;100;75;56;47;45,task:10;informational:56;navigational:8;commercial:12;transactional:14
Fogões e Fornos nas Lojas Brasileiras,16,1570,59;75;76;70;63;75;78;79;76;79;97;100,task:7;informational:39;navigational:17;commercial:18;transactional:19
Marcas de Eletrodomésticos,22,3382,14;18;28;67;99;99;99;100;90;87;94;100,task:2;informational:38;navigational:8;commercial:47;transactional:5
JM Equipamentos Gastronômicos,15,50,22;100;95;24;24;27;25;25;25;25;25;25,task:1;informational:27;navigational:49;commercial:8;transactional:15
Fogões e Cooktops Embutidos (Indução e Gás),15,489,53;69;100;85;72;74;88;70;84;92;76;80,task:7;informational:47;navigational:4;commercial:31;transactional:11
Frigideiras Elétricas,17,1528,84;99;100;99;90;90;90;94;48;47;46;46,task:2;informational:46;navigational:4;commercial:35;transactional:13
Peças e Acessórios para Fogões,16,601,68;78;57;100;100;100;99;72;91;93;92;92,task:5;informational:37;navigational:1;commercial:41;transactional:16
Fogões Elétricos 2 Bocas,27,1529,83;93;93;91;97;100;100;46;43;44;42;42,task:3;informational:43;navigational:4;commercial:39;transactional:11
Fornos Elétricos Giratórios,18,839,65;71;73;71;71;76;76;80;100;98;76;75,task:2;informational:66;navigational:11;commercial:11;transactional:10
Fogões Gourmet e Profissionais,15,209,13;16;17;20;19;19;38;100;76;28;26;33,task:7;informational:41;navigational:8;commercial:33;transactional:11
Fogões Electrolux: Queimadores e Bocas,19,1226,48;52;51;77;91;94;100;91;72;73;73;88,task:2;informational:50;navigational:10;commercial:16;transactional:22
Fogões e Cooktops por Indução Portátil,19,2101,72;83;83;81;78;81;82;84;100;97;97;97,task:5;informational:45;navigational:4;commercial:32;transactional:14
Fogões elétricos Agratto,17,866,86;94;93;87;83;84;85;96;97;100;97;97,task:2;informational:34;navigational:24;commercial:21;transactional:19
Cooktops e Fogões Ferro Fundido,17,1044,88;99;100;62;74;80;81;77;56;57;54;54,task:5;informational:64;navigational:5;commercial:20;transactional:6
Fogões industriais de inox,15,429,83;100;98;94;69;79;79;58;73;59;60;59,task:3;informational:53;navigational:5;commercial:25;transactional:14
Cooktops e Fogões de Inox e Aço Escovado,15,1162,62;95;100;86;72;77;80;77;77;77;78;77,task:3;informational:43;navigational:4;commercial:38;transactional:12
Fogões e Fornos Pinhal,15,908,23;58;59;43;42;44;32;100;97;58;59;56,task:5;informational:28;navigational:49;commercial:12;transactional:6
Cozinha Planejada com Cooktop,16,675,34;51;55;49;67;53;53;100;77;78;50;55,task:3;informational:67;navigational:12;commercial:15;transactional:3
Fogões e Fornos Havan,20,3967,66;78;78;61;65;67;68;72;69;69;95;100,task:2;informational:18;navigational:47;commercial:7;transactional:26
Fogareiros e Fogões Portáteis,42,12145,71;79;87;86;98;98;98;100;97;97;97;97,task:9;informational:44;navigational:4;commercial:28;transactional:15
Tecno Eletrodomésticos,16,511,38;46;49;47;58;60;60;100;77;85;52;51,task:12;informational:40;navigational:11;commercial:30;transactional:7
Fogões Industriais,20,975,26;30;30;32;97;93;93;100;100;100;100;100,task:8;informational:28;navigational:3;commercial:45;transactional:16
utensílios de cozinha Electrolux,15,437,4;4;4;13;20;16;27;100;62;50;46;47,task:3;informational:25;navigational:39;commercial:15;transactional:18
Fogões e Cooktops Mondial,22,1309,77;98;100;94;91;97;98;98;98;98;97;96,task:3;informational:27;navigational:31;commercial:25;transactional:14
Fogões de Madeira,15,59,14;95;100;17;18;67;50;16;16;16;16;16,task:3;informational:64;navigational:15;commercial:11;transactional:7
Casa do Fogão no Brasil,18,2036,100;61;62;60;60;64;66;72;76;80;74;73,task:2;informational:50;navigational:25;commercial:19;transactional:4
Antonow Fogões e Acessórios,17,596,62;84;98;96;95;86;87;87;98;100;90;89,task:1;informational:28;navigational:46;commercial:9;transactional:16
Fogões Fischer Embutidos,21,2277,75;89;88;55;54;56;57;44;70;72;87;100,task:2;informational:28;navigational:38;commercial:22;transactional:10
Braslar Fogões e Cooktops,23,2625,86;100;99;48;46;49;48;74;72;75;75;76,task:2;informational:31;navigational:34;commercial:23;transactional:10
utensílios de cozinha e talheres,18,2828,68;72;73;72;89;90;89;90;88;89;100;98,task:8;informational:53;navigational:4;commercial:29;transactional:6
Crissair Fogões e Cooktops,15,1332,73;83;84;93;92;94;95;95;98;97;100;100,task:2;informational:44;navigational:37;commercial:7;transactional:10
Mini fogões e fogareiros,19,782,100;53;54;52;48;51;51;74;56;56;56;55,task:2;informational:63;navigational:5;commercial:19;transactional:11
Fogões e Cooktops Rosa,15,382,51;92;100;84;78;59;70;47;48;98;59;60,task:13;informational:42;navigational:4;commercial:30;transactional:11
Lâmpadas para Forno e Fogão,28,2483,32;45;46;46;74;77;77;100;93;93;92;91,task:3;informational:52;navigational:5;commercial:23;transactional:17
Fogões Industriais com Forno,40,41586,26;28;31;35;37;38;38;37;100;100;100;100,task:2;informational:37;navigational:4;commercial:42;transactional:15
Assadeiras e fritadeiras elétricas,16,1288,82;96;100;95;51;54;53;51;52;89;73;70,task:5;informational:54;navigational:4;commercial:26;transactional:11
Fogões Smeg e Cooktops,15,179,33;36;39;99;100;43;42;53;49;47;49;47,task:3;informational:44;navigational:12;commercial:18;transactional:23
Fogões 2 bocas,37,12687,100;44;51;52;67;67;67;55;55;55;55;55,task:2;informational:56;navigational:5;commercial:26;transactional:11
Acendedores de fogão,18,1005,100;51;51;50;58;73;58;44;48;58;76;90,task:2;informational:66;navigational:5;commercial:18;transactional:9
Fogões Antigos e Vintage,16,2198,60;84;87;87;88;95;95;100;100;100;99;98,task:3;informational:58;navigational:1;commercial:30;transactional:8
Eletrodomésticos no Zoom,22,2376,85;100;100;99;75;78;82;97;86;87;93;94,task:5;informational:33;navigational:27;commercial:10;transactional:25
Cooktops e Ponto Frio,15,213,12;46;74;50;64;36;32;79;61;100;89;99,task:7;informational:18;navigational:47;commercial:10;transactional:18
Forno e micro-ondas embutidos,56,29573,79;81;40;49;73;73;73;100;87;87;87;87,task:2;informational:52;navigational:4;commercial:33;transactional:9
Fogões e Cooktops 5 Bocas,122,65411,25;25;26;31;100;100;100;43;34;34;34;34,task:3;informational:41;navigational:4;commercial:39;transactional:13
Kit de Eletrodomésticos para Cozinha,19,3225,88;100;100;49;46;49;49;46;48;48;48;48,task:2;informational:30;navigational:1;commercial:57;transactional:10
Fogões de mesa a gás inox,15,645,64;89;94;88;92;97;100;100;94;100;89;91,task:10;informational:35;navigational:4;commercial:32;transactional:19
Fogões e Cooktops Franke,15,564,30;33;34;33;47;61;52;58;51;35;35;100,task:4;informational:42;navigational:19;commercial:18;transactional:17
Fogões de embutir Electrolux,27,7839,95;97;100;45;45;46;46;40;43;43;44;44,task:2;informational:37;navigational:25;commercial:13;transactional:23
Fogões Elétricos Elgin,21,530,86;98;99;96;97;100;100;98;69;75;75;76,task:2;informational:56;navigational:10;commercial:15;transactional:17
Fogões Electrolux 4–6 Bocas,161,67279,61;60;63;78;100;100;100;84;89;89;89;89,task:3;informational:44;navigational:10;commercial:21;transactional:22
fornos elétricos Electrolux,43,24093,49;51;26;44;100;100;100;85;84;84;84;84,informational:54;navigational:26;commercial:14;transactional:6
Fogões com forno duplo,23,8943,93;97;100;49;51;52;52;43;48;48;48;48,task:2;informational:44;navigational:4;commercial:37;transactional:13
Fogões e fornos por indução,22,3064,64;75;76;53;83;85;85;100;92;92;92;91,task:2;informational:60;navigational:2;commercial:22;transactional:14
Eletrodomésticos no Brasil,16,531,4;13;23;20;19;30;81;100;67;48;47;47,task:3;informational:56;navigational:4;commercial:29;transactional:8
Panelas e frigideiras Electrolux,18,490,65;83;81;78;74;73;72;93;89;100;97;96,informational:35;navigational:41;commercial:17;transactional:7
Rei dos Fogões,16,376,35;47;84;66;77;49;31;100;47;50;35;38,task:2;informational:39;navigational:36;commercial:17;transactional:6
Fogões Zema e Eletrozema,15,351,39;48;49;45;46;72;100;60;62;72;49;53,task:3;informational:35;navigational:23;commercial:21;transactional:18
Panelas e Jogos Electrolux,25,2937,85;100;53;56;80;83;84;70;74;74;74;74,informational:35;navigational:32;commercial:21;transactional:12
Cooktops e Fogões Cuisinart no Brasil,15,532,17;60;69;43;45;22;76;99;66;88;78;100,informational:43;navigational:27;commercial:26;transactional:4
Pés de Fogão e Acessórios,21,1459,100;58;61;67;62;65;66;52;57;57;56;56,task:4;informational:57;navigational:15;commercial:17;transactional:7
Fogões a lenha e a gás,19,1904,19;29;31;58;98;100;89;79;68;58;59;98,task:9;informational:50;navigational:4;commercial:30;transactional:7
Fogões a gás 4 e 5 bocas no Brasil,15,519,16;53;63;31;29;50;68;85;64;83;75;100,task:3;informational:44;navigational:10;commercial:18;transactional:25
Conserto de Fogões e Manutenção,16,6015,100;61;66;68;63;64;65;67;70;70;70;69,task:10;informational:38;navigational:4;commercial:31;transactional:17
Bancada de Fogão e Cooktop,19,2496,49;68;69;66;55;58;59;93;100;100;95;94,task:2;informational:61;navigational:10;commercial:21;transactional:6
Borges Eletrodomésticos,15,348,8;8;9;17;18;17;33;100;64;47;50;24,task:2;informational:18;navigational:53;commercial:22;transactional:5
Fogões Bemol,15,371,63;84;89;80;97;75;75;94;91;100;97;90,task:7;informational:31;navigational:29;commercial:11;transactional:22
Bicos e Injetores para Fogões a Gás,30,3878,18;23;39;62;66;67;67;100;91;91;92;91,task:3;informational:52;navigational:4;commercial:29;transactional:12
Fogões e Cooktops Chamalux,21,1896,38;52;58;48;51;51;51;100;82;84;91;97,task:2;informational:28;navigational:31;commercial:26;transactional:13
Móveis e Utensílios de Cozinha,15,140,7;62;100;28;28;15;26;68;75;28;26;28,task:7;informational:61;navigational:3;commercial:18;transactional:11
Fogões e Cooktops Híbridos,20,866,50;58;100;81;61;37;37;50;51;50;52;53,task:5;informational:53;navigational:4;commercial:30;transactional:8
Cuisinart - Fornos e Air Fryers,16,467,64;81;100;92;96;84;85;92;91;92;84;84,task:3;informational:38;navigational:17;commercial:32;transactional:10
Fogões Gazin,16,372,33;46;46;39;52;58;72;40;91;100;38;39,task:7;informational:27;navigational:36;commercial:11;transactional:19
Forno a gás,15,41,8;26;29;17;31;34;8;100;9;9;9;9,task:7;informational:47;navigational:9;commercial:26;transactional:11
Cooktops e Fornos a Gás Brastemp,20,946,47;55;54;41;57;58;58;100;62;62;63;63,task:3;informational:58;navigational:10;commercial:19;transactional:10
Panelas de Cozinha,25,4918,40;51;49;69;92;94;92;96;98;98;100;99,task:2;informational:62;navigational:2;commercial:27;transactional:7
Melhores Fogões e Marcas,41,17062,25;30;28;44;63;64;64;100;100;100;100;100,task:2;informational:37;navigational:3;commercial:48;transactional:10
eletrodomésticos de cozinha,19,1940,16;21;28;41;99;100;99;54;46;46;47;47,task:2;informational:59;navigational:5;commercial:22;transactional:12
fornos elétricos retrô,15,795,6;16;19;17;9;17;25;89;92;100;94;93,task:3;informational:56;navigational:4;commercial:21;transactional:16
Cooktops com Forno Embutido,36,19149,42;46;49;60;90;90;90;100;95;95;95;95,task:5;informational:53;navigational:9;commercial:26;transactional:7
Torre de cocção para forno e micro-ondas,18,2165,47;62;85;81;80;82;82;100;92;92;92;91,task:2;informational:58;navigational:4;commercial:26;transactional:10
Forno Embutido a Gás/Elétrico,109,60574,88;88;36;61;75;75;75;100;80;80;80;80,task:5;informational:56;navigational:3;commercial:23;transactional:13
Eletrodomésticos Amazon Brasil,15,825,29;35;39;36;36;43;58;77;78;78;62;100,task:7;informational:19;navigational:40;commercial:11;transactional:23
Panelas Elétricas Multicook,20,3898,33;39;41;30;98;100;100;83;62;62;61;60,task:7;informational:55;navigational:11;commercial:16;transactional:11
Cooktops Itatiaia,31,7689,94;100;48;51;54;55;56;61;62;62;62;62,task:2;informational:35;navigational:22;commercial:31;transactional:10
Fogões Espelhados,16,1434,27;40;47;41;37;39;40;65;58;59;91;100,task:7;informational:51;navigational:4;commercial:27;transactional:11
Fornos elétricos Philco,52,12436,40;45;50;100;57;58;58;63;62;63;62;62,task:5;informational:54;navigational:8;commercial:13;transactional:20
Exaustores para Fogões,17,641,66;96;100;98;78;80;85;86;87;82;87;87,task:3;informational:57;navigational:5;commercial:28;transactional:7
Forno e Arte de Cozinha,17,239,18;85;100;38;28;34;46;69;47;61;66;27,task:10;informational:47;navigational:9;commercial:20;transactional:14
Gastronomia e Equipamentos,16,330,83;99;99;90;87;99;100;86;73;84;83;73,task:8;informational:50;navigational:7;commercial:31;transactional:4
Marmitas Elétricas e Térmicas,46,27048,22;23;27;31;46;46;46;100;50;50;50;50,task:7;informational:45;navigational:5;commercial:26;transactional:17
Panelas e Caçarolas Antiaderentes,26,5040,67;76;77;41;98;100;100;74;73;73;72;71,task:2;informational:44;navigational:14;commercial:30;transactional:10
Peças para Fogões Industriais,16,303,97;42;41;49;100;92;92;48;49;45;46;45,task:2;informational:34;navigational:6;commercial:46;transactional:12
Forno Elétrico Progas,22,1517,83;93;94;48;43;47;46;100;71;72;94;100,informational:47;navigational:31;commercial:13;transactional:9
Peças para Micro-ondas e Eletrodomésticos,24,4114,23;33;40;55;98;100;100;73;61;61;62;62,task:10;informational:42;navigational:4;commercial:28;transactional:16
Marmita Elétrica,18,722,62;78;79;74;75;91;83;100;82;82;89;87,task:5;informational:50;navigational:8;commercial:24;transactional:13
Mix de Eletrodomésticos,15,366,7;100;93;83;83;61;43;56;36;57;54;57,task:3;informational:42;navigational:4;commercial:43;transactional:8
Fogões usados no Brasil,16,2449,66;96;100;97;85;92;93;96;97;97;93;91,task:7;informational:35;navigational:8;commercial:28;transactional:22
Panelas e caldeiras industriais,18,896,90;100;100;55;59;61;62;63;50;50;51;51,task:5;informational:66;navigational:2;commercial:22;transactional:5
Eletrodomésticos online Brasil,15,674,15;99;100;98;28;44;43;54;43;54;47;40,task:2;informational:33;navigational:34;commercial:27;transactional:4
Fogão de Embutir: Instalação e Acessórios,15,342,47;83;98;89;85;67;68;90;87;100;88;99,task:3;informational:74;navigational:5;commercial:14;transactional:4
fornos elétricos digitais,15,127,14;17;21;19;36;43;30;100;61;18;17;17,task:3;informational:49;navigational:4;commercial:33;transactional:11
Eletrodomésticos perto de mim,16,2002,58;97;100;76;78;67;69;84;72;94;89;99,task:5;informational:24;navigational:53;commercial:16;transactional:2
Fogões sem forno,16,675,44;50;32;55;98;100;100;69;30;30;30;31,task:2;informational:64;navigational:5;commercial:23;transactional:6
Fogões Campeiros,18,2046,35;49;51;49;47;48;50;52;73;80;88;100,task:3;informational:50;navigational:11;commercial:20;transactional:16
Casa e Panelas,18,795,89;100;100;50;49;50;50;49;49;49;49;49,task:2;informational:54;navigational:10;commercial:24;transactional:10
Fogões Invita,15,537,53;64;66;67;67;84;89;87;97;100;88;91,task:10;informational:38;navigational:11;commercial:27;transactional:14
Fogões e fritadeiras para pastel,16,243,78;91;100;85;63;53;52;65;63;52;52;52,task:2;informational:56;navigational:4;commercial:28;transactional:10
Cooktops e fogões a gás com 5 bocas,16,1536,65;96;99;94;81;86;90;88;90;89;92;100,task:1;informational:47;navigational:12;commercial:21;transactional:19
Fogões e Cooktops por Indução Fischer,52,4855,86;97;99;99;99;100;100;57;63;64;64;63,task:2;informational:37;navigational:15;commercial:21;transactional:25
Fogões industriais e semi-industriais,18,1038,88;100;53;63;52;54;58;52;54;54;49;49,task:5;informational:50;navigational:7;commercial:30;transactional:8
Panelas elétricas Electrolux,71,19175,34;37;42;65;100;100;100;72;56;56;56;56,task:4;informational:44;navigational:15;commercial:16;transactional:21
Fogões vitrocerâmicos,33,5893,16;20;20;42;65;66;67;100;94;95;92;92,task:3;informational:56;navigational:4;commercial:31;transactional:6
Fogão a Lenha,18,1852,42;49;49;34;42;43;40;42;40;40;40;100,task:2;informational:60;navigational:5;commercial:12;transactional:21
Carrefour Panelas e Eletrodomésticos,22,2077,31;50;50;44;42;45;44;100;48;47;62;64,task:8;informational:24;navigational:33;commercial:10;transactional:25
Eletrodomésticos e outlets no Brasil,74,65997,22;23;25;44;81;81;81;100;87;87;87;87,task:2;informational:39;navigational:15;commercial:36;transactional:8
Fun Kitchen: Panelas Elétricas e Utensílios,29,6040,44;23;24;45;70;71;71;100;84;86;80;80,task:3;informational:54;navigational:6;commercial:26;transactional:11
Cooktops de 2 bocas (indução/elétrico),46,22461,95;98;100;44;66;66;66;83;68;68;68;68,task:5;informational:48;navigational:2;commercial:39;transactional:6
Fogões de Inox 4 Bocas,22,3475,75;99;100;95;90;92;93;87;89;88;90;90,task:7;informational:30;navigational:5;commercial:47;transactional:11
Churrasqueiras a gás e elétricas,15,168,16;40;52;30;26;26;24;92;100;19;18;19,task:1;informational:55;navigational:5;commercial:21;transactional:18
Acessórios para Fogões 4 Bocas,20,1599,36;47;50;44;56;59;53;100;93;88;86;99,task:2;informational:30;navigational:2;commercial:46;transactional:20
Fogão Continental - Peças e Reposição,18,893,65;75;49;69;82;83;82;79;79;100;97;83,task:2;informational:46;navigational:12;commercial:30;transactional:10
Eletrodomésticos Vintage/Retro,15,557,54;76;81;75;83;95;93;97;100;100;100;99,task:3;informational:41;navigational:11;commercial:34;transactional:11
Fogões Electrolux 4 Bocas,25,3790,90;98;100;49;43;44;44;43;46;48;46;48,task:2;informational:57;navigational:20;commercial:12;transactional:9
Coifas e Depuradores de Fogão,53,10974,73;80;86;94;99;100;100;89;91;91;91;91,task:2;informational:69;navigational:10;commercial:16;transactional:3
Tachos e fritadeiras elétricas,16,1091,43;51;56;55;55;54;52;50;67;100;98;100,task:5;informational:55;navigational:7;commercial:23;transactional:10
Cozinhas Profissionais e Industriais,15,591,46;48;49;46;98;100;99;98;98;98;98;98,task:5;informational:32;navigational:14;commercial:41;transactional:8
Fogões Colombo,17,521,38;52;54;48;47;51;50;100;68;86;57;64,task:3;informational:26;navigational:39;commercial:11;transactional:21
Fogão de Minas Gerais,15,1402,62;77;78;76;81;88;87;80;53;61;98;100,task:2;informational:64;navigational:12;commercial:14;transactional:8
Móveis e suportes para cooktop,15,6056,82;93;100;100;90;92;93;92;94;93;95;93,task:10;informational:52;navigational:4;commercial:28;transactional:6
Conjunto Cooktop com Balcão e Armários,41,24141,100;99;100;99;96;96;96;35;36;36;36;36,task:8;informational:45;navigational:5;commercial:28;transactional:14
Fogões Venax Embutidos,16,1286,54;73;76;68;64;68;69;92;95;100;71;70,task:3;informational:26;navigational:46;commercial:5;transactional:20
Grupo Grand Chef Eletrodomésticos,18,554,63;90;92;87;81;85;72;100;92;96;91;97,task:3;informational:42;navigational:29;commercial:11;transactional:15
Forno Elétrico Black & Decker,18,723,63;85;82;75;79;83;84;100;85;86;76;75,task:7;informational:27;navigational:42;commercial:8;transactional:16
panelas de cozinha e casa,16,982,25;40;53;48;46;35;51;55;52;78;79;100,task:3;informational:38;navigational:26;commercial:20;transactional:13
Forno elétrico embutido,15,620,42;61;65;57;70;71;44;45;50;48;85;100,task:1;informational:54;navigational:4;commercial:33;transactional:8
central fogões,15,970,11;34;44;39;34;48;64;57;46;33;29;100,task:3;informational:18;navigational:47;commercial:23;transactional:9
Frigideiras e conjuntos antiaderentes,18,361,72;95;93;90;82;88;100;94;93;89;89;91,task:3;informational:43;navigational:4;commercial:33;transactional:17
Coifas e Depuradores Electrolux,39,7894,92;97;100;47;46;47;48;49;48;48;48;49,task:4;informational:34;navigational:26;commercial:22;transactional:14
Rangetop e fogões embutidos,16,1703,83;99;100;97;95;98;100;56;58;58;58;57,task:5;informational:41;navigational:9;commercial:37;transactional:8
Fogões e fornos industriais Metalmaq,16,707,55;80;83;77;75;81;80;79;85;85;100;98,task:3;informational:24;navigational:44;commercial:18;transactional:11
Fogões de Embutir 6 Bocas,15,1139,70;96;97;88;85;90;90;100;92;90;87;87,task:10;informational:44;navigational:4;commercial:27;transactional:15
Fogatti fornos elétricos,25,1879,60;70;38;41;100;99;99;95;90;93;89;89,informational:44;navigational:23;commercial:23;transactional:10
Fogões e cooktops brancos,15,1290,63;97;100;88;83;82;82;92;82;82;79;79,task:3;informational:56;navigational:5;commercial:25;transactional:11
air fryers e fornos elétricos,15,658,35;40;42;38;42;41;40;100;93;51;53;57,task:5;informational:73;navigational:3;commercial:12;transactional:7
Grelhas e Trempes de Fogão,27,5181,21;27;31;36;99;100;100;67;62;62;62;62,task:2;informational:62;navigational:4;commercial:23;transactional:9
Fogões de Brinquedo Infantis,16,2776,73;98;100;97;81;87;90;81;88;94;85;84,task:3;informational:55;navigational:5;commercial:25;transactional:12
Cozinha com fogão e pia embutidos,21,2932,64;83;85;85;94;99;100;77;73;73;81;82,informational:70;navigational:4;commercial:23;transactional:3
Chaminés e componentes para fogão a lenha,23,4551,19;25;34;45;100;100;100;61;60;60;60;60,task:3;informational:59;navigational:2;commercial:21;transactional:15
Móveis para micro-ondas e forno,34,11873,93;95;100;97;92;92;92;84;84;84;84;84,task:2;informational:57;navigational:9;commercial:27;transactional:5
Panelas e frigideiras de ferro fundido,18,422,86;94;95;96;91;93;97;100;60;69;68;68,task:2;informational:38;navigational:4;commercial:47;transactional:9
Fogões e Cooktops Inox 5 Bocas,16,1370,85;100;59;57;59;62;63;67;67;67;66;66,task:5;informational:31;navigational:2;commercial:47;transactional:15
Cozinha Profissional e Utensílios Industriais,17,422,88;96;100;63;82;84;83;64;89;81;84;86,task:5;informational:25;navigational:2;commercial:58;transactional:10
Fogões Brastemp com forno,16,321,65;79;85;100;100;100;98;44;44;64;54;63,task:2;informational:63;navigational:5;commercial:15;transactional:15
Marmiteiras e Marmiteiro Térmico,15,980,64;87;89;86;85;97;97;93;95;100;100;100,task:3;informational:63;navigational:5;commercial:25;transactional:4
Fogões e eletrodomésticos com retirada na loja,17,776,8;13;12;10;10;22;27;64;48;100;39;43,task:7;informational:45;navigational:9;commercial:24;transactional:15
Panelas elétricas com divisórias,16,1227,84;93;57;69;65;67;67;100;75;76;65;65,task:8;informational:61;navigational:5;commercial:17;transactional:9
Fogões 4 bocas e promoções no Brasil,242,233534,32;30;100;33;42;42;42;45;44;44;44;44,task:2;informational:28;navigational:6;commercial:47;transactional:17
Coifas Elettromec para Cozinha,15,263,51;59;58;57;56;59;60;54;88;100;53;53,task:3;informational:21;navigational:40;commercial:16;transactional:20
Marmiteiros e Equipamentos de Cozinha Industrial,17,535,60;73;74;71;74;95;94;89;99;100;86;85,task:10;informational:43;navigational:4;commercial:38;transactional:5
Eletrocalhas e acessórios,26,7465,17;22;24;100;44;45;45;39;39;39;39;39,task:2;informational:67;navigational:5;commercial:17;transactional:9
Potência e consumo de eletrodomésticos,58,16263,63;72;81;99;99;100;100;97;96;96;96;96,task:2;informational:69;navigational:5;commercial:16;transactional:8
Utilita Cozinha,15,177,20;100;100;31;34;36;33;32;28;84;99;31,task:7;informational:28;navigational:40;commercial:20;transactional:5
Panelas Cuisinox,22,3484,45;19;20;19;43;44;44;100;91;91;91;91,task:2;informational:44;navigational:31;commercial:13;transactional:10
Panelas elétricas Arno,18,1284,42;61;68;62;59;60;59;77;74;100;74;82,task:5;informational:43;navigational:6;commercial:34;transactional:12
Fogões BH: conserto e peças,15,1200,100;55;54;51;52;55;55;54;54;54;53;52,informational:63;navigational:15;commercial:18;transactional:4
Fogões Esmaltec,42,13583,97;98;100;43;41;41;41;42;46;47;46;46,task:3;informational:47;navigational:16;commercial:23;transactional:11
Forno e air fryer Kitchenaid,19,725,84;94;94;95;90;92;100;92;73;71;73;72,task:8;informational:44;navigational:3;commercial:36;transactional:9
Electrolux Fogões: Instalação e Conversão,22,1234,45;47;58;64;84;84;84;100;80;81;81;81,task:12;informational:68;navigational:7;commercial:9;transactional:4
Botões de fogão e forno Electrolux,30,2674,54;62;64;62;67;68;68;100;77;76;77;76,task:2;informational:60;navigational:10;commercial:18;transactional:10
Fogões e Fornos a Lenha Inox,15,118,18;20;22;19;32;33;31;39;33;100;24;24,task:7;informational:54;navigational:8;commercial:27;transactional:4
Registros e peças para fogões industriais,23,2079,31;39;39;49;99;100;100;91;93;93;93;92,task:2;informational:53;navigational:4;commercial:30;transactional:11
Panelas e jogos de panelas,18,1207,100;49;63;67;64;67;67;69;70;70;66;66,task:5;informational:54;navigational:7;commercial:23;transactional:11
Fogões no Ponto Frio,15,1456,65;93;92;87;87;93;97;100;96;98;94;92,task:3;informational:24;navigational:51;commercial:9;transactional:13
Fogão com grill e churrasqueira,30,7853,24;32;33;52;97;98;99;100;100;100;100;100,task:2;informational:62;navigational:4;commercial:21;transactional:11
fornos elétricos Amazon Brasil,17,193,25;25;19;16;19;18;40;100;92;20;20;23,task:1;informational:27;navigational:46;commercial:11;transactional:15
Eletro e Móveis no Brasil,15,475,23;44;77;34;37;57;63;100;96;100;89;70,informational:45;navigational:25;commercial:25;transactional:5
Cooktops e Induções Electrolux,19,1214,32;33;36;36;41;55;45;83;62;64;90;100,task:2;informational:44;navigational:30;commercial:16;transactional:8
Placas de Indução e Fogões,17,942,44;51;43;76;74;74;74;96;86;89;78;100,task:5;informational:58;navigational:4;commercial:24;transactional:9
Casa e Cozinha,18,1155,37;64;74;72;72;77;77;82;84;88;100;100,task:3;informational:53;navigational:4;commercial:29;transactional:11
Coifas e Exaustores de Cozinha,18,839,83;93;99;89;86;87;89;100;74;74;68;67,informational:40;navigational:28;commercial:30;transactional:2
Fogão Continental Brasil (4/6 bocas),19,4616,92;98;100;100;42;43;43;43;44;44;45;44,task:5;informational:49;navigational:9;commercial:28;transactional:9
Fogões de vidro,29,4988,66;81;86;96;97;100;100;87;91;91;90;90,task:8;informational:55;navigational:5;commercial:22;transactional:10
Cozinha com Cooktop,22,7793,93;97;100;45;46;46;47;46;41;41;41;41,task:5;informational:68;navigational:5;commercial:14;transactional:8
Fogões a diesel,18,648,84;100;98;87;84;85;85;41;42;35;36;63,task:2;informational:66;navigational:2;commercial:16;transactional:14
Panelas elétricas Philco,30,5209,95;100;48;48;46;47;47;50;50;50;50;49,task:1;informational:54;navigational:6;commercial:16;transactional:23
Panelas Elétricas a Vapor,16,2698,36;47;52;57;97;99;100;88;87;87;88;87,task:5;informational:60;navigational:2;commercial:28;transactional:5
Coifas e Depuradores de Cozinha,88,86718,23;26;28;86;90;90;90;100;100;100;100;100,task:4;informational:57;navigational:9;commercial:22;transactional:8
Fornos com convecção,55,12061,40;47;48;57;86;88;88;100;99;99;99;99,task:5;informational:62;navigational:4;commercial:26;transactional:3
Churrasqueiras elétricas,99,53203,40;42;44;50;100;100;100;65;67;67;67;67,task:2;informational:49;navigational:4;commercial:33;transactional:12
Misteiras e Eletrodomésticos,16,4024,64;90;96;96;94;96;98;98;100;100;100;99,task:7;informational:45;navigational:11;commercial:30;transactional:7
Fogões Novo Mundo,17,288,10;24;31;20;19;24;19;100;68;20;19;20,task:1;informational:24;navigational:47;commercial:11;transactional:17
Churrasqueiras de Fogão,16,438,32;36;38;83;100;98;96;91;66;68;50;50,task:5;informational:63;navigational:5;commercial:19;transactional:8
Fogão Americano,17,372,20;29;32;46;45;39;39;100;71;35;34;35,task:2;informational:61;navigational:15;commercial:19;transactional:3
Estufas Elétricas,17,1132,92;100;99;93;42;45;45;46;49;49;73;69,task:3;informational:48;navigational:4;commercial:35;transactional:10
Panelas elétricas quadradas,17,545,77;99;98;95;94;100;100;90;96;96;89;88,task:7;informational:27;navigational:5;commercial:35;transactional:26
Acessórios para fogão de indução,23,1248,84;99;100;97;93;90;90;58;68;68;67;68,task:5;informational:48;navigational:4;commercial:36;transactional:7
Forno elétrico em lojas brasileiras,15,987,23;53;71;44;44;49;58;53;54;84;85;100,informational:11;navigational:59;commercial:11;transactional:19
Cozinha: fogão e geladeira,31,4756,85;93;94;95;96;97;98;89;100;100;100;100,task:2;informational:71;navigational:5;commercial:14;transactional:8
Cozinha Completa e Móveis de Cozinha,25,11969,90;94;100;93;90;90;91;90;90;90;90;90,task:5;informational:39;navigational:6;commercial:37;transactional:13
Fogões industriais 2 bocas,23,5329,93;98;100;99;42;43;43;42;41;42;42;41,task:12;informational:56;navigational:5;commercial:23;transactional:4
Fogões Bosch 4 e 5 bocas,22,1895,84;98;100;96;43;47;48;54;63;80;60;58,task:2;informational:46;navigational:4;commercial:39;transactional:9
Exaustores de Cozinha,54,18863,16;17;19;87;100;100;100;97;28;28;28;28,task:5;informational:51;navigational:5;commercial:19;transactional:20
Fogões Industriais Dako,26,3199,87;98;100;49;51;51;52;48;47;46;45;45,informational:26;navigational:33;commercial:10;transactional:31
Fogões Electrolux com grill,18,507,54;78;72;59;59;90;93;100;90;75;76;75,task:4;informational:60;navigational:10;commercial:15;transactional:11
Aquecedores de Marmitas Elétricas,19,1510,69;77;73;100;68;79;70;96;96;98;97;96,task:3;informational:60;navigational:2;commercial:20;transactional:15
Panelas elétricas multifuncionais,26,3732,98;48;51;53;98;100;100;47;49;49;49;48,task:5;informational:57;navigational:6;commercial:19;transactional:13
Suggar Eletrodomésticos,15,922,31;59;60;77;71;39;58;58;29;76;77;100,task:2;informational:18;navigational:67;commercial:7;transactional:6
Cooktops e Fogões de Indução Midea,26,2997,84;98;100;50;48;52;52;54;59;59;58;57,task:2;informational:39;navigational:20;commercial:16;transactional:23
Forno elétrico Electrolux,17,480,46;54;49;48;75;100;72;99;77;60;78;86,task:3;informational:51;navigational:18;commercial:15;transactional:13
Fogões a alta pressão,24,1447,42;54;55;57;97;100;98;88;79;79;73;73,task:2;informational:58;navigational:4;commercial:30;transactional:6
Forno a gás no Brasil,21,2880,84;98;99;62;96;100;100;91;93;93;92;92,task:2;informational:56;navigational:4;commercial:32;transactional:6
Fogões Retrô no Brasil,15,1238,84;100;100;56;54;57;59;93;70;78;60;82,task:2;informational:38;navigational:10;commercial:19;transactional:31
Fogões e Cooktops no Mercado Livre,15,593,46;81;100;81;77;51;51;49;52;52;49;49,task:1;informational:20;navigational:58;commercial:8;transactional:13
Peças Fischer para Fogão e Forno,19,367,68;72;76;68;100;100;100;82;62;66;65;65,task:5;informational:25;navigational:6;commercial:38;transactional:26
Churrasqueiras Elétricas Embutidas,16,1757,86;99;100;99;51;54;56;64;66;66;66;66,task:2;informational:52;navigational:4;commercial:32;transactional:10
Conserto de Eletrodomésticos,21,10588,34;42;46;43;40;41;41;55;100;100;100;100,task:17;informational:35;navigational:2;commercial:29;transactional:17
"Equipamentos, Instalações Comerciais e Cozinha Industrial",15,212,61;75;75;83;83;89;83;81;83;96;95;100,task:3;informational:39;navigational:23;commercial:30;transactional:5
Fogões Samsung,20,2389,41;78;88;72;60;60;61;58;67;81;98;100,task:3;informational:36;navigational:21;commercial:16;transactional:24
Fondue elétrico Oster,19,903,50;66;71;65;64;68;72;100;73;73;72;71,task:3;informational:51;navigational:5;commercial:24;transactional:17
Lofra Fogões,16,259,53;75;94;73;79;84;95;86;86;96;100;96,task:6;informational:39;navigational:18;commercial:26;transactional:11
Eletrodomésticos Gorenje,16,864,47;98;100;88;66;68;67;82;82;88;75;83,task:3;informational:27;navigational:42;commercial:16;transactional:12
Cozinha com Cooktop e Gabinete,16,1188,34;48;52;49;45;48;48;58;95;100;53;58,task:10;informational:65;navigational:5;commercial:13;transactional:7
Fornos a gás embutidos,67,21263,59;83;91;84;97;97;98;98;100;100;100;100,task:2;informational:37;navigational:4;commercial:45;transactional:12
Fritadeiras Elétricas (Air Fryers),491,584548,17;16;18;25;100;100;100;30;39;39;39;39,task:5;informational:46;navigational:2;commercial:33;transactional:14
Forno Elétrico Mondial,48,9048,89;100;50;54;99;100;100;74;92;92;97;97,task:2;informational:39;navigational:27;commercial:22;transactional:10
Cozedores de Ovos Elétricos,62,34446,13;16;25;40;71;72;72;98;100;100;100;100,task:3;informational:58;navigational:5;commercial:20;transactional:14
Fogões industriais 6 bocas com forno,20,4073,90;98;100;46;43;44;45;44;47;47;47;47,task:8;informational:39;navigational:1;commercial:40;transactional:12
Fogões Continental 4 a 5 Bocas,16,1219,80;99;100;93;87;92;93;94;97;97;100;100,task:3;informational:44;navigational:11;commercial:32;transactional:10
Eletrodomésticos Antigos,16,156,26;27;28;86;86;100;82;96;72;40;39;39,task:2;informational:49;navigational:9;commercial:36;transactional:4
Pontos do Fogão,15,880,25;31;32;31;41;40;39;47;59;66;96;100,task:3;informational:56;navigational:26;commercial:11;transactional:4
Utensílios de Cozinha,122,91261,24;27;50;80;100;100;100;99;100;100;100;100,task:4;informational:53;navigational:9;commercial:28;transactional:6
Forno elétrico e fryer Oster,34,6112,90;98;100;47;72;73;73;53;62;62;62;62,task:8;informational:35;navigational:2;commercial:31;transactional:24
Micro-ondas e Fornos de Micro-ondas,355,378717,18;21;22;100;45;45;45;46;46;46;46;46,task:8;informational:45;navigational:8;commercial:28;transactional:11
Frigo: Equipamentos de Cozinha Industrial,15,961,35;59;64;65;61;65;65;67;68;82;100;97,task:7;informational:18;navigational:30;commercial:30;transactional:15
Coifas e Exaustores para Fogão a Lenha,19,723,30;34;35;75;74;83;77;100;88;60;60;60,task:4;informational:57;navigational:3;commercial:32;transactional:4
Peças para Geladeira e Fogão Electrolux/Consul,37,14892,29;35;40;65;90;90;91;96;100;100;100;100,task:5;informational:30;navigational:12;commercial:34;transactional:19
Fogões Electrolux 4 a 6 bocas com forno duplo,23,6322,92;100;50;65;85;86;86;58;56;65;63;62,task:5;informational:48;navigational:5;commercial:24;transactional:18
Conjuntos de Assadeiras,18,619,69;100;98;87;80;83;81;84;84;85;86;85,task:7;informational:42;navigational:4;commercial:36;transactional:11
Chef e utilidades Brasil,17,1280,77;100;99;98;98;99;99;96;91;91;92;92,task:2;informational:46;navigational:32;commercial:14;transactional:6
Forno Elétrico Fischer,112,36843,100;100;41;43;51;51;51;58;62;62;62;62,task:3;informational:40;navigational:23;commercial:17;transactional:17
Fornos e Fogões de Ferro Fundido,21,1213,76;88;87;44;65;68;67;100;72;73;72;72,task:5;informational:40;navigational:7;commercial:32;transactional:16
Moveis e Eletrodomesticos da Eletroforte,15,224,14;58;79;65;64;83;94;100;87;62;35;44,task:3;informational:12;navigational:77;commercial:3;transactional:5
Fritadeiras elétricas no Brasil,16,2482,85;99;100;49;50;53;54;49;46;46;46;46,task:3;informational:51;navigational:13;commercial:20;transactional:13
Máquinas de Cozinha Automatizadas,18,138,27;31;38;35;35;36;68;100;87;44;44;44,task:4;informational:65;navigational:1;commercial:23;transactional:7
Fogões com Air Fryer,27,5131,80;85;52;68;89;91;91;86;99;100;95;95,task:2;informational:63;navigational:5;commercial:22;transactional:8
Fogões e Cooktops 4 Bocas Inox,17,339,38;59;67;50;73;61;53;98;87;100;89;76,informational:38;navigational:4;commercial:27;transactional:31
Fogões e Cooktops Tramontina,41,4192,74;95;100;99;94;96;96;94;97;96;96;95,task:7;informational:39;navigational:13;commercial:17;transactional:24
Fornos Elétricos Colombo,15,452,56;71;74;65;79;73;67;80;56;100;94;100,task:2;informational:27;navigational:39;commercial:7;transactional:25
Cooktops e fogões elétricos 4 bocas 110V,28,3494,87;99;100;55;61;64;65;73;75;78;77;74,task:1;informational:54;navigational:4;commercial:34;transactional:7
Calefatores e Lareiras,22,4654,15;18;19;62;65;66;66;100;25;25;25;24,task:2;informational:63;navigational:4;commercial:25;transactional:6
Armazenamento de Eletrodomésticos na Cozinha,16,714,70;84;100;58;41;37;37;45;35;35;40;40,task:8;informational:59;navigational:4;commercial:24;transactional:5
Fogões Electrolux VaporBake,22,2162,19;38;42;53;58;54;55;100;79;82;77;78,informational:49;navigational:33;commercial:10;transactional:8
Fritadeiras elétricas com cuba,16,190,35;41;44;35;100;90;48;80;58;52;46;57,task:10;informational:46;navigational:4;commercial:33;transactional:7
Fogões de Embutir Continental,15,1024,8;27;37;25;25;25;32;97;47;100;82;81,task:7;informational:40;navigational:18;commercial:28;transactional:7
Panelas e caldeirões de ferro,18,3421,88;99;100;99;67;70;71;75;76;75;72;72,task:5;informational:69;navigational:5;commercial:18;transactional:3
Cooktop de Indução Electrolux,18,258,40;74;89;100;100;70;50;72;66;56;56;58,informational:40;navigational:18;commercial:24;transactional:18
coifas de cozinha embutidas,21,8670,77;86;88;42;92;93;93;100;99;99;100;100,informational:61;navigational:9;commercial:26;transactional:4
Forno elétrico Britânia,32,3646,88;98;100;100;47;50;50;51;51;51;53;53,task:5;informational:44;navigational:15;commercial:22;transactional:14
Lava-louças e Electrolux,15,451,2;33;45;27;17;14;21;100;92;38;34;42,task:7;informational:64;navigational:8;commercial:18;transactional:3
Itajobi Fogões,15,11324,33;39;40;39;38;39;40;29;100;100;100;100,task:2;informational:36;navigational:44;commercial:10;transactional:8
Fogões Consul 4-6 bocas,32,6893,100;45;48;47;42;43;44;53;47;47;47;46,task:2;informational:50;navigational:10;commercial:18;transactional:20
fornos a carvão,19,583,61;63;64;77;100;100;100;99;72;72;74;74,task:4;informational:70;navigational:2;commercial:15;transactional:9
Porcelana e Utensílios de Cozinha,17,4490,33;14;15;94;98;100;100;96;98;98;97;97,task:2;informational:66;navigational:5;commercial:21;transactional:6
Lojas de Utensílios de Cozinha,16,863,48;51;44;49;48;44;43;44;44;100;94;46,task:5;informational:40;navigational:39;commercial:10;transactional:6
Fogões de indução Mueller,17,148,31;37;36;37;38;37;38;32;31;100;97;32,informational:39;navigational:31;commercial:22;transactional:8
Cooktops de Indução Fischer,18,530,74;83;82;80;42;42;49;100;65;65;47;49,task:2;informational:54;navigational:15;commercial:18;transactional:11
Casas Bahia Eletrodomésticos,18,8874,96;100;48;54;54;54;54;45;46;45;45;45,informational:30;navigational:48;commercial:8;transactional:14
Extintores e Equipamentos de Incêndio,15,40,63;68;87;94;98;100;96;94;94;94;94;94,task:3;informational:48;navigational:34;commercial:10;transactional:5
Fritadeiras elétricas e panelas de fritar,28,5257,40;47;27;47;65;66;67;85;90;90;100;100,task:2;informational:48;navigational:4;commercial:36;transactional:10
Forno Elétrico de Embutir,19,1560,84;99;100;98;86;88;97;66;67;69;69;69,task:5;informational:41;navigational:4;commercial:39;transactional:11
Panelas e Tachos em Ferro Fundido,22,24231,28;15;16;94;96;97;97;100;100;100;100;100,task:3;informational:58;navigational:4;commercial:25;transactional:10
Panelas e churrasqueiras vigorosas,18,1830,49;58;59;37;97;99;98;100;94;92;93;93,task:4;informational:59;navigational:3;commercial:28;transactional:6
Cooktops Philco de Indução,53,5195,88;97;100;100;46;47;47;47;50;50;50;49,task:2;informational:45;navigational:16;commercial:18;transactional:19
Forno elétrico embutido Itatiaia,16,1046,12;48;60;43;43;38;27;48;35;100;86;95,informational:33;navigational:24;commercial:29;transactional:14
Chapas e grills para fogões de indução,18,946,76;87;47;55;48;52;52;100;60;60;60;60,task:8;informational:65;navigational:2;commercial:19;transactional:6
Forno e Micro-ondas Embutidos Electrolux,16,496,27;30;31;30;47;44;42;73;67;100;89;94,task:1;informational:48;navigational:18;commercial:18;transactional:15
fornos para restaurantes,16,135,83;97;100;73;76;80;92;66;74;74;74;74,task:13;informational:37;navigational:5;commercial:26;transactional:19
Fogões Carrefour,24,4023,89;99;100;48;47;49;50;42;50;50;58;58,task:2;informational:28;navigational:36;commercial:7;transactional:27
Móveis e cozinhas em inox,16,57,70;84;100;100;94;89;87;92;92;94;94;97,task:1;informational:51;navigational:4;commercial:38;transactional:6
Fogões 6 Bocas Inox,93,23395,72;75;80;88;93;93;93;100;95;95;95;95,task:5;informational:36;navigational:10;commercial:31;transactional:18
Fogões Suggar 4 e 5 Bocas,29,7386,87;98;100;56;63;64;64;93;94;94;97;96,informational:44;navigational:9;commercial:29;transactional:18
Refrigeração e Eletrodomésticos,17,678,20;60;66;69;68;67;57;89;78;100;91;100,task:8;informational:72;navigational:5;commercial:15
Acessórios para Panelas,26,3463,87;100;52;61;62;63;63;54;51;51;51;50,task:8;informational:53;navigational:2;commercial:25;transactional:12
Forno Alemão,16,398,14;34;34;34;34;22;39;100;84;20;20;38,task:3;informational:51;navigational:18;commercial:14;transactional:14
Forno elétrico: melhores modelos e avaliações,25,4070,45;52;43;41;57;58;58;100;93;93;93;93,task:2;informational:57;navigational:4;commercial:24;transactional:13
Fogões com acendimento automático,31,5913,22;28;29;31;39;40;40;100;38;38;38;38,task:2;informational:60;navigational:6;commercial:25;transactional:7
Botões de Fogão,18,499,55;80;80;77;83;80;78;81;86;87;85;100,task:10;informational:30;navigational:18;commercial:21;transactional:21
Vidro e tampas para fogões Electrolux,22,1573,67;76;80;71;87;98;91;78;98;99;100;100,task:5;informational:35;navigational:4;commercial:41;transactional:15
Fogões Itatiaia 5 bocas,24,3152,66;94;100;99;89;93;94;91;94;94;94;93,task:3;informational:22;navigational:28;commercial:36;transactional:11
Fogões Inox em Promoção,16,1323,56;80;83;69;66;70;72;86;90;100;74;82,task:13;informational:12;navigational:3;commercial:50;transactional:22
Fogões Atlas Fastcook,17,725,20;36;39;31;34;30;26;38;88;100;41;52,task:7;informational:37;navigational:29;commercial:23;transactional:4
Formas e assadeiras para forno,19,258,43;76;87;54;53;54;67;91;100;68;69;67,task:3;informational:48;navigational:1;commercial:39;transactional:9
Fornos Turbochef,16,132,45;48;50;51;49;100;94;53;54;60;60;57,task:3;informational:36;navigational:39;commercial:15;transactional:7
Fogões e cooktops em pedra,25,1961,72;93;89;91;93;94;100;85;79;79;74;73,task:5;informational:58;navigational:5;commercial:24;transactional:8
Panelas e pipoqueiras para pipoca,22,6934,20;27;28;29;29;31;31;34;100;100;100;100,task:5;informational:41;navigational:4;commercial:35;transactional:15
Assistência Técnica e Eletrodomésticos,17,515,23;24;24;86;86;86;100;85;23;41;40;37,task:5;informational:20;navigational:53;commercial:12;transactional:10
Aquecedores e Aquecimento,15,1972,100;88;99;98;97;100;93;89;77;77;94;92,task:5;informational:51;navigational:15;commercial:18;transactional:11
Medidores de Cozinha,20,1762,83;92;96;95;85;88;88;86;98;98;98;100,task:2;informational:58;navigational:7;commercial:28;transactional:5
Cooktops de indução Britânia,20,1411,54;73;73;68;64;66;70;54;78;88;100;100,task:3;informational:53;navigational:13;commercial:16;transactional:15
Forno Elétrico Espelhado,16,630,44;49;44;46;47;54;53;43;44;70;90;100,task:3;informational:31;navigational:38;commercial:24;transactional:4
Fornos Elétricos Venâncio,16,891,92;100;100;48;47;52;52;58;60;62;53;52,task:2;informational:40;navigational:19;commercial:30;transactional:9
Fogões 6 bocas,15,236,21;43;59;49;49;53;58;100;55;75;74;81,task:3;informational:50;navigational:5;commercial:20;transactional:22
Fogões industriais com chapa,16,554,45;51;50;44;42;44;44;76;88;100;64;84,task:3;informational:58;navigational:5;commercial:24;transactional:10
Guindani Fogões,15,106,18;18;21;43;43;61;100;65;53;22;21;21,task:7;informational:21;navigational:61;commercial:7;transactional:4
Fogões e eletrodomésticos no Mercado Livre,17,2951,85;99;100;51;50;53;54;55;47;47;47;46,task:2;informational:10;navigational:37;commercial:32;transactional:19
Forno Elétrico Polishop,18,364,24;32;37;74;74;30;29;57;49;100;94;72,task:3;informational:26;navigational:44;commercial:11;transactional:16
Fogões a gás 4 bocas,85,30925,60;61;63;76;85;85;85;97;100;100;100;100,task:4;informational:21;navigational:3;commercial:53;transactional:19
Limpeza de Fogões,168,48653,64;67;71;89;97;97;97;95;100;100;100;100,task:2;informational:73;navigational:6;commercial:12;transactional:7
Eletro Sol Brasil,16,437,21;66;64;31;57;51;39;64;54;100;91;48,task:3;informational:24;navigational:41;commercial:22;transactional:10
Fornos Elétricos com Vapor,25,2129,66;75;47;73;81;82;82;92;99;99;100;100,task:6;informational:63;navigational:4;commercial:25;transactional:2
Lava-louças e lavadoras compactas,24,929,73;100;71;62;68;56;55;73;66;76;64;69,task:2;informational:65;navigational:5;commercial:22;transactional:6
Forno elétrico 65 litros,15,1185,8;52;61;29;30;30;38;68;59;100;92;89,task:7;informational:37;navigational:5;commercial:40;transactional:11
Forno Elétrico Industrial Semi-Industrial,16,225,63;75;74;86;85;84;63;100;97;65;65;74,task:7;informational:44;navigational:1;commercial:37;transactional:11
Forno Elétrico com Espeto Giratório,15,1416,18;21;22;20;46;24;26;56;38;77;92;100,task:5;informational:65;navigational:5;commercial:15;transactional:10
Panelas no Shoptime,23,9939,40;42;44;19;20;20;20;100;20;20;20;20,informational:42;navigational:30;commercial:20;transactional:8
Fogões Atlas Embutidos,15,226,33;79;100;77;76;71;54;30;31;77;67;40,task:1;informational:35;navigational:37;commercial:22;transactional:5
Panelas de pressão italianas e marcas,17,629,88;94;100;72;72;74;75;65;90;85;81;83,task:5;informational:58;navigational:4;commercial:27;transactional:6
Fogões 4-5 bocas com timer digital,20,3118,85;100;59;66;58;60;60;70;76;76;76;78,task:5;informational:49;navigational:4;commercial:31;transactional:11
Fogões elétricos 4 bocas sem gás,32,16500,17;22;24;27;100;100;100;82;81;83;79;79,task:2;informational:57;navigational:2;commercial:33;transactional:6
Tampas de Fogão,22,1580,51;64;64;61;77;80;81;68;100;100;80;80,task:8;informational:56;navigational:4;commercial:22;transactional:10
Forno Industrial a Gás e Elétrico,25,4338,64;84;89;93;89;91;91;100;94;94;95;94,task:2;informational:46;navigational:4;commercial:34;transactional:14
Misturadores e Torneiras de Cozinha,21,4539,24;32;34;33;99;100;100;96;45;44;45;45,task:2;informational:51;navigational:1;commercial:38;transactional:8
"Panelas de Cozinha: Marcas, Qualidade e Preços",37,6104,29;34;34;44;87;88;88;97;100;100;99;99,task:4;informational:42;navigational:2;commercial:44;transactional:8
Panelas e Caldeirões de Alumínio,19,1560,61;95;99;95;86;93;95;99;99;98;100;100,task:10;informational:58;navigational:4;commercial:23;transactional:5
Forno de Embutir Elétrico,96,111086,33;33;37;41;47;47;47;47;100;100;100;100,task:5;informational:45;navigational:9;commercial:32;transactional:9
Lareiras Elétricas,29,11559,27;34;32;100;99;100;100;98;100;100;100;99,task:8;informational:42;navigational:7;commercial:31;transactional:12
Fogões a Lenha com Forno,70,31876,37;40;100;45;56;56;56;59;47;47;47;47,task:1;informational:56;navigational:4;commercial:26;transactional:13
Panelas para indução,215,126098,30;30;33;66;86;86;86;100;100;100;100;100,task:5;informational:59;navigational:4;commercial:28;transactional:4
Brinox: Utensílios de Cozinha,16,726,26;34;34;34;35;38;37;54;46;100;88;96,task:1;informational:30;navigational:41;commercial:12;transactional:16
Fogões 4 bocas com forno duplo,16,535,59;69;83;43;38;39;47;100;36;36;36;38,task:2;informational:59;navigational:7;commercial:20;transactional:12
Hot Grill e Fornos Elétricos,16,927,67;98;100;73;80;84;75;68;76;77;76;76,task:5;informational:60;navigational:6;commercial:15;transactional:14
Fogões e fogareiros para caminhões,18,385,68;97;100;85;82;72;74;75;45;39;37;41,task:5;informational:43;navigational:4;commercial:37;transactional:11
Panelas Grill Elétricas,21,2447,86;99;100;48;95;99;100;43;45;45;45;44,task:4;informational:44;navigational:5;commercial:35;transactional:12
Chaleiras elétricas,92,51885,48;49;51;57;100;100;100;64;63;63;63;63,task:8;informational:37;navigational:4;commercial:35;transactional:16
Fogões a lenha caipira,17,1933,87;100;100;51;52;55;56;59;57;57;74;80,task:2;informational:47;navigational:5;commercial:19;transactional:27
Fenícia Móveis e Eletrodomésticos,15,630,47;34;43;40;49;44;23;84;91;100;66;75,task:5;informational:22;navigational:29;commercial:25;transactional:19
Cooktops e Fogões Brastemp 2 a 5 Bocas,18,850,82;96;96;93;100;92;91;89;57;61;65;79,task:2;informational:39;navigational:5;commercial:40;transactional:14
Marmitas e Lunch Boxes Electrolux,16,409,53;91;100;94;92;88;77;65;65;66;67;71,task:3;informational:33;navigational:34;commercial:12;transactional:18
Churrasqueiras elétricas giratórias,17,1832,69;97;100;93;82;83;89;81;90;90;89;88,task:3;informational:55;navigational:4;commercial:28;transactional:10
Bancadas e Armários de Cozinha,43,22154,93;97;100;100;95;95;95;98;98;98;98;98,task:6;informational:54;navigational:5;commercial:26;transactional:9
Cooktop 4 bocas e móveis de cozinha,17,1301,61;84;85;80;78;83;85;84;90;100;83;83,task:7;informational:49;navigational:6;commercial:30;transactional:8
Casas Bahia: Eletrodomésticos e Panelas,18,5547,78;94;100;98;91;94;94;93;96;96;95;94,task:3;informational:20;navigational:49;commercial:9;transactional:19
Forno Elétrico Vicini,16,361,6;39;68;37;36;41;32;100;67;54;48;63,task:5;informational:52;navigational:26;commercial:12;transactional:5
Fogões 4 Bocas com Tampo de Vidro,34,13323,91;94;100;96;91;91;91;92;93;93;93;93,task:3;informational:46;navigational:1;commercial:37;transactional:13
Cooktops e Fogões de Indução Oster,29,2338,87;98;100;50;60;64;67;80;84;85;88;87,task:5;informational:34;navigational:9;commercial:38;transactional:14
Equipamentos e Utensílios para Restaurantes,17,696,86;100;100;73;68;75;76;76;49;49;49;49,task:8;informational:24;navigational:3;commercial:55;transactional:10
Ilhas com Cooktop,16,303,13;76;100;78;79;29;26;55;45;40;36;41,task:10;informational:65;navigational:3;commercial:22
Fornos elétricos Layr,24,4656,90;98;100;46;42;43;43;43;45;45;45;44,task:3;informational:43;navigational:9;commercial:22;transactional:23
Louceiros e armários de cozinha,17,2193,68;76;86;73;98;95;94;100;94;94;95;95,task:2;informational:71;navigational:5;commercial:17;transactional:5
Tampas para Cooktop e Fogão,17,1592,64;86;89;84;83;89;89;88;92;100;89;89,task:3;informational:23;navigational:31;commercial:28;transactional:15
Eletrodomésticos Croydon,19,593,72;97;97;93;93;99;100;96;98;98;85;83,task:3;informational:19;navigational:47;commercial:16;transactional:15
Cooktops Elettromec 4–5 Bocas,15,122,23;25;24;38;35;46;43;100;82;20;20;20,informational:53;navigational:5;commercial:22;transactional:20
Fogões a gás portáteis,20,2723,63;89;93;92;89;96;99;98;100;100;96;95,task:10;informational:40;navigational:5;commercial:25;transactional:20
Fogões industriais 1 boca,16,1102,39;52;53;51;48;51;44;56;88;100;70;86,task:3;informational:48;navigational:1;commercial:41;transactional:7
Fouet e Fuê: Utensílios de Cozinha,25,14169,14;17;77;100;46;46;46;46;47;47;47;46,task:2;informational:75;navigational:5;commercial:15;transactional:3
Lava-louças: guias e marcas,422,204827,37;38;53;71;100;100;100;84;69;69;69;69,task:2;informational:59;navigational:4;commercial:27;transactional:8
Fritadeiras Air Fryer e Fornos,26,17475,44;48;52;42;58;58;59;100;75;74;75;74,task:4;informational:51;navigational:3;commercial:35;transactional:7
Forno Multifuncional com Micro-ondas,18,10156,7;17;21;96;96;97;97;100;100;100;100;100,task:6;informational:50;navigational:5;commercial:29;transactional:10
Batedeiras KitchenAid,34,13764,93;97;100;46;46;47;47;56;57;57;57;57,task:3;informational:38;navigational:15;commercial:29;transactional:15
Isolantes Térmicos para Fornos e Fogões,20,1664,55;59;62;67;81;82;81;100;100;100;100;96,task:5;informational:55;navigational:2;commercial:28;transactional:10
Fogões Mueller,17,553,23;27;25;30;35;31;37;100;80;34;32;32,task:5;informational:42;navigational:27;commercial:12;transactional:14
Micro-ondas Electrolux,103,54346,63;64;68;100;90;90;90;90;98;98;98;98,informational:42;navigational:33;commercial:12;transactional:13
Fogões de Barro e Carvão,20,1803,91;90;83;88;95;99;100;73;83;83;80;79,task:2;informational:71;navigational:5;commercial:15;transactional:7
Panelas para restaurantes,16,1155,63;78;97;92;49;46;46;100;86;87;86;87,task:2;informational:59;navigational:5;commercial:23;transactional:11
Fogões pretos 4 bocas,15,187,14;19;22;36;36;30;43;100;99;19;17;22,task:7;informational:39;navigational:1;commercial:35;transactional:18
Brinquedos de cozinha infantil (fogões e cozinhas),15,488,19;37;37;21;21;21;29;36;33;100;91;95,task:3;informational:51;navigational:4;commercial:29;transactional:13
fogões Mueller Fratello,17,290,34;60;69;54;48;40;37;100;92;42;38;22,task:5;informational:42;navigational:21;commercial:27;transactional:5
Fritadeiras elétricas com óleo,54,26639,23;26;56;76;100;100;100;92;92;92;92;92,task:2;informational:56;navigational:2;commercial:27;transactional:13
Eletrodomésticos Bertazzoni,16,1175,88;99;100;100;53;56;54;57;60;60;62;62,task:5;informational:40;navigational:10;commercial:18;transactional:27
Cooktops Electrolux 4 Bocas,15,302,9;50;61;15;23;22;38;100;86;26;23;27,task:3;informational:52;navigational:11;commercial:30;transactional:4
Fornos elétricos de 31 litros,15,1142,2;24;31;22;22;15;25;65;59;100;91;94,task:3;informational:49;navigational:5;commercial:25;transactional:18
Panelas de Cerâmica,247,212759,21;22;23;41;82;82;82;100;63;63;63;63,task:5;informational:38;navigational:7;commercial:42;transactional:8
Fornos Elétricos Suggar,30,5644,87;98;100;49;45;46;46;82;76;76;75;75,task:2;informational:41;navigational:22;commercial:15;transactional:20
Forno elétrico e air fryer Walita/Philips,20,1191,54;72;89;64;62;63;67;62;75;83;100;82,task:2;informational:55;navigational:6;commercial:28;transactional:9
Fogões a lenha caseiros,17,572,91;100;100;69;66;68;68;67;56;56;56;56,task:12;informational:59;navigational:2;commercial:24;transactional:3
Ferros de passar Electrolux e vaporizadores,32,9192,48;55;58;62;78;80;80;99;100;100;100;99,task:2;informational:52;navigational:3;commercial:18;transactional:25
Fogões de Indução Brancos,16,476,40;78;100;84;84;61;76;96;96;84;66;74,task:13;informational:43;navigational:4;commercial:32;transactional:8
Tomadas de Cozinha,19,602,47;54;57;50;84;84;84;51;100;95;96;94,task:3;informational:70;navigational:5;commercial:12;transactional:10
Torradeiras elétricas,35,12648,100;45;49;52;71;71;71;61;62;62;62;62,task:2;informational:35;navigational:4;commercial:40;transactional:19
Casa e Multicoisas,16,1070,32;50;63;47;73;66;57;97;84;100;90;84,task:7;informational:19;navigational:46;commercial:10;transactional:18
Fogões Cooktop 3 Bocas,15,1189,41;59;60;58;51;54;64;56;57;58;80;100,task:7;informational:46;navigational:5;commercial:30;transactional:12
Fornos a Lenha com Fogão,16,5517,34;41;42;45;99;100;100;85;88;88;90;90,task:2;informational:48;navigational:15;commercial:12;transactional:23
Frigideiras Neoflam,16,149,11;39;41;36;40;45;25;100;97;12;11;12,task:10;informational:45;navigational:8;commercial:20;transactional:17
Frigideiras e Panelas Inox,24,5899,39;48;49;48;99;100;100;71;68;68;68;68,task:5;informational:39;navigational:4;commercial:40;transactional:12
Panelas Neoflam,28,5031,39;50;53;55;55;56;57;100;60;60;61;60,task:2;informational:54;navigational:12;commercial:14;transactional:18
Fogões de Embutir 4/5 Bocas no Brasil,52,28579,71;69;71;69;82;82;82;100;71;71;71;71,task:2;informational:42;navigational:10;commercial:31;transactional:15
Panelas Nigro e Acessórios de Cozinha,18,2660,66;90;94;92;90;96;100;97;99;99;100;99,task:5;informational:45;navigational:30;commercial:13;transactional:7
Forno Salamandra e Gratinadores,19,1187,23;25;25;52;82;82;82;100;67;64;64;65,task:2;informational:62;navigational:5;commercial:23;transactional:8
Fornos elétricos 30 litros,16,290,63;81;86;72;69;86;77;100;89;83;82;84,task:7;informational:46;navigational:1;commercial:39;transactional:7
Forno Combinado,32,19849,19;24;25;80;100;100;100;96;96;96;97;96,task:3;informational:55;navigational:6;commercial:22;transactional:14
Cooktops Electrolux 2 Bocas,16,941,8;9;8;8;24;21;25;86;100;71;79;86,task:3;informational:29;navigational:25;commercial:18;transactional:25
Franke eletrodomésticos Brasil,15,240,18;26;30;25;42;48;25;26;23;100;90;56,task:1;informational:18;navigational:56;commercial:11;transactional:14
Aquecedores e chuveiros a gás,131,55326,31;60;35;67;100;100;100;100;100;100;100;100,task:1;informational:52;navigational:1;commercial:36;transactional:10
Churrasqueira com Cooktop,17,299,85;100;91;54;47;46;46;46;48;49;55;57,task:3;informational:70;navigational:5;commercial:17;transactional:5
Equipamentos de cozinha e uniformes profissionais,18,2318,39;45;45;43;100;100;100;80;81;81;81;81,task:3;informational:58;navigational:4;commercial:27;transactional:8
Fogões Itatiaia Itamaster,17,855,16;51;48;38;25;20;20;32;81;100;48;54,task:3;informational:41;navigational:21;commercial:26;transactional:9
Panelas Flavorstone e frigideiras antiaderentes,17,907,62;88;95;83;76;81;83;67;90;100;77;77,task:10;informational:51;navigational:1;commercial:34;transactional:4
Equipamentos Elétricos Domésticos,19,1207,35;49;49;93;86;86;86;100;99;98;98;98,task:2;informational:68;navigational:4;commercial:20;transactional:6
Fogões Brastemp 4 Bocas,117,38059,80;81;88;94;100;100;100;100;99;99;99;99,task:5;informational:35;navigational:15;commercial:26;transactional:19
Utilidades Domésticas,16,3647,32;37;38;37;94;95;95;100;100;98;100;100,task:8;informational:43;navigational:11;commercial:29;transactional:9
Equipamentos de Inox,15,56,80;83;90;91;80;100;86;88;93;88;86;88,task:7;informational:43;navigational:6;commercial:35;transactional:9
Torneiras de Cozinha,74,73611,59;58;60;100;68;68;68;71;70;70;70;70,task:8;informational:42;navigational:4;commercial:33;transactional:13
Fogões industriais de 8 bocas,16,807,71;89;88;82;79;84;85;100;99;92;89;89,task:3;informational:44;navigational:4;commercial:34;transactional:15
Móveis para forno de embutir,22,3595,70;94;100;97;91;95;96;96;96;96;96;95,task:2;informational:52;navigational:7;commercial:28;transactional:11
Fritadeiras Elétricas Duplas,16,548,22;68;83;61;61;63;40;63;52;100;89;99,task:7;informational:39;navigational:4;commercial:27;transactional:23
Fogões de Embutir 4 Bocas,24,4587,55;74;77;72;86;90;91;88;100;100;99;99,task:5;informational:40;navigational:2;commercial:40;transactional:13
Forno Elétrico Mueller,36,6723,48;60;64;73;94;95;97;100;100;99;99;98,informational:54;navigational:21;commercial:16;transactional:9
Marinex Brasil: utensílios de cozinha,17,239,16;20;21;20;20;19;21;100;73;13;12;12,task:2;informational:44;navigational:24;commercial:22;transactional:8
Panelas para Fogão a Lenha,28,4490,25;28;34;34;79;80;80;97;99;99;100;100,task:5;informational:45;navigational:4;commercial:32;transactional:14
Eletroservice e Serviços Elétricos,16,527,65;79;79;77;89;92;93;94;100;100;85;84,task:3;informational:31;navigational:51;commercial:11;transactional:4
Fritadeiras a gás comerciais,22,2383,48;68;78;76;82;87;89;100;96;96;96;96,task:5;informational:42;navigational:1;commercial:40;transactional:12
Área gourmet com fogão a lenha,22,4998,100;94;91;72;68;70;70;58;69;69;69;68,task:3;informational:74;navigational:5;commercial:13;transactional:5
Motores para Exaustores e Coifas,16,837,88;98;99;71;89;93;100;95;89;94;87;87,task:2;informational:62;navigational:2;commercial:24;transactional:10
Grelhas e Grades para Forno,21,1171,29;37;38;48;74;83;77;58;93;100;98;97,task:5;informational:34;navigational:1;commercial:46;transactional:14
Peças de Fogão Brastemp,22,2386,64;73;48;79;74;76;77;100;98;98;98;98,task:5;informational:31;navigational:12;commercial:32;transactional:20
Panelas Gourmet e Premium,16,293,52;83;100;65;75;79;71;72;72;90;86;79,task:10;informational:46;navigational:8;commercial:29;transactional:7
Limpadores/Desengordurantes para Fogão,24,4161,15;18;23;53;62;62;62;86;99;100;88;88,task:2;informational:68;navigational:3;commercial:16;transactional:11
Forno elétrico cinza,16,223,7;34;29;18;18;34;18;87;100;23;23;23,task:3;informational:40;navigational:11;commercial:32;transactional:14
Torneiras elétricas,73,27240,69;79;77;100;94;94;94;89;91;91;91;91,task:5;informational:33;navigational:4;commercial:39;transactional:19
Fornos de Cerâmica,48,24574,13;18;21;47;52;53;53;100;100;100;100;100,task:8;informational:50;navigational:4;commercial:30;transactional:8
Panelas Tefal,23,2402,70;79;83;60;59;62;62;99;100;100;99;100,task:3;informational:48;navigational:15;commercial:22;transactional:12
Fogões a Lenha Portáteis,19,3469,73;95;100;97;94;96;94;96;95;95;95;93,task:7;informational:53;navigational:5;commercial:23;transactional:12
Cacerola: restaurantes e panelas,15,214,44;66;68;57;57;88;86;95;100;76;67;71,task:3;informational:64;navigational:5;commercial:15;transactional:13
Fogões brancos 4 bocas,24,3805,79;96;100;96;85;89;90;96;94;94;93;93,task:2;informational:40;navigational:2;commercial:47;transactional:9
cabos de frigideira,15,89,13;100;95;47;50;60;22;54;67;30;30;31,informational:78;navigational:4;commercial:13;transactional:5
Fornos Progas,31,3319,86;98;100;100;49;51;52;52;50;50;50;50,task:2;informational:32;navigational:24;commercial:25;transactional:17
Colheres e Utensílios de Cozinha,18,4125,16;21;22;21;37;38;38;30;100;100;100;100,task:3;informational:57;navigational:4;commercial:30;transactional:6
Fogões Itatiaia 4/5 Bocas,27,7113,76;90;100;95;92;94;94;95;97;97;97;97,task:3;informational:42;navigational:13;commercial:33;transactional:9
Eletrônicos e Dispositivos,25,16820,48;94;47;84;53;54;54;100;100;100;100;100,task:7;informational:66;navigational:5;commercial:15;transactional:7
Peças e Acessórios para Gás,15,195,50;68;78;57;54;55;55;77;72;100;100;79,task:6;informational:22;navigational:22;commercial:32;transactional:18
Cozinhas Elvi,15,171,66;96;100;77;71;73;74;75;76;76;77;76,task:3;informational:18;navigational:67;commercial:7;transactional:5
Forno industrial e assadeiras,15,43,24;96;100;30;34;37;35;38;41;32;32;34,task:3;informational:49;navigational:4;commercial:28;transactional:16
Brastemp fogões BFS5NCR,17,1157,24;65;74;40;44;39;45;70;38;100;81;81,task:2;informational:19;navigational:31;commercial:44;transactional:4
Eletrônicos e eletrodomésticos online,15,620,12;87;72;32;32;71;74;100;57;46;46;45,task:3;informational:31;navigational:11;commercial:33;transactional:22
Geladeiras e Freezers,26,13701,18;23;24;44;80;81;81;90;100;100;100;100,task:6;informational:69;navigational:4;commercial:16;transactional:5
cafeteiras elétricas Electrolux,20,1471,83;99;100;54;57;60;60;56;55;55;55;54,task:2;informational:23;navigational:25;commercial:13;transactional:37
Cooktops Cuisinart no Brasil,15,275,15;76;100;50;50;38;73;84;67;72;65;67,task:7;informational:60;navigational:18;commercial:12;transactional:3
Aparadores e Buffets de Cozinha,18,881,57;79;80;76;72;77;77;100;79;79;74;74,task:3;informational:47;navigational:8;commercial:30;transactional:12
Cozinhas Itatiaia e Armários em Aço,15,166,22;33;32;29;83;100;61;26;24;26;27;30,task:3;informational:50;navigational:18;commercial:20;transactional:9
Lavadoras e Secadoras Electrolux,68,22109,44;49;54;86;100;100;100;93;93;93;93;93,task:5;informational:42;navigational:11;commercial:22;transactional:20
Pan Eletrica,15,472,14;19;20;31;33;42;51;52;39;100;84;69,task:3;informational:39;navigational:40;commercial:13;transactional:5
Forno elétrico 40 L,26,2609,83;94;95;57;98;100;99;64;64;64;64;63,task:5;informational:57;navigational:4;commercial:26;transactional:8
Torre para Forno e Micro-ondas,17,267,16;37;43;33;36;28;37;100;84;22;21;22,task:7;informational:43;navigational:1;commercial:39;transactional:10
Fogões a Lenha no Brasil,17,2064,57;62;63;33;99;93;100;43;44;44;60;71,task:1;informational:61;navigational:4;commercial:29;transactional:5
Cooktops Carrefour,17,2696,6;23;29;17;17;17;18;53;46;67;57;100,task:3;informational:25;navigational:38;commercial:15;transactional:19
fogões cristal aço,16,265,28;43;41;36;38;39;41;51;91;100;33;33,task:10;informational:27;navigational:21;commercial:27;transactional:15
Fondue em casa,46,12222,87;93;96;44;55;56;56;100;61;61;61;61,task:2;informational:60;navigational:5;commercial:21;transactional:12
Grelhas para Fogão,19,542,52;63;61;66;100;72;73;94;65;64;64;64,task:10;informational:31;navigational:1;commercial:42;transactional:16
Móveis e Utensílios,16,471,20;53;56;28;47;46;46;100;90;45;45;48,task:5;informational:48;navigational:7;commercial:34;transactional:6
Mini Fornos Elétricos Portáteis,17,2195,69;91;94;90;88;94;95;98;100;97;97;95,task:7;informational:45;navigational:4;commercial:33;transactional:11
Cooktops com coifa embutida,20,2284,85;99;100;63;69;72;74;70;57;57;58;67,informational:64;navigational:4;commercial:29;transactional:3
Fogões Esmaltec Topázio,28,2394,90;100;100;99;45;49;53;47;51;53;70;69,task:2;informational:44;navigational:32;commercial:17;transactional:5
Panelas práticas para casa,15,758,23;51;89;39;40;42;56;79;80;69;57;100,task:3;informational:49;navigational:8;commercial:32;transactional:8
Panelas Eirilar no Brasil,16,806,38;83;97;73;71;70;73;62;52;73;64;100,task:10;informational:15;navigational:36;commercial:27;transactional:12
Panelas La Cuisine Brasil,22,3908,18;26;27;28;99;100;100;56;56;56;55;54,task:1;informational:42;navigational:25;commercial:26;transactional:6
Tesouras de cozinha,15,743,57;73;76;70;69;73;75;74;77;100;93;72,task:7;informational:53;navigational:4;commercial:26;transactional:10
Forno Elétrico Mueller e Air Fryer,21,989,80;94;100;52;46;49;49;72;55;56;56;56,task:2;informational:58;navigational:7;commercial:23;transactional:10
Assadeiras de Porcelana,16,330,86;98;100;92;62;65;74;59;57;57;57;58,task:10;informational:44;navigational:4;commercial:36;transactional:6
Utensílios de Cozinha Inox,19,636,89;100;100;54;64;67;69;77;60;61;56;57,task:5;informational:45;navigational:4;commercial:40;transactional:6
Eletrovel: Serviços e Peças para Eletrodomésticos,15,507,29;42;43;43;34;98;76;36;38;38;38;100,task:3;informational:51;navigational:18;commercial:16;transactional:12
Fogões a Lenha Usados,22,1884,87;100;99;63;74;77;78;80;69;69;71;82,task:2;informational:37;navigational:5;commercial:33;transactional:23
Fogões Continental 4 Bocas,15,1619,16;38;44;36;30;30;30;54;42;74;76;100,task:7;informational:35;navigational:11;commercial:34;transactional:13
Fogões 4 Bocas no Magazine Luiza,15,283,39;53;100;79;78;48;46;49;44;44;45;52,task:3;informational:22;navigational:42;commercial:12;transactional:21
Fritadeiras Elétricas 7 Litros Progas,21,542,45;69;74;67;64;51;49;100;52;52;47;48,task:4;informational:30;navigational:4;commercial:40;transactional:22
Air Fryer e Liquidificador no Brasil,18,1366,76;89;91;88;85;87;89;100;47;47;47;47,task:5;informational:42;navigational:9;commercial:14;transactional:30
Chaleiras elétricas Cuisinart,16,93,15;15;17;27;33;32;56;100;94;20;19;19,task:13;informational:38;navigational:8;commercial:32;transactional:9
"Forno, Fogão e Pizza",15,130,53;61;63;69;69;72;74;96;100;89;85;85,task:3;informational:58;navigational:4;commercial:24;transactional:11
Forno Elétrico 42 Litros,16,349,39;77;91;62;100;93;87;86;90;70;71;71,task:7;informational:25;commercial:57;transactional:11
Cozinhas Clássicas e Modernas,16,504,44;55;58;53;48;51;85;86;84;88;84;100,task:3;informational:65;navigational:4;commercial:24;transactional:4
Conserto de Fornos Elétricos,19,922,89;100;100;96;47;53;53;77;85;85;87;88,task:13;informational:61;navigational:3;commercial:15;transactional:8
Panelas antiaderentes com teflon,173,93466,63;65;65;74;91;91;91;99;100;100;100;100,task:2;informational:51;navigational:4;commercial:36;transactional:7
Fogões industriais de 3 bocas,19,1968,70;96;100;95;84;90;91;82;92;93;100;100,task:10;informational:46;navigational:4;commercial:31;transactional:9
Termostatos para Forno Elétrico,24,2878,39;47;44;53;94;96;96;99;92;94;100;99,task:5;informational:56;navigational:2;commercial:26;transactional:11
Aquecedores Fame e acessórios elétricos,19,603,50;71;74;78;81;88;100;92;92;89;90;89,task:3;informational:43;navigational:18;commercial:15;transactional:21
Talheres e Faqueiros,41,13973,20;23;25;48;48;48;49;100;50;50;50;50,task:2;informational:39;navigational:4;commercial:45;transactional:10
Assadeiras de cerâmica,18,12392,31;37;38;37;98;99;99;100;100;100;100;100,task:1;informational:50;navigational:6;commercial:34;transactional:9
Fogões e Cooktops no Magazine Luiza,16,343,65;89;93;88;78;100;86;81;77;77;79;81,task:7;informational:16;navigational:26;commercial:21;transactional:30
Protetores e Tapetes para Fogão de Indução,32,3607,30;30;35;71;73;75;75;100;100;100;96;96,task:2;informational:43;navigational:10;commercial:34;transactional:11
Panelas de Fritura,20,1969,47;55;54;55;98;100;100;41;62;62;60;60,task:8;informational:50;navigational:4;commercial:30;transactional:8
Panelas de Ferro Fundido,55,60595,38;40;21;36;76;76;76;100;100;100;100;100,task:5;informational:36;navigational:5;commercial:43;transactional:11
Fogões 4 bocas com grill,15,407,23;35;43;33;33;34;53;100;72;42;37;44,task:3;informational:46;navigational:1;commercial:46;transactional:4
Fogões Fischer 5 Bocas,53,23341,99;100;45;48;45;45;46;45;86;86;86;86,task:2;informational:48;navigational:16;commercial:12;transactional:22
Utensílios de cerâmica para cozinha,17,963,61;87;89;81;85;86;94;100;100;95;95;96,task:3;informational:52;navigational:7;commercial:30;transactional:8
Tecnopeças e Ferramentas,15,99,54;92;100;79;79;92;61;62;64;71;69;71,task:3;informational:25;navigational:33;commercial:24;transactional:15
Pinças e utensílios de cozinha,22,1111,83;97;99;96;97;100;100;67;79;80;75;75,task:5;informational:51;navigational:2;commercial:36;transactional:6
Miniaturas de Cozinha,15,342,68;100;100;98;86;90;91;87;87;91;81;82,task:3;informational:63;navigational:11;commercial:19;transactional:4
Chopeiras e máquinas de chope residenciais,33,16607,92;97;100;49;67;67;67;80;81;80;80;80,task:8;informational:50;navigational:2;commercial:30;transactional:10
frigideiras de cerâmica,16,150,58;68;77;72;71;99;100;71;71;64;65;66,task:3;informational:45;navigational:4;commercial:37;transactional:11
Smeg Eletrodomésticos,15,3189,84;98;100;48;47;52;52;48;49;49;50;50,task:3;informational:26;navigational:25;commercial:15;transactional:31
Rechaud para caldos e sopas,17,430,56;60;61;60;84;100;81;76;51;98;87;94,task:8;informational:26;navigational:1;commercial:36;transactional:29
Geladeiras e Freezers Prosdocimo,26,6718,48;52;57;58;89;91;91;100;98;98;98;97,task:2;informational:57;navigational:19;commercial:19;transactional:3
Banho-Maria Elétrico,16,217,72;83;88;86;98;100;87;80;80;77;78;79,task:3;informational:36;navigational:18;commercial:30;transactional:13
Thermomix e Bimby: Panelas Multifuncionais,53,51830,14;15;19;75;92;92;92;100;100;100;100;100,task:5;informational:61;navigational:7;commercial:14;transactional:13
Churrasqueiras e grills elétricos,19,35444,29;31;14;100;46;46;46;62;62;62;62;62,task:2;informational:50;navigational:4;commercial:36;transactional:8
Aquecedores Elétricos e Ebulidores,21,19331,10;15;16;80;99;100;100;100;100;100;100;100,task:7;informational:58;navigational:6;commercial:16;transactional:13
Estufas e vitrines comerciais,15,369,95;100;100;100;97;99;99;100;68;100;68;68,task:2;informational:53;navigational:4;commercial:31;transactional:10
Panelas para forno,29,2673,36;44;58;87;100;99;99;91;85;85;87;87,task:2;informational:74;navigational:5;commercial:16;transactional:3
Aventais Industriais de Cozinha,17,594,79;85;59;74;83;87;86;100;86;85;86;85,task:2;informational:37;navigational:4;commercial:43;transactional:14
Boilers e Aquecedores Elétricos,25,5245,35;38;38;38;81;82;82;100;98;98;95;95,task:2;informational:61;navigational:2;commercial:26;transactional:9
Estufas para Marmita,17,556,22;24;25;64;82;82;100;53;53;54;54;54,task:3;informational:58;navigational:4;commercial:27;transactional:8
Fogões de indução invisíveis,26,2341,22;22;52;78;93;98;100;90;93;93;93;93,task:8;informational:62;navigational:4;commercial:20;transactional:6
Pratos e Talheres: Utensílios de Cozinha,15,134,81;91;100;87;79;90;85;95;93;87;87;89,task:10;informational:53;navigational:4;commercial:22;transactional:11
Frigideiras Tefal,17,174,25;29;30;28;28;30;44;100;73;31;31;31,task:1;informational:46;navigational:7;commercial:40;transactional:6
Forno Elétrico Electrolux Home Pro,15,1455,9;39;52;42;42;33;18;86;61;37;34;100,task:3;informational:35;navigational:39;commercial:15;transactional:8
facas elétricas,20,8426,42;47;47;24;28;29;30;100;100;100;100;100,task:2;informational:42;navigational:4;commercial:40;transactional:12
Panelas de Pressão Elétrica,139,348896,16;16;16;36;47;47;47;83;100;100;100;100,task:5;informational:39;navigational:4;commercial:34;transactional:18
Panela elétrica de pressão,16,92,13;76;100;89;83;54;21;49;32;30;41;28,task:3;informational:34;navigational:19;commercial:18;transactional:26
Gabinetes e Armários de Cozinha,15,631,75;88;89;83;80;85;86;100;98;97;87;85,task:7;informational:39;navigational:11;commercial:32;transactional:11
Armários de cozinha com paneleiro,19,15318,92;97;100;85;76;76;76;75;77;77;77;77,task:2;informational:45;navigational:4;commercial:38;transactional:11
fogões Itatiaia com vidro,17,1647,11;22;27;22;21;21;16;8;8;100;84;78,task:10;informational:28;navigational:4;commercial:44;transactional:14
fornos elétricos Fischer 44L,20,1623,84;96;96;93;96;98;100;88;52;53;100;100,task:2;informational:49;navigational:22;commercial:15;transactional:12
Assadeiras de Ferro Fundido,17,241,73;97;100;89;75;76;76;100;60;59;58;57,task:8;informational:54;navigational:4;commercial:26;transactional:8
Geladeiras e Eletrodomésticos Brasil,16,304,17;58;62;44;37;33;33;100;65;17;17;18,task:2;informational:62;navigational:10;commercial:23;transactional:3
Defumadoras elétricas domésticas,16,310,70;94;100;92;81;85;86;90;92;100;97;89,task:3;informational:56;navigational:5;commercial:22;transactional:14
Móveis de Cozinha e Armários Casas Bahia,16,4657,78;94;100;100;92;93;94;80;88;88;87;87,task:2;informational:31;navigational:31;commercial:15;transactional:21
Utilidades domésticas e lojas de variedades,68,53006,71;76;61;66;99;99;99;100;95;95;95;95,task:8;informational:38;navigational:11;commercial:31;transactional:12
Cook Eletroraro: confiabilidade e avaliações,16,1278,36;95;100;83;85;87;85;100;83;76;95;100,task:8;informational:54;navigational:32;commercial:4;transactional:2
fuminas e grelhas,15,132,34;65;66;75;65;69;44;100;75;41;41;41,task:3;informational:42;navigational:31;commercial:10;transactional:14
Frangueiras e Acessórios de Grelhar,22,2499,61;73;51;59;98;100;100;72;69;68;69;68,task:4;informational:47;navigational:9;commercial:29;transactional:11
Cuisinart Brasil e assistência técnica,16,2007,57;86;88;87;85;93;96;98;100;100;93;92,task:3;informational:32;navigational:45;commercial:13;transactional:7
Fogões de Indução 110V/127V,17,1987,18;23;24;27;23;24;27;84;80;100;98;92,task:4;informational:49;navigational:4;commercial:36;transactional:7
Envelopamento de fogões,25,2329,74;74;60;63;75;77;77;100;65;65;65;65,task:8;informational:61;navigational:3;commercial:21;transactional:7
Fogões para pesca,18,244,46;93;100;86;82;85;65;88;92;46;45;46,task:7;informational:48;navigational:8;commercial:23;transactional:14
Frigideiras e panelas antiaderentes,17,405,63;72;73;60;97;99;100;78;64;43;43;43,task:2;informational:49;navigational:4;commercial:35;transactional:10
Louças e porcelanas para casa,23,40236,27;28;29;93;99;99;99;100;100;100;100;100,task:2;informational:38;navigational:7;commercial:44;transactional:9
Eletrobombas para eletrodomésticos,19,2251,54;62;63;41;42;44;44;84;84;85;95;100,informational:54;navigational:4;commercial:30;transactional:12
Cozinhas com Eletrodomésticos Pretos e Inox,16,1116,43;93;100;80;94;48;47;49;42;84;78;94,task:8;informational:65;navigational:5;commercial:15;transactional:7
Lava-louças Elettromec,15,198,51;53;53;51;51;53;53;70;68;100;91;58,informational:33;navigational:36;commercial:11;transactional:20
Temporizadores de Cozinha,17,568,54;68;67;91;89;82;79;100;100;82;82;88,task:3;informational:62;navigational:1;commercial:22;transactional:12
Kits e Acessórios para Lareiras,15,410,45;89;90;70;71;75;61;97;100;63;63;62,task:3;informational:26;navigational:7;commercial:46;transactional:18
Pratos e Equipamentos de Restaurante,15,382,62;96;94;95;92;80;81;83;85;100;85;85,task:3;informational:41;navigational:20;commercial:24;transactional:12
Fornos Franke,15,402,25;27;28;36;33;33;40;46;39;100;90;92,task:3;informational:23;navigational:44;commercial:11;transactional:19
Atacado de Eletrodomésticos,19,2125,26;32;33;84;96;96;100;90;40;40;40;39,task:5;informational:26;navigational:9;commercial:44;transactional:16
Fritadeiras Elétricas Electrolux,72,24386,50;51;55;58;71;71;71;100;73;75;75;75,task:3;informational:46;navigational:13;commercial:14;transactional:24
Coifas e Dutos de Cozinha,15,580,26;29;32;31;47;35;31;100;99;68;66;66,task:2;informational:62;navigational:10;commercial:20;transactional:6
Aquecedores e Sistemas de Aquecimento,146,77998,36;41;43;100;80;80;80;78;77;77;77;77,task:2;informational:43;navigational:2;commercial:35;transactional:18
Fogões a lenha antigos,15,306,55;74;75;60;60;75;73;100;84;64;62;64,task:3;informational:59;navigational:8;commercial:26;transactional:4
Cambro e utensílios de cozinha profissional,17,1594,95;100;100;100;34;35;36;34;35;35;37;37,task:5;informational:42;navigational:17;commercial:32;transactional:4
Panelas elétricas de arroz,127,77435,28;29;31;46;100;100;100;61;59;59;59;59,task:5;informational:45;navigational:7;commercial:29;transactional:14
Cooktop Electrolux inox 5 bocas,16,1929,59;85;87;84;77;81;85;78;88;100;86;89,informational:36;navigational:35;commercial:18;transactional:11
Panelas Cuisinart no Brasil,18,1058,36;44;45;42;42;42;41;100;62;83;64;64,task:3;informational:57;navigational:12;commercial:25;transactional:3
Adaptadores para fogões: indução e gás,29,2028,46;52;52;29;36;37;40;100;54;55;53;53,task:2;informational:69;navigational:2;commercial:19;transactional:8
Forno Elétrico 84L,19,530,34;63;63;60;43;42;41;100;52;56;75;84,task:3;informational:51;navigational:11;commercial:29;transactional:6
Suportes para micro-ondas e forno elétrico,34,9076,86;94;100;100;96;97;97;96;92;93;93;93,task:8;informational:50;navigational:4;commercial:32;transactional:6
Our Generation - Cozinha,15,213,12;86;91;68;63;81;29;100;78;66;72;64,task:7;informational:37;navigational:24;commercial:21;transactional:11
Forno de Embutir Philco,20,1916,69;95;95;89;76;82;87;70;78;78;95;100,task:3;informational:30;navigational:26;commercial:20;transactional:21
Fogões 5 Bocas no Brasil,16,856,48;78;93;79;87;95;99;99;79;99;81;100,informational:62;navigational:9;commercial:15;transactional:14
Forno Elétrico 70 L,26,3313,89;100;52;52;47;50;51;50;53;56;61;60,task:2;informational:52;navigational:4;commercial:31;transactional:11
Fornos Elétricos Arno e Air Fryer,17,994,48;65;76;61;40;47;61;74;69;40;95;100,task:8;informational:67;navigational:5;commercial:12;transactional:8
Cooktop 4 bocas: guia e medidas,91,48675,38;41;46;52;100;100;100;72;73;73;73;73,task:2;informational:63;navigational:5;commercial:22;transactional:8
forno elétrico philco 38l,22,2006,68;75;75;72;78;76;72;66;81;82;94;100,task:2;informational:47;navigational:22;commercial:18;transactional:11
Marmitas Térmicas,29,4829,53;61;32;72;93;94;95;100;93;93;95;94,task:2;informational:52;navigational:6;commercial:30;transactional:10
Panelas Silit e Panelas de Pressão Silit,17,416,59;65;67;61;66;67;64;100;100;67;68;70,task:2;informational:45;navigational:9;commercial:38;transactional:6
Fogões Atlas - Peças e Grelhas,17,509,29;30;48;47;46;46;46;100;93;56;56;56,informational:42;navigational:28;commercial:24;transactional:6
Panelas Fetti,15,385,29;93;99;78;80;87;65;100;87;86;78;74,task:10;informational:39;navigational:29;commercial:10;transactional:12
Caixas Térmicas e Hot Boxes,17,1951,84;87;87;25;92;92;93;96;96;96;100;100,task:8;informational:63;navigational:2;commercial:24;transactional:3
Eletro no Brasil,16,1076,21;31;33;32;64;84;100;82;48;62;77;89,task:7;informational:40;navigational:28;commercial:20;transactional:5
Panelas Euro Colorstone,24,2525,79;94;95;62;78;80;76;100;85;94;62;89,task:5;informational:46;navigational:11;commercial:29;transactional:9
SOS Eletrodomésticos: Assistência Técnica,16,498,28;88;87;35;35;51;54;46;47;63;62;100,task:10;informational:35;navigational:15;commercial:35;transactional:5
Empório dos Utensílios de Cozinha,16,874,74;96;97;92;95;98;98;100;100;95;97;97,task:2;informational:50;navigational:34;commercial:5;transactional:9
Fogões Electrolux 76GS com 5 bocas,15,715,11;12;12;16;45;58;54;100;70;89;86;86,task:3;informational:72;navigational:2;commercial:12;transactional:11
Materiais Elétricos Nunes,15,171,21;27;27;27;27;39;33;100;36;38;29;29,task:3;informational:12;navigational:52;commercial:25;transactional:8
Air Fryers e Fornos Mondial,36,11586,27;36;37;48;72;73;73;97;100;100;100;99,task:2;informational:48;navigational:12;commercial:25;transactional:13
Sanduicheiras e Torradeiras para Fogão,19,2904,64;73;72;71;47;50;49;91;91;90;100;97,task:5;informational:49;navigational:4;commercial:38;transactional:4
Carrefour Eletrodomésticos e Ofertas,18,908,16;45;46;40;44;46;52;100;83;77;64;63,task:3;informational:11;navigational:56;commercial:14;transactional:16
Faqueiro e talheres para casa,15,525,11;20;24;21;22;34;38;77;79;95;93;100,informational:35;navigational:8;commercial:46;transactional:11
Panelas Vermelhas - Conjunto de Panelas,17,1213,85;100;100;53;51;53;53;48;46;46;67;67,task:5;informational:40;navigational:6;commercial:35;transactional:14
Panelas Avulsas de Cozinha,16,159,14;58;100;73;62;45;70;41;37;38;40;46,task:10;informational:18;navigational:4;commercial:50;transactional:18
Buffet Elétrico e Rechaud,18,305,24;28;28;28;26;28;28;26;87;100;28;27,task:13;informational:45;navigational:5;commercial:23;transactional:14
Fogões Electrolux 5 Bocas Inox,27,6901,91;98;100;81;99;100;100;59;61;62;61;62,task:2;informational:47;navigational:15;commercial:19;transactional:17
Churrasqueiras Elettromec,15,156,90;98;100;95;95;99;99;100;99;99;99;99,task:3;informational:29;navigational:38;commercial:11;transactional:19
fornos elétricos Philco 46L,22,1991,61;80;84;78;79;85;83;98;96;100;83;84,task:3;informational:39;navigational:18;commercial:23;transactional:17
Forno elétrico 10L,18,852,70;98;100;97;81;85;85;79;85;89;78;77,task:10;informational:25;navigational:5;commercial:31;transactional:29
Fogões Atlas Monaco,68,14863,97;100;48;50;52;53;54;76;81;82;81;81,informational:39;navigational:31;commercial:24;transactional:6
Assadeiras e formas de inox,18,1355,81;87;88;90;89;94;96;95;94;94;94;100,task:5;informational:42;navigational:4;commercial:30;transactional:19
Refrigeração e Eletroeletrônicos,16,132,31;35;34;29;29;32;32;26;26;100;28;27,task:5;informational:45;navigational:4;commercial:37;transactional:9
fritadeiras elétricas Philips Philco Walita,17,68,24;31;44;37;32;32;60;100;100;33;34;34,task:3;informational:37;navigational:24;commercial:20;transactional:16
Portas e acessórios para fogão a lenha,15,414,51;71;68;62;65;70;69;58;94;100;58;58,task:7;informational:38;navigational:14;commercial:29;transactional:12
Fogões Electrolux 4 Bocas com Timer,18,507,56;58;57;57;54;89;100;57;56;67;64;64,task:2;informational:65;navigational:3;commercial:16;transactional:14
Fogões Dako Magister 4 bocas,15,511,9;67;72;55;22;65;36;100;84;72;73;71,task:2;informational:30;navigational:33;commercial:18;transactional:17
Panelas quadradas,18,1014,85;100;100;96;38;41;42;39;40;41;40;40,task:2;informational:33;navigational:10;commercial:23;transactional:32
Fontignac Panelas,19,392,29;34;30;75;98;100;98;72;51;25;25;25,task:5;informational:59;navigational:13;commercial:20;transactional:3
Acessórios para fritadeiras,17,209,42;99;100;74;77;90;99;71;63;59;60;56,task:7;informational:48;navigational:1;commercial:30;transactional:14
Eletrocalhas Armada,16,202,82;95;100;97;97;98;99;96;98;98;99;98,task:3;informational:24;navigational:38;commercial:25;transactional:10
Forno de Embutir com Ventilação,23,1918,15;20;24;70;85;83;84;100;99;97;96;96,task:3;informational:61;navigational:2;commercial:26;transactional:8
Panelas e Rechaud para Buffet,15,347,26;39;42;39;42;41;31;100;86;34;34;34,task:7;informational:44;navigational:1;commercial:37;transactional:11
Forno Fischer de Embutir a Gás,27,1589,86;100;100;52;58;61;65;48;71;80;56;54,task:2;informational:45;navigational:29;commercial:12;transactional:12
Mega Elétrica e Eletro,15,257,32;81;95;79;82;75;62;47;48;86;100;93,task:3;informational:18;navigational:48;commercial:19;transactional:12
Fogões 5 bocas com grill,16,584,89;99;100;55;41;41;43;37;28;29;28;30,task:5;informational:59;navigational:2;commercial:26;transactional:8
Frigoríficas e Frigeração,17,48,15;51;55;44;32;32;25;100;79;11;11;11,task:3;informational:77;navigational:5;commercial:12;transactional:3
Fogões Atlas 4 Bocas,22,6366,95;98;100;42;41;41;41;42;42;42;42;41,informational:45;navigational:9;commercial:36;transactional:10
Energia Elétrica e Materiais Elétricos,15,812,53;77;78;70;76;95;77;69;98;100;77;79,task:3;informational:63;navigational:15;commercial:15;transactional:4
Churrasqueiras e Cia,15,304,15;48;100;60;23;22;16;20;19;59;55;55,task:3;informational:23;navigational:49;commercial:20;transactional:5
Fogões e Promoções no GBarbosa,15,254,66;86;87;80;100;100;74;100;82;80;75;80,informational:30;navigational:43;commercial:11;transactional:16
Micro-ondas Electrolux MEC41/ME41X,27,2681,48;54;54;34;55;56;56;100;84;84;86;86,task:5;informational:45;navigational:20;commercial:19;transactional:11
Peças para Fogão Atlas,16,673,44;46;47;82;81;81;81;82;49;100;93;95,task:8;informational:36;navigational:9;commercial:32;transactional:15
Fritadeiras MetalCubas,15,494,79;97;99;95;89;94;96;98;100;100;100;100,task:1;informational:23;navigational:48;commercial:17;transactional:11
Panelas Moncoc e acessórios de cozinha,32,8903,44;49;54;65;53;54;54;58;100;100;100;100,task:1;informational:38;navigational:30;commercial:19;transactional:12
fornos elétricos 45L,17,819,50;71;72;68;68;72;71;95;80;87;91;100,task:3;informational:50;navigational:4;commercial:29;transactional:14
Fogões Rocket Stove,18,627,95;100;67;77;78;79;80;82;84;81;82;81,task:3;informational:54;navigational:10;commercial:14;transactional:19
Embrastec - Peças e Equipamentos Elétricos,15,210,47;50;55;54;57;64;63;70;72;100;98;100,task:3;informational:18;navigational:58;commercial:7;transactional:14
Coifas Fogatti,21,1637,79;95;100;55;55;52;53;47;60;63;58;58,task:2;informational:38;navigational:30;commercial:20;transactional:10
Exaustores de Cozinha em Inox,16,148,23;34;35;54;54;49;67;91;100;34;31;41,task:10;informational:46;navigational:4;commercial:26;transactional:14
Fabricio Refrigeração e Utensílios,15,146,53;77;78;75;58;58;58;61;80;83;100;90,task:7;informational:11;navigational:67;commercial:10;transactional:5
Itatiaia Eletrodomésticos Brasil,17,356,18;18;20;57;60;55;49;100;75;38;38;38,task:2;informational:29;navigational:45;commercial:20;transactional:4
Utensílios de fritura,23,2272,77;87;89;56;97;100;100;52;47;47;46;45,task:1;informational:52;navigational:5;commercial:20;transactional:22
Chapas Progas,17,109,54;83;100;82;82;61;61;64;57;57;58;57,task:3;informational:32;navigational:39;commercial:8;transactional:18
Móveis para cooktop 2 bocas,15,33,8;9;13;25;34;48;100;26;9;9;9;9,task:3;informational:48;navigational:11;commercial:31;transactional:7
EletroTudo - Materiais Elétricos,15,386,61;92;93;91;88;97;94;97;100;98;100;100,task:3;informational:25;navigational:41;commercial:19;transactional:12
Panelas elétricas rosa,16,502,22;38;28;26;36;39;30;91;84;100;33;40,task:3;informational:36;navigational:18;commercial:29;transactional:14
"Venax Eletrodomésticos: fogões, cervejeiras e adegas",25,6177,72;85;91;97;98;100;100;94;96;96;95;94,task:2;informational:47;navigational:25;commercial:19;transactional:7
Fornos elétricos Tramontina em inox,28,4000,34;47;47;63;92;94;95;100;73;73;72;72,task:2;informational:47;navigational:13;commercial:22;transactional:16
Fogões Brastemp 6 Bocas,28,5093,91;98;100;49;46;47;47;46;46;46;45;44,task:2;informational:32;navigational:25;commercial:32;transactional:9
Outlets de Eletrodomésticos,15,239,11;89;99;68;63;57;62;100;66;36;32;35,task:3;informational:42;navigational:10;commercial:40;transactional:5
Fritadeiras Elétricas 5 L,17,1259,71;100;100;95;74;79;82;78;80;78;80;80,task:3;informational:55;navigational:6;commercial:26;transactional:10
Panelas Alegrete,22,2522,43;49;50;50;62;61;61;100;88;88;87;87,task:2;informational:39;navigational:29;commercial:24;transactional:6
Panelas de pressão,88,31816,29;31;37;48;82;82;82;100;82;82;82;82,task:2;informational:45;navigational:4;commercial:38;transactional:11
Fogões brancos de 5 bocas,17,1826,71;96;97;86;80;86;87;100;96;87;87;86,task:3;informational:38;navigational:4;commercial:34;transactional:21
Forno Embutido Panasonic,16,306,36;44;43;41;39;92;70;96;65;100;73;69,task:7;informational:31;navigational:18;commercial:19;transactional:25
Lazer e Eletro Lojas Online,18,4084,66;86;91;92;98;100;100;99;91;90;93;92,task:3;informational:22;navigational:52;commercial:10;transactional:13
Aventais de Cozinha,15,3781,74;96;100;100;94;96;97;98;99;99;100;99,task:7;informational:33;navigational:1;commercial:33;transactional:26
Brastemp Coifa e Depuradores,30,3629,87;98;100;99;46;48;48;45;51;51;51;50,task:2;informational:38;navigational:26;commercial:18;transactional:16
Kits para Fogão a Lenha,16,115,91;100;97;91;91;93;89;93;84;76;76;76,task:3;informational:36;navigational:4;commercial:46;transactional:11
Decoração de cozinhas,38,12728,75;78;95;100;90;90;90;77;77;77;77;77,task:2;informational:66;navigational:5;commercial:23;transactional:4
fogões Brastemp 5 bocas embutidos,17,2012,31;46;47;44;39;41;44;54;49;100;97;97,task:3;informational:52;navigational:8;commercial:25;transactional:12
Fogões Esmaltec Bali,18,938,68;100;100;87;70;73;74;88;84;90;79;80,task:1;informational:34;navigational:36;commercial:17;transactional:12
Eletrofrio Refrigeração,16,1220,64;96;96;100;88;95;94;95;94;94;90;89,task:2;informational:21;navigational:38;commercial:7;transactional:32
Bancadas e Mesas para Cozinha,21,9350,95;39;43;41;100;100;100;100;39;39;39;39,task:2;informational:45;navigational:4;commercial:33;transactional:16
gabinetes de cozinha,15,1320,86;96;100;98;49;52;48;46;49;47;70;72,task:2;informational:47;navigational:17;commercial:21;transactional:13
Frigideiras de Alumínio,18,1168,35;42;45;90;99;100;95;57;91;88;87;88,task:5;informational:45;navigational:1;commercial:35;transactional:14
Lareiras Embutidas,16,100,19;22;24;22;41;22;22;57;75;100;82;22,task:7;informational:49;navigational:8;commercial:32;transactional:4
Forno elétrico 48L,21,501,23;45;55;46;45;58;41;100;87;76;40;47,task:8;informational:39;navigational:5;commercial:27;transactional:21
Fogões de Embutir Dako 4–5 Bocas,16,1696,83;99;100;98;94;97;98;45;58;62;51;52,task:5;informational:43;navigational:8;commercial:23;transactional:21
Panelas Tognana,19,5405,78;85;84;37;71;73;74;99;100;100;99;99,task:2;informational:50;navigational:11;commercial:26;transactional:11
Forno Turbo Elétrico,16,1019,85;95;100;97;91;88;88;58;52;52;55;55,task:5;informational:59;navigational:5;commercial:18;transactional:13
Panquecas elétricas domésticas,20,2812,100;57;59;70;70;74;75;65;66;65;64;63,task:5;informational:54;navigational:4;commercial:26;transactional:11
Coifas Electrolux,15,1330,4;4;4;4;15;11;18;38;39;100;92;93,task:1;informational:41;navigational:40;commercial:16;transactional:2
Cooktops 4 e 5 bocas Esmaltec,16,1217,14;36;46;35;34;29;36;56;53;17;17;100,task:3;informational:49;navigational:8;commercial:25;transactional:15
Forno de Embutir Britânia,16,1002,19;41;44;36;35;37;29;100;84;98;47;60,task:3;informational:48;navigational:22;commercial:13;transactional:14
Pias de cozinha,16,129,21;28;31;31;35;36;100;28;28;27;27;27,task:5;informational:57;navigational:5;commercial:25;transactional:8
Panelas de Inox,17,946,91;100;100;100;52;60;67;63;63;67;65;65,task:5;informational:31;navigational:5;commercial:24;transactional:35
Panelas elétricas Agratto,17,1269,53;58;57;55;55;63;64;55;31;51;89;100,task:5;informational:35;navigational:37;commercial:10;transactional:13
Panelas Kitchenaid,16,202,71;95;100;99;98;97;92;98;94;95;95;93,task:3;informational:47;navigational:5;commercial:26;transactional:19
Cozinha Modular com Cooktop,15,79,26;48;74;72;100;100;66;57;58;24;24;24,task:3;informational:59;navigational:1;commercial:29;transactional:8
Rechaud de Cerâmica e Difusor Aromatizador,15,405,87;88;90;89;88;90;100;50;49;83;91;74,task:7;informational:44;navigational:4;commercial:36;transactional:9
Panelas Eirilar Antiaderentes,16,624,43;95;100;83;64;66;77;76;65;65;60;61,task:3;informational:42;navigational:3;commercial:33;transactional:19
Britânia: processadores e mixers,45,6913,93;98;100;100;95;96;96;44;44;44;44;43,task:2;informational:57;navigational:5;commercial:12;transactional:24
Frigideiras com divisórias,15,1036,4;18;23;11;10;13;11;4;4;100;90;82,task:7;informational:56;navigational:5;commercial:22;transactional:10
Micro-ondas Electrolux embutidos,17,473,37;93;100;72;59;54;51;65;58;83;82;81,task:7;informational:37;navigational:25;commercial:18;transactional:13
Eletrodomésticos reembalados,15,100,25;94;100;37;31;42;21;22;22;22;22;22,task:3;informational:47;navigational:4;commercial:35;transactional:11
Torre Quente para Cozinha,29,11096,79;89;92;84;89;91;91;94;100;100;100;100,task:2;informational:51;navigational:5;commercial:33;transactional:9
Ventilação e Exaustão para Cozinha Industrial,26,2982,22;26;36;63;94;95;95;99;100;100;100;100,task:2;informational:73;navigational:5;commercial:17;transactional:3
Eletrohome Brasil,15,369,31;64;73;45;45;55;44;100;65;69;73;40,task:1;informational:40;navigational:35;commercial:20;transactional:4
Forno Elétrico 66 Litros,18,999,38;75;72;46;45;47;43;53;46;100;42;61,task:3;informational:34;navigational:14;commercial:28;transactional:21
Bistequeiras e Panelas,16,1186,100;97;91;91;76;78;81;82;82;70;70;71,task:10;informational:50;navigational:10;commercial:20;transactional:10
Cooktops 2 bocas Tramontina e marcas similares,16,302,24;65;100;55;61;47;38;81;51;43;39;53,task:3;informational:42;navigational:5;commercial:32;transactional:18
Peças Electrolux Peltier,18,1037,50;63;61;71;48;48;47;81;82;100;97;84,task:2;informational:50;navigational:9;commercial:28;transactional:11
Cozinha Wolff Brasil,16,205,34;50;56;69;69;63;51;51;51;100;94;45,task:7;informational:25;navigational:44;commercial:18;transactional:6
Fogões Esmaltec Jade,18,725,42;61;66;55;54;53;58;98;92;100;49;49,task:3;informational:33;navigational:25;commercial:24;transactional:15
Panela de pressão e utensílios de cozinha,18,4153,85;98;100;49;47;49;49;63;61;60;60;60,task:2;informational:46;navigational:4;commercial:42;transactional:6
Micro-ondas Elettromec,15,135,43;48;46;57;100;70;91;89;81;61;65;60,task:3;informational:32;navigational:35;commercial:12;transactional:18
Assadeiras de Carne para Forno,16,232,18;20;21;37;42;42;58;78;100;30;31;31,task:2;informational:54;navigational:4;commercial:31;transactional:9
Refrigeração e frigobares,16,69,9;53;62;49;39;31;100;72;61;21;21;20,task:7;informational:48;navigational:2;commercial:18;transactional:25
Aquecedores elétricos cerâmicos,24,1558,47;64;66;42;65;68;65;100;60;60;62;62,task:2;informational:49;navigational:1;commercial:37;transactional:11
Queimadores a gás,18,1550,26;29;30;29;36;38;37;92;92;92;99;100,task:5;informational:69;navigational:5;commercial:17;transactional:4
Josper: grelhadores e fornos,19,1765,24;25;25;31;31;31;31;100;100;100;100;100,task:2;informational:50;navigational:17;commercial:20;transactional:11
Fogões a Indução vs Gás: Consumo e Eficiência,84,21237,44;50;60;83;90;91;91;96;100;100;100;100,task:2;informational:76;navigational:5;commercial:15;transactional:2
Lojas de Eletroeletrônicos,20,3147,69;93;96;85;80;94;99;87;100;100;100;100,task:2;informational:40;navigational:32;commercial:19;transactional:7
Trempes para Churrasco e Fogão,23,4221,33;38;39;25;72;74;74;90;98;98;100;100,task:5;informational:64;navigational:2;commercial:19;transactional:10
Peças de Micro-ondas Electrolux,26,2714,28;34;37;49;99;100;100;69;67;67;68;68,task:4;informational:55;navigational:10;commercial:18;transactional:13
Queimadores industriais para fogões,15,272,45;48;48;81;65;61;68;100;26;34;33;32,task:4;informational:62;navigational:5;commercial:25;transactional:4
Churrasqueiras a lenha com fogão,28,17454,49;50;54;100;80;80;80;72;55;55;55;55,task:5;informational:51;navigational:5;commercial:27;transactional:12
Gabinetes de Cozinha e Ventiladores de Teto no Brasil,15,1415,46;70;71;68;54;58;59;65;94;100;94;88,task:3;informational:49;navigational:12;commercial:18;transactional:18
Cozinhas Compactas e Integradas,44,29983,100;98;100;92;90;90;90;94;93;93;93;93,task:5;informational:68;navigational:5;commercial:14;transactional:8
fogões Consul 6 bocas,19,925,67;78;80;45;43;47;52;100;69;73;49;52,task:2;informational:22;navigational:21;commercial:48;transactional:7
Cooktop de Indução — Instalação Elétrica e Conexões,19,1101,22;26;27;69;69;70;70;100;91;60;60;60,task:5;informational:78;navigational:5;commercial:5;transactional:7
Depuradores de ar para cozinha,195,171098,17;17;31;84;100;100;100;90;80;80;80;80,task:2;informational:51;navigational:7;commercial:32;transactional:8
Cooktops: medidas e instalação,16,582,36;99;100;62;83;66;63;47;62;74;72;71,task:8;informational:69;navigational:2;commercial:18;transactional:3
Tomadas elétricas,28,5344,23;32;33;37;75;77;77;95;100;100;100;100,informational:65;navigational:4;commercial:26;transactional:5
Chaleira Elétrica KitchenAid,15,223,57;63;66;66;58;60;84;100;92;82;71;77,task:7;informational:49;navigational:11;commercial:22;transactional:11
fogão a lenha Metavila e dupla combustão,17,141,38;41;100;83;81;55;37;36;37;37;37;37,task:10;informational:33;navigational:31;commercial:12;transactional:14
Fogão e Cia Restaurantes,15,395,32;45;45;45;84;100;78;50;52;60;60;70,task:10;informational:15;navigational:46;commercial:24;transactional:5
Cozinha Industrial,15,1989,74;100;100;95;92;99;100;92;99;93;99;97,task:14;informational:44;navigational:4;commercial:30;transactional:8
Bemol: promoções e eletrodomésticos,18,923,40;54;62;51;48;49;49;100;71;71;66;70,task:2;informational:40;navigational:30;commercial:14;transactional:14
Fogões Atlas Atenas,19,1174,19;53;60;48;38;47;30;76;48;54;93;100,task:4;informational:43;navigational:25;commercial:17;transactional:11
Fogões Atlas,27,7015,38;50;37;37;87;90;88;100;99;99;99;99,task:2;informational:44;navigational:21;commercial:24;transactional:9
Brastemp fogões 5 bocas,67,25861,92;89;92;93;91;91;91;100;99;99;99;99,task:5;informational:33;navigational:15;commercial:27;transactional:20
Batrol Móveis e Cozinha,16,525,48;66;80;64;63;94;71;100;67;67;67;68,task:3;informational:26;navigational:46;commercial:16;transactional:9
Eletro Light Brasil,15,395,34;48;51;49;48;48;47;100;73;97;95;98,task:7;informational:18;navigational:42;commercial:25;transactional:8
Forno Continental Embutido,39,3801,86;98;100;49;54;55;55;54;50;50;49;49,task:2;informational:54;navigational:15;commercial:20;transactional:9
Instalação de Cooktop,71,18213,26;31;40;73;83;84;84;97;100;100;100;100,task:12;informational:77;navigational:4;commercial:5;transactional:2
Cooktops de vidro e inox,16,432,100;55;57;51;100;79;85;89;91;55;69;82,task:5;informational:41;navigational:5;commercial:43;transactional:6
Mesas para forno,15,247,33;62;67;55;32;33;38;100;100;27;27;37,task:3;informational:52;navigational:5;commercial:25;transactional:15
Fogões Cooktop Fischer 2 bocas,18,541,42;54;57;100;100;58;57;51;52;67;63;68,task:2;informational:57;navigational:10;commercial:17;transactional:14
Fogão Cooktop 6 Bocas,18,4224,40;47;48;46;44;45;46;100;96;98;95;100,task:12;informational:36;navigational:2;commercial:25;transactional:25
cozinha com lava-louças embutida,16,1095,73;85;88;59;79;79;78;63;67;67;92;100,task:2;informational:66;navigational:10;commercial:14;transactional:8
Cooktops de Indução Philco,18,1633,11;30;33;29;28;34;31;73;67;100;92;81,task:2;informational:63;navigational:3;commercial:22;transactional:10
Lojas de eletrodomésticos e móveis no Brasil,15,1120,30;16;17;17;18;19;20;100;83;69;52;53,task:3;informational:44;navigational:34;commercial:13;transactional:6
Cozinha em L,15,5182,79;93;100;99;96;99;99;98;100;100;100;99,task:3;informational:68;navigational:4;commercial:20;transactional:5
Conchas de cozinha,16,437,53;70;72;66;65;70;58;100;97;76;75;72,task:7;informational:48;navigational:11;commercial:28;transactional:6
Fogões Fischer de Embutir 4–5 Bocas,16,704,22;25;26;36;35;24;54;100;83;97;86;62,task:2;informational:59;navigational:5;commercial:15;transactional:19
Refrigeração e Alimentos,16,534,31;40;41;39;41;46;46;100;85;48;48;54,task:3;informational:45;navigational:10;commercial:34;transactional:8
Projetos de Cozinha,26,3771,59;73;88;100;96;99;100;81;91;91;91;91,task:5;informational:55;navigational:4;commercial:27;transactional:9
Atacado do Lar e Utensílios,15,1573,79;94;95;94;91;95;95;100;100;100;97;98,task:1;informational:44;navigational:34;commercial:17;transactional:4
panela elétrica Britânia Cook Chef,17,80,10;15;20;15;35;40;28;100;89;15;13;12,task:10;informational:18;navigational:18;commercial:36;transactional:18
Forno Brastemp Embutido 67L,16,1184,45;56;58;53;62;55;53;84;72;79;95;100,informational:51;navigational:9;commercial:28;transactional:12
Panelas T-Fal,18,441,87;97;100;94;94;96;94;93;78;71;68;77,task:5;informational:58;navigational:10;commercial:21;transactional:6
Melhores Lava-Louças,31,7659,29;38;42;65;93;86;85;96;100;100;100;100,informational:42;commercial:56;transactional:2
Fogões Fischer 4 Bocas,18,892,74;94;100;91;83;84;84;75;86;89;82;83,task:3;informational:29;navigational:5;commercial:30;transactional:33
Nichos de cozinha para micro-ondas e forno,20,870,86;100;100;54;53;48;48;80;70;89;87;86,task:8;informational:58;navigational:5;commercial:19;transactional:10
Refratários e Materiais Refratatórios,21,3114,85;49;48;43;77;84;80;77;85;86;100;96,task:8;informational:57;navigational:5;commercial:22;transactional:8
Fogões de vidro brancos,16,146,17;53;64;36;31;19;19;92;100;50;46;22,task:3;informational:58;navigational:4;commercial:29;transactional:6
Panelas Ceraflame em Cerâmica,23,7308,64;77;83;81;89;91;92;97;100;100;100;99,task:5;informational:23;navigational:27;commercial:29;transactional:16
Panelas com Cabo Removível,18,1169,71;98;97;89;93;99;99;96;100;99;100;100,task:7;informational:48;navigational:5;commercial:30;transactional:10
Eletrodomésticos Mabe no Brasil,17,1418,34;42;42;55;75;72;75;56;65;72;87;100,task:5;informational:58;navigational:15;commercial:12;transactional:10
Fornos Industriais para Padarias,64,17688,91;42;49;64;82;83;83;100;96;96;96;96,task:2;informational:50;navigational:2;commercial:30;transactional:16
Cozinha MGM Eloise,15,1456,3;18;21;12;12;24;73;35;33;100;90;87,task:7;informational:60;navigational:15;commercial:15;transactional:3
Chopeiras e Máquinas de Chopp,17,1336,44;48;52;50;45;45;54;54;59;67;100;100,task:8;informational:49;navigational:4;commercial:23;transactional:16
Passa-Pratos de Cozinha,18,1714,68;90;92;95;92;95;100;89;94;94;96;95,task:2;informational:78;navigational:2;commercial:14;transactional:4
Fogão a lenha com churrasqueira e forno,18,1090,53;59;52;62;65;63;61;100;75;75;75;74,task:2;informational:66;navigational:5;commercial:18;transactional:9
Kits de Cozinha,17,1732,71;98;100;97;83;88;90;75;78;78;74;73,task:10;informational:48;navigational:5;commercial:26;transactional:11
Fogões Continental 5 Bocas,22,4050,70;92;97;97;92;94;93;100;97;93;97;95,task:7;informational:29;navigational:3;commercial:38;transactional:23
Cozinha Retrô e Vintage,16,1528,71;98;100;94;87;92;87;82;91;91;83;82,task:13;informational:46;navigational:5;commercial:25;transactional:11
Forno elétrico 36 litros: Philco e Britânia,19,1529,37;49;50;47;45;45;44;97;45;47;100;90,task:10;informational:40;navigational:4;commercial:37;transactional:9
Válvulas de fogão a gás,23,1275,42;49;34;43;99;100;100;83;91;86;86;92,task:2;informational:76;navigational:5;commercial:14;transactional:3
Forno elétrico de embutir Carrefour,17,2082,53;78;77;41;80;80;79;42;44;43;97;100,task:1;informational:19;navigational:48;commercial:7;transactional:25
Fogões a gás em Lojas Cem,16,4396,37;41;44;41;85;85;87;97;89;100;98;99,task:3;informational:53;navigational:27;commercial:14;transactional:3
Revestimentos para Fogão a Lenha,18,821,67;75;87;88;100;95;95;84;85;85;85;85,task:4;informational:70;navigational:2;commercial:18;transactional:6
Forno Elétrico 17 Litros Philco,17,637,8;49;53;44;41;42;33;98;100;61;54;54,task:10;informational:29;navigational:5;commercial:30;transactional:26
Lareiras de Canto,17,2178,71;89;89;84;81;92;94;100;97;97;98;97,task:5;informational:57;navigational:5;commercial:21;transactional:12
Forno Elétrico 80 Litros,18,1470,83;96;96;95;92;95;95;100;48;48;49;49,task:5;informational:30;navigational:6;commercial:42;transactional:17
lava-louças 16 serviços,18,1621,33;39;44;40;74;74;77;89;77;72;68;100,task:2;informational:48;navigational:6;commercial:34;transactional:10
Cozinha e Armários Topázio,16,1558,7;28;35;27;20;17;12;51;53;60;100;97,task:3;informational:35;navigational:41;commercial:17;transactional:4
Panelas Fissler,17,658,50;55;57;57;55;64;63;95;100;72;67;66,task:4;informational:50;navigational:9;commercial:29;transactional:8
Fritadeiras Lenoxx,15,134,79;95;99;87;77;100;95;85;83;78;81;79,task:7;informational:28;navigational:34;commercial:22;transactional:9
Micro-ondas em aço inox,20,1015,100;86;88;91;53;54;54;49;67;67;70;72,task:8;informational:51;navigational:4;commercial:26;transactional:11
Eletrodomésticos Viking no Brasil,29,8257,31;41;42;49;51;53;53;99;100;100;100;100,task:2;informational:49;navigational:17;commercial:16;transactional:16
Tampas para fogão e forno a lenha,17,745,24;44;46;30;28;30;36;72;82;100;91;95,task:10;informational:30;navigational:1;commercial:46;transactional:13
Embalagens e Marmitas Descartáveis,37,10623,49;55;61;72;99;100;100;92;86;86;86;86,task:4;informational:50;navigational:4;commercial:35;transactional:7
Vedação e borracha para fogão e cooktop,18,537,34;50;52;49;95;100;67;89;89;100;91;92,task:10;informational:57;navigational:1;commercial:28;transactional:4
Aparadores de Mesa e Cozinha,17,1253,63;69;71;73;80;69;68;71;69;100;92;87,task:7;informational:52;navigational:5;commercial:23;transactional:13
Pias e Cubas Gourmet Multifuncionais,15,1755,71;98;100;96;88;94;96;96;96;96;93;92,task:3;informational:29;navigational:38;commercial:17;transactional:13
Exaustores de Ilha de Cozinha,16,444,25;35;39;27;33;40;49;100;78;57;51;43,task:5;informational:48;navigational:4;commercial:32;transactional:11
Fogões Esmaltec 6 Bocas,17,1757,27;44;48;40;39;34;34;74;90;100;71;83,task:7;informational:44;navigational:6;commercial:28;transactional:15
Marcas de encanamento e melhoria do lar,16,1078,24;25;25;25;86;82;62;78;75;92;100;92,task:2;informational:66;navigational:4;commercial:22;transactional:6
Cozinha de Brinquedo para Crianças,15,565,81;95;99;66;81;84;68;66;92;92;92;100,task:5;informational:39;navigational:4;commercial:35;transactional:17
Botões de fogão Continental,17,1017,4;15;18;12;12;48;33;90;89;100;91;92,task:7;informational:52;navigational:5;commercial:16;transactional:20
Móveis de Cozinha Itatiaia,15,723,62;94;100;91;64;84;73;57;59;59;60;59,task:3;informational:31;navigational:38;commercial:21;transactional:7
Panelas Cocotte e Utensílios Le Creuset,19,1334,40;42;30;53;99;100;99;84;72;73;72;72,informational:62;navigational:15;commercial:20;transactional:3
Deli & Co Panelas e Utensílios,15,273,68;95;94;92;92;98;100;100;97;98;96;95,task:2;informational:21;navigational:63;commercial:8;transactional:6
Panelas de inox e aço,16,354,20;21;25;25;33;36;49;58;82;100;89;87,task:10;informational:50;navigational:2;commercial:29;transactional:9
Torradeiras Electrolux,20,1755,49;71;73;70;73;78;80;97;95;100;83;82,task:3;informational:44;navigational:18;commercial:19;transactional:16
Torneiras Gourmet de Cozinha,17,2881,12;23;23;12;18;20;12;20;20;100;93;96,task:6;informational:45;navigational:7;commercial:32;transactional:10
Panelas Elétricas Elgin,23,930,82;96;98;75;76;83;83;100;93;93;92;92,task:2;informational:54;navigational:16;commercial:12;transactional:16
Chaleiras para fogão de indução,18,591,51;72;73;69;65;66;66;100;75;76;69;69,task:5;informational:45;navigational:2;commercial:40;transactional:8
Fogões Mueller Piacere,17,1552,27;46;53;44;43;35;35;100;42;45;74;80,task:7;informational:37;navigational:25;commercial:18;transactional:13
Nichos de Cozinha e Decoração,21,3863,71;92;97;97;98;100;100;92;94;94;96;95,task:5;informational:71;navigational:5;commercial:15;transactional:4
Fogões cinza a gás (4 ou 5 bocas),16,391,29;45;46;49;49;50;41;100;89;45;45;46,task:7;informational:28;navigational:7;commercial:47;transactional:11
Fogao Cooktop Vermelho 4 e 5 Bocas,16,596,21;42;51;39;25;32;35;46;77;100;34;44,task:17;informational:35;navigational:1;commercial:41;transactional:6
Fogões no Armazém Paraíba,16,285,36;48;51;48;45;42;42;100;86;73;50;56,informational:44;navigational:49;commercial:6;transactional:1
Fogões Industriais no Mercado Livre,16,152,54;62;63;53;82;100;85;44;40;40;41;40,informational:20;navigational:43;commercial:12;transactional:25
Frigideiras em restaurantes,15,889,55;75;76;74;83;86;85;100;100;95;94;94,task:4;informational:54;navigational:4;commercial:21;transactional:17
Lava-louças Electrolux 14 serviços,15,805,32;37;39;39;56;57;58;67;69;92;98;100,task:7;informational:43;navigational:4;commercial:26;transactional:20
Forno elétrico de embutir Consul,49,6259,81;93;100;99;86;88;88;87;89;88;88;87,task:1;informational:34;navigational:40;commercial:13;transactional:12
Frigideiras Quadradas,15,512,36;50;50;49;52;55;49;100;89;66;62;68,task:7;informational:48;navigational:4;commercial:30;transactional:11
Fornos Brastemp Embutidos,67,18924,98;99;100;44;46;47;47;44;44;44;44;44,task:2;informational:41;navigational:34;commercial:12;transactional:11
Forno elétrico vermelho 15L,15,896,15;33;34;28;28;44;40;99;100;77;71;75,task:7;informational:29;navigational:18;commercial:30;transactional:16
Omeleteiras Elétricas,18,5392,91;100;50;48;45;46;46;48;54;54;53;53,task:5;informational:40;navigational:4;commercial:30;transactional:21
Máquinas para o lar,17,1867,15;36;38;32;50;42;45;58;81;94;90;100,task:4;informational:54;navigational:2;commercial:29;transactional:11
Desentupimento de Fogão e Forno,36,7731,27;32;23;73;82;82;83;95;99;99;100;100,task:18;informational:46;navigational:5;commercial:13;transactional:18
Marmitas de inox duráveis,17,1284,72;39;40;47;81;82;100;72;76;75;100;96,task:5;informational:42;navigational:4;commercial:35;transactional:14
Eletrodomésticos e lojas online no Brasil,18,1094,17;46;50;44;46;42;42;71;87;100;84;85,informational:54;navigational:18;commercial:12;transactional:16
Cozinha Planejada com Forno Embutido,16,578,58;72;100;67;67;55;69;72;83;86;79;82,task:5;informational:78;navigational:5;commercial:10;transactional:2
Cooktops Brastemp 5 bocas com timer digital,21,769,62;100;77;53;51;69;55;90;93;90;66;68,task:3;informational:55;navigational:4;commercial:32;transactional:6
Equipamentos e Máquinas,17,9735,27;32;100;82;82;83;83;83;84;83;84;83,task:2;informational:68;navigational:5;commercial:19;transactional:6
Panelas wok,26,15162,15;19;21;49;100;100;100;80;77;77;76;76,task:7;informational:56;navigational:5;commercial:23;transactional:9
Pan e Spa,15,5310,56;73;92;92;93;95;95;99;100;100;100;99,task:7;informational:18;navigational:60;commercial:10;transactional:5
Materiais Elétricos Ferreira,15,102,21;22;24;30;54;59;36;100;79;24;24;26,informational:27;navigational:43;commercial:21;transactional:9
Panelas Brancas e Jogos de Panela,16,544,80;100;96;91;74;89;88;82;83;84;83;83,task:13;informational:33;navigational:4;commercial:36;transactional:14
Iluminação de Cozinha com LEDs,31,9251,34;43;45;50;100;100;100;97;99;99;99;99,task:2;informational:64;navigational:5;commercial:18;transactional:11
Ricardo Eletro e lojas de eletrodomésticos,52,18242,90;96;98;100;94;95;95;91;96;96;96;95,task:2;informational:51;navigational:29;commercial:12;transactional:6
Brastemp Gourmand Fogões,22,4836,85;98;100;96;95;98;99;82;72;72;74;74,informational:44;navigational:20;commercial:22;transactional:14
Cozinhas e Móveis Madesa,24,24693,82;85;90;90;91;91;91;99;100;100;100;100,task:3;informational:22;navigational:48;commercial:15;transactional:12
Fogões industriais 4 bocas Venâncio,17,496,75;97;98;88;67;71;72;100;75;76;67;64,task:13;informational:44;navigational:8;commercial:24;transactional:11
Churrasqueiras elétricas Cotherm e Giulietta,18,874,51;80;100;80;56;60;60;99;68;68;68;72,task:3;informational:51;navigational:6;commercial:25;transactional:15
forno elétrico 42L Philco,17,1530,54;66;67;70;43;43;47;66;89;100;66;77,task:2;informational:14;navigational:23;commercial:54;transactional:7
Fogões Industriais 2 Bocas Venâncio,17,90,20;84;94;61;29;39;31;80;100;18;18;18,task:3;informational:34;navigational:4;commercial:48;transactional:11
Coifa de cozinha Crissair,15,94,47;49;57;64;82;100;75;59;54;63;73;64,task:3;informational:32;navigational:39;commercial:8;transactional:18
Fornos Promaq Brasil,16,148,56;61;66;67;100;76;77;78;79;79;79;79,task:3;informational:37;navigational:48;commercial:8;transactional:4
Cozinhas modernas e planejadas,18,3423,74;96;100;98;90;91;92;93;95;94;97;96,task:10;informational:54;navigational:5;commercial:24;transactional:7
Lareiras e Fogões a Lenha,29,4241,32;36;24;56;85;86;86;100;100;100;100;100,task:2;informational:65;navigational:11;commercial:15;transactional:7
Fritadeiras elétricas de 3 litros,26,1280,83;96;100;98;62;64;65;70;71;72;73;73,task:5;informational:42;navigational:3;commercial:41;transactional:9
Suportes para Fogões,19,993,50;65;63;67;99;99;100;85;96;100;78;78,task:5;informational:41;navigational:14;commercial:30;transactional:10
Fornos a Lenha Embutidos,15,243,48;55;59;63;62;59;64;59;61;100;94;97,task:3;informational:48;navigational:11;commercial:31;transactional:7
Brinox Indução: Panelas e Acessórios para Fogão,15,281,4;4;5;5;5;5;39;100;65;28;21;29,task:3;informational:45;navigational:11;commercial:24;transactional:17
Móveis de Cozinha com Pia,60,97517,95;92;94;97;85;85;85;100;88;88;88;88,task:3;informational:50;navigational:4;commercial:28;transactional:15
Aquecedores Delonghi,17,415,27;89;100;65;65;67;75;79;69;75;78;75,task:7;informational:40;navigational:17;commercial:32;transactional:4
Móveis de cozinha e organização,15,117,6;75;100;64;32;30;14;18;20;31;22;28,task:7;informational:58;navigational:4;commercial:18;transactional:13
Torneiras Inox para Cozinha,18,2087,66;93;96;93;86;93;97;92;100;100;100;99,task:7;informational:31;navigational:1;commercial:48;transactional:13
Louças e Sanitários Brasil,19,1072,24;27;28;39;100;100;95;67;64;39;39;58,task:1;informational:23;navigational:29;commercial:39;transactional:8
Manutenção de Fogões Industriais,15,170,95;97;100;97;86;87;87;88;88;88;88;88,task:7;informational:55;navigational:2;commercial:23;transactional:13
Damasco - Materiais Elétricos e Hidráulicos,15,545,29;33;34;34;34;36;36;68;63;100;95;99,task:3;informational:18;navigational:56;commercial:18;transactional:5
Coifas Cadence e Gourmet,16,793,39;46;57;52;50;39;38;37;65;74;91;100,task:5;informational:27;navigational:32;commercial:13;transactional:23
Frigideiras antiaderentes,77,37473,19;20;22;89;100;100;100;44;41;41;41;41,task:1;informational:47;navigational:3;commercial:37;transactional:12
"Omega: estufas, vitrines e eletrodomésticos",15,41,89;85;98;96;89;91;91;91;91;98;100;94,task:3;informational:60;navigational:10;commercial:17;transactional:10
Woks e frigideiras cerâmicas para indução,16,271,43;93;100;53;42;42;39;44;43;78;79;80,task:1;informational:46;navigational:4;commercial:43;transactional:6
Fogões a Lenha Venâncio,18,379,89;94;92;72;70;67;66;97;45;100;47;47,task:2;informational:30;navigational:32;commercial:29;transactional:7
Fogões Venax 2 Bocas com Forno,18,729,93;100;98;93;89;98;94;55;46;50;36;38,task:5;informational:54;navigational:3;commercial:16;transactional:22
Fogões Mueller 5 Bocas,35,6561,73;86;92;95;94;96;97;94;100;100;100;98,task:2;informational:48;navigational:21;commercial:17;transactional:12
Panelas Bialetti,15,142,43;72;76;66;66;59;100;58;53;41;41;41,task:3;informational:56;navigational:12;commercial:18;transactional:11
Cooktops embutidos de 4 e 5 bocas,15,127,38;69;85;57;100;61;63;83;67;63;93;73,task:3;informational:49;navigational:1;commercial:36;transactional:11
Lampiões a gás e acessórios,20,4703,38;49;51;48;48;52;52;98;100;100;100;100,task:5;informational:44;navigational:4;commercial:28;transactional:19
cafeteiras italianas para fogão e indução,20,659,87;99;100;96;93;87;87;59;70;78;73;75,task:3;informational:49;navigational:4;commercial:32;transactional:12
Forno Pietro e fornos de esteira,15,195,83;92;100;94;89;92;92;90;90;90;90;93,informational:53;navigational:20;commercial:11;transactional:16
Panelas Jomafe,19,1693,83;99;100;55;55;57;57;69;64;64;62;62,task:2;informational:36;navigational:35;commercial:18;transactional:9
Panelas de vidro para cozinha,48,52944,20;21;22;76;52;52;52;100;100;99;99;99,task:5;informational:52;navigational:3;commercial:34;transactional:6
Geladeiras e Freezers Elettromec,15,599,59;74;87;85;85;81;88;100;100;100;83;82,task:5;informational:34;navigational:35;commercial:8;transactional:18
Forno autolimpante,30,5291,20;27;31;62;97;98;98;100;97;100;91;91,task:5;informational:65;navigational:2;commercial:20;transactional:8
Forno Samsung e Air Fryer,18,1585,5;49;55;35;38;20;24;65;42;100;74;77,task:6;informational:50;navigational:15;commercial:23;transactional:6
Fornos Unox no Brasil,15,227,82;92;90;88;88;91;92;98;100;100;100;100,task:3;informational:24;navigational:50;commercial:15;transactional:8
Fogões a Lenha Maestro,22,2980,83;96;76;73;91;95;95;100;100;99;98;97,task:2;informational:34;navigational:24;commercial:29;transactional:11
caf e moedores de carne,17,626,54;78;80;77;75;81;83;78;93;100;84;82,task:3;informational:38;navigational:18;commercial:26;transactional:15
Miele Eletrodomésticos Brasil,17,1311,21;26;27;27;99;100;98;30;30;30;30;30,informational:46;navigational:41;commercial:9;transactional:4
Móveis Bertolini e Cozinha,16,118,16;70;91;30;30;29;25;100;99;16;16;16,informational:41;navigational:40;commercial:17;transactional:2
DecorLux Decoração e Eletro,15,561,33;73;87;57;51;62;64;57;44;100;96;100,task:3;informational:40;navigational:35;commercial:9;transactional:13
Assadeiras e formas de alumínio,24,6196,48;55;56;32;97;100;100;66;65;65;65;65,task:2;informational:62;navigational:4;commercial:27;transactional:5
Placas Refratárias para Forno e Churrasqueira,23,3215,22;26;26;39;55;56;56;92;99;100;95;94,task:2;informational:44;navigational:4;commercial:33;transactional:17
Balcões e Bancadas para Forno e Micro-ondas,17,1142,73;100;100;88;78;76;84;88;85;87;75;74,task:3;informational:37;navigational:24;commercial:28;transactional:8
Cubas e Pias Industriais em Inox,15,191,20;24;25;24;24;25;24;81;100;26;27;27,task:7;informational:48;navigational:8;commercial:27;transactional:10
Buscapé e Eletrodomésticos,21,2585,100;59;63;66;62;64;65;55;62;62;67;69,task:2;informational:23;navigational:55;commercial:4;transactional:16
Micro-ondas Electrolux 36L,31,4535,86;97;100;53;54;55;55;54;54;64;61;59,task:2;informational:41;navigational:15;commercial:21;transactional:21
Exaustores e depuradores Philco,17,775,43;56;58;56;54;56;59;98;96;100;55;54,task:3;informational:39;navigational:27;commercial:8;transactional:23
Crepeiras Elétricas,17,1255,54;69;70;69;57;60;62;58;59;81;100;100,task:7;informational:36;navigational:4;commercial:30;transactional:23
Estufas para Eletrodos de Soldagem,15,220,67;82;100;88;88;74;75;75;76;73;85;85,task:7;informational:53;navigational:4;commercial:32;transactional:4
Forno de Embutir a Gás/Elétrico 70L,19,356,28;43;46;36;46;42;53;100;71;96;83;63,task:10;informational:37;navigational:7;commercial:41;transactional:5
Panelas Ballarini,17,288,44;84;100;51;50;61;61;65;57;87;84;90,task:7;informational:40;navigational:19;commercial:27;transactional:7
Pias de cozinha modernas,15,410,39;70;98;54;80;86;68;66;71;100;89;93,task:7;informational:39;navigational:1;commercial:42;transactional:11
Chapas a gás para cozinha profissional,22,1045,92;99;100;99;95;98;98;59;61;62;56;55,task:5;informational:48;navigational:4;commercial:33;transactional:10
Nichos e prateleiras para air fryer,15,190,22;78;100;75;75;69;23;76;80;77;60;69,task:17;informational:61;navigational:3;commercial:14;transactional:5
Panelas Le Creuset,44,24887,97;100;48;52;55;55;55;66;68;68;68;68,task:2;informational:29;navigational:21;commercial:27;transactional:21
Suggar: Eletrodomésticos e Assistência,20,6120,68;81;87;92;92;94;94;97;100;100;100;99,task:5;informational:28;navigational:31;commercial:10;transactional:26
Fogões Dako 4 e 5 bocas,58,24625,90;94;99;99;100;100;100;97;97;97;97;97,task:2;informational:44;navigational:14;commercial:20;transactional:20
Forno a gás embutido 78L,17,761,45;53;53;51;55;56;41;72;90;100;41;55,task:4;informational:49;navigational:11;commercial:28;transactional:8
Esmerilhadeiras e ferramentas elétricas,15,44,4;22;25;20;20;22;8;88;100;7;8;8,task:7;informational:70;navigational:5;commercial:11;transactional:7
Panelas de Alumínio Polido,19,2452,46;55;55;54;100;100;100;88;96;95;96;96,task:5;informational:48;navigational:4;commercial:34;transactional:9
fogão a lenha Petrycoski,19,1349,48;61;61;56;48;54;52;99;93;99;97;100,task:2;informational:38;navigational:29;commercial:27;transactional:4
Utilidades domésticas no Brasil,15,3122,75;85;86;83;94;98;98;100;100;100;100;100,task:2;informational:53;navigational:18;commercial:7;transactional:20
Carrinhos e ilhas de cozinha com rodas,16,1122,58;83;84;80;75;80;81;100;80;81;82;86,task:10;informational:31;navigational:4;commercial:37;transactional:18
Forros de Cozinha e Teto,19,266,54;46;49;83;99;100;99;90;56;61;33;32,task:2;informational:73;navigational:5;commercial:12;transactional:8
Misturadores e processadores de alimentos,85,43776,31;33;33;100;48;48;48;46;46;46;46;46,task:5;informational:39;navigational:1;commercial:39;transactional:16
Fogões Cooktop Mueller 4 Bocas,18,1415,46;100;100;90;67;71;71;76;71;71;72;72,task:7;informational:44;navigational:4;commercial:28;transactional:17
portas de micro-ondas,16,643,65;85;87;89;77;98;100;77;78;81;81;80,task:10;informational:53;navigational:6;commercial:16;transactional:15
Noda Cozinha,16,1248,28;99;100;100;19;20;19;79;78;78;78;78,task:2;informational:15;navigational:60;commercial:14;transactional:9
Tronos: TVs e eletrodomésticos,22,6508,60;75;76;25;92;91;91;99;99;100;100;100,task:2;informational:58;navigational:30;commercial:8;transactional:2
Fogões Itatiaia 4 a 6 bocas,21,1346,37;58;66;57;54;46;51;100;62;68;66;87,task:7;informational:42;navigational:11;commercial:34;transactional:6
Lava-Louças e Máquinas de Lavar Louça (10 serviços),36,9666,50;53;25;100;28;29;29;27;27;27;27;27,task:5;informational:51;navigational:5;commercial:31;transactional:8
Forno Elétrico no Mercado Livre,15,1234,69;99;100;95;94;98;99;80;77;77;81;82,informational:24;navigational:51;commercial:6;transactional:19
Cutelos e Facas de Cozinha,40,42313,25;21;22;87;94;94;94;100;100;100;100;100,task:2;informational:69;navigational:5;commercial:15;transactional:9
Forno Elétrico 60 Litros,48,10287,75;83;90;87;94;96;96;100;94;94;94;94,task:2;informational:43;navigational:8;commercial:28;transactional:19
Micro-ondas LG,32,5315,86;97;100;52;59;60;61;56;62;62;62;61,task:2;informational:48;navigational:18;commercial:20;transactional:12
Panelas e descansos de madeira,15,838,19;26;30;27;26;39;32;66;66;100;94;91,task:3;informational:59;navigational:5;commercial:23;transactional:10
Marmitas Plasutil no Brasil,17,349,9;61;62;31;31;29;19;100;83;62;55;59,task:10;informational:49;navigational:18;commercial:12;transactional:11
Cozinha na Caixa,15,746,88;74;66;61;51;45;54;87;79;100;94;72,task:2;informational:54;navigational:31;commercial:9;transactional:4
Panelas e caldeirões de 50 litros,15,85,19;85;100;64;45;55;77;21;21;29;29;29,task:10;informational:26;navigational:4;commercial:38;transactional:22
Fogões Brastemp 4 Bocas com Grill,23,2233,84;100;100;58;79;81;83;69;72;76;63;63,task:5;informational:50;navigational:15;commercial:19;transactional:11
Fogões 5 Bocas com Mesa de Vidro,116,77404,73;74;76;83;97;97;97;99;100;100;100;100,task:5;informational:34;navigational:4;commercial:42;transactional:15
Forno Elétrico Britânia 50 L,18,1878,69;79;79;76;69;71;71;60;92;92;96;100,informational:44;navigational:26;commercial:18;transactional:12
Resistências para Fogões Elétricos,20,944,30;32;32;62;86;85;84;100;58;59;59;59,task:5;informational:66;navigational:5;commercial:20;transactional:4
Lixeiras e Lixo Doméstico,23,3864,69;93;99;99;95;97;99;97;100;100;100;99,task:3;informational:68;navigational:5;commercial:20;transactional:4
Cooktops Midea 4 e 5 bocas,17,543,46;68;78;67;65;69;75;95;84;100;58;60,task:3;informational:46;navigational:9;commercial:20;transactional:22
Utensílios de cozinha Tramontina,20,2157,36;51;50;46;45;50;50;52;88;100;92;91,task:5;informational:45;navigational:29;commercial:9;transactional:12
Fornos embutidos elétricos 20–46 L,19,561,70;99;100;50;62;65;72;47;56;63;51;58,task:5;informational:59;navigational:4;commercial:28;transactional:4
Fogões GE 4 a 6 bocas,21,825,49;62;64;67;65;67;65;100;79;80;76;77,task:1;informational:47;navigational:5;commercial:37;transactional:10
Air Fryer e Forno,59,31544,18;21;23;86;57;57;57;100;78;78;78;78,task:5;informational:55;navigational:4;commercial:24;transactional:12
Fogão Mueller 4 Bocas,22,2593,72;98;100;90;83;88;90;85;93;94;94;93,task:3;informational:35;navigational:25;commercial:20;transactional:17
Fritadeiras Venancio,17,277,24;100;95;78;46;50;36;26;58;59;31;30,task:3;informational:47;navigational:11;commercial:29;transactional:10
Chapas de Ferro para Fogões,26,14273,51;55;56;27;42;42;43;100;96;96;95;95,task:8;informational:32;navigational:9;commercial:35;transactional:16
Móveis para casa e cozinha,21,2306,67;98;100;94;85;91;92;86;88;87;94;96,task:4;informational:50;navigational:7;commercial:19;transactional:20
Fogões Dako 6 Bocas,16,394,59;87;86;81;90;100;93;72;74;80;74;77,task:10;informational:36;navigational:6;commercial:27;transactional:21
Falmec Brasil: Coifas e Fornos,16,439,95;100;97;97;55;57;57;65;69;70;79;81,informational:44;navigational:37;commercial:17;transactional:2
Fornos Cubilô,18,367,33;38;41;37;37;36;36;100;100;100;100;100,task:2;informational:70;navigational:15;commercial:10;transactional:3
Frigobar Electrolux e Similares,19,6062,88;96;99;99;98;99;99;100;50;50;49;49,task:8;informational:39;navigational:2;commercial:22;transactional:29
Utilidades para o Lar,19,3321,89;81;85;85;32;35;35;100;91;91;92;92,task:2;informational:37;navigational:30;commercial:27;transactional:4
Churrasqueiras Elétricas Philco,15,958,76;98;100;98;94;100;100;97;92;93;89;89,task:3;informational:32;navigational:35;commercial:12;transactional:18
Panelas Mauviel e similares,16,514,100;72;73;82;70;75;67;78;79;69;68;72,task:3;informational:45;navigational:14;commercial:34;transactional:4
Panelas de Cerâmica para Indução,18,291,93;100;99;55;49;50;53;49;49;50;47;49,task:2;informational:68;navigational:2;commercial:22;transactional:6
Panelas de Alumínio,41,26576,30;32;34;38;88;89;89;100;100;100;100;100,task:2;informational:57;navigational:5;commercial:26;transactional:10
Comércio de Eletrodomésticos LTDA no Brasil,18,3708,68;84;84;80;74;76;73;83;80;84;100;97,task:2;informational:75;navigational:10;commercial:10;transactional:3
Micro-ondas Industriais,17,558,57;98;100;95;69;89;91;82;83;84;90;92,task:10;informational:48;navigational:4;commercial:29;transactional:9
Forno de Embutir 50L,41,5876,92;98;100;44;43;44;44;43;44;44;44;43,task:2;informational:52;navigational:4;commercial:29;transactional:13
Micro-ondas Britânia,19,676,64;74;100;87;71;72;71;55;54;58;52;53,informational:53;navigational:24;commercial:16;transactional:7
Cozinhas Poliman,16,1225,60;98;100;87;72;76;71;68;69;69;89;93,task:3;informational:31;navigational:39;commercial:18;transactional:9
João Luiz Gomes - Aquecedores,15,103,15;43;48;16;17;69;48;100;96;17;18;18,task:3;informational:25;navigational:46;commercial:11;transactional:15
Churrasqueiras a gás e híbridas,18,211,100;42;45;78;76;77;85;77;78;73;74;79,task:8;informational:32;commercial:55;transactional:5
Móveis Carraro e Cozinhas,15,847,59;70;71;68;73;78;79;93;100;100;89;88,task:3;informational:26;navigational:52;commercial:6;transactional:13
Cooktop Safanelli,16,736,24;66;73;39;45;38;25;100;86;44;42;47,task:2;informational:17;navigational:47;commercial:9;transactional:25
Cozinha Modulada,17,437,44;95;100;79;56;58;58;49;50;50;60;60,task:3;informational:50;navigational:4;commercial:32;transactional:11
Panelas e Árvores de Natal nas Lojas Americanas,16,1353,65;100;100;93;89;95;95;89;89;90;91;93,task:3;informational:42;navigational:29;commercial:8;transactional:18
Aquecedores de Água,17,1776,24;33;40;29;34;33;31;52;79;100;97;92,task:2;informational:55;navigational:4;commercial:30;transactional:9
Tomadas e Interruptores,25,2862,83;99;100;99;68;71;72;79;57;55;58;57,task:2;informational:64;navigational:4;commercial:18;transactional:12
Bosch lava-louças,18,354,60;95;94;92;92;96;75;100;95;87;85;97,task:1;informational:49;navigational:10;commercial:34;transactional:6
Potes Herméticos Electrolux,33,8949,95;100;54;52;52;53;54;54;53;53;53;53,task:2;informational:41;navigational:13;commercial:21;transactional:23
Placas e azulejos decorativos para cozinha,16,878,45;65;66;64;53;57;52;49;96;96;100;95,task:10;informational:47;navigational:4;commercial:30;transactional:9
Bebedouros e Purificadores Electrolux,24,2935,70;94;98;95;92;99;99;93;96;95;100;99,task:3;informational:40;navigational:19;commercial:20;transactional:18
Cooktops Electrolux de 5 bocas,92,36001,27;30;32;44;96;96;97;96;100;100;100;100,task:6;informational:29;navigational:7;commercial:46;transactional:12
Air fryers: Bella Cucina Britânia,25,4563,22;28;27;36;95;96;96;97;100;100;100;100,task:2;informational:46;navigational:16;commercial:16;transactional:20
Bandeirantes Eletrocalhas,15,70,29;75;100;50;33;33;33;34;34;34;34;34,task:3;informational:35;navigational:44;commercial:10;transactional:8
fornos wictory,19,824,88;98;100;99;94;96;97;61;68;69;63;62,task:2;informational:39;navigational:36;commercial:14;transactional:9
Peças para panela de pressão,23,1475,39;18;38;39;50;49;47;79;93;100;98;100,task:5;informational:34;navigational:8;commercial:44;transactional:9
Tomadas e Interruptores Elétricos,20,3421,43;55;55;54;84;86;85;100;94;94;94;94,task:2;informational:56;navigational:7;commercial:26;transactional:9
Fogões Atlas de 6 bocas,17,609,58;81;100;80;90;90;95;79;80;81;78;81,task:3;informational:26;navigational:11;commercial:42;transactional:18
Máquinas de Lavar e Secar,324,230136,37;37;41;53;97;97;97;100;97;97;97;97,task:8;informational:37;navigational:5;commercial:38;transactional:12
Fornos de tratamento térmico,17,302,43;60;62;65;54;54;54;100;100;100;100;100,task:2;informational:75;navigational:5;commercial:10;transactional:8
Gaveteiros e balcões de cozinha,15,3170,72;96;100;96;88;93;94;90;96;95;95;94,task:3;informational:48;navigational:11;commercial:25;transactional:13
Panelas Staub ePanelas Francesas,23,4337,68;84;47;49;54;57;58;98;100;100;99;99,task:2;informational:39;navigational:12;commercial:38;transactional:9
Fogão Atlas com Cooktop 5 Bocas,16,469,18;41;55;34;34;28;42;100;69;36;33;37,informational:35;navigational:17;commercial:37;transactional:11
Processadores de Legumes Elétricos,17,1049,57;72;74;88;100;100;96;64;70;74;69;70,task:5;informational:54;navigational:2;commercial:26;transactional:13
Acessórios para Cozinhas Planejadas,15,323,9;13;19;18;40;25;36;52;58;100;96;91,task:3;informational:46;navigational:5;commercial:36;transactional:10
Prateleiras e suportes para micro-ondas,15,1662,64;93;96;92;74;80;82;88;93;100;88;87,task:7;informational:36;navigational:1;commercial:41;transactional:15
Queimadores para Churrasqueiras a Gás,17,596,66;84;83;100;97;70;77;78;91;90;90;90,task:2;informational:44;navigational:2;commercial:39;transactional:13
Estantes de Cozinha,15,1268,66;89;93;90;69;73;72;70;72;82;100;100,task:7;informational:47;navigational:5;commercial:27;transactional:14
Eletrodomésticos Pernambucanas,16,662,25;56;56;47;30;26;24;31;44;100;33;57,task:7;informational:23;navigational:46;commercial:8;transactional:16
Torneiras Fame: Elétricas e Elegantes,20,2428,100;58;59;60;61;65;66;69;79;79;75;74,task:2;informational:59;navigational:6;commercial:21;transactional:12
forno elétrico Philco 48L,16,1357,14;16;18;35;39;29;21;93;100;90;79;84,task:2;informational:36;navigational:13;commercial:42;transactional:7
Eletrotintas Brasil,15,412,38;54;57;51;63;88;84;76;76;94;100;91,task:3;informational:25;navigational:45;commercial:12;transactional:15
Ferramentas elétricas,22,6123,44;52;34;48;69;71;71;100;98;98;98;99,task:2;informational:55;navigational:4;commercial:31;transactional:8
Organizadores e Suportes de Utensílios de Cozinha,20,2244,55;77;79;75;66;70;72;65;74;74;100;95,task:7;informational:33;navigational:11;commercial:35;transactional:14
Panelas de cobre,16,378,78;99;100;94;78;82;83;75;76;83;76;78,task:3;informational:62;navigational:7;commercial:19;transactional:9
Pias de cozinha e estética de espaços,28,50161,15;17;18;20;19;20;20;100;100;100;100;100,task:4;informational:62;navigational:9;commercial:20;transactional:5
Topema cozinhas profissionais,16,199,81;90;93;91;93;96;99;98;100;100;100;100,task:3;informational:18;navigational:61;commercial:7;transactional:11
Fritadeiras elétricas Metvisa,15,98,12;77;98;53;68;100;14;20;18;21;19;18,informational:32;navigational:41;commercial:11;transactional:16
Panelas Edu Guedes,19,1855,42;44;54;50;93;95;95;96;100;100;100;100,task:5;informational:59;navigational:15;commercial:18;transactional:3
Derretedeiras de Chocolate,16,1066,43;55;61;85;100;100;100;71;68;67;62;62,task:8;informational:60;navigational:5;commercial:16;transactional:11
Geladeiras e Máquinas de Lavar,17,1253,28;53;55;43;66;56;56;100;56;70;78;95,task:3;informational:51;navigational:13;commercial:23;transactional:10
Tecnologia e eletrodomésticos no Brasil,16,774,36;64;71;65;79;67;83;100;90;88;83;76,task:8;informational:73;navigational:3;commercial:12;transactional:4
Panelas Elétricas no Mercado Livre,16,584,64;83;84;74;69;100;90;69;86;84;72;72,informational:19;navigational:50;commercial:8;transactional:23
Fornos JJAC e Esteiras,15,125,75;100;100;77;77;78;79;96;94;79;77;79,task:3;informational:12;navigational:67;commercial:10;transactional:8
Caixa de Fogo para Churrasqueiras,15,376,54;64;65;73;73;76;77;85;100;100;100;99,task:7;informational:32;navigational:12;commercial:31;transactional:18
Portas de Cozinha e Armário,22,15797,27;33;34;34;32;32;33;99;100;100;100;100,informational:35;navigational:27;commercial:27;transactional:11
Lavadoras compactas e combos Electrolux,23,1461,46;61;60;56;62;68;66;66;83;100;79;92,task:3;informational:58;navigational:5;commercial:25;transactional:9
Maquinas de Lavar e Secar,17,844,11;36;45;30;29;22;11;57;23;100;35;55,task:5;informational:32;navigational:19;commercial:25;transactional:19
Lâmpadas de Geladeira e Refrigeração,32,5839,24;34;35;42;82;84;85;100;95;95;97;99,task:2;informational:55;navigational:2;commercial:27;transactional:14
Fornos elétricos com grill 44–60 L,19,1909,77;88;91;55;64;66;66;78;66;66;100;100,task:3;informational:51;navigational:1;commercial:36;transactional:9
Enxoval de Cozinha Preto,16,1257,21;28;36;87;97;89;90;81;80;100;97;96,task:5;informational:52;navigational:15;commercial:20;transactional:8
Móveis Valdemóveis e Cozinhas,15,492,58;85;100;91;65;75;74;68;85;90;69;68,task:3;informational:34;navigational:44;commercial:9;transactional:10
Cubas para cozinha,68,53053,57;57;61;64;100;100;100;83;81;81;81;81,task:2;informational:49;navigational:7;commercial:32;transactional:10
Panelas Marcolar e Panelas de Pressão,22,948,40;58;68;34;46;47;58;95;100;91;87;56,task:5;informational:58;navigational:7;commercial:26;transactional:4
Potes e Cerâmica para Cozinha,16,732,47;67;62;53;49;52;52;50;93;100;70;74,task:3;informational:30;navigational:18;commercial:36;transactional:13
Adoçantes para forno e fogão,54,18634,17;31;29;51;77;78;78;100;100;99;99;99,task:5;informational:68;navigational:2;commercial:22;transactional:3
Marinex e Vidro para Forno,41,11759,69;74;77;89;89;90;90;100;100;99;100;99,task:2;informational:69;navigational:10;commercial:16;transactional:3
Ninja Foodi Panelas Elétricas,19,3764,44;50;51;30;98;100;100;92;100;100;100;100,task:2;informational:41;navigational:16;commercial:24;transactional:17
Geladeiras Embutidas,19,1547,66;97;100;84;80;84;87;75;84;96;84;83,task:7;informational:54;navigational:6;commercial:24;transactional:9
Cozinha infantil e brinquedos de cozinha,20,17911,92;96;100;99;93;93;93;85;85;85;85;85,task:10;informational:45;navigational:4;commercial:33;transactional:8
Tramontina Grano Panelas e Frigideiras,17,878,35;92;99;84;63;61;61;91;88;100;70;70,task:7;informational:32;navigational:25;commercial:20;transactional:16
Geladeiras Frigidaire Antigas,18,1027,73;87;88;53;98;100;100;54;55;55;54;54,task:2;informational:72;navigational:8;commercial:15;transactional:3
Fritadeiras Marchesoni,16,109,38;41;43;100;93;44;40;40;40;37;37;37,task:3;informational:33;navigational:31;commercial:17;transactional:16
Chapinhas e pranchas com controle de temperatura,21,1243,18;30;41;87;88;81;80;92;79;100;92;65,task:1;informational:62;navigational:3;commercial:30;transactional:4
Fritadeiras e air fryers no Magazine Luiza,19,709,90;100;100;95;92;95;91;95;48;48;48;48,task:1;informational:28;navigational:35;commercial:10;transactional:26
Eletrodomésticos Havan,21,2021,83;100;54;63;63;67;68;60;58;56;57;57,task:1;informational:26;navigational:41;commercial:9;transactional:23
Extintores e Segurança contra Incêndio,16,1059,58;75;77;81;75;80;78;83;96;96;100;100,task:2;informational:34;navigational:4;commercial:47;transactional:13
Toucas de Cozinha,26,3962,88;98;100;48;48;49;49;49;48;48;48;47,task:2;informational:49;navigational:10;commercial:20;transactional:19
Elétrica no Brasil,15,273,25;28;29;38;38;100;65;70;67;71;69;72,task:3;informational:48;navigational:26;commercial:8;transactional:15
Depuradores embutidos para cozinha,17,472,39;54;100;84;72;55;53;56;62;62;77;80,task:7;informational:47;navigational:11;commercial:25;transactional:10
Cozinhas e Armários Demobile Firenze,16,2303,16;20;18;17;15;29;21;36;18;18;100;96,task:3;informational:44;navigational:18;commercial:27;transactional:8
Aspiradores Arno e Eletrodomésticos,20,1946,86;100;100;98;94;97;97;96;56;56;55;55,task:2;informational:57;navigational:15;commercial:18;transactional:8
