name,prompts_count,volume,volume_trend,intents
Liquidificadores Fun Kitchen,15,1171,14;17;17;17;27;34;31;68;52;100;100;91,task:7;informational:30;navigational:30;commercial:24;transactional:9
Liquidificadores com Processador,16,2101,66;99;99;85;85;89;90;98;96;96;100;99,task:7;informational:42;navigational:1;commercial:39;transactional:11
Liquidificadores Multifuncionais,15,47,7;72;100;55;48;46;78;23;19;12;12;12,task:3;informational:49;navigational:5;commercial:25;transactional:18
Liquidificadores Portáteis,34,17041,76;82;90;94;95;95;95;100;100;100;100;100,task:8;informational:38;navigational:4;commercial:38;transactional:12
Liquidificadores com Espremedor,16,402,33;36;37;60;86;87;100;83;56;34;34;34,task:2;informational:51;navigational:2;commercial:36;transactional:9
Liquidificadores portáteis e potentes,19,1524,30;17;19;20;99;100;100;100;32;33;30;32,task:5;informational:35;navigational:3;commercial:45;transactional:12
Liquidificadores inox,19,1354,84;96;100;97;46;47;49;75;65;66;62;62,task:2;informational:60;navigational:6;commercial:21;transactional:11
Liquidificadores Spolu,16,179,17;73;100;53;49;42;31;42;33;23;23;22,task:3;informational:37;navigational:28;commercial:11;transactional:21
Liquidificadores Blendtec,16,222,31;62;70;50;49;56;64;100;87;58;57;59,task:3;informational:28;navigational:10;commercial:29;transactional:30
Liquidificadores e sucos,28,3997,41;46;48;69;70;72;72;100;98;98;98;98,task:5;informational:65;navigational:2;commercial:18;transactional:10
Processadores de Alimentos com Liquidificador,92,156351,20;21;23;40;46;46;46;96;100;100;100;100,task:2;informational:45;navigational:4;commercial:34;transactional:15
Liquidificador e Mixer,21,2267,87;100;59;65;97;100;99;92;89;89;88;87,task:2;informational:50;navigational:4;commercial:38;transactional:6
Liquidificadores Mondial,63,20753,74;77;81;86;94;94;94;100;95;95;95;95,task:2;informational:42;navigational:14;commercial:30;transactional:12
Liquidificadores com filtro,26,2317,23;29;42;56;45;46;47;93;74;74;96;100,task:2;informational:63;navigational:2;commercial:22;transactional:11
Liquidificadores de vidro,98,95339,20;21;31;45;72;72;72;73;100;100;100;100,task:2;informational:36;navigational:9;commercial:42;transactional:11
Liquidificadores com copo de vidro,27,1852,85;99;100;55;52;55;56;42;46;45;46;45,task:2;informational:60;navigational:2;commercial:25;transactional:11
Garrafa com Liquidificador,18,403,64;80;91;89;82;86;100;86;72;69;70;70,task:10;informational:53;navigational:5;commercial:20;transactional:12
Liquidificadores Ultra,15,434,14;27;38;32;35;37;32;100;82;46;41;41,task:7;informational:54;navigational:4;commercial:31;transactional:4
Liquidificadores Philco,15,635,86;99;100;97;94;95;94;59;59;59;60;59,task:2;informational:49;navigational:15;commercial:22;transactional:12
Liquidificadores Havan,19,1541,85;99;100;53;50;53;54;71;71;62;61;91,task:1;informational:54;navigational:26;commercial:7;transactional:12
Liquidificadores Electrolux,29,4588,74;94;100;100;95;97;97;99;100;99;99;98,task:1;informational:50;navigational:11;commercial:23;transactional:15
Liquidificadores Silenciosos,18,934,56;69;71;58;70;70;79;100;96;82;83;80,task:2;informational:53;navigational:2;commercial:32;transactional:11
Liquidificadores de plástico,18,186,16;82;84;75;25;22;24;96;100;31;33;32,task:3;informational:49;navigational:4;commercial:30;transactional:14
Liquidificadores de Açaí,21,1362,36;49;60;68;66;60;57;77;81;98;96;100,task:5;informational:41;navigational:4;commercial:37;transactional:13
Liquidificador Philco Samurai,17,372,43;93;100;75;71;59;48;39;39;75;49;49,task:3;informational:54;navigational:5;commercial:22;transactional:16
Liquidificadores e Biscuit,15,55,8;78;100;18;15;16;12;79;61;13;13;14,task:7;informational:51;navigational:24;commercial:14;transactional:4
Liquidificadores para Shake,17,582,53;79;78;76;75;75;80;100;85;85;80;82,task:7;informational:46;navigational:1;commercial:32;transactional:14
Liquidificadores Arno,36,17550,96;98;100;68;76;77;77;70;84;85;84;84,task:2;informational:37;navigational:27;commercial:11;transactional:23
Liquidificadores com triturador,26,2170,55;64;45;59;90;92;92;100;76;76;77;76,task:2;informational:51;navigational:4;commercial:34;transactional:9
"Espremedores, Liquidificadores e Processadores",20,937,56;62;68;73;82;80;74;89;89;89;89;100,task:5;informational:54;navigational:4;commercial:32;transactional:5
Liquidificadores Cadence,23,2553,84;99;100;99;96;99;100;98;55;59;53;51,task:3;informational:52;navigational:10;commercial:12;transactional:23
Liquidificadores manuais e para caminhões,16,745,46;65;68;63;48;50;58;47;46;100;100;77,task:3;informational:51;navigational:5;commercial:21;transactional:20
Liquidificadores Kitchenaid,19,2511,87;99;100;98;93;96;97;50;76;80;64;63,task:2;informational:54;navigational:10;commercial:19;transactional:15
Liquidificadores 1500W,18,384,52;89;100;71;70;69;68;85;77;68;70;81,task:3;informational:35;navigational:4;commercial:43;transactional:15
Liquidificadores brancos,17,593,44;60;82;67;56;47;46;100;58;59;48;48,task:3;informational:49;navigational:5;commercial:25;transactional:18
Liquidificadores e Blenders Mondial,20,4004,64;84;89;95;87;89;89;100;98;96;96;95,task:2;informational:44;navigational:10;commercial:24;transactional:20
Liquidificadores: Melhores Marcas e Potência,27,3653,38;46;33;55;83;84;82;90;99;100;97;97,task:2;informational:52;navigational:1;commercial:36;transactional:9
Liquidificadores Colombo,15,273,52;97;100;83;81;76;70;97;80;99;63;62,task:7;informational:32;navigational:27;commercial:23;transactional:11
Liquidificadores Industriais,41,12492,93;97;100;54;56;57;57;59;62;62;62;61,task:5;informational:40;navigational:4;commercial:36;transactional:15
Liquidificadores Brastemp,15,768,16;64;79;59;44;28;44;96;53;97;100;100,task:10;informational:18;navigational:17;commercial:43;transactional:12
Motores de liquidificador,19,2258,45;49;50;91;99;100;100;93;93;94;93;94,task:2;informational:62;navigational:4;commercial:27;transactional:5
Liquidificadores Metvisa,19,1268,35;51;56;50;47;45;51;58;47;47;81;100,task:6;informational:18;navigational:25;commercial:25;transactional:26
Liquidificadores rosa,15,966,58;87;96;76;74;79;80;100;82;80;90;92,task:7;informational:47;navigational:5;commercial:25;transactional:16
Liquidificadores Arno na Americanas,15,264,4;37;46;40;39;22;32;100;95;38;32;35,task:3;informational:11;navigational:56;commercial:11;transactional:19
Liquidificadores Mallory,19,1061,61;70;84;79;82;95;88;91;100;100;91;90,task:2;informational:47;navigational:26;commercial:14;transactional:11
Liquidificadores Vintage,17,1235,70;87;87;53;53;59;58;56;62;100;94;88,task:5;informational:67;navigational:5;commercial:16;transactional:7
Liquidificadores industriais 4 litros,18,1197,69;98;100;87;78;84;86;80;76;76;75;76,task:10;informational:43;navigational:1;commercial:30;transactional:16
Empadão de Liquidificador,16,1665,86;99;98;99;96;100;100;48;58;64;60;58,task:12;informational:76;navigational:5;commercial:6;transactional:1
Coqueteleiras e Liquidificadores,18,630,69;100;100;97;91;93;91;98;97;94;91;91,task:3;informational:49;navigational:4;commercial:33;transactional:11
Liquidificadores 700W,15,429,72;97;98;94;84;88;94;89;85;89;100;100,task:7;informational:38;navigational:8;commercial:32;transactional:15
Liquidificadores Carrefour,18,1697,28;46;53;43;41;43;36;86;70;61;56;100,task:3;informational:21;navigational:41;commercial:11;transactional:24
Liquidificadores Britânia,22,5305,92;98;100;48;46;47;47;46;56;56;57;56,task:2;informational:36;navigational:16;commercial:24;transactional:22
Liquidificadores com Jarra de Vidro,18,281,34;54;65;38;44;45;77;100;59;43;41;56,task:7;informational:52;navigational:1;commercial:38;transactional:2
Liquidificadores Mallory MasterChef,17,320,45;51;52;51;51;52;50;52;37;94;100;38,task:5;informational:38;navigational:10;commercial:22;transactional:25
Copos de Liquidificador,19,4145,69;91;96;96;95;96;97;96;100;100;100;99,informational:45;navigational:4;commercial:34;transactional:17
Liquidificadores 1200W,15,902,28;48;53;47;44;44;55;100;72;79;86;73,task:7;informational:32;navigational:11;commercial:36;transactional:14
Conserto de Liquidificadores,16,816,89;100;100;73;75;77;77;65;77;77;79;79,task:3;informational:64;navigational:6;commercial:19;transactional:8
Liquidificadores Tigre Cook,15,372,17;21;23;35;30;28;17;100;76;57;53;53,task:5;informational:51;navigational:10;commercial:10;transactional:24
Liquidificadores Arno Magiclean,15,325,39;48;50;46;45;48;55;100;95;47;47;49,task:3;informational:30;navigational:36;commercial:27;transactional:4
Liquidificadores Oster e Polishop,17,340,33;39;41;39;78;77;100;49;47;74;61;72,task:10;informational:42;navigational:3;commercial:15;transactional:30
Liquidificadores Vermelhos 220V,16,1053,33;59;75;61;55;100;59;85;80;73;73;84,task:4;informational:29;navigational:1;commercial:44;transactional:22
Kits de Liquidificador e Batedeira,25,5226,93;97;100;45;38;39;40;39;41;40;40;40,task:5;informational:31;navigational:4;commercial:49;transactional:11
Liquidificadores Arno Clic Lav,16,814,63;92;92;84;78;83;100;79;74;76;82;83,task:7;informational:44;navigational:4;commercial:33;transactional:12
Liquidificadores Walita/Philips,24,1306,51;61;67;54;63;64;64;100;64;64;100;74,task:2;informational:52;navigational:11;commercial:17;transactional:18
Liquidificadores Cadence e Acessórios,16,1201,88;100;100;98;67;72;72;83;72;71;71;71,task:2;informational:39;navigational:27;commercial:22;transactional:10
Liquidificadores Industriais 10L,15,602,49;60;58;57;70;74;53;62;56;55;92;100,task:3;informational:40;navigational:1;commercial:27;transactional:29
Vitamix: Liquidificadores e Blenders,17,1282,87;96;100;98;95;93;94;61;71;71;73;75,task:2;informational:42;navigational:15;commercial:32;transactional:9
Liquidificador Kitchenaid Diamond,15,608,6;23;34;28;27;26;32;51;92;100;28;73,task:7;informational:37;navigational:18;commercial:28;transactional:10
Liquidificadores Black & Decker,19,1354,71;98;97;94;85;91;91;98;100;96;88;87,task:3;informational:55;navigational:11;commercial:21;transactional:10
Kits de Liquidificador com Airfryer,16,450,33;64;74;41;60;62;76;100;55;66;58;59,task:5;informational:29;navigational:1;commercial:51;transactional:14
Liquidificadores Oster,61,30723,57;59;63;74;76;76;76;100;100;100;100;100,task:2;informational:45;navigational:11;commercial:19;transactional:23
Liquidificadores Skymsen,16,841,60;93;100;84;81;86;92;91;95;83;83;83,task:4;informational:33;navigational:18;commercial:18;transactional:27
Liquidificadores Oster e MyBlend,19,2774,60;87;90;88;85;89;90;97;100;100;100;99,task:7;informational:50;navigational:6;commercial:20;transactional:17
Liquidificadores industriais 8 litros,17,515,28;63;69;45;47;65;56;57;41;100;93;97,task:3;informational:45;navigational:1;commercial:38;transactional:13
"Liquidificadores Oster 2,2L com 10 velocidades",17,439,30;32;33;53;53;47;31;100;74;35;34;49,task:2;informational:50;navigational:4;commercial:29;transactional:15
Liquidificadores Mondial 1000W,15,992,14;29;39;40;31;23;33;62;67;100;79;80,task:3;informational:29;navigational:22;commercial:35;transactional:11
Liquidificadores e multiprocessadores Havan,16,1515,17;24;24;22;21;22;20;19;20;31;29;100,task:3;informational:38;navigational:23;commercial:18;transactional:18
Liquidificadores Casas Bahia,16,970,43;58;59;56;47;51;56;100;66;91;64;51,task:3;informational:22;navigational:44;commercial:17;transactional:14
Liquidificadores Industriais 25 Litros,16,133,26;41;43;100;85;30;33;41;39;32;33;33,task:10;informational:43;navigational:4;commercial:32;transactional:11
Liquidificadores 220V: preços e promoções,25,4136,44;62;64;76;73;76;83;100;95;93;93;92,task:5;informational:34;navigational:3;commercial:46;transactional:12
Promoções de Casa: liquidificadores e móveis,87,90737,100;100;42;46;49;49;49;52;54;54;54;54,informational:25;navigational:8;commercial:41;transactional:26
Liquidificadores industriais 6 litros,18,294,53;88;100;83;83;99;58;43;44;88;52;58,task:7;informational:28;navigational:4;commercial:36;transactional:25
Liquidificadores no Mercado Livre,15,1709,83;100;100;99;50;53;53;58;58;58;59;59,informational:15;navigational:49;commercial:9;transactional:27
Liquidificadores industriais de 2 litros,22,1793,76;90;86;83;44;47;47;100;95;99;87;88,task:7;informational:35;navigational:4;commercial:41;transactional:13
Garrafa Shaker Blender Bottle,16,791,69;94;96;93;93;100;100;90;92;92;92;91,task:10;informational:17;navigational:17;commercial:34;transactional:22
Polishop Eletroportáteis: liquidificadores e processadores,19,1285,88;99;100;49;49;52;52;91;73;59;59;58,task:2;informational:30;navigational:32;commercial:11;transactional:25
Bolos de liquidificador,33,20149,65;68;70;35;32;33;33;97;100;100;100;100,task:2;informational:80;navigational:5;commercial:10;transactional:3
Tortas de Liquidificador,158,582698,40;40;41;42;42;42;42;69;100;100;100;100,task:4;informational:79;navigational:6;commercial:7;transactional:4
"Conjunto liquidificador, batedeira e sanduicheira",19,671,71;100;100;90;83;88;97;76;78;80;79;78,task:5;informational:34;navigational:6;commercial:41;transactional:14
Misturadores elétricos,16,263,22;54;65;48;55;50;39;100;99;30;30;30,task:7;informational:46;navigational:4;commercial:29;transactional:14
Liquidificadores Philips Walita RI2240/RI2242,17,409,74;100;100;94;83;89;87;90;86;87;92;84,informational:47;navigational:21;commercial:23;transactional:9
Power Mix e Liquidificadores Arno,18,4185,57;81;85;84;87;88;89;91;93;92;100;100,task:3;informational:34;navigational:29;commercial:15;transactional:19
Juicers e Espremedores,16,108,15;15;16;13;23;29;29;100;79;31;28;24,task:3;informational:61;navigational:12;commercial:17;transactional:7
Canecas com Mixer Elétrico,19,837,89;100;53;58;56;59;62;64;62;65;56;55,task:2;informational:57;navigational:15;commercial:18;transactional:8
Liquidificadores Arno com jarra de vidro,20,763,59;75;77;75;81;87;90;100;98;86;87;86,task:3;informational:43;navigational:6;commercial:33;transactional:15
Liquidificadores no OLX,16,42,22;43;72;38;76;100;79;76;51;36;35;37,informational:18;navigational:49;commercial:11;transactional:22
Ninja Cozinha: Liquidificadores e Blenders,17,741,56;87;88;84;88;82;97;100;100;100;87;86,task:10;informational:42;navigational:6;commercial:30;transactional:12
Misturadores e processadores de alimentos,86,43776,31;33;33;100;48;48;48;46;46;46;46;46,task:5;informational:39;navigational:1;commercial:39;transactional:16
Misturadores e Batedores,15,213,41;69;86;53;100;52;48;47;47;82;75;72,task:7;informational:45;navigational:4;commercial:28;transactional:16
Liquidificadores Hamilton Beach,17,572,81;98;100;96;80;84;84;77;77;78;74;76,task:3;informational:44;navigational:19;commercial:23;transactional:11
Liquidificadores Philco com Copo e Jarra de Vidro,18,4393,73;94;100;97;92;94;96;93;96;95;96;96,task:3;informational:31;navigational:5;commercial:40;transactional:21
Liquidificadores Tramontina e Breville,18,1164,61;70;70;47;45;47;45;95;99;100;100;100,task:4;informational:51;navigational:3;commercial:34;transactional:8
Liquidificadores Mondial 900W,20,2558,69;77;44;67;62;64;64;78;84;90;100;99,task:2;informational:57;navigational:5;commercial:25;transactional:11
Dosadores de Drinks,18,837,76;78;78;100;81;82;78;54;45;47;47;48,task:5;informational:57;navigational:5;commercial:23;transactional:10
Ninja Eletroportáteis de Cozinha,25,11017,58;67;72;87;85;86;87;98;100;100;100;100,task:3;informational:42;navigational:14;commercial:29;transactional:12
Liquidificadores Mondial 700W/850W,17,185,36;91;100;58;34;36;87;44;46;37;39;40,task:5;informational:57;navigational:4;commercial:22;transactional:12
Liquidificadores Arno Power Max 1000W,20,2103,87;98;99;49;97;100;100;100;94;95;97;97,task:2;informational:59;navigational:7;commercial:23;transactional:9
Kits Oster de Liquidificador,16,363,12;14;16;13;13;14;14;100;92;13;31;34,task:7;informational:46;navigational:5;commercial:18;transactional:24
Liquidificadores Oster Super Chef,19,1562,53;58;63;63;37;41;40;100;74;74;91;100,task:1;informational:46;navigational:15;commercial:16;transactional:22
Vedação de Liquidificador,15,249,24;26;28;30;93;100;26;30;30;52;53;53,task:5;informational:71;navigational:2;commercial:10;transactional:12
Envasadoras de líquidos,21,2745,29;39;40;45;62;64;67;100;96;96;95;95,task:3;informational:63;navigational:4;commercial:22;transactional:8
Liquidificadores Mondial 1200W,25,3274,48;57;58;56;99;100;100;97;94;94;96;97,task:2;informational:43;navigational:6;commercial:43;transactional:6
Liquidificadores Walita Philips,52,21249,65;69;67;68;84;84;84;97;100;100;100;100,task:2;informational:40;navigational:19;commercial:24;transactional:15
Multifuncionais 9 em 1 de alimentos,20,936,63;71;73;41;50;49;49;100;47;50;39;40,task:2;informational:54;navigational:9;commercial:25;transactional:10
Liquidificadores Oster Digital e Xpert,15,171,23;30;32;27;26;66;40;25;24;100;81;26,task:7;informational:55;navigational:5;commercial:21;transactional:12
Liquidificadores Arno 700W,19,568,59;64;64;61;61;62;61;100;90;55;55;56,task:2;informational:43;navigational:15;commercial:18;transactional:22
Máquinas de Bebidas,16,143,65;85;85;92;100;85;80;86;81;65;65;65,task:3;informational:54;navigational:4;commercial:28;transactional:11
Misturadores Elétricos Compactos,18,1801,83;97;100;80;85;88;89;76;82;82;76;75,task:5;informational:38;navigational:9;commercial:33;transactional:15
Liquidificadores Arno Faciclic e Copos,17,547,81;100;100;90;83;88;87;91;93;96;94;97,task:4;informational:53;navigational:4;commercial:27;transactional:12
Lâminas e hélices para liquidificador,22,1323,54;64;65;54;70;67;67;100;100;97;97;96,task:7;informational:50;navigational:5;commercial:18;transactional:20
Misturadores de Café Elétricos,16,156,68;85;91;100;100;74;76;86;84;98;94;91,task:7;informational:46;navigational:4;commercial:29;transactional:14
Liquidificadores Walita ProBlend 6,20,292,23;30;31;29;30;31;30;27;27;100;34;30,task:3;informational:46;navigational:17;commercial:28;transactional:6
Processadores e Centrífugas de Frutas e Sucos,27,9877,13;19;23;32;99;100;100;64;65;66;64;64,task:10;informational:52;navigational:4;commercial:24;transactional:10
Motores de liquidificador Arno,16,194,60;63;64;64;100;100;100;99;62;64;63;66,task:2;informational:72;navigational:5;commercial:13;transactional:8
Processadores de Alimentos 500ml,15,687,3;10;15;5;17;14;21;34;33;100;97;88,task:14;informational:27;navigational:1;commercial:31;transactional:27
Peças de Liquidificador Mondial e Similares,19,2674,34;44;45;53;43;47;47;100;93;93;93;92,task:2;informational:46;navigational:4;commercial:28;transactional:20
Espremedores Electrolux,16,637,18;22;22;51;58;43;32;100;91;60;55;56,task:5;informational:33;navigational:29;commercial:11;transactional:22
Liquidificadores Oster 1400W,21,1269,50;63;66;61;60;61;65;88;91;100;74;75,task:5;informational:52;navigational:7;commercial:14;transactional:22
Liquidificadores Oster reversíveis,15,148,55;57;59;53;63;61;59;86;78;80;83;100,informational:50;navigational:18;commercial:18;transactional:14
Agitadores de Laboratório,21,7349,29;33;33;33;97;98;98;98;100;100;100;100,task:2;informational:44;navigational:5;commercial:35;transactional:14
Liquidificadores de Brinquedo que Funcionam,17,756,85;100;61;58;52;56;57;68;57;65;65;62,task:12;informational:70;navigational:5;commercial:9;transactional:4
Misturadores de água para chuveiro,25,2279,21;25;31;45;87;100;95;93;93;93;94;93,task:5;informational:53;navigational:4;commercial:24;transactional:14
Philco 1400W Liquidificadores,19,652,69;76;100;52;39;41;41;36;80;84;36;36,task:3;informational:55;navigational:15;commercial:13;transactional:14
Extratores de Suco,16,431,40;49;52;50;49;56;61;100;85;52;62;61,task:7;informational:53;navigational:5;commercial:22;transactional:13
Liquidificadores Mondial Easy Power 550W,24,1260,81;97;59;95;87;91;86;64;100;100;100;100,task:2;informational:55;navigational:15;commercial:16;transactional:12
Máquinas de Pipoca,27,6009,54;65;64;66;63;66;67;100;98;98;99;98,task:2;informational:54;navigational:5;commercial:25;transactional:14
Misturadores e Batedeiras,18,276,47;61;63;59;72;97;83;100;85;67;68;74,task:7;informational:54;navigational:4;commercial:31;transactional:4
Misturadores Black & Decker,23,1541,63;89;91;87;76;82;83;100;85;84;85;84,task:3;informational:50;navigational:5;commercial:21;transactional:21
Máquinas de Suco para Lanchonetes,20,1181,76;99;100;96;90;97;99;87;91;90;91;89,task:10;informational:33;navigational:1;commercial:45;transactional:11
Aparelhos 4 em 1: processadores e liquidificadores,16,163,8;10;11;13;17;17;100;17;15;14;14;15,task:1;informational:52;navigational:4;commercial:33;transactional:10
Máquinas para o lar,17,1867,15;36;38;32;50;42;45;58;81;94;90;100,task:4;informational:54;navigational:2;commercial:29;transactional:11
Liquidificadores Britânia Diamante,28,5443,87;98;100;50;55;56;57;74;72;72;72;71,task:5;informational:37;navigational:19;commercial:30;transactional:9
Máquinas de Cana e Juicers,15,127,57;84;87;78;50;53;53;100;82;37;36;35,task:3;informational:49;navigational:5;commercial:25;transactional:18
Misturadores Portáteis e Mini,31,7816,91;97;100;100;49;50;50;56;57;57;57;56,task:3;informational:53;navigational:4;commercial:27;transactional:13
Misturadores e Torneiras de Cozinha,20,4539,24;32;34;33;99;100;100;96;45;44;45;45,task:2;informational:51;navigational:1;commercial:38;transactional:8
Maquinas de drinks Bartesian,16,836,60;75;78;75;81;89;90;100;87;87;86;86,task:7;informational:46;navigational:13;commercial:24;transactional:10
cafeteiras elétricas Electrolux,25,1471,83;99;100;54;57;60;60;56;55;55;55;54,task:2;informational:23;navigational:25;commercial:13;transactional:37
Copos e Jarras de Liquidificador Philips Walita,30,4442,86;98;100;52;70;71;70;59;63;63;62;61,task:2;informational:54;navigational:15;commercial:17;transactional:12
Empadas de queijo com liquidificador,24,6589,92;98;100;49;47;48;49;69;65;65;65;64,task:8;informational:74;navigational:5;commercial:5;transactional:8
Misturadores e Processadores Electrolux 3 em 1,30,7281,89;96;100;51;63;63;63;58;59;60;60;59,task:5;informational:36;navigational:15;commercial:23;transactional:21
Misturadores para Vitaminas,19,848,33;33;25;93;100;98;100;77;93;82;82;83,task:7;informational:61;navigational:5;commercial:19;transactional:8
Misturadores Industriais,19,565,59;79;83;81;80;84;85;88;100;100;90;89,task:5;informational:59;navigational:11;commercial:20;transactional:5
Misturadores de mão,17,766,71;83;84;84;88;91;92;100;62;53;54;53,informational:50;navigational:6;commercial:35;transactional:9
Refresqueiras e Suqueiras: Máquinas de Bebidas,15,319,68;89;95;87;98;100;78;82;90;90;91;87,task:3;informational:55;navigational:5;commercial:24;transactional:13
Processadores de Alimentos com Copo de Vidro,18,920,60;94;98;95;90;93;94;91;99;99;100;100,task:10;informational:41;navigational:1;commercial:39;transactional:9
Espumadores de Leite Elétricos,17,2281,100;55;57;58;56;60;61;65;67;67;67;66,task:1;informational:53;navigational:5;commercial:25;transactional:16
Máquinas de Milk Shake,29,4966,49;57;30;40;43;44;46;100;65;65;64;64,task:5;informational:53;navigational:5;commercial:21;transactional:16
Espremedores de Limão,23,3672,41;49;26;30;38;40;40;100;34;33;34;34,task:8;informational:45;navigational:4;commercial:29;transactional:14
Philco PH900 Liquidificadores,36,9620,91;98;100;77;82;83;83;86;90;90;91;90,task:2;informational:51;navigational:15;commercial:13;transactional:19
MIXERS DE COZINHA BRASILEIROS,15,816,33;46;47;46;41;41;64;72;69;43;43;100,task:3;informational:55;navigational:5;commercial:23;transactional:14
Máquinas para Bebidas,16,159,61;76;100;88;83;90;97;94;94;90;90;90,task:10;informational:12;navigational:30;commercial:36;transactional:12
Mexedores de Café,15,592,62;89;87;83;76;91;88;83;100;99;85;84,task:13;informational:34;navigational:11;commercial:31;transactional:11
Coadores de Café e Acessórios,26,4765,77;94;100;100;91;94;95;96;97;97;97;96,task:3;informational:55;navigational:5;commercial:25;transactional:12
Eletrodomésticos Pernambucanas,17,662,25;56;56;47;30;26;24;31;44;100;33;57,task:7;informational:23;navigational:46;commercial:8;transactional:16
Copos para Mixer,18,2184,57;84;86;82;86;92;93;99;100;100;100;99,task:3;informational:54;navigational:4;commercial:28;transactional:11
Batedeiras Inox,15,386,33;49;54;47;47;48;50;100;78;79;45;47,task:7;informational:43;navigational:4;commercial:32;transactional:14
Post Mix de Cerveja e Refrigerante,19,1146,54;58;58;58;96;100;100;79;80;83;85;83,task:7;informational:62;navigational:8;commercial:15;transactional:8
Mixer Philco 3 em 1,22,2780,83;99;100;96;90;92;93;53;56;69;60;60,task:2;informational:41;navigational:11;commercial:16;transactional:30
Maquinas de Chapisco,16,349,76;100;97;96;88;97;99;86;87;88;87;83,task:5;informational:44;navigational:2;commercial:20;transactional:29
Coadores e Strainers para Bar,18,755,53;63;63;51;51;53;54;58;100;94;94;93,task:2;informational:49;navigational:5;commercial:34;transactional:10
Processadores Mondial,30,4873,69;77;79;43;99;100;100;42;41;41;42;41,informational:57;navigational:9;commercial:24;transactional:10
Espremedores Mondial,30,3300,86;99;100;99;93;96;96;50;56;57;57;56,task:2;informational:43;navigational:7;commercial:28;transactional:20
IntegralMedica shakes e copos,15,323,37;50;55;53;41;42;42;100;46;45;47;47,task:3;informational:48;navigational:18;commercial:14;transactional:17
Dosadores e dispensadores de bebidas,22,7403,36;48;51;56;88;88;90;100;100;100;99;99,task:5;informational:58;navigational:5;commercial:21;transactional:11
Coolers de lata,15,64,24;28;33;100;100;36;32;47;44;48;47;50,task:7;informational:49;navigational:1;commercial:32;transactional:11
Espremedores de Laranja e Frutas,36,20433,63;67;75;85;94;94;94;100;99;99;99;99,task:2;informational:36;navigational:4;commercial:35;transactional:23
Máquinas de Suco de Laranja,44,12899,43;48;56;58;75;76;76;100;97;97;97;97,task:3;informational:60;navigational:2;commercial:21;transactional:14
Misturadores Mondial,19,1606,84;99;100;51;57;59;61;58;53;53;53;53,task:2;informational:46;navigational:20;commercial:18;transactional:14
Destiladores de água e laboratório,25,10387,30;35;36;29;77;79;79;93;100;100;100;100,task:5;informational:59;navigational:4;commercial:25;transactional:7
Mini Processadores de Alimentos,27,9681,43;47;50;50;100;100;100;51;49;50;50;49,task:5;informational:34;navigational:4;commercial:41;transactional:16
Liquidificadores Osterizer,19,1121,27;45;28;23;34;46;55;84;72;91;85;100,task:2;informational:50;navigational:7;commercial:27;transactional:14
cafeteiras espresso com leite,18,1255,85;98;98;52;57;59;59;100;91;91;96;96,task:5;informational:60;navigational:4;commercial:23;transactional:8
Máquinas de sorvete domésticas,18,3968,86;100;57;53;56;59;60;62;62;62;61;61,task:2;informational:53;navigational:5;commercial:24;transactional:16
Pães de liquidificador rápidos,35,20977,75;80;82;82;80;81;81;99;100;100;100;100,task:5;informational:77;navigational:3;commercial:7;transactional:8
Nespresso com leite,26,4642,57;66;66;53;97;100;100;99;100;100;100;100,task:12;informational:58;navigational:3;commercial:10;transactional:17
Batedeiras KitchenAid,36,13764,93;97;100;46;46;47;47;56;57;57;57;57,task:3;informational:38;navigational:15;commercial:29;transactional:15
Pizza de Liquidificador e Massas,64,42239,52;54;57;59;59;59;59;83;100;100;100;100,task:2;informational:74;navigational:5;commercial:12;transactional:7
Espremedores de Laranja,15,546,4;15;20;16;18;15;22;58;60;100;83;71,informational:49;navigational:8;commercial:18;transactional:25
Maceradores para Caipirinha,16,701,25;56;55;71;97;100;94;55;55;41;41;40,task:8;informational:45;navigational:1;commercial:35;transactional:11
Liquidificadores Philips Walita 600W,16,697,72;98;100;94;78;83;82;82;81;82;83;81,task:3;informational:58;navigational:9;commercial:22;transactional:8
Misturadores Walita Philips,34,6003,92;97;100;48;47;48;48;45;45;45;45;44,task:2;informational:30;navigational:25;commercial:20;transactional:23
Misturadores de Massa,17,410,57;75;76;73;60;65;61;82;93;100;73;72,task:3;informational:57;navigational:5;commercial:25;transactional:10
Café Aeropress,25,14258,34;37;38;23;98;100;100;100;100;100;100;100,task:8;informational:41;navigational:18;commercial:26;transactional:7
Geladeiras com dispenser de água,18,1373,22;38;42;33;53;49;48;100;38;36;60;71,task:2;informational:60;navigational:4;commercial:28;transactional:6
Baristo Café,16,171,73;82;89;82;87;100;87;80;81;93;92;88,task:7;informational:28;navigational:37;commercial:17;transactional:11
Xarope Dilúido,19,1322,79;88;89;80;84;87;88;93;95;100;100;99,task:2;informational:64;navigational:16;commercial:10;transactional:8
Máquinas de Café Saeco,23,3646,87;98;100;51;51;52;51;47;50;50;51;49,task:2;informational:45;navigational:13;commercial:32;transactional:8
Mix de Bebidas,18,694,42;51;31;35;99;100;100;51;34;34;36;34,task:3;informational:67;navigational:8;commercial:14;transactional:8
Líquidos para pod e vape,29,4953,87;97;100;59;58;59;59;64;57;57;57;57,task:3;informational:56;navigational:4;commercial:29;transactional:8
Liquidificadores Arno Power Max 1400W,17,301,45;45;47;48;49;49;48;100;98;49;48;48,task:5;informational:39;navigational:4;commercial:36;transactional:16
Liquidificadores Philips Walita RI2244,17,1182,18;41;62;48;36;43;30;72;47;91;100;96,task:7;informational:51;navigational:11;commercial:16;transactional:15
Peças e Acessórios Oster para Liquidificador,24,2940,84;100;78;75;47;51;50;100;96;96;95;95,task:2;informational:39;navigational:17;commercial:21;transactional:21
Centrífugas Walita/Philips,16,292,70;77;80;78;62;61;60;100;85;67;70;68,task:2;informational:49;navigational:32;commercial:9;transactional:8
Evaporadores de Geladeira,18,1201,31;40;40;37;48;48;33;75;66;100;92;100,task:5;informational:63;navigational:4;commercial:20;transactional:8
Copos para Liquidificador KitchenAid,15,42,9;34;43;38;38;22;41;100;77;9;9;10,task:3;informational:48;navigational:11;commercial:21;transactional:17
Mallory: Processadores e Liquidificadores,18,869,66;95;98;53;51;44;43;100;63;64;65;64,task:5;informational:43;navigational:11;commercial:15;transactional:26
Acessórios e Peças para Liquidificadores Walita LiqFaz,16,261,36;46;46;40;36;85;58;100;99;42;44;42,task:1;informational:26;navigational:52;commercial:18;transactional:3
Borrifadores e acessórios,16,3638,25;28;28;28;29;30;30;100;81;88;87;87,task:5;informational:67;navigational:5;commercial:15;transactional:8
Liofilizadores para alimentos e bancada,18,932,23;24;28;28;44;45;46;48;100;97;97;97,task:2;informational:49;navigational:2;commercial:25;transactional:22
Misturadores para Bidê e Torneiras,15,659,29;56;54;54;45;43;31;54;58;75;89;100,task:7;informational:29;navigational:9;commercial:36;transactional:19
Diluidores de Maquiagem,18,2463,33;38;38;24;82;82;82;100;81;81;87;88,task:2;informational:64;navigational:5;commercial:19;transactional:10
Mixers de inox,15,641,13;18;19;23;31;26;18;36;39;100;98;81,task:7;informational:43;navigational:5;commercial:28;transactional:17
Digestores Industriais,18,655,43;47;46;95;96;97;96;96;100;100;98;98,task:4;informational:57;navigational:5;commercial:18;transactional:16
Processadores de Alimentos Kitchenaid,21,933,65;100;100;94;86;91;91;85;89;88;90;87,informational:46;navigational:18;commercial:18;transactional:18
Moedores de Café,58,37090,29;31;49;100;38;38;38;37;51;51;51;51,task:10;informational:43;navigational:4;commercial:34;transactional:9
Tanquinho Latina,16,287,23;64;72;52;52;61;37;80;66;100;87;27,task:7;informational:42;navigational:18;commercial:21;transactional:12
Espremedores e Extratores de Suco Industrial,17,1546,86;99;100;53;53;58;60;66;67;67;67;67,task:7;informational:38;navigational:2;commercial:25;transactional:28
Trituradores Insinkerator,18,623,65;82;84;80;76;81;82;100;87;86;87;86,task:1;informational:44;navigational:34;commercial:11;transactional:10
Lavadores de Copos,20,652,84;92;100;97;52;45;45;58;52;52;52;52,task:2;informational:47;navigational:19;commercial:24;transactional:8
Separadores de Ovo,20,943,42;49;49;85;99;100;98;100;59;48;48;47,task:2;informational:71;navigational:5;commercial:17;transactional:5
Centrífugas Decantadoras,17,258,43;52;53;92;95;100;91;91;92;92;92;92,task:3;informational:66;navigational:3;commercial:20;transactional:8
Mixer Oster 3 em 1,25,4934,63;75;79;83;97;99;98;98;100;100;100;99,task:2;informational:36;navigational:14;commercial:36;transactional:12
Slow Juicer e Air Fryer no Brasil,16,582,52;47;50;62;46;50;58;50;89;100;60;72,task:2;informational:58;navigational:4;commercial:30;transactional:6
Liquidificadores Walita Antigos,15,593,87;98;99;100;48;47;46;45;55;55;57;55,task:4;informational:43;navigational:9;commercial:26;transactional:18
Máquinas de Sorvete,143,71754,28;29;31;46;95;95;95;100;85;85;85;85,task:5;informational:56;navigational:2;commercial:23;transactional:14
cafeteiras industriais,21,2782,64;94;97;93;92;99;100;97;99;99;99;98,task:5;informational:55;navigational:6;commercial:22;transactional:12
Refrigerantes e Sodas,22,4675,35;42;80;86;76;77;77;100;97;98;99;98,task:2;informational:71;navigational:7;commercial:16;transactional:4
Derretedeiras de Chocolate,16,1066,43;55;61;85;100;100;100;71;68;67;62;62,task:8;informational:60;navigational:5;commercial:16;transactional:11
Misturadores Industriais de Massa,15,173,61;59;60;59;59;60;60;100;74;47;47;47,task:5;informational:36;navigational:4;commercial:36;transactional:19
Aglutinadores,21,1566,42;40;82;97;100;100;100;79;90;90;90;90,task:2;informational:80;navigational:5;commercial:10;transactional:3
Chopeiras Portáteis,18,734,66;99;100;96;74;80;80;74;76;76;80;79,task:10;informational:46;navigational:5;commercial:21;transactional:18
Garrafões Térmicos com Torneira,15,492,47;57;57;47;51;51;55;52;50;100;93;98,task:7;informational:47;navigational:4;commercial:28;transactional:14
Mexedores de Drinks Personalizados,16,764,39;46;45;41;94;100;97;74;75;75;75;75,task:5;informational:48;navigational:5;commercial:26;transactional:16
Purificadores de Água,347,220775,43;42;44;94;88;88;88;100;83;83;83;83,task:2;informational:46;navigational:4;commercial:38;transactional:10
Batedeiras Planetárias e Industriais,16,317,70;77;84;77;85;88;93;70;90;100;90;98,task:10;informational:42;navigational:1;commercial:38;transactional:9
Water Cooler para PCs,17,2061,56;82;85;80;79;85;86;89;100;100;93;88,task:3;informational:53;navigational:1;commercial:30;transactional:13
Britânia B1000: liquidificadores e copos,18,668,54;91;99;83;73;78;66;100;69;71;55;57,task:1;informational:37;navigational:33;commercial:22;transactional:7
Evaporadores Rotativos,18,1983,45;54;71;71;88;88;88;100;99;99;99;99,task:4;informational:68;navigational:7;commercial:17;transactional:4
Kegerator e chopeira no Brasil,17,189,88;100;91;75;76;100;84;81;79;79;79;90,task:10;informational:59;navigational:5;commercial:19;transactional:7
Misturadores Ribbon,16,305,36;37;38;100;100;100;100;100;99;99;99;99,task:8;informational:75;navigational:5;commercial:10;transactional:2
Máquinas de Café & Cafeteiras,74,26688,66;67;30;38;100;100;100;43;42;42;42;42,task:3;informational:52;navigational:4;commercial:33;transactional:8
Aparelhos de vapor e aerossóis,24,1966,47;58;57;55;97;100;87;96;95;97;97;95,task:2;informational:73;navigational:5;commercial:15;transactional:5
Raladores e zesters de cítricos,19,2578,84;97;100;99;89;92;92;90;89;89;89;89,task:2;informational:47;navigational:5;commercial:36;transactional:10
Cafeteiras programáveis,42,13081,23;27;30;66;71;72;72;100;47;46;46;46,task:2;informational:49;navigational:7;commercial:30;transactional:12
Centrífugas e Juicers Walita,39,20644,22;24;44;71;91;92;92;100;75;74;74;74,task:5;informational:38;navigational:21;commercial:26;transactional:10
Ferramentas de Retificação,15,421,74;96;97;89;87;94;100;86;86;78;77;76,task:7;informational:50;navigational:4;commercial:25;transactional:14
Purificadores de Água Latina,33,18554,88;93;95;31;32;33;33;100;100;100;100;100,task:4;informational:45;navigational:18;commercial:24;transactional:9
cafeteiras Cadence,34,5672,77;90;95;100;86;88;88;84;91;91;91;90,task:2;informational:52;navigational:16;commercial:16;transactional:14
Tupperware Shake e Agitadores,15,166,87;92;96;90;91;95;100;86;88;88;89;90,task:7;informational:47;navigational:17;commercial:14;transactional:15
Borrifadores e pulverizadores,21,29641,18;22;23;23;99;99;100;100;100;100;100;100,task:2;informational:56;navigational:4;commercial:27;transactional:11
Expositores e Freezers para Cerveja,19,2831,71;97;100;99;87;93;94;90;92;92;92;91,task:5;informational:46;navigational:2;commercial:32;transactional:15
Leite Vaporizado para Café,19,1402,74;75;91;100;100;100;99;83;83;85;85;85,task:3;informational:75;navigational:5;commercial:10;transactional:7
cafeteiras com moedor integrado,19,1428,86;100;100;58;84;87;87;63;73;73;71;71,task:2;informational:54;navigational:4;commercial:31;transactional:9
Máquinas de Suco Zummo,16,360,96;100;100;98;61;62;62;56;57;57;57;57,task:2;informational:32;navigational:20;commercial:16;transactional:30
Bebedouros e Purificadores com Compressor,28,5443,86;98;100;59;69;71;71;86;77;77;77;77,task:2;informational:52;navigational:9;commercial:29;transactional:8
Chopeiras de Cerveja,15,587,51;68;73;71;74;79;77;89;96;100;82;83,task:10;informational:43;navigational:7;commercial:25;transactional:15
Liquidificadores Mondial 1100W,16,916,23;70;78;35;38;39;40;100;81;29;27;70,task:2;informational:41;navigational:5;commercial:28;transactional:24
Batedeiras e batedores,24,4442,41;48;49;33;98;100;100;100;96;96;95;95,task:4;informational:56;navigational:5;commercial:29;transactional:6
eletrodomésticos de cozinha,19,1940,16;21;28;41;99;100;99;54;46;46;47;47,task:2;informational:59;navigational:5;commercial:22;transactional:12
Desidratadores de Alimentos,31,12086,22;29;29;72;99;100;100;54;95;95;94;94,task:1;informational:60;navigational:5;commercial:25;transactional:9
Vaporizadores Black+Decker,18,808,69;72;70;89;87;88;88;87;88;92;91;100,task:3;informational:45;navigational:27;commercial:14;transactional:11
Espremedores de Laranja Philco,15,1451,18;24;22;32;34;33;33;32;31;25;25;100,task:3;informational:41;navigational:18;commercial:18;transactional:20
fermentadores de cerveja,19,869,89;97;100;98;78;75;75;93;76;76;76;76,task:2;informational:56;navigational:4;commercial:28;transactional:10
Bebedouros com garrafão,17,239,32;38;42;39;52;55;37;100;56;69;46;46,informational:67;navigational:5;commercial:23;transactional:5
Maquinas de Refrigerante,28,2548,31;40;37;33;39;42;43;100;44;42;43;43,task:5;informational:55;navigational:3;commercial:28;transactional:9
Máquinas de milkshake e sorvete,16,294,97;100;100;99;65;66;65;88;88;80;80;80,task:5;informational:61;navigational:4;commercial:22;transactional:8
Máquinas de Café,19,2140,41;44;45;21;21;22;23;100;22;21;22;22,task:2;informational:39;navigational:7;commercial:20;transactional:32
Misturadores Mallory e Acessórios,18,750,75;90;100;91;89;83;82;46;54;54;53;53,task:5;informational:59;navigational:3;commercial:25;transactional:8
Brunidores de Cilindro e Ferramentas,20,1968,55;66;68;60;98;100;100;65;59;59;59;58,task:3;informational:70;navigational:5;commercial:17;transactional:5
Philco e Britânia: Eletrodomésticos no Brasil,39,17891,73;79;89;96;97;97;97;96;100;100;100;100,task:2;informational:56;navigational:18;commercial:16;transactional:8
Cervejeiras Midea 96L,20,3790,87;98;100;100;80;81;82;51;52;52;53;53,task:5;informational:46;navigational:10;commercial:28;transactional:11
Misturadores de Calda Agrícolas,15,166,69;98;100;95;90;93;87;92;91;79;79;88,task:7;informational:65;navigational:2;commercial:18;transactional:8
Rebitadeiras elétricas,15,445,73;89;89;96;92;90;92;95;97;96;97;100,task:1;informational:65;navigational:4;commercial:22;transactional:8
Veja limpadores desengordurantes,34,5106,46;61;62;71;99;100;100;74;69;70;70;69,task:5;informational:47;navigational:4;commercial:36;transactional:8
Misturadores de Concreto,21,2990,41;47;48;84;87;88;88;72;100;100;100;100,task:5;informational:62;navigational:5;commercial:20;transactional:8
Moedores de Café e Pimenta,20,1555,85;99;100;52;68;72;72;51;56;56;56;56,task:8;informational:39;navigational:5;commercial:27;transactional:21
Batedeiras industriais,16,2243,67;90;94;91;89;96;92;92;100;100;100;99,task:3;informational:46;navigational:4;commercial:34;transactional:13
Máquinas de salgados,74,36734,35;37;44;63;100;100;100;92;96;96;96;96,task:2;informational:50;navigational:5;commercial:27;transactional:16
Desmoldantes para confeitaria,44,28670,15;18;27;79;97;97;97;99;100;100;100;100,task:5;informational:66;navigational:2;commercial:24;transactional:3
Máquinas de Cupcake,27,1854,88;100;100;95;42;45;46;47;53;52;53;52,task:5;informational:52;navigational:4;commercial:23;transactional:16
Batedeiras Planetárias,103,62972,55;57;58;81;100;100;100;98;96;96;96;96,task:4;informational:33;navigational:2;commercial:39;transactional:22
Boleadores de Sorvete,16,560,11;29;26;13;12;12;13;43;41;95;100;86,task:1;informational:57;navigational:4;commercial:30;transactional:8
Cafeteiras Multilaser Gourmet,17,518,50;91;100;87;68;44;40;99;81;57;53;54,task:2;informational:62;navigational:10;commercial:15;transactional:11
Bebedouros com motor de geladeira,17,874,80;84;85;83;81;90;93;81;89;95;100;100,informational:68;navigational:4;commercial:25;transactional:3
Garrafa térmica Tramontina,21,3150,65;94;99;96;91;96;99;97;100;100;100;99,task:7;informational:35;navigational:20;commercial:15;transactional:23
Umidificadores Ultrassônicos,20,1227,70;79;79;40;99;100;100;29;31;31;29;29,task:2;informational:72;navigational:6;commercial:15;transactional:5
Acessórios para Café,15,285,80;100;97;92;86;89;88;87;89;96;89;93,task:10;informational:41;navigational:1;commercial:35;transactional:13
Fervedores de Leite,16,671,75;82;83;80;74;76;76;100;54;55;55;55,task:2;informational:51;navigational:4;commercial:36;transactional:7
Processadores de Alimentos Casas Bahia,16,766,21;25;26;24;21;22;26;92;100;83;42;51,task:3;informational:27;navigational:44;commercial:8;transactional:18
Sublimação: garrafas e squeezes,17,1057,63;90;92;88;88;95;96;86;93;93;100;100,task:1;informational:64;navigational:4;commercial:29;transactional:2
Bebedouros e Purificadores Electrolux,25,2935,70;94;98;95;92;99;99;93;96;95;100;99,task:3;informational:40;navigational:19;commercial:20;transactional:18
Processadores Manuais de Alimentos,21,2551,41;22;23;28;97;100;100;36;40;41;39;39,task:2;informational:58;navigational:2;commercial:26;transactional:12
Espremedores de Laranja Walita/Philips,15,372,26;47;50;39;37;39;50;55;46;73;100;69,task:3;informational:39;navigational:5;commercial:32;transactional:21
Processadores e Cortadores de Temperos,17,466,77;35;36;56;93;95;100;60;61;58;60;58,task:10;informational:44;navigational:2;commercial:34;transactional:10
Misturadores Oster 750W,18,622,66;87;88;80;81;82;94;93;97;100;96;97,task:1;informational:51;navigational:12;commercial:24;transactional:12
Purificadores Brastemp,67,20562,98;100;46;50;60;60;60;55;57;57;57;57,task:5;informational:39;navigational:16;commercial:25;transactional:15
Panelas Mexedoras Saro,18,884,60;80;82;79;81;85;83;100;81;81;81;80,task:5;informational:42;navigational:23;commercial:14;transactional:16
Misturadores 1000W,19,702,85;93;100;98;84;87;85;88;87;88;88;87,task:10;informational:50;navigational:4;commercial:26;transactional:10
Philco all-in-one multiprocessadores,26,1806,75;87;88;86;83;85;85;87;89;88;93;100,informational:38;navigational:30;commercial:14;transactional:18
Frigelar Bebedouros,15,103,17;63;83;31;48;55;86;80;77;100;80;70,task:3;informational:31;navigational:26;commercial:18;transactional:22
Liquidificadores Britânia 900W,15,373,88;100;99;67;66;68;66;80;69;56;54;52,informational:51;navigational:29;commercial:14;transactional:6
Refrigerantes Gelados,18,387,96;100;98;59;59;66;65;70;65;71;79;70,task:5;informational:70;navigational:7;commercial:8;transactional:10
Máquinas Galoneira,33,13883,24;31;32;34;87;88;88;100;100;100;100;100,task:5;informational:49;navigational:7;commercial:24;transactional:15
Garrafas Térmicas e Tumblers,15,209,65;91;100;88;88;67;83;79;58;58;56;52,task:5;informational:48;navigational:4;commercial:33;transactional:10
Detergentes líquidos OMO,19,2284,36;52;53;100;93;96;97;90;82;82;83;83,task:5;informational:38;navigational:22;commercial:18;transactional:17
Chaleiras com Infusor para Chá,17,1723,85;99;100;49;52;55;55;59;51;51;56;57,task:7;informational:69;navigational:5;commercial:14;transactional:5
Licor e Licores,52,44556,23;25;88;94;97;97;97;100;100;100;100;100,task:5;informational:57;navigational:5;commercial:27;transactional:6
Mixers para Whey,25,1811,48;53;53;85;100;99;99;99;97;97;99;99,task:8;informational:35;navigational:3;commercial:44;transactional:10
Dispenser de Sabão Líquido para Lavanderia,16,237,32;100;34;60;58;49;33;65;60;35;33;33,task:3;informational:31;navigational:5;commercial:28;transactional:33
Chopp e Cooler,16,43,50;52;60;55;96;60;58;91;100;60;57;51,task:7;informational:57;navigational:11;commercial:25
cafeteiras e coadores de café,19,761,49;55;57;66;65;66;69;100;72;72;72;72,task:8;informational:51;navigational:4;commercial:32;transactional:5
Refrigerantes 3L,18,684,28;48;49;69;64;52;35;68;54;74;73;100,task:7;informational:36;navigational:4;commercial:39;transactional:14
Liquidificadores Oster no Magazine Luiza,15,156,15;18;21;68;72;69;47;100;77;46;59;41,task:3;informational:21;navigational:51;commercial:7;transactional:18
cafeteiras Philco,29,5025,64;76;81;87;83;83;84;100;97;97;97;96,task:5;informational:53;navigational:13;commercial:16;transactional:13
Refrigeração líquida Gamdias para PC,15,703,36;50;51;45;45;48;47;47;100;58;53;49,task:7;informational:54;navigational:1;commercial:25;transactional:13
Water Cooler para PC,32,5185,69;76;77;100;96;98;98;92;91;91;91;90,task:8;informational:64;navigational:2;commercial:20;transactional:6
Resfriadores de água e dosadores para uso comercial,17,248,100;48;49;48;44;52;49;43;49;51;52;49,task:5;informational:73;navigational:2;commercial:17;transactional:3
Sorveteira e Batedeira com KitchenAid,19,553,86;100;93;48;39;47;46;60;46;46;46;46,task:8;informational:57;navigational:5;commercial:24;transactional:6
Emulsificantes e Emustab,57,43015,36;35;86;39;97;98;98;99;100;100;100;100,task:5;informational:70;navigational:5;commercial:6;transactional:14
Misturadores Arno Turbomix 3 em 1,19,396,44;91;100;90;45;48;48;51;51;62;54;56,task:7;informational:35;navigational:13;commercial:18;transactional:27
Máquinas de Geladinho,21,4035,44;55;62;78;93;96;96;94;100;100;100;100,task:2;informational:52;navigational:2;commercial:24;transactional:20
cafeteiras italianas,16,731,67;99;99;94;93;89;87;93;100;96;95;95,task:7;informational:48;navigational:5;commercial:26;transactional:14
Máquinas de Sorvete Logrosoft,15,338,75;90;88;100;91;98;86;82;83;82;83;82,task:3;informational:33;navigational:46;commercial:9;transactional:9
Filtros de Café de Vidro,17,325,89;100;95;92;84;89;90;83;85;85;86;84,task:7;informational:49;navigational:4;commercial:28;transactional:12
Cafeteiras Portáteis,23,2417,86;99;100;99;51;55;56;59;60;60;60;59,task:8;informational:55;navigational:5;commercial:18;transactional:14
Combos de bebidas,16,781,48;64;70;53;97;96;96;98;98;100;100;100,task:8;informational:68;navigational:5;commercial:16;transactional:3
Bebidas Poty,17,11056,25;28;29;30;65;66;66;79;100;100;100;100,task:3;informational:49;navigational:30;commercial:13;transactional:5
Fritadeiras Elétricas (Air Fryers),499,584548,17;16;18;25;100;100;100;30;39;39;39;39,task:5;informational:46;navigational:2;commercial:33;transactional:14
Licores e Bebidas,17,4503,27;29;30;29;99;100;100;100;100;100;100;100,task:2;informational:70;navigational:13;commercial:10;transactional:5
Aromatizadores de Ambiente Automáticos,23,2418,84;99;100;100;62;64;66;76;77;77;78;77,task:2;informational:49;navigational:4;commercial:35;transactional:10
Máquinas de polpa de frutas,22,5302,32;38;39;30;52;54;56;100;95;95;93;93,task:2;informational:57;navigational:4;commercial:26;transactional:11
Shakers e garrafas para shakes,16,9656,25;29;30;98;98;99;99;99;100;100;100;100,task:5;informational:33;navigational:4;commercial:42;transactional:16
Espremedores de laranja Arno,17,779,65;92;100;93;80;83;83;78;82;82;81;81,task:7;informational:32;navigational:11;commercial:29;transactional:21
Processadores Fun Kitchen,18,738,25;28;35;24;53;52;51;100;72;42;39;41,task:5;informational:58;navigational:5;commercial:22;transactional:10
vodka Ketel One,22,11169,15;20;21;58;98;100;100;82;92;92;91;91,task:2;informational:55;navigational:15;commercial:21;transactional:7
garrafas térmicas Modus,18,5476,72;88;91;54;62;63;63;100;90;91;91;90,task:2;informational:58;navigational:10;commercial:23;transactional:7
Tecno Eletrodomésticos,19,511,38;46;49;47;58;60;60;100;77;85;52;51,task:12;informational:40;navigational:11;commercial:30;transactional:7
Misturadores e Torneiras de Banheiro,15,542,26;36;39;38;40;84;54;100;100;77;85;91,task:3;informational:49;navigational:8;commercial:30;transactional:10
cafés descafeinados,17,157,45;47;48;48;48;100;69;51;50;53;53;54,task:8;informational:62;navigational:3;commercial:23;transactional:4
Vaporizadores e Umidificadores,24,3110,28;37;43;39;100;99;99;94;97;97;96;96,task:2;informational:59;navigational:8;commercial:24;transactional:7
Dessecadores de laboratório,23,4456,13;14;15;14;27;28;28;98;100;100;100;100,task:5;informational:68;navigational:5;commercial:16;transactional:6
Robôs Aspiradores Liectroux,20,5088,72;85;87;86;52;56;57;97;100;100;98;98,task:5;informational:45;navigational:18;commercial:15;transactional:17
Copos e Jarras Oster para Liquidificador,21,6831,90;98;100;49;47;48;48;70;71;70;71;70,task:2;informational:47;navigational:10;commercial:16;transactional:25
Máquinas de gelo saborizado,20,1911,38;42;44;29;34;36;36;97;100;100;98;97,task:2;informational:58;navigational:2;commercial:30;transactional:8
Mixers no Mercado Livre,17,572,33;48;49;47;75;67;51;56;49;93;100;93,task:3;informational:21;navigational:51;commercial:11;transactional:14
Bebidas destiladas,51,42822,42;40;62;82;90;90;91;100;91;91;91;90,task:5;informational:71;navigational:5;commercial:11;transactional:8
Amassador de Latinhas,21,6598,39;51;53;57;99;100;100;85;83;83;84;84,task:2;informational:65;navigational:10;commercial:11;transactional:12
Coolers de cerveja,24,8518,89;97;100;49;79;80;80;84;84;84;84;83,task:5;informational:59;navigational:5;commercial:22;transactional:9
Dichavadores e acessórios para maconha,30,10900,69;77;79;78;96;98;98;95;100;100;100;99,task:2;informational:46;navigational:10;commercial:22;transactional:20
Profitec Espresso,15,175,84;92;97;97;81;83;83;98;98;100;100;100,task:1;informational:34;navigational:53;commercial:8;transactional:4
Plastificadoras laminadoras,17,320,50;54;60;75;65;66;72;67;100;98;99;98,task:2;informational:59;navigational:2;commercial:28;transactional:9
NutriBullet: liquidificadores e mixers,17,1580,84;99;100;93;57;60;59;53;51;51;50;49,task:2;informational:50;navigational:20;commercial:18;transactional:10
Geladeiras para Chopp,18,701,22;83;91;73;73;71;54;66;52;75;74;100,task:3;informational:38;navigational:4;commercial:38;transactional:17
Máquinas de casquinha de sorvete,18,1200,43;45;45;57;72;77;77;100;39;38;39;39,task:4;informational:62;navigational:3;commercial:17;transactional:14
Homogeneizadores industriais,21,2955,77;79;82;94;98;99;99;90;100;100;100;100,task:5;informational:70;navigational:5;commercial:16;transactional:4
Máquinas de churros,19,3300,64;86;100;98;94;97;99;89;89;89;86;85,task:8;informational:57;navigational:3;commercial:18;transactional:14
Nespresso Vertuo Brasil,35,9947,33;43;45;49;88;89;89;92;100;100;100;99,task:2;informational:38;navigational:30;commercial:18;transactional:12
Processadores de Alimentos Rosa 12 em 1,16,1574,12;31;35;27;27;17;29;11;11;16;100;100,task:3;informational:34;navigational:5;commercial:39;transactional:19
Mate Gasificado,15,871,51;92;91;87;87;89;89;96;100;100;100;100,task:3;informational:56;navigational:17;commercial:17;transactional:7
Prensas de Caneca e Sublimação,17,703,71;92;92;90;80;85;86;100;92;92;87;88,task:3;informational:52;navigational:1;commercial:35;transactional:9
Batedeiras de Mão e Portáteis,19,2881,84;99;100;52;51;54;54;53;55;54;54;54,task:2;informational:49;navigational:9;commercial:30;transactional:10
Máquina de churros,16,100,64;78;79;77;81;100;45;99;37;39;37;37,task:3;informational:54;navigational:5;commercial:27;transactional:11
Mix de Eletrodomésticos,15,366,7;100;93;83;83;61;43;56;36;57;54;57,task:3;informational:42;navigational:4;commercial:43;transactional:8
Dosadores e Dispensers de Detergente,20,1430,86;99;100;98;97;100;100;51;72;74;73;72,task:5;informational:47;navigational:5;commercial:24;transactional:19
Máquinas de Bater Açaí,16,861,86;98;100;52;51;53;54;65;65;65;65;64,task:5;informational:38;navigational:2;commercial:30;transactional:25
Chaleiras elétricas,93,51885,48;49;51;57;100;100;100;64;63;63;63;63,task:8;informational:37;navigational:4;commercial:35;transactional:16
Depuradores Slim Touch,16,333,68;95;100;91;69;69;69;42;66;77;41;41,task:2;informational:22;navigational:22;commercial:15;transactional:39
Retificadoras portáteis: mini e micro,20,948,89;53;55;72;71;73;72;96;77;77;100;100,task:2;informational:48;navigational:7;commercial:36;transactional:7
Processadores Industriais de Alimentos,25,5974,75;87;89;56;65;69;69;67;100;100;100;100,task:5;informational:58;navigational:5;commercial:25;transactional:7
Panelas Mexedoras Progas,17,280,50;90;93;82;76;84;80;55;89;100;69;66,task:3;informational:29;navigational:35;commercial:20;transactional:13
Cafeteiras Oster Compacta,16,130,10;33;37;29;28;33;59;65;60;100;86;17,task:3;informational:51;navigational:8;commercial:15;transactional:23
Canecas Sublimadas,17,443,73;100;94;91;91;86;87;91;85;84;85;84,task:7;informational:48;navigational:1;commercial:27;transactional:17
Cafeteira e Moedor Cuisinart,16,248,30;59;62;51;41;45;44;100;94;34;33;33,task:7;informational:35;navigational:5;commercial:37;transactional:16
Tintas Liquibrilho 18L,17,3809,24;27;88;91;91;96;93;97;100;96;96;100,task:5;informational:33;navigational:4;commercial:38;transactional:20
Aparelhos de Chá e Café,18,321,36;52;51;47;44;46;47;36;35;100;45;46,task:7;informational:43;navigational:4;commercial:34;transactional:12
Geladeiras Expositoras de Bebidas,19,1610,85;99;100;64;57;60;61;55;47;50;47;46,task:5;informational:49;navigational:1;commercial:37;transactional:8
Máquinas para Beneficiar Café,25,1617,55;65;66;77;98;100;100;83;72;72;70;70,task:2;informational:57;navigational:4;commercial:23;transactional:14
Refrigeradores Frigocopa,15,612,8;12;15;44;44;15;15;21;16;100;97;78,task:3;informational:31;navigational:31;commercial:17;transactional:18
Refrigeradores com adega,15,269,68;95;94;87;87;78;74;90;87;100;98;96,task:3;informational:61;navigational:1;commercial:31;transactional:4
Bebidas Pretas,17,1402,41;43;41;40;73;74;69;99;100;99;100;100,task:8;informational:75;navigational:5;commercial:10;transactional:2
Glicerina 1 Litro,16,205,12;23;28;24;61;85;51;14;14;82;81;100,task:21;informational:19;navigational:4;commercial:28;transactional:28
Panelas Cervejeiras Automatizadas,17,301,70;100;100;94;93;81;82;83;80;80;80;80,task:10;informational:55;navigational:4;commercial:22;transactional:9
Chaleiras elétricas portáteis,16,812,67;90;93;90;84;94;95;84;100;100;92;93,task:10;informational:55;navigational:5;commercial:26;transactional:4
Refrigerantes Pureza,20,1034,66;78;81;83;82;76;76;93;93;98;100;98,task:5;informational:59;navigational:15;commercial:13;transactional:8
Jarras purificadoras de água,24,1258,85;100;100;96;71;76;76;76;70;70;70;70,task:5;informational:49;navigational:4;commercial:31;transactional:11
Garrafa Contigo Térmica,16,5339,65;92;100;100;97;100;100;89;91;90;92;91,task:7;informational:29;navigational:7;commercial:33;transactional:24
Steamer e Vaporização Industrial,22,9643,13;19;19;78;99;100;100;91;88;88;88;88,task:5;informational:52;navigational:4;commercial:31;transactional:8
Batedeiras vermelhas,15,362,23;28;30;27;28;28;26;100;94;30;29;29,task:10;informational:52;navigational:8;commercial:21;transactional:9
Depuradores embutidos para cozinha,18,472,39;54;100;84;72;55;53;56;62;62;77;80,task:7;informational:47;navigational:11;commercial:25;transactional:10
Purificadores de água Purific,18,2479,85;99;100;52;53;56;56;56;54;54;58;57,task:3;informational:26;navigational:12;commercial:21;transactional:38
Bebidas Alcoólicas Online,20,1829,73;76;87;92;99;100;100;91;91;94;94;93,task:5;informational:48;navigational:9;commercial:25;transactional:13
Descascadores de Laranja,17,2519,84;99;100;52;65;68;69;54;55;55;53;52,task:2;informational:52;navigational:10;commercial:16;transactional:20
Batedeiras KitchenAid 220V,21,1365,90;100;100;50;61;64;63;93;95;94;94;94,task:3;informational:49;navigational:4;commercial:25;transactional:19
Ninja Eletrodomésticos,24,49619,14;97;99;17;18;18;18;100;100;100;100;100,task:5;informational:47;navigational:15;commercial:21;transactional:12
Lavadoras de roupas com centrifuga,16,611,16;62;67;55;66;42;47;100;77;87;80;71,task:1;informational:65;navigational:4;commercial:24;transactional:6
Máquinas de Açaí Expresso,25,4626,59;65;66;37;43;45;45;100;91;91;91;91,task:3;informational:37;navigational:2;commercial:35;transactional:23
Limonada purgativa,27,8853,22;25;36;48;94;95;95;100;95;95;95;94,task:8;informational:78;navigational:7;commercial:5;transactional:2
Baldes com Espremedor para Limpeza,18,683,66;90;92;87;83;90;91;88;100;100;90;91,task:3;informational:47;navigational:5;commercial:30;transactional:15
Refrigerantes em garrafa de 1 litro,21,3632,63;88;93;92;94;96;98;94;100;100;100;99,task:8;informational:53;navigational:1;commercial:35;transactional:3
Cafeteiras Elétricas 110–220V,21,1225,91;100;100;48;66;68;65;63;57;61;50;50,task:8;informational:47;navigational:2;commercial:41;transactional:2
Consul - Purificadores de Água,24,3559,83;98;100;64;69;72;73;72;68;67;65;65,task:5;informational:42;navigational:14;commercial:26;transactional:13
Expositores Refrigerados Usados,16,1060,83;99;100;100;68;73;73;55;49;49;49;49,task:5;informational:41;navigational:6;commercial:34;transactional:14
cafeteiras de inox,32,8148,86;94;100;100;94;96;96;92;93;93;93;93,task:3;informational:48;navigational:6;commercial:38;transactional:5
Abridores de vinho elétricos,18,875,75;95;100;98;93;100;100;91;94;94;95;94,task:3;informational:28;navigational:1;commercial:47;transactional:21
Batedeiras Cadence,15,596,72;94;91;87;86;93;93;84;94;96;99;100,task:3;informational:47;navigational:18;commercial:19;transactional:13
Cervejeiras Electrolux,17,5012,73;87;90;90;94;95;95;100;58;58;59;58,task:3;informational:53;navigational:15;commercial:10;transactional:19
Destilação: equipamentos e exemplos,20,4175,97;100;100;88;86;87;87;71;73;73;73;73,task:8;informational:68;navigational:7;commercial:12;transactional:5
Panelas e pipoqueiras para pipoca,22,6934,20;27;28;29;29;31;31;34;100;100;100;100,task:5;informational:41;navigational:4;commercial:35;transactional:15
Batedeiras para massas pesadas,18,807,33;37;39;89;94;93;92;100;79;78;80;79,task:2;informational:58;navigational:5;commercial:22;transactional:13
Torradores de Café,30,6192,86;100;59;81;86;87;88;89;82;82;81;81,task:1;informational:61;navigational:4;commercial:26;transactional:8
Trituradores e processadores de alimentos,22,1454,72;83;50;67;96;100;100;47;56;57;57;55,task:2;informational:73;navigational:6;commercial:13;transactional:6
Utensílios de brigadeiro,15,89,36;49;63;62;78;86;48;100;83;37;38;37,task:3;informational:56;navigational:4;commercial:21;transactional:16
Dispenser de shampoo e condicionador,16,392,75;100;96;95;87;87;86;71;72;72;79;79,task:3;informational:54;navigational:18;commercial:19;transactional:6
Limpeza de máquinas,18,1041,18;20;28;38;51;51;51;95;95;100;100;99,task:2;informational:68;navigational:5;commercial:15;transactional:10
Arrolhadores de garrafas,15,94,76;91;100;98;98;99;97;97;96;93;92;92,task:13;informational:36;navigational:1;commercial:28;transactional:22
Batedeiras Arno,16,156,49;54;56;93;100;91;52;47;41;42;42;49,task:7;informational:47;navigational:18;commercial:16;transactional:12
Brinox: Utensílios de Cozinha,16,738,26;34;34;34;35;38;37;54;46;100;88;97,task:1;informational:30;navigational:41;commercial:12;transactional:16
Bebidas Prontas em Lata,20,1578,59;32;36;52;67;68;68;100;73;87;75;74,task:3;informational:76;navigational:6;commercial:12;transactional:3
Cervejeiras Slim,17,371,45;67;69;66;55;54;50;100;90;58;57;56,task:7;informational:32;navigational:11;commercial:35;transactional:15
Depuradores de Embutir,26,5018,79;93;100;100;92;94;95;93;97;96;96;95,task:3;informational:42;navigational:12;commercial:25;transactional:18
Laboratório: Agitadores e Vórtices,20,858,39;42;41;100;100;100;100;86;73;73;73;73,task:2;informational:77;navigational:5;commercial:13;transactional:3
Desborbulhadores e acessórios automotivos,20,1184,42;46;90;100;98;100;100;94;72;73;73;72,task:9;informational:60;navigational:5;commercial:18;transactional:8
Dispenser de Balas e Doces,15,38,31;100;87;38;38;42;80;43;42;37;36;39,task:17;informational:44;navigational:8;commercial:21;transactional:10
Licor de limoncino,17,1867,53;57;58;58;50;51;51;98;100;100;100;100,task:5;informational:52;navigational:9;commercial:28;transactional:6
Máquinas de Cozinha Automatizadas,18,138,27;31;38;35;35;36;68;100;87;44;44;44,task:4;informational:65;navigational:1;commercial:23;transactional:7
Processadores e liquidificadores 1000W,15,299,39;43;45;39;39;40;41;100;76;37;35;39,task:2;informational:42;navigational:4;commercial:41;transactional:11
Mixer 600W 3 em 1 no Brasil,16,889,78;96;100;65;63;64;64;74;70;70;74;90,task:2;informational:59;navigational:5;commercial:22;transactional:12
Pipoqueiras Elétricas CinePop,17,5852,89;97;100;94;42;43;43;45;45;45;44;44,task:8;informational:44;navigational:25;commercial:15;transactional:8
Batedeiras Mondial no Brasil,19,345,54;83;88;76;65;69;68;100;89;73;63;64,task:7;informational:49;navigational:5;commercial:23;transactional:16
Bebedouros Industriais,16,116,57;60;63;59;58;59;100;65;64;61;62;61,task:3;informational:39;navigational:11;commercial:35;transactional:12
Empórios de Bebidas,15,906,56;82;87;85;82;83;84;100;99;99;100;96,task:3;informational:31;navigational:27;commercial:29;transactional:10
Processadores de Alimentos Industriais,16,444,57;66;69;63;63;66;67;84;85;69;92;100,task:3;informational:56;navigational:12;commercial:22;transactional:7
cafeteras y máquinas de café,18,575,60;88;92;88;86;90;98;94;95;93;100;99,task:3;informational:52;navigational:1;commercial:29;transactional:15
Refrigerantes Light Coca‑Cola,20,3025,32;100;93;85;79;80;80;77;80;80;79;79,task:5;informational:65;navigational:5;commercial:17;transactional:8
Fatiadores de frios,37,11936,95;100;47;61;59;60;61;66;68;68;68;68,task:5;informational:45;navigational:1;commercial:30;transactional:19
Dispositivos de desengasgamento,23,8626,14;20;21;19;48;49;49;83;86;86;100;100,task:7;informational:69;navigational:5;commercial:16;transactional:3
Praxis Eletrodomésticos,16,533,70;58;59;100;94;83;78;91;82;59;58;72,task:5;informational:48;navigational:23;commercial:13;transactional:11
Britânia: processadores e mixers,46,6913,93;98;100;100;95;96;96;44;44;44;44;43,task:2;informational:57;navigational:5;commercial:12;transactional:24
Enchedoras de Linguiça,16,1066,39;45;53;39;84;92;92;97;100;99;99;100,task:8;informational:51;navigational:2;commercial:15;transactional:24
Defumados para temperos,64,31063,51;54;78;89;98;98;98;100;99;99;99;98,task:2;informational:70;navigational:3;commercial:15;transactional:10
Suqueiras de vidro,17,5904,76;92;99;97;96;98;98;100;100;100;100;99,task:7;informational:36;navigational:5;commercial:30;transactional:22
Cajé e Equipamentos,16,889,24;67;59;100;97;97;91;64;64;79;78;82,task:4;informational:10;navigational:73;commercial:7;transactional:6
batedeiras planetárias Electrolux,20,2972,54;82;85;83;68;73;74;69;85;91;100;95,task:3;informational:47;navigational:16;commercial:18;transactional:16
Máquinas para Gastronomia,17,613,63;86;86;79;81;90;89;91;100;100;94;93,task:4;informational:33;navigational:23;commercial:17;transactional:23
Cappuccino e Máquinas de Café,46,9426,50;57;61;83;99;100;100;96;92;92;92;91,task:3;informational:52;navigational:4;commercial:29;transactional:12
Chaleiras Brinox,18,530,62;93;100;89;91;66;66;73;79;79;69;71,task:3;informational:48;navigational:15;commercial:16;transactional:18
Cafeteira e Sanduicheira,17,207,14;17;18;15;15;15;25;100;65;17;18;16,task:3;informational:47;navigational:4;commercial:33;transactional:13
Lubrificadores automáticos,15,70,66;65;73;76;90;90;92;92;99;100;100;100,task:3;informational:68;navigational:5;commercial:20;transactional:4
Licoreiras de Cristal,15,624,46;46;47;46;42;57;55;53;54;100;93;93,task:7;informational:47;navigational:4;commercial:28;transactional:14
Dispensadores de Molho,16,194,48;79;100;85;84;93;89;63;62;49;49;49,informational:66;navigational:5;commercial:18;transactional:11
Distral Sorvetes e Máquinas,15,336,69;100;87;79;82;88;86;95;91;90;92;90,task:3;informational:34;navigational:35;commercial:16;transactional:12
Chaleiras elétricas com controle de temperatura Cadence,26,11183,91;100;47;48;61;62;62;66;100;100;100;100,task:5;informational:51;navigational:8;commercial:26;transactional:10
Cafeteiras e eletrodomésticos para casa,15,281,17;100;92;52;24;25;34;46;32;23;23;25,task:5;informational:38;navigational:13;commercial:38;transactional:6
Gabinetes Lian Li Lancool,15,358,10;21;20;18;26;16;21;18;100;37;30;17,informational:54;navigational:18;commercial:18;transactional:10
Refrigerantes Xereta,20,7835,85;93;94;93;27;30;30;99;99;100;100;100,task:3;informational:45;navigational:16;commercial:21;transactional:15
Mixer Elgin 3 em 1,25,2745,65;81;83;84;99;100;100;94;80;80;80;80,task:2;informational:48;navigational:13;commercial:15;transactional:22
Difusores e Aromatizadores Elétricos,64,23535,24;26;28;47;100;100;100;83;70;70;70;70,task:2;informational:47;navigational:7;commercial:34;transactional:10
Misteiras e Eletrodomésticos,16,4024,64;90;96;96;94;96;98;98;100;100;100;99,task:7;informational:45;navigational:11;commercial:30;transactional:7
Cafeteiras Dolce Gusto Infinissima,15,101,63;74;67;61;83;86;97;100;60;63;49;50,task:3;informational:57;navigational:18;commercial:15;transactional:7
Tamper de Café,19,837,56;60;61;92;92;93;94;95;97;100;97;97,task:3;informational:52;navigational:9;commercial:26;transactional:10
Máquinas de picolé e sorvete,27,3874,34;40;41;50;80;81;84;100;100;100;100;99,task:5;informational:55;navigational:8;commercial:21;transactional:11
Espessantes alimentares,67,37733,23;30;31;79;85;85;85;100;97;97;97;97,task:2;informational:68;navigational:5;commercial:21;transactional:4
Máquinas de Sorvete Taylor,26,3006,32;39;40;68;75;78;79;100;93;93;92;92,task:2;informational:42;navigational:14;commercial:25;transactional:17
Centrífugas Industriais,17,757,35;36;37;60;100;100;100;61;97;97;99;97,task:2;informational:70;navigational:5;commercial:15;transactional:8
Batedeiras Arno e eletroportáteis de cozinha,29,11090,100;41;45;45;46;46;46;40;40;40;40;39,task:2;informational:50;navigational:10;commercial:28;transactional:10
Máquinas para Linguiça,26,5909,56;36;39;63;96;98;100;100;100;100;100;100,task:5;informational:54;navigational:4;commercial:23;transactional:14
Difusores de aromas,35,7624,25;31;33;100;36;36;37;43;42;42;42;42,task:2;informational:67;navigational:5;commercial:17;transactional:9
Moedores de Café Industriais,22,1719,50;54;49;56;95;98;98;91;100;100;98;98,task:2;informational:60;navigational:5;commercial:22;transactional:11
Abridores de Latas e Garrafas,21,3975,58;78;95;100;70;74;75;61;75;75;74;74,task:2;informational:71;navigational:5;commercial:14;transactional:8
Torradeiras elétricas,37,12648,100;45;49;52;71;71;71;61;62;62;62;62,task:2;informational:35;navigational:4;commercial:40;transactional:19
Growlers de Cerveja,22,9443,36;41;42;78;33;35;35;100;100;100;100;100,task:2;informational:64;navigational:6;commercial:18;transactional:10
Chopeiras Philco e Acessórios,16,345,33;45;46;44;44;79;68;67;93;100;41;40,task:1;informational:37;navigational:43;commercial:6;transactional:13
Máquinas de Sorvete Cuisinart,17,2461,87;100;100;95;83;86;86;80;78;78;81;81,task:2;informational:66;navigational:6;commercial:13;transactional:13
Latas de Refrigerante,25,2893,55;68;79;89;96;98;99;99;99;100;97;96,task:5;informational:57;navigational:2;commercial:24;transactional:12
Liquidificadores Philips Walita Ri7630,16,87,13;23;22;50;50;22;16;100;83;22;27;27,task:3;informational:44;navigational:18;commercial:18;transactional:17
caf e moedores de carne,17,626,54;78;80;77;75;81;83;78;93;100;84;82,task:3;informational:38;navigational:18;commercial:26;transactional:15
Máquinas de Colheita de Café,32,4104,46;54;56;63;76;79;82;100;90;90;91;90,task:5;informational:49;navigational:5;commercial:22;transactional:19
Refrigerantes de limão,16,2139,27;30;31;55;69;69;71;98;97;100;100;99,task:5;informational:75;navigational:3;commercial:15;transactional:2
Purificadores de água com compressor,24,11349,39;46;47;46;90;91;91;100;78;78;78;78,task:8;informational:51;navigational:4;commercial:33;transactional:4
Cervejeiras e Refrigeradores de Bebidas,24,3258,54;70;53;61;94;96;96;100;98;98;98;98,task:5;informational:34;navigational:3;commercial:45;transactional:13
Mini refrigerante e latas de Coca-Cola,21,1065,58;98;99;85;85;90;90;98;99;98;100;99,task:10;informational:54;navigational:4;commercial:25;transactional:7
Moedores KingRinder,15,450,95;100;100;98;96;98;99;62;62;63;62;62,task:2;informational:56;navigational:19;commercial:18;transactional:5
Garrafa térmica Coleman,15,809,62;89;92;87;79;83;84;100;90;90;83;86,task:3;informational:45;navigational:11;commercial:26;transactional:15
Tanquinhos 2 em 1 com centrífuga,40,21095,42;44;21;24;100;100;100;94;51;51;51;51,task:8;informational:46;navigational:5;commercial:24;transactional:17
Mistureira/Masseira para salgados,15,261,66;93;87;83;83;80;81;82;100;100;85;84,task:3;informational:60;navigational:5;commercial:18;transactional:14
Air Fryer e Liquidificador no Brasil,18,1366,76;89;91;88;85;87;89;100;47;47;47;47,task:5;informational:42;navigational:9;commercial:14;transactional:30
Prensas de Sublimação,17,1379,86;99;100;59;59;63;65;64;63;63;63;63,task:1;informational:58;navigational:14;commercial:15;transactional:12
Máquinas e cilindros para massa de pastel,20,289,32;55;58;61;66;77;59;100;85;74;67;26,task:2;informational:50;navigational:3;commercial:31;transactional:14
Garrafa Squeeze e Acessórios,42,51470,18;21;23;37;98;99;99;99;100;100;100;100,task:7;informational:49;navigational:4;commercial:31;transactional:9
Bicos dosadores para garrafas,17,1693,77;92;93;89;50;59;51;71;79;83;98;100,task:12;informational:40;navigational:2;commercial:33;transactional:13
Bater claras em neve com liquidificador/mixer,19,2070,96;98;97;100;89;89;89;84;87;87;87;87,task:10;informational:72;navigational:8;commercial:8;transactional:2
Bebedouros de Água Gelada,19,5308,67;80;85;89;42;44;45;99;100;100;100;99,task:2;informational:56;navigational:9;commercial:27;transactional:6
Bules elétricos para cafeteira,16,592,83;98;100;92;88;90;100;95;78;47;48;50,task:2;informational:38;navigational:2;commercial:34;transactional:24
Coqueteleiras Boston,16,221,44;52;52;52;50;53;51;85;100;56;53;67,task:7;informational:47;navigational:4;commercial:31;transactional:11
Passadeiras e vaporizadores Mondial,24,1421,49;64;66;75;80;84;84;100;81;81;77;76,task:2;informational:51;navigational:25;commercial:15;transactional:7
Garrafa Térmica e Acessórios,18,1455,62;90;92;90;87;93;91;99;97;96;100;100,task:10;informational:43;navigational:5;commercial:22;transactional:20
Trocadores de Calor e Chillers para Cerveja Caseira,17,267,39;40;44;60;59;59;59;100;100;100;100;100,task:3;informational:60;navigational:4;commercial:27;transactional:6
Purificadores de Água Philco,21,1403,53;74;75;73;75;79;80;100;88;88;86;85,task:7;informational:41;navigational:18;commercial:14;transactional:20
Crepeiras Elétricas,17,1255,54;69;70;69;57;60;62;58;59;81;100;100,task:7;informational:36;navigational:4;commercial:30;transactional:23
Vapes e Canetas de THC,35,7848,91;97;100;48;68;69;69;58;59;59;59;58,task:1;informational:68;navigational:6;commercial:19;transactional:6
Dispenser de Sabão Automático,18,720,73;100;100;93;81;87;83;80;80;81;82;81,task:10;informational:49;navigational:1;commercial:26;transactional:14
Xícaras de Café,16,198,70;100;100;93;68;71;61;52;53;53;53;53,task:7;informational:55;navigational:6;commercial:27;transactional:5
Chopeiras e Máquinas de Chopp,17,1336,44;48;52;50;45;45;54;54;59;67;100;100,task:8;informational:49;navigational:4;commercial:23;transactional:16
batedores de bolo,24,11552,13;64;64;70;96;97;98;100;99;100;100;100,task:5;informational:65;navigational:5;commercial:16;transactional:9
Suco e Sucos de Frutas,92,45464,23;23;23;100;96;97;97;73;60;60;60;60,task:2;informational:76;navigational:5;commercial:13;transactional:4
Cafeteiras Brancas,15,585,60;89;89;84;70;83;73;75;75;73;74;100,task:3;informational:53;navigational:4;commercial:29;transactional:11
Acessórios para sabonete líquido,20,9191,92;97;100;47;47;47;47;45;46;46;46;46,task:5;informational:49;navigational:4;commercial:34;transactional:8
Chaleiras Elétricas Brancas,16,559,43;96;100;81;77;52;65;43;42;54;57;82,task:7;informational:49;navigational:5;commercial:27;transactional:12
Vitrificadores de Plástico,31,10290,26;32;32;32;34;35;35;99;100;100;100;100,task:2;informational:63;navigational:5;commercial:16;transactional:14
Batedeiras Kenwood KMix,16,1048,74;90;91;56;55;58;59;95;94;97;96;100,task:2;informational:46;navigational:12;commercial:34;transactional:6
Máquinas de Sorvete Tecsoft,17,415,93;98;100;98;60;61;61;60;61;61;61;72,task:2;informational:22;navigational:28;commercial:40;transactional:8
Aromatizadores elétricos de ambiente,19,401,67;72;74;74;90;100;100;73;73;76;75;75,task:5;informational:46;navigational:7;commercial:32;transactional:10
Copos e garrafas térmicas,22,1738,86;100;55;54;62;64;64;88;93;93;95;94,task:8;informational:64;navigational:2;commercial:21;transactional:5
Filtros de Café e Coadores,35,12409,65;73;78;93;99;100;100;98;100;100;100;100,task:5;informational:69;navigational:5;commercial:13;transactional:8
Chopeiras e Bierhaus,15,40,40;77;100;88;88;77;98;71;70;58;57;57,task:5;informational:67;navigational:11;commercial:14;transactional:3
Bebedouros de água 20 litros,15,576,42;64;66;61;58;60;84;100;75;84;65;86,task:10;informational:22;navigational:4;commercial:46;transactional:18
Melhores Cafeteiras Elétricas,21,3910,26;30;31;21;78;80;79;100;100;100;100;100,task:2;informational:28;navigational:3;commercial:62;transactional:5
Máquinas de sorvete Refriarte,15,97,86;92;100;100;92;94;94;92;93;93;93;93,task:3;informational:12;navigational:65;commercial:7;transactional:13
Peças Walita e Philips,19,723,86;100;100;53;51;51;51;51;47;48;51;48,task:2;informational:36;navigational:12;commercial:36;transactional:14
Purificadores Electrolux,18,467,42;51;53;51;53;73;53;78;74;50;86;100,task:3;informational:39;navigational:10;commercial:20;transactional:28
Delonghi Dedica - Máquinas de Espresso,18,1082,42;46;47;42;78;79;82;100;89;77;77;77,task:2;informational:59;navigational:10;commercial:13;transactional:16
Espremedores de batata,22,8387,73;83;43;54;99;100;100;94;91;91;90;90,task:5;informational:53;navigational:4;commercial:27;transactional:11
Recipientes e Acessórios para Bebidas,17,1058,63;98;100;97;91;94;96;100;98;98;98;98,task:7;informational:31;navigational:15;commercial:28;transactional:19
Capsulas de Café Reutilizáveis,31,2821,89;99;100;53;65;68;69;50;54;54;54;53,task:8;informational:48;navigational:2;commercial:29;transactional:13
Bosch Retificadoras e Micro Retificadoras,16,390,76;100;96;90;80;87;79;78;84;81;80;77,task:3;informational:39;navigational:32;commercial:18;transactional:8
Máquinas de Café Ariete,15,213,64;78;81;82;82;85;100;94;96;96;96;96,task:10;informational:37;navigational:15;commercial:18;transactional:20
Máquinas Nespresso Lattissima,24,1585,85;100;100;98;70;73;73;49;63;67;61;60,task:5;informational:59;navigational:13;commercial:10;transactional:13
Vaporizadores e Higienizadores para Limpeza,62,18641,27;32;34;92;100;100;100;95;90;90;90;90,task:5;informational:44;navigational:5;commercial:28;transactional:18
Centrífugas e processadores Mondial,15,304,44;52;57;50;46;47;46;100;82;50;49;73,task:3;informational:53;navigational:18;commercial:16;transactional:10
Fritadeiras Digitais,16,1323,61;86;91;85;87;93;94;100;91;91;91;89,task:7;informational:50;navigational:1;commercial:32;transactional:10
Copos de licor,21,2374,39;19;21;20;34;33;35;100;92;95;81;82,task:2;informational:54;navigational:9;commercial:31;transactional:4
Água Desmineralizada 5L,15,284,31;81;83;36;40;100;74;35;35;89;82;74,task:10;informational:26;navigational:4;commercial:32;transactional:28
Dispensadores de água para galão,15,222,11;26;26;18;19;22;23;100;77;18;18;19,task:10;informational:37;navigational:5;commercial:34;transactional:14
Copos Térmicos com Canudo e Alça,15,613,60;94;95;91;78;67;75;86;100;100;100;100,task:3;informational:43;navigational:1;commercial:33;transactional:20
Maquinas de Salgados Interlaser e Jetfood,17,1151,44;56;56;75;97;100;94;71;92;92;95;95,task:5;informational:26;navigational:25;commercial:16;transactional:28
Suqueiras de vidro 2 litros,15,687,12;31;32;42;58;59;75;14;15;100;82;88,task:7;informational:49;navigational:1;commercial:32;transactional:11
Batedeiras planetárias de 5 litros,16,222,45;54;60;96;96;97;100;52;52;67;66;67,task:7;informational:33;navigational:1;commercial:41;transactional:18
Melhores multiprocessadores de alimentos,17,1881,35;17;36;37;98;100;96;87;86;87;87;96,task:3;informational:17;commercial:68;transactional:12
Condimentadoras para pizzaria,17,809,73;97;100;96;93;98;97;95;97;97;98;96,task:3;informational:50;navigational:11;commercial:22;transactional:14
Batedeiras Planetárias Braesi,16,263,59;90;100;78;77;68;66;71;74;60;60;60,task:3;informational:49;navigational:18;commercial:19;transactional:11
Coifas e Depuradores de Fogão,53,10974,73;80;86;94;99;100;100;89;91;91;91;91,task:2;informational:69;navigational:10;commercial:16;transactional:3
Cafeteiras Universais,15,553,14;26;28;21;20;21;15;19;18;100;96;90,task:3;informational:39;navigational:21;commercial:29;transactional:8
Ariete Vintage Eletrodomésticos,21,3562,81;98;100;56;56;58;58;59;60;58;58;57,task:2;informational:50;navigational:20;commercial:8;transactional:20
Filtros de Café Cerâmicos,15,289,96;100;99;60;60;62;65;64;63;63;64;63,task:2;informational:65;navigational:5;commercial:20;transactional:8
Máquinas de Café Nespresso,19,487,16;24;30;33;47;60;55;100;82;88;52;52,task:2;informational:54;navigational:10;commercial:26;transactional:8
Fritadeiras Lenoxx,16,134,79;95;99;87;77;100;95;85;83;78;81;79,task:7;informational:28;navigational:34;commercial:22;transactional:9
Maquinas de Massa para Salgados,22,1807,43;55;68;100;93;96;92;98;82;82;79;79,task:5;informational:48;navigational:5;commercial:24;transactional:18
Garrafa Térmica e Acessórios de Café,21,1453,86;99;100;49;43;46;44;45;46;46;47;47,task:2;informational:61;navigational:6;commercial:18;transactional:13
Processadores de Legumes Elétricos,17,1049,57;72;74;88;100;100;96;64;70;74;69;70,task:5;informational:54;navigational:2;commercial:26;transactional:13
Fluidos para máquina de fumaça,29,5371,31;35;26;59;100;100;100;84;89;89;89;89,task:6;informational:48;navigational:5;commercial:21;transactional:20
Geladeiras/Frigobares Red Bull,20,3359,65;93;98;96;92;99;96;94;100;100;100;100,task:2;informational:45;navigational:7;commercial:36;transactional:10
Equipamentos e Máquinas,17,9735,27;32;100;82;82;83;83;83;84;83;84;83,task:2;informational:68;navigational:5;commercial:19;transactional:6
limpeza de eletrônicos com álcool,24,1371,35;36;36;93;93;93;93;89;99;100;100;99,task:2;informational:77;navigational:5;commercial:13;transactional:3
Copos Plásticos Descartáveis,18,2425,62;90;94;91;88;95;96;92;100;94;95;93,task:3;informational:52;navigational:5;commercial:28;transactional:12
Máquinas de Sorvete Italianinha,24,5162,79;90;92;51;79;82;82;100;100;99;99;99,task:2;informational:46;navigational:10;commercial:25;transactional:17
Ferramentas de Rebite,28,12107,15;18;20;21;25;26;26;100;45;45;45;44,task:2;informational:58;navigational:10;commercial:12;transactional:18
Pulverizadores 500ml,16,158,40;54;58;56;98;100;77;52;54;53;55;54,task:3;informational:47;navigational:15;commercial:28;transactional:7
Adegas e Cervejeiras Elettromec,15,639,74;92;94;89;83;97;97;100;93;94;93;92,task:7;informational:38;navigational:18;commercial:16;transactional:21
Aparelhos e Acessórios de Cozinha,15,545,6;33;44;36;36;39;28;100;85;78;92;70,task:3;informational:60;navigational:9;commercial:18;transactional:10
Maquinas de Waffle,33,11632,79;85;88;87;95;96;96;98;100;100;100;100,task:2;informational:48;navigational:5;commercial:29;transactional:16
Linha Alvfresh Spartan,19,1727,69;70;71;71;71;71;71;80;100;100;100;100,task:2;informational:72;navigational:5;commercial:18;transactional:3
Bebidas Não Alcoólicas,18,523,80;83;99;100;96;94;94;37;37;42;48;40,task:2;informational:74;navigational:5;commercial:10;transactional:9
Refrigerante de Uva,20,3312,42;59;61;64;68;72;72;99;100;100;100;100,informational:76;navigational:5;commercial:15;transactional:4
Moedores de Café Philco,16,455,77;99;100;95;89;93;91;78;80;93;95;94,task:3;informational:43;navigational:12;commercial:20;transactional:22
Chaleiras de vidro com infusor,16,1127,62;91;93;89;89;96;96;91;94;100;100;100,task:3;informational:67;navigational:5;commercial:18;transactional:7
Schweppes Citrus e Refrigerantes,15,351,23;50;47;47;38;39;36;100;87;59;58;56,task:3;informational:51;navigational:18;commercial:22;transactional:6
vaporizadores Mallory,15,277,6;52;68;35;58;59;32;100;77;56;45;50,task:7;informational:37;navigational:18;commercial:15;transactional:23
Cafeteiras Mondial,31,5406,90;98;100;50;49;50;51;50;52;51;52;51,task:2;informational:40;navigational:15;commercial:15;transactional:28
Batidos e smoothies: receitas de frutas,18,558,79;80;81;83;83;81;81;100;44;38;38;38,task:8;informational:80;navigational:2;commercial:8;transactional:2
Liquidae no Brasil,15,224,30;95;100;88;90;89;75;43;44;46;45;34,task:3;informational:52;navigational:25;commercial:8;transactional:12
Garrafas e garrafinhas,18,1152,49;51;52;45;54;55;55;66;94;100;93;87,task:5;informational:68;navigational:5;commercial:10;transactional:12
Dispenser de vinho,16,603,91;100;97;92;45;45;45;43;78;79;77;77,task:8;informational:53;navigational:4;commercial:24;transactional:11
Lava-louças e lavadoras compactas,24,929,73;100;71;62;68;56;55;73;66;76;64;69,task:2;informational:65;navigational:5;commercial:22;transactional:6
Cafeteiras Nespresso CitiZ,20,753,64;90;97;87;88;93;100;81;82;81;96;95,task:3;informational:45;navigational:14;commercial:20;transactional:18
Café Cremoso,19,1035,47;49;58;62;61;67;63;100;96;96;96;96,task:1;informational:73;navigational:15;commercial:7;transactional:4
Copos Becker de Laboratório,18,161,87;96;98;96;90;93;100;88;89;89;89;89,task:3;informational:39;navigational:41;commercial:9;transactional:8
Máquinas AFJ para confeitaria,15,139,75;87;100;92;86;88;89;90;92;92;92;92,task:7;informational:46;navigational:8;commercial:21;transactional:18
Cafeteiras e Máquinas de Café Expresso,205,123337,49;50;52;63;93;93;93;100;80;80;80;80,task:2;informational:43;navigational:4;commercial:40;transactional:11
Pingado Café,23,7168,85;58;59;57;99;100;100;85;86;86;87;86,task:2;informational:59;navigational:22;commercial:14;transactional:3
Bebidas Geladas,17,978,64;71;73;72;89;96;97;87;100;90;80;79,task:5;informational:63;navigational:4;commercial:19;transactional:9
Desnatadeiras de Leite,18,2688,48;54;54;53;98;100;100;93;83;83;83;83,task:7;informational:62;navigational:9;commercial:14;transactional:8
Finish: tabletes para lava-louças,21,1315,85;94;93;52;96;98;97;93;79;79;93;100,task:5;informational:32;navigational:13;commercial:40;transactional:10
Garrafa térmica Zojirushi,17,1270,67;95;100;98;84;90;91;95;96;96;96;95,task:7;informational:46;navigational:11;commercial:26;transactional:10
Misturadores de Carne,15,111,18;20;23;22;23;24;100;26;27;30;28;27,task:7;informational:48;navigational:4;commercial:27;transactional:14
Guarapan e Refrigerantes,19,3616,86;92;92;98;98;99;99;100;92;94;96;94,task:2;informational:74;navigational:5;commercial:16;transactional:3
Borrifadores e Pulverizadores de Plástico,15,646,18;20;22;20;20;21;22;91;93;100;89;93,task:7;informational:52;navigational:4;commercial:26;transactional:11
Espremedores de Laranja Manuais,16,2661,59;69;70;68;71;73;74;100;80;80;77;77,task:5;informational:62;navigational:4;commercial:21;transactional:8
Espumas e sifões para drinks,29,5114,16;19;26;62;99;100;100;97;99;99;99;99,task:5;informational:60;navigational:2;commercial:23;transactional:10
Dolce Gusto Cafeteira e Cápsulas,236,190108,80;79;83;89;100;100;100;89;95;95;95;95,task:5;informational:44;navigational:5;commercial:31;transactional:15
Xarope de Coca‑Cola e refrigerantes,21,1545,31;34;59;75;81;81;81;94;95;99;100;98,task:2;informational:72;navigational:5;commercial:18;transactional:3
Garrafas Térmicas 1 Litro,33,6872,94;100;47;48;49;50;50;52;46;46;46;46,task:8;informational:26;navigational:4;commercial:38;transactional:24
Purificadores Electrolux com compressor,20,871,30;53;52;51;51;45;51;100;54;57;48;50,task:10;informational:43;navigational:6;commercial:22;transactional:19
Máquinas de comprimidos,17,230,75;78;81;77;77;79;77;100;79;78;78;77,task:8;informational:68;navigational:5;commercial:11;transactional:8
Bombons e balas de licor,17,959,50;58;59;62;100;97;97;88;77;78;78;78,task:2;informational:68;navigational:3;commercial:22;transactional:5
Abridores de Garrafa,16,1520,69;98;100;86;83;89;90;95;100;99;94;94,task:3;informational:45;navigational:11;commercial:28;transactional:13
Mix Eletrônicos,16,798,7;21;28;34;24;94;29;100;53;53;47;45,task:3;informational:18;navigational:54;commercial:16;transactional:9
Dispenser de ketchup,18,1031,68;89;91;89;72;78;85;81;99;100;81;80,task:2;informational:55;navigational:15;commercial:20;transactional:8
Fors Refrigerantes e Água,17,1300,81;100;57;58;58;62;62;68;69;69;70;68,task:2;informational:59;navigational:13;commercial:15;transactional:11
Garrafa Lilica Ripilica,15,147,59;85;85;95;100;76;76;82;88;78;78;78,task:3;informational:51;navigational:18;commercial:21;transactional:7
Micro-ondas de 20 litros,43,23071,76;80;85;94;97;98;98;97;100;100;100;100,task:2;informational:51;navigational:2;commercial:30;transactional:15
Processadores de alho,18,2978,22;28;30;31;100;100;100;36;74;78;66;64,task:2;informational:55;navigational:2;commercial:26;transactional:15
Vaporizadores de Ervas,33,10275,66;74;81;74;100;100;100;79;80;80;80;80,task:8;informational:41;navigational:5;commercial:33;transactional:13
Sobremesas de Liquidificador com 3 Ingredientes,27,15785,36;41;42;87;73;74;74;99;100;100;100;100,task:4;informational:80;navigational:3;commercial:5;transactional:8
Licor de maracujá,27,6497,44;50;51;28;46;47;48;93;100;100;100;100,task:8;informational:70;navigational:5;commercial:10;transactional:7
Abridores de latas elétricos,18,452,68;96;93;100;94;100;97;91;91;96;97;96,task:3;informational:52;navigational:5;commercial:22;transactional:18
Aquecedores Komeco,19,1912,87;99;100;54;52;55;52;53;56;55;55;55,task:2;informational:43;navigational:25;commercial:10;transactional:20
Desentupidora Ligeirinho,15,42,85;89;100;94;94;94;94;94;96;96;96;96,task:3;informational:12;navigational:70;commercial:7;transactional:8
Amaciantes Comfort 3L,15,152,26;100;94;78;77;51;37;26;26;45;26;26,task:3;informational:35;navigational:31;commercial:22;transactional:9
Vaporizadores WAP,17,2082,84;99;100;98;59;60;60;82;87;87;89;93,task:5;informational:48;navigational:15;commercial:17;transactional:15
Cafeteiras Delonghi,28,5346,84;98;100;70;89;90;90;79;75;75;77;77,task:1;informational:46;navigational:17;commercial:28;transactional:8
Cafeteiras com garrafa/jarra térmica,17,189,51;57;59;59;59;67;100;54;60;68;66;68,task:3;informational:60;navigational:7;commercial:20;transactional:10
Metais líquidos para eletrônicos,22,3308,18;19;19;19;68;71;70;100;97;92;92;93,task:5;informational:62;navigational:5;commercial:20;transactional:8
Coqueteleiras e Acessórios para Bar,19,8266,13;15;16;17;100;100;100;17;17;17;17;17,task:5;informational:21;navigational:5;commercial:35;transactional:34
Copos de Liquidificador Walita e Philips,25,997,90;100;100;55;55;60;59;59;60;60;61;59,task:3;informational:46;navigational:7;commercial:20;transactional:24
Fritadeiras Cadence,30,4678,56;75;78;80;97;100;100;88;88;88;91;93,task:2;informational:48;navigational:16;commercial:15;transactional:19
Garrafa térmica com torneira,17,767,69;98;100;96;93;93;94;89;93;92;91;93,task:3;informational:52;navigational:1;commercial:33;transactional:11
Potes herméticos Electrolux 12 unidades,16,294,18;80;100;44;44;63;33;58;47;46;44;43,task:3;informational:23;navigational:4;commercial:30;transactional:40
Cervejeiras e Geladeiras para Cerveja,59,41007,83;85;93;100;95;95;95;99;100;100;100;100,task:2;informational:46;navigational:2;commercial:39;transactional:11
Garrafa térmica Stanley,24,4846,90;98;100;50;55;57;57;49;49;49;49;48,task:3;informational:54;navigational:10;commercial:17;transactional:16
Misturadores de argamassa,28,10835,59;67;35;36;37;38;38;39;100;100;100;100,task:2;informational:55;navigational:7;commercial:25;transactional:11
LG evaporadoras,16,1021,25;73;68;69;77;74;71;77;60;68;64;100,task:5;informational:38;navigational:21;commercial:26;transactional:10
cafeteiras elétricas vermelhas,15,670,73;94;100;97;81;83;85;78;84;84;81;82,task:7;informational:46;navigational:5;commercial:26;transactional:16
Dispenser de detergente embutido para pia,17,1635,65;92;94;81;79;90;90;91;93;94;97;100,task:3;informational:58;navigational:1;commercial:24;transactional:14
Espremedores Britania,15,1313,11;14;15;20;20;21;29;47;39;100;93;84,task:3;informational:42;navigational:15;commercial:18;transactional:22
Bebedouros com filtro,17,538,37;48;52;48;43;47;46;47;90;100;51;54,task:3;informational:44;navigational:4;commercial:36;transactional:13
Batedores/manuais de ovos e bolos,17,991,23;27;27;52;97;97;100;35;36;41;39;36,task:2;informational:56;navigational:4;commercial:33;transactional:5
Cervejeiras Consul,35,4646,59;77;84;98;99;100;100;94;93;96;93;92,task:2;informational:51;navigational:15;commercial:15;transactional:17
Cervejeiras Beer Maxx,23,837,71;99;100;93;94;100;96;80;95;95;95;94,task:7;informational:32;navigational:30;commercial:22;transactional:9
Fritadeiras elétricas com cuba,17,190,35;41;44;35;100;90;48;80;58;52;46;57,task:10;informational:46;navigational:4;commercial:33;transactional:7
Misturadores de Cozinha Vintage e Retro,15,393,63;100;89;85;66;74;84;80;82;86;85;87,task:3;informational:42;navigational:8;commercial:30;transactional:17
Aparelhos de maquiagem,15,65,2;6;9;8;26;4;16;11;100;9;7;7,task:10;informational:46;navigational:2;commercial:25;transactional:17
Oster: moedores e cafeteiras,16,1026,59;76;78;77;84;89;96;94;100;100;96;95,task:7;informational:40;navigational:19;commercial:13;transactional:21
Chaleiras elétricas Mondial,18,2698,47;67;70;68;69;74;79;81;94;100;98;91,task:3;informational:46;navigational:11;commercial:28;transactional:12
Brigadeiro: Máquinas e Panelas,25,4046,38;51;50;69;97;100;100;64;70;74;68;68,task:5;informational:57;navigational:4;commercial:23;transactional:11
cafeteiras EOS 3 em 1,16,445,39;70;72;71;71;92;77;98;100;100;99;99,task:7;informational:42;navigational:24;commercial:11;transactional:16
Secadores de cabelo com difusor,18,3788,35;44;44;44;22;22;24;98;100;99;100;99,task:3;informational:50;navigational:4;commercial:32;transactional:11
Lava-louças industriais,21,2718,39;48;50;44;91;95;96;100;93;93;93;92,task:5;informational:54;navigational:4;commercial:32;transactional:5
Máquinas de Café Bianchi,15,79,83;83;92;84;80;82;82;98;100;84;84;84,task:3;informational:31;navigational:41;commercial:21;transactional:4
Copos e Utensílios,15,32,16;30;34;38;19;41;40;100;65;13;13;13,task:7;informational:33;navigational:35;commercial:12;transactional:13
Conjuntos de xícaras,80,151035,24;24;25;75;89;89;89;100;85;85;85;85,task:2;informational:38;navigational:1;commercial:43;transactional:16
Máquinas de Salgados Predileta,15,91,38;68;91;75;74;100;78;69;62;44;44;44,informational:31;navigational:41;commercial:18;transactional:10
Maridão – Produtos de Limpeza,21,1667,33;34;35;53;98;100;100;72;94;100;93;93,task:2;informational:53;navigational:30;commercial:10;transactional:5
Suqueiras plásticas com torneira,15,1183,37;54;56;53;53;56;91;100;100;78;72;96,task:7;informational:59;navigational:5;commercial:21;transactional:8
Dispenser de Cereais e Alimentos,18,595,100;43;42;36;28;34;33;30;32;32;29;29,task:2;informational:63;navigational:5;commercial:18;transactional:12
JM Equipamentos Gastronômicos,15,50,22;100;95;24;24;27;25;25;25;25;25;25,task:1;informational:27;navigational:49;commercial:8;transactional:15
Umidificadores de Ar Soniclear/Waterclear,16,320,67;83;82;77;73;100;82;75;43;64;59;32,task:3;informational:63;navigational:7;commercial:19;transactional:8
Coolers para Geladeiras,17,1063,85;98;96;94;77;80;100;81;81;86;85;85,task:5;informational:59;navigational:5;commercial:24;transactional:7
Trituradores sanitários,19,2508,18;21;21;27;39;40;42;97;100;100;100;100,task:3;informational:57;navigational:13;commercial:18;transactional:9
Máquinas de caldo de cana,23,4505,93;48;50;83;89;92;93;98;100;100;99;98,task:1;informational:55;navigational:6;commercial:21;transactional:17
Adoçantes e Edulcorantes,354,211758,54;58;60;73;87;87;87;100;100;100;100;100,task:8;informational:57;navigational:1;commercial:30;transactional:4
cafeteiras Carrefour,16,926,69;100;100;88;87;91;76;78;67;75;69;94,task:1;informational:31;navigational:34;commercial:19;transactional:15
Dispenser de Sabonete Espumante,16,341,52;82;82;100;85;96;96;51;53;57;57;58,task:8;informational:41;navigational:4;commercial:31;transactional:16
Receitas de Cold Brew,31,9859,81;85;86;95;95;96;97;100;62;62;62;62,task:6;informational:71;navigational:5;commercial:13;transactional:5
Smeg Eletrodomésticos,15,3189,84;98;100;48;47;52;52;48;49;49;50;50,task:3;informational:26;navigational:25;commercial:15;transactional:31
Chaleiras elétricas Oster,19,3201,66;94;98;96;95;98;100;92;94;94;97;96,task:3;informational:53;navigational:12;commercial:15;transactional:17
Fritadeiras Elétricas 5 L,19,1259,71;100;100;95;74;79;82;78;80;78;80;80,task:3;informational:55;navigational:6;commercial:26;transactional:10
Atomizadores de Perfume,16,1035,19;23;25;26;34;30;27;73;100;85;89;93,task:5;informational:38;navigational:1;commercial:44;transactional:12
Misturadores de Tinta para Furadeira,19,1848,57;82;85;91;91;100;100;95;94;94;93;91,task:7;informational:53;navigational:4;commercial:22;transactional:14
café filtrado,16,1325,99;100;100;33;33;33;33;67;98;95;95;95,task:10;informational:73;navigational:5;commercial:10;transactional:2
Máquinas de panquecas e waffles,16,1098,44;48;48;32;44;52;52;100;87;77;77;73,task:5;informational:63;navigational:5;commercial:17;transactional:10
Bebidas Prime,25,4473,23;26;50;57;90;91;92;98;97;97;100;100,informational:59;navigational:9;commercial:23;transactional:9
Philco All-in-One Multifuncionais,16,211,57;73;81;73;66;78;71;83;100;96;85;84,task:7;informational:32;navigational:31;commercial:21;transactional:9
Contentores de 30 litros,15,243,46;95;100;76;76;80;74;71;74;72;70;55,task:3;informational:53;navigational:4;commercial:36;transactional:4
Garrafa Térmica Hauskraft,15,211,77;76;75;81;72;70;69;93;100;86;86;89,task:7;informational:41;navigational:18;commercial:24;transactional:10
Geladeiras compactas Multilaser,16,314,17;41;43;19;18;19;17;16;17;100;91;18,task:3;informational:57;navigational:1;commercial:26;transactional:13
Envase e Embalagens,28,8356,37;85;85;42;89;90;90;100;100;100;100;100,task:5;informational:68;navigational:5;commercial:16;transactional:6
Umidificadores G Tech,22,4395,54;74;76;78;57;60;61;99;100;100;98;98,task:2;informational:57;navigational:10;commercial:21;transactional:10
Chaleiras elétricas (água e leite),32,3039,50;64;73;89;99;100;100;90;96;98;98;98,task:2;informational:66;navigational:2;commercial:21;transactional:9
Meu Café,16,80,76;77;100;80;92;63;85;62;54;56;54;71,task:17;informational:45;navigational:8;commercial:26;transactional:4
Eletrodomésticos para Cozinha,70,27782,35;38;50;72;80;80;80;93;100;100;100;100,task:2;informational:62;navigational:2;commercial:26;transactional:8
Panificadora Tramontina,18,2004,24;39;44;47;40;41;43;48;97;100;95;96,task:2;informational:50;navigational:19;commercial:18;transactional:11
Garrafas de Água com Filtro,16,478,89;100;99;96;59;61;60;58;59;61;63;63,task:5;informational:60;navigational:7;commercial:19;transactional:9
Aromatizantes e Purificadores de Ambiente,34,8711,37;44;50;59;77;78;79;100;63;63;63;63,task:5;informational:46;navigational:12;commercial:31;transactional:6
Bebidas Fusion de Energia,23,2629,27;35;35;39;99;100;100;53;53;53;53;53,task:2;informational:60;navigational:4;commercial:24;transactional:10
Cervejaria Caseira,16,319,71;98;100;94;94;73;73;73;73;73;74;73,task:12;informational:50;navigational:5;commercial:31;transactional:2
Lava-louças com função de higienizar,30,3674,24;33;43;72;78;74;74;100;72;73;84;85,task:2;informational:63;navigational:5;commercial:22;transactional:8
Eletrodomésticos no Zoom,22,2376,85;100;100;99;75;78;82;97;86;87;93;94,task:5;informational:33;navigational:27;commercial:10;transactional:25
Pré-drink Reviv Brasil,26,7576,28;32;30;38;97;98;99;95;99;98;100;100,task:5;informational:53;navigational:27;commercial:12;transactional:3
Batedeiras KitchenAid Azul,15,92,9;10;10;10;10;10;33;100;77;12;12;13,task:7;informational:29;navigational:25;commercial:24;transactional:15
Pipetadores Automáticos,15,682,30;31;32;32;32;32;40;100;100;100;100;100,task:4;informational:52;navigational:2;commercial:36;transactional:6
Estabilizadores APC,17,222,62;75;76;74;76;75;99;77;76;83;100;93,task:1;informational:51;navigational:1;commercial:36;transactional:11
Refrigerantes no Brasil,70,104943,15;16;17;91;95;95;95;38;100;100;100;100,task:2;informational:64;navigational:5;commercial:19;transactional:10
Batedeiras Magazine Luiza,15,296,73;96;100;89;95;96;92;90;95;86;89;95,task:3;informational:27;navigational:42;commercial:11;transactional:17
Baré Refrigerantes,35,10958,44;46;47;56;99;100;100;72;71;70;70;70,task:5;informational:52;navigational:26;commercial:8;transactional:9
Temperadeiras de chocolate,18,665,46;50;51;48;64;68;70;100;58;58;59;58,task:5;informational:29;navigational:8;commercial:48;transactional:10
Vaporizadores e higienizadores a vapor,16,167,17;35;36;27;29;20;17;100;84;21;20;21,task:3;informational:52;navigational:4;commercial:30;transactional:11
Processadores Magazine Luiza,16,247,17;28;35;30;43;25;22;85;100;33;35;32,task:4;informational:18;navigational:58;commercial:7;transactional:13
Garrafas Isotérmicas,18,1830,31;30;32;33;98;99;100;90;100;99;99;99,task:2;informational:62;navigational:5;commercial:25;transactional:6
Bomba de Leite G Tech,32,2178,41;48;49;47;59;62;62;96;97;97;100;100,task:5;informational:40;navigational:10;commercial:29;transactional:16
Encapsuladoras e Máquinas de Encapsulamento,16,654,93;100;100;93;90;92;92;83;83;83;83;83,task:2;informational:63;navigational:5;commercial:24;transactional:6
Máquinas de gelo portáteis,17,574,41;59;62;57;48;51;60;100;82;86;100;100,task:10;informational:45;navigational:4;commercial:31;transactional:10
Batedeiras manuais para bolos,17,1350,64;71;71;43;39;41;42;83;100;97;98;96,task:2;informational:47;navigational:4;commercial:41;transactional:6
Sistemas para Sorveterias,17,102,7;33;29;100;100;30;27;19;15;19;17;33,task:2;informational:37;navigational:2;commercial:53;transactional:6
Pulverizadores Brudden,15,819,67;88;89;86;93;99;100;93;97;96;97;95,task:5;informational:29;navigational:36;commercial:14;transactional:16
Betoneiras para Caipirinha,15,1362,84;99;100;56;57;58;62;61;67;70;66;66,task:2;informational:50;navigational:4;commercial:33;transactional:11
Garrafões Térmicos 3L,16,566,63;92;94;90;87;93;84;98;100;80;80;82,task:3;informational:49;navigational:5;commercial:24;transactional:19
Moedores 1Zpresso,17,162,84;96;100;94;82;85;95;86;88;88;89;88,task:3;informational:58;navigational:11;commercial:21;transactional:7
cafeteiras elétricas ECM25,18,516,55;92;100;68;69;65;57;68;61;77;74;72,task:2;informational:50;navigational:27;commercial:13;transactional:8
Líderes de Bebedouros,15,208,39;51;54;51;64;87;100;69;60;63;61;71,task:1;informational:40;navigational:33;commercial:17;transactional:9
Equipamentos de Agitação de Laboratório,15,414,37;41;42;41;40;40;40;92;92;98;100;94,task:8;informational:65;navigational:3;commercial:24
Copos e Canecas Nespresso,18,3034,65;92;98;95;92;97;100;95;97;96;99;98,task:6;informational:32;navigational:19;commercial:20;transactional:23
Purificadores de água e bebedouros New Up,17,1333,68;74;74;72;83;84;80;88;95;97;99;100,task:2;informational:35;navigational:36;commercial:21;transactional:6
Bebedouros de pressão e purificadores de água,16,166,40;49;50;51;43;56;53;100;60;69;46;44,task:1;informational:56;navigational:9;commercial:25;transactional:9
Torneiras Deca e acessórios,16,296,48;52;53;52;52;80;65;59;61;100;94;63,task:2;informational:45;navigational:28;commercial:12;transactional:13
Plasutil: utilidades domésticas,20,5071,63;93;97;100;79;81;82;83;89;89;89;88,task:2;informational:32;navigational:38;commercial:14;transactional:14
Telas de Cristal Líquido (LCD),26,2768,55;62;65;71;49;44;44;63;83;98;93;100,task:3;informational:77;navigational:5;commercial:11;transactional:4
Torneiras Gourmet Pretas,15,183,25;74;74;63;62;62;24;28;30;100;89;28,task:7;informational:38;navigational:18;commercial:23;transactional:14
Suplementos Alimentares Líquidos,19,1478,26;26;30;34;98;96;96;98;99;100;99;99,task:5;informational:72;navigational:5;commercial:10;transactional:8
Amaciantes Fofo,16,1145,55;65;67;65;72;76;75;84;80;80;93;100,task:3;informational:46;navigational:11;commercial:29;transactional:11
Phytoervas Verbena com Capim-Limão,15,800,5;7;9;39;39;59;53;89;39;6;6;100,task:4;informational:32;navigational:31;commercial:16;transactional:17
Chopeiras de barril Heineken,29,3489,48;68;70;79;95;99;100;92;91;91;90;89,task:2;informational:49;navigational:15;commercial:25;transactional:9
Garrafa Térmica Elétrica,15,499,56;68;69;71;67;72;100;81;81;76;76;86,task:7;informational:48;navigational:11;commercial:24;transactional:10
Casa e Café,16,1337,80;100;93;80;83;85;86;97;96;94;95;93,task:5;informational:55;navigational:11;commercial:22;transactional:7
Batedeiras Mondial,30,5684,89;98;100;49;52;53;53;50;53;53;53;53,task:2;informational:39;navigational:19;commercial:21;transactional:19
Bule térmico para café,16,367,71;96;97;91;100;91;81;79;82;97;95;89,task:7;informational:31;navigational:8;commercial:35;transactional:19
Eletroportáteis de Cozinha,26,5956,23;26;26;26;90;91;91;99;100;100;100;100,task:2;informational:50;navigational:4;commercial:34;transactional:10
Micro-ondas 28 litros,21,1109,45;98;100;88;84;71;72;97;91;97;75;75,informational:54;navigational:1;commercial:27;transactional:18
Máquinas de empadas,19,559,50;63;63;85;93;100;100;94;77;77;63;63,task:8;informational:54;navigational:4;commercial:27;transactional:7
Freezers Verticais Gelopar,15,655,21;11;11;10;9;10;9;9;9;100;85;90,task:2;informational:64;navigational:5;commercial:22;transactional:7
Lixeiras e Lixo Doméstico,24,3864,69;93;99;99;95;97;99;97;100;100;100;99,task:3;informational:68;navigational:5;commercial:20;transactional:4
Cervejeiras Imbera,16,785,67;99;100;82;82;86;88;91;78;78;92;91,task:3;informational:49;navigational:24;commercial:13;transactional:11
Suggar Eletrodomésticos,15,922,31;59;60;77;71;39;58;58;29;76;77;100,task:2;informational:18;navigational:67;commercial:7;transactional:6
Geladinhos alcoólicos,16,405,45;52;100;98;29;30;30;52;52;52;52;52,task:8;informational:72;navigational:5;commercial:7;transactional:8
Sabonete Líquido Refil,17,1104,64;94;93;91;92;99;98;95;100;100;96;98,task:3;informational:31;navigational:11;commercial:37;transactional:18
Garrafões de Vidro,16,546,49;63;61;59;52;55;56;100;83;57;57;57,task:1;informational:58;navigational:4;commercial:29;transactional:8
Micro-ondas Consul Facilite,15,999,8;15;18;14;32;44;11;100;28;65;64;72,task:7;informational:32;navigational:24;commercial:26;transactional:11
Cafeteiras Makita,15,811,23;32;38;36;81;86;85;92;100;98;99;85,task:3;informational:38;navigational:39;commercial:6;transactional:14
Esmerilhadeiras e ferramentas elétricas,15,44,4;22;25;20;20;22;8;88;100;7;8;8,task:7;informational:70;navigational:5;commercial:11;transactional:7
Mini Coolers Portáteis,16,1331,63;96;98;94;88;92;94;93;95;100;96;96,task:3;informational:52;navigational:5;commercial:25;transactional:15
Frigobares Consul,41,21522,97;100;45;50;63;63;63;97;97;99;98;98,informational:38;navigational:30;commercial:23;transactional:9
Maquinas de bolear e dividir massa,17,889,71;77;77;49;93;95;95;99;100;100;100;100,task:2;informational:58;navigational:3;commercial:17;transactional:20
Cafeteiras para 30 xícaras,21,894,52;71;71;67;63;67;70;68;93;100;70;70,task:3;informational:51;navigational:1;commercial:30;transactional:15
Mini Cafeteiras de Espresso,17,880,67;99;98;93;89;96;100;99;86;86;99;98,task:3;informational:49;navigational:5;commercial:25;transactional:18
Geladeiras e Freezers,24,13701,18;23;24;44;80;81;81;90;100;100;100;100,task:6;informational:69;navigational:4;commercial:16;transactional:5
Fluidos Refrigerantes,18,641,42;58;55;52;99;100;100;43;52;52;52;52,task:1;informational:73;navigational:5;commercial:15;transactional:6
Cafés Clever e Drippers,26,3474,18;23;24;39;96;97;97;100;94;94;94;94,task:8;informational:61;navigational:4;commercial:21;transactional:6
bebidas geladas de limão,22,2835,81;94;90;59;60;63;63;88;100;100;99;97,task:5;informational:60;navigational:5;commercial:13;transactional:17
Purificadores de Água Slim,16,181,53;88;98;95;68;67;74;100;94;72;71;97,task:7;informational:36;navigational:4;commercial:37;transactional:16
Moedores de Café Bravo,16,187,28;41;43;30;30;31;34;36;36;91;100;32,task:4;informational:44;navigational:18;commercial:18;transactional:16
Batedeiras Brancas Domésticas,16,985,21;27;29;23;30;27;34;31;28;100;88;90,task:3;informational:46;navigational:4;commercial:33;transactional:14
Tigelas e Batedeiras Tupperware,16,287,34;87;100;43;42;43;42;47;47;44;44;42,task:7;informational:41;navigational:8;commercial:25;transactional:19
Máquinas de Frozen Drinks,17,1754,70;82;83;85;56;60;57;98;100;97;98;97,task:2;informational:63;navigational:5;commercial:24;transactional:6
Pipoqueiras Elétricas,52,35910,80;77;79;81;92;92;92;100;100;100;100;100,task:5;informational:33;navigational:6;commercial:38;transactional:18
Garrafa Shake,17,80,10;30;35;24;21;20;33;100;83;20;17;19,task:10;informational:46;navigational:8;commercial:32;transactional:4
Fritadeiras Air Fryer 8 Litros,26,4128,41;50;53;51;48;49;49;100;50;50;50;49,task:5;informational:48;navigational:2;commercial:28;transactional:17
Bebedouros de Coluna,18,2249,69;95;93;91;86;91;95;94;99;100;98;97,task:3;informational:41;navigational:11;commercial:32;transactional:13
Peças para Espremedores de Laranja,17,553,85;100;67;59;61;62;74;70;94;97;97;96,task:10;informational:33;navigational:4;commercial:29;transactional:24
Vapes de Melancia,22,4578,41;22;22;100;87;88;88;84;86;86;86;86,task:5;informational:69;navigational:5;commercial:15;transactional:6
Coqueteleiras de Whey,24,4465,67;87;93;93;88;90;91;100;100;99;100;99,task:5;informational:45;navigational:4;commercial:39;transactional:7
Divisoras de massa e pão - equipamentos de panificação,21,3911,27;29;29;24;98;100;100;89;87;87;87;87,task:8;informational:68;navigational:5;commercial:15;transactional:4
Pacotes de Refrigerante,17,541,41;100;98;84;84;75;62;56;56;97;61;60,task:8;informational:36;navigational:1;commercial:39;transactional:16
Pulverizadores de água,16,202,52;60;56;56;50;35;35;98;100;31;31;31,task:2;informational:62;navigational:5;commercial:23;transactional:8
Garrafa Térmica Slim,15,193,18;31;47;48;38;34;33;43;37;92;95;100,task:7;informational:32;navigational:31;commercial:21;transactional:9
Garrafa térmica Electrolux,15,595,33;52;56;53;58;61;52;100;42;42;47;52,task:7;informational:31;navigational:35;commercial:11;transactional:16
Incubadoras e agitadores de laboratório,16,61,54;71;69;70;75;100;64;64;64;62;63;63,task:5;informational:53;navigational:11;commercial:25;transactional:6
cafeteiras no varejo brasileiro,17,1146,79;95;100;95;92;94;96;54;68;72;77;75,task:5;informational:23;navigational:25;commercial:14;transactional:33
Chiller e Refrigeração Industrial,38,18104,31;75;75;83;99;100;100;96;97;97;97;97,task:2;informational:68;navigational:6;commercial:18;transactional:6
Lava-Louças Portátil,34,11938,92;100;49;44;39;39;39;43;43;43;43;43,task:5;informational:40;navigational:7;commercial:34;transactional:14
cafeteiras Philco 15 bar,20,3402,81;96;97;95;96;99;100;58;61;61;61;60,task:2;informational:56;navigational:3;commercial:23;transactional:16
Refrigeração e Eletrodomésticos,17,1089,13;38;41;43;43;42;36;56;49;63;57;100,task:8;informational:72;navigational:5;commercial:15
Vaporizadores Capilares,21,1355,27;30;25;62;96;97;100;44;58;58;58;58,task:1;informational:53;navigational:5;commercial:28;transactional:13
Garrafas de Água Plasutil,15,229,26;43;57;72;72;76;34;94;85;69;100;78,informational:53;navigational:18;commercial:25;transactional:4
Copo Stanley Quencher 591ml,15,83,27;83;100;79;72;79;25;29;24;25;24;26,task:3;informational:25;navigational:35;commercial:19;transactional:18
Secadores de Café,21,2814,25;29;29;61;100;100;100;78;81;81;81;81,task:4;informational:54;navigational:6;commercial:20;transactional:16
Espremedores de Frutas e Laranjas com Black & Decker,16,208,17;21;20;20;20;30;56;100;87;30;27;26,task:4;informational:33;navigational:28;commercial:19;transactional:16
Secadores de Cabelo Philco,27,4048,84;98;100;53;50;51;51;51;52;52;51;51,task:2;informational:45;navigational:28;commercial:13;transactional:12
Dispensadores e porta-copo descartáveis,17,1040,72;97;98;92;92;99;100;92;95;95;95;94,task:3;informational:50;navigational:4;commercial:30;transactional:13
Máquinas de chocolate quente,24,2835,30;43;43;65;97;100;100;81;78;77;78;77,task:3;informational:54;navigational:4;commercial:31;transactional:8
Limpeza e amaciantes no Brasil,18,785,46;60;76;69;82;72;62;84;98;100;77;78,task:4;informational:61;navigational:4;commercial:25;transactional:6
Tanquinhos de lavar com agitador lateral (Colormaq),20,1879,42;53;63;67;95;97;100;60;60;60;56;56,task:2;informational:60;navigational:7;commercial:18;transactional:13
cafeteiras espresso cápsula e pó,31,7025,92;100;54;60;71;72;72;62;63;62;62;62,task:2;informational:51;navigational:4;commercial:32;transactional:11
Purificadores de Água Superzon,21,2410,88;99;100;69;77;81;82;90;86;82;83;82,informational:27;navigational:31;commercial:35;transactional:7
Processadores Walita,19,479,75;90;92;86;95;100;99;88;99;100;95;91,task:3;informational:51;navigational:4;commercial:29;transactional:13
Airfryer Multilaser,25,2736,58;67;45;42;55;56;54;100;84;84;86;86,task:2;informational:63;navigational:5;commercial:22;transactional:8
Batedeiras Alliere,16,68,47;49;52;56;56;100;83;70;56;66;57;62,task:3;informational:37;navigational:35;commercial:21;transactional:4
Chaleira Elétrica KitchenAid,15,223,57;63;66;66;58;60;84;100;92;82;71;77,task:7;informational:49;navigational:11;commercial:22;transactional:11
Buretas e equipamentos de laboratório,30,18682,96;99;100;87;90;91;91;92;92;92;92;92,task:8;informational:75;navigational:3;commercial:12;transactional:2
Cervejeiras e frigobares Colorado,15,331,37;39;38;37;32;33;100;62;56;69;55;84,task:7;informational:42;navigational:4;commercial:31;transactional:16
Bebedouros IBBl,21,3427,74;94;100;93;87;90;94;92;94;94;95;94,task:7;informational:42;navigational:19;commercial:14;transactional:18
Nespresso: Máquinas e Cápsulas,183,86508,49;52;56;94;92;92;92;100;86;86;86;86,task:2;informational:44;navigational:17;commercial:19;transactional:18
Bebedouros Industriais em Inox,20,4229,88;98;100;48;48;49;50;50;51;51;51;50,task:5;informational:35;navigational:2;commercial:29;transactional:29
Purgadores industriais,22,2869,46;49;73;76;100;100;100;96;96;96;96;96,task:3;informational:68;navigational:7;commercial:17;transactional:5
Chaleiras Elétricas Magalu,15,175,18;24;26;30;29;25;22;100;74;27;26;27,task:6;informational:28;navigational:28;commercial:15;transactional:23
Leite Condensado Itambé,19,2411,83;99;100;88;95;98;98;77;77;76;76;76,informational:34;navigational:26;commercial:20;transactional:20
Vaporesso e Vaporizadores,16,8288,88;98;100;97;92;93;93;95;87;87;87;87,task:2;informational:59;navigational:13;commercial:17;transactional:9
Dispersores,16,400,59;59;77;77;77;77;100;78;78;78;78;78,task:8;informational:61;navigational:21;commercial:6;transactional:4
Cilindros de padaria,33,6494,24;35;61;63;98;100;100;87;89;89;88;87,task:2;informational:73;navigational:5;commercial:10;transactional:10
Branqueadores de roupas,17,1699,14;89;78;51;54;59;31;67;67;76;98;100,task:3;informational:60;navigational:2;commercial:27;transactional:8
Sorvete Expresso,22,2412,34;36;36;44;99;100;99;98;100;99;99;98,task:5;informational:60;navigational:7;commercial:22;transactional:6
Derretedores de Cera,16,207,52;63;63;59;58;63;58;100;94;64;65;64,task:13;informational:32;navigational:9;commercial:18;transactional:28
Peças Electrolux Peltier,18,1037,50;63;61;71;48;48;47;81;82;100;97;84,task:2;informational:50;navigational:9;commercial:28;transactional:11
Pakera Refrigerantes,17,443,26;36;37;36;44;48;50;100;72;58;44;43,task:8;informational:27;navigational:24;commercial:25;transactional:16
Incubadoras de Ovos,15,259,17;21;22;21;17;16;43;98;100;16;16;16,informational:44;navigational:12;commercial:20;transactional:24
Máquinas de gelo compactas,20,775,71;77;78;82;86;88;88;87;92;100;85;84,task:5;informational:45;navigational:4;commercial:35;transactional:11
Geladeiras para cerveja,18,364,73;83;85;82;98;81;100;56;56;60;61;67,task:2;informational:49;navigational:5;commercial:36;transactional:8
Escumadeiras: utensílios de cozinha,21,24675,34;38;38;38;90;90;90;100;100;100;100;100,task:2;informational:67;navigational:5;commercial:20;transactional:6
Chaleiras Elétricas para Café,21,1639,42;52;55;82;91;94;93;98;99;99;99;100,task:8;informational:65;navigational:2;commercial:17;transactional:8
Garrafões de Água,21,6007,21;32;51;51;99;100;100;95;96;96;94;93,task:5;informational:60;navigational:4;commercial:21;transactional:10
Licor de Chocolate,26,14636,56;60;61;97;99;100;100;66;100;100;100;100,task:12;informational:60;navigational:5;commercial:15;transactional:8
Peças para bebedouros e filtros,17,834,68;80;81;48;56;57;57;100;76;77;92;93,task:2;informational:21;navigational:13;commercial:54;transactional:10
Dosadores de combustível automotivos,20,246,80;88;86;88;79;85;87;93;100;91;91;91,task:7;informational:52;navigational:8;commercial:23;transactional:10
Micro-ondas Electrolux 20L,21,2275,86;100;56;66;73;76;75;61;63;74;74;75,task:2;informational:41;navigational:28;commercial:11;transactional:18
Kitchen Mixers & Blenders,17,663,54;70;76;74;73;77;82;79;81;70;100;94,task:7;informational:46;navigational:6;commercial:22;transactional:19
Chaleiras elétricas de vidro,15,260,25;35;34;34;37;36;36;91;100;46;45;44,task:4;informational:54;navigational:4;commercial:31;transactional:7
Tupperware: processadores e cortadores,17,2875,66;96;98;93;86;92;95;93;100;100;98;98,task:5;informational:52;navigational:2;commercial:23;transactional:18
Cápsulas Nespresso Volluto,20,1083,26;28;31;33;34;34;34;64;100;91;90;91,task:2;informational:42;navigational:10;commercial:26;transactional:20
Chopp e Growler de 2 Litros,15,187,92;98;100;97;95;95;95;76;76;76;78;78,task:5;informational:34;navigational:4;commercial:44;transactional:13
Bebedouros e filtros de água Cadence,18,2122,28;39;42;39;40;45;45;79;85;86;100;95,task:5;informational:53;navigational:22;commercial:12;transactional:8
Humidificadores de Ar 4 Litros,16,139,47;87;100;62;51;55;40;34;30;27;27;28,task:10;informational:28;navigational:4;commercial:40;transactional:18
Máquina azul,16,156,4;25;38;29;29;74;50;100;62;92;72;31,task:10;informational:63;navigational:12;commercial:12;transactional:3
Garrafa térmica Lyor,18,794,90;100;100;55;54;56;56;57;54;54;53;53,task:2;informational:39;navigational:27;commercial:28;transactional:4
Amvox: bebedouros e purificadores de água,19,1000,25;30;45;58;100;98;98;74;70;82;79;89,task:2;informational:61;navigational:15;commercial:10;transactional:12
Moedores de Café Timemore,17,773,76;99;100;96;84;90;91;99;92;92;92;91,task:3;informational:43;navigational:14;commercial:34;transactional:6
Depuradores de Ar Suggar,63,11924,65;70;76;78;100;100;100;78;80;80;80;80,task:5;informational:38;navigational:15;commercial:22;transactional:20
Copos de 1 litro,17,257,29;33;36;37;62;70;60;73;68;100;94;50,task:9;informational:48;navigational:3;commercial:32;transactional:8
Nespresso Zenius,15,70,36;84;100;95;89;41;66;40;39;48;48;47,task:3;informational:46;navigational:22;commercial:12;transactional:17
Condensadores de Geladeira,22,1993,33;39;39;39;47;48;49;100;93;96;95;97,task:3;informational:66;navigational:4;commercial:22;transactional:5
Máquinas de refrigeração,17,4554,14;19;20;20;20;20;20;98;98;98;100;100,task:2;informational:70;navigational:5;commercial:17;transactional:6
Máquinas de Café Marchesoni,15,647,47;62;61;59;58;68;67;71;95;100;71;70,informational:34;navigational:39;commercial:13;transactional:14
Moedores de Sal Grosso,17,782,51;58;40;40;98;98;100;96;75;67;67;70,task:5;informational:58;navigational:4;commercial:21;transactional:12
Batedeiras no Mercado Livre,15,555,74;99;100;97;88;92;92;99;90;94;78;82,task:3;informational:11;navigational:61;commercial:5;transactional:20
Buretas de laboratório,17,1268,44;46;47;47;98;99;99;100;100;100;100;100,task:2;informational:71;navigational:5;commercial:19;transactional:3
Teclados Epomaker,16,1904,71;100;95;90;83;89;90;75;87;86;84;77,informational:52;navigational:18;commercial:24;transactional:6
Café Americano,27,3399,80;95;96;100;86;88;87;44;34;34;35;34,task:2;informational:71;navigational:8;commercial:13;transactional:6
Coolers de Vinho e Bebidas,32,28677,17;20;24;85;86;86;87;99;100;100;100;100,task:5;informational:61;navigational:4;commercial:22;transactional:8
Acessórios de Cafeteira Electrolux,17,877,57;87;89;85;86;92;92;97;100;100;99;98,task:1;informational:30;navigational:39;commercial:16;transactional:14
Torneiras com misturador de comando duplo,16,295,49;67;69;67;64;65;62;100;64;64;72;69,task:3;informational:70;navigational:5;commercial:15;transactional:7
Densímetros para Álcool,17,292,53;55;100;100;89;89;89;89;90;91;91;91,task:2;informational:58;navigational:2;commercial:32;transactional:6
Gurgel Mix: Máquinas e Ferramentas,20,2681,14;18;18;57;57;58;58;100;95;95;94;94,task:3;informational:40;navigational:28;commercial:23;transactional:6
Garrafa Tupperware e garrafas térmicas,21,9394,97;100;46;46;42;42;42;42;41;41;41;41,task:5;informational:34;navigational:6;commercial:22;transactional:33
Utensílios para Sorvete,20,3588,60;72;40;41;60;62;62;100;80;79;78;78,task:8;informational:53;navigational:4;commercial:28;transactional:7
Cafeteiras de vidro,15,339,40;45;50;55;50;50;52;100;64;52;53;57,task:3;informational:50;navigational:8;commercial:28;transactional:11
Exaustores e depuradores Philco,16,775,43;56;58;56;54;56;59;98;96;100;55;54,task:3;informational:39;navigational:27;commercial:8;transactional:23
Bruxas da Limpeza,18,242,22;32;34;68;56;41;50;100;72;38;39;35,task:10;informational:60;navigational:8;commercial:17;transactional:5
clareadores Potenza,37,6255,20;25;25;34;96;97;98;100;96;96;96;96,task:8;informational:43;navigational:9;commercial:31;transactional:9
Lixeiras de 20 litros,17,1934,65;90;94;90;84;90;94;90;97;97;100;99,task:3;informational:42;navigational:4;commercial:30;transactional:21
Frigideiras Elétricas,17,1528,84;99;100;99;90;90;90;94;48;47;46;46,task:2;informational:46;navigational:4;commercial:35;transactional:13
Chaleiras Cadence,17,443,34;50;46;44;41;43;49;63;80;100;44;44,task:4;informational:49;navigational:18;commercial:16;transactional:13
Gelopar: refrigeração e expositores,16,72,41;43;44;46;43;43;42;98;100;41;41;41,task:3;informational:47;navigational:12;commercial:21;transactional:17
Processadores Walita Philips,64,24464,96;99;55;83;100;100;100;81;87;87;87;87,task:4;informational:38;navigational:22;commercial:18;transactional:18
Snacks Equilíbrio,24,1133,54;60;61;55;46;49;53;100;69;68;63;62,task:2;informational:58;navigational:15;commercial:19;transactional:6
Trituradores de gelo,19,853,88;100;100;99;55;60;63;70;71;71;71;70,task:5;informational:56;navigational:4;commercial:23;transactional:12
Saborizantes para Alimentos,21,3586,30;32;31;31;77;78;78;81;100;100;99;99,task:5;informational:59;navigational:4;commercial:28;transactional:4
Sabão Brilhante,28,14907,31;36;40;97;98;99;99;100;99;99;98;98,task:5;informational:38;navigational:22;commercial:25;transactional:10
Frappé: bebidas de café,29,5176,24;27;33;87;99;100;100;81;29;29;29;29,task:12;informational:70;navigational:5;commercial:8;transactional:5
Peneiras para Café,17,464,64;71;75;94;95;95;91;89;100;100;100;100,task:4;informational:50;navigational:4;commercial:27;transactional:15
Máquinas de chiclete no Brasil,17,259,35;80;81;74;74;79;100;51;49;45;45;45,task:3;informational:70;navigational:5;commercial:15;transactional:7
Trituradores de Pia e Alimentos,49,59883,16;17;19;23;34;34;34;35;100;100;100;100,informational:51;navigational:2;commercial:31;transactional:16
Purificadores PA26G,16,471,14;39;50;36;49;50;33;100;97;36;33;54,task:7;informational:45;navigational:5;commercial:21;transactional:22
Micro-ondas Consul 32/34L,16,292,30;40;41;38;100;83;82;50;52;62;40;45,task:7;informational:39;navigational:18;commercial:16;transactional:20
Bebidas Mister,15,354,40;55;56;51;53;94;83;100;80;54;55;57,task:5;informational:59;navigational:9;commercial:17;transactional:10
bebidas sem álcool,18,1653,25;26;27;27;39;39;39;71;71;93;100;74,task:2;informational:60;navigational:10;commercial:22;transactional:6
"Garrafa térmica 0,5–1,2 L",15,244,61;68;71;77;78;79;100;76;79;80;80;83,task:8;informational:30;navigational:1;commercial:45;transactional:16
Descascadores de Legumes,19,3441,48;67;69;79;96;100;100;79;81;81;80;80,task:4;informational:57;navigational:6;commercial:16;transactional:17
Pasteurizadores de Leite,19,1811,22;25;56;87;80;80;81;90;90;100;93;93,task:5;informational:67;navigational:5;commercial:12;transactional:11
Cervejeiras Gelopar 230L,18,388,67;70;70;68;65;66;66;100;49;49;49;49,task:5;informational:35;navigational:24;commercial:30;transactional:6
Refrigerantes em lata 220ml,16,405,32;57;55;51;51;56;50;67;55;100;54;62,task:3;informational:59;navigational:4;commercial:20;transactional:14
Temporizadores de Cozinha,16,568,54;68;67;91;89;82;79;100;100;82;82;88,task:3;informational:62;navigational:1;commercial:22;transactional:12
Máquinas de fumaça e névoa,18,482,49;51;53;52;74;78;77;74;84;100;100;97,task:2;informational:58;navigational:2;commercial:22;transactional:16
Dolce Gusto Barista,18,642,20;48;52;35;39;31;28;94;93;100;97;100,task:5;informational:41;navigational:14;commercial:31;transactional:9
Moedores de Café Manuais,17,318,80;85;85;90;100;96;91;55;54;54;54;54,task:10;informational:50;navigational:11;commercial:16;transactional:13
Purificadores de Água Cadence,17,840,19;58;53;41;60;56;56;100;96;76;70;44,task:8;informational:61;navigational:3;commercial:18;transactional:10
Utensílios esmaltados para leite,17,313,25;32;31;30;33;38;58;100;89;34;34;34,task:13;informational:35;navigational:4;commercial:37;transactional:11
Amaciantes Comfort,17,270,53;95;100;85;85;71;58;84;80;61;61;60,task:10;informational:34;navigational:21;commercial:24;transactional:11
Moedores de Sal e Pimenta,38,17215,60;66;38;43;71;72;72;55;100;100;100;100,task:4;informational:59;navigational:9;commercial:21;transactional:7
Chopeiras Eltz,15,154,14;19;23;20;20;64;47;20;21;100;87;19,task:3;informational:40;navigational:35;commercial:11;transactional:11
Refrigerantes It no Brasil,25,3663,42;58;58;69;66;69;69;100;99;99;100;99,task:8;informational:64;navigational:5;commercial:15;transactional:8
Máquinas de Crepe,28,4541,92;100;50;53;65;66;67;60;49;49;49;49,task:2;informational:51;navigational:5;commercial:24;transactional:18
Frigo: Equipamentos de Cozinha Industrial,15,961,35;59;64;65;61;65;65;67;68;82;100;97,task:7;informational:18;navigational:30;commercial:30;transactional:15
Desumidificadores RelaxMedic,15,95,19;100;85;79;78;76;43;25;28;22;22;21,task:3;informational:29;navigational:38;commercial:20;transactional:10
Cervejeiras Carrefour,16,591,20;58;62;52;57;73;78;86;89;100;94;99,task:7;informational:24;navigational:39;commercial:11;transactional:19
Água com gás e Aquamix,22,3220,26;33;34;40;82;81;81;94;100;100;97;97,task:2;informational:52;navigational:21;commercial:17;transactional:8
Chaleiras de Alumínio,16,360,58;75;73;84;91;98;89;100;99;91;86;78,task:3;informational:45;navigational:8;commercial:32;transactional:12
Infusores de chá e canecas,25,5612,57;66;67;39;85;86;87;100;50;50;50;50,task:2;informational:48;navigational:9;commercial:35;transactional:6
Bebidas Malibu,40,14714,31;73;40;80;100;100;100;45;44;44;44;44,task:4;informational:60;navigational:6;commercial:15;transactional:15
Utensílios de vidro para cozinha,17,803,58;85;88;85;70;74;74;89;100;74;73;74,task:3;informational:57;navigational:5;commercial:20;transactional:15
Máquinas de Café Vending,16,314,75;89;91;87;87;100;99;96;96;96;96;95,task:3;informational:46;navigational:11;commercial:32;transactional:8
Processadores e Trituradores Mondial,16,508,69;76;100;89;55;55;38;40;38;40;41;50,task:7;informational:62;navigational:5;commercial:19;transactional:7
Licor de Café e Sheridan’s,36,20378,17;19;35;40;89;90;90;100;50;50;50;50,task:2;informational:61;navigational:10;commercial:19;transactional:8
Refrigeração e Alimentos,16,534,31;40;41;39;41;46;46;100;85;48;48;54,task:3;informational:45;navigational:10;commercial:34;transactional:8
Chaleiras elétricas Cuisinart,16,93,15;15;17;27;33;32;56;100;94;20;19;19,task:13;informational:38;navigational:8;commercial:32;transactional:9
Kit Sabão Líquido Caseiro,18,809,38;44;47;55;57;57;57;100;77;77;77;77,task:5;informational:45;navigational:9;commercial:30;transactional:11
Omeleteiras Elétricas,18,5392,91;100;50;48;45;46;46;48;54;54;53;53,task:5;informational:40;navigational:4;commercial:30;transactional:21
Coifas e Depuradores Electrolux,44,7894,92;97;100;47;46;47;48;49;48;48;48;49,task:4;informational:34;navigational:26;commercial:22;transactional:14
Refrigeração Laboratorial,16,254,82;83;88;89;92;100;98;90;82;82;87;86,task:2;informational:60;navigational:4;commercial:28;transactional:6
Abridores de vinho pressurizados,17,265,67;77;79;100;90;100;67;92;86;79;78;66,task:5;informational:49;navigational:2;commercial:18;transactional:26
Cafeteiras Nespresso: especialistas,16,367,70;86;97;86;95;100;94;70;70;70;69;70,task:7;informational:61;navigational:9;commercial:10;transactional:13
Chocadeiras Automáticas,28,4410,28;32;37;100;82;84;85;78;78;78;76;76,task:5;informational:39;navigational:3;commercial:41;transactional:12
Garrafa térmica para café,20,4898,91;97;100;46;46;47;47;48;48;47;48;47,task:5;informational:51;navigational:5;commercial:37;transactional:2
Lavadoras Electrolux,199,82842,37;38;40;64;68;68;68;100;99;99;99;99,task:2;informational:43;navigational:16;commercial:21;transactional:18
Maçaricos Culinários,29,2812,66;68;64;79;79;80;80;100;90;88;88;89,task:8;informational:53;navigational:4;commercial:23;transactional:12
Abridores de Coco Profissionais,18,1450,65;95;97;94;86;92;92;93;91;90;100;99,task:7;informational:44;navigational:5;commercial:26;transactional:18
Filtros e Abrandadores de Água,18,1002,22;25;27;26;76;76;80;100;100;100;100;100,task:2;informational:73;navigational:5;commercial:18;transactional:2
Império de Bebidas,15,1458,47;69;71;72;71;77;77;80;82;82;100;100,task:3;informational:23;navigational:33;commercial:30;transactional:11
Soluções de hidratação oral,37,13179,84;46;42;89;99;100;100;98;99;99;99;99,task:2;informational:78;navigational:8;commercial:8;transactional:4
Secadores de Leito Fluidizado,18,662,32;32;33;28;86;87;87;100;100;100;100;100,informational:77;navigational:5;commercial:10;transactional:8
Retificadoras Pneumáticas,20,602,68;94;93;87;84;90;90;84;85;93;100;99,task:3;informational:54;navigational:1;commercial:25;transactional:17
Oxbar Vapes e Pods,19,5758,90;98;100;100;71;73;74;68;69;69;68;68,task:10;informational:46;navigational:15;commercial:14;transactional:15
Termopro Garrafas Térmicas,18,258,34;54;63;54;100;42;85;39;37;45;45;47,task:4;informational:38;navigational:23;commercial:24;transactional:11
radler e cerveja,18,903,38;39;40;80;80;80;81;100;69;69;69;69,task:2;informational:73;navigational:8;commercial:15;transactional:2
Bebedouros Colormaq,19,1898,84;99;100;99;49;52;52;53;49;48;49;48,informational:36;navigational:34;commercial:8;transactional:22
Refrigeração Turbo Set 90,15,134,76;77;79;99;98;98;98;96;97;99;100;98,task:5;informational:48;navigational:25;commercial:10;transactional:12
"Prensas e Chapas para Lanches (xis, hot dog)",16,1155,21;27;27;24;24;42;48;25;26;32;100;93,task:3;informational:36;navigational:5;commercial:42;transactional:14
Limpeza de Cozinha,29,2080,51;55;67;94;84;75;77;83;100;100;97;97,task:4;informational:68;navigational:4;commercial:19;transactional:5
Agitadores Magnéticos com Aquecimento,17,136,74;100;100;84;84;86;86;88;89;89;89;89,task:10;informational:43;navigational:5;commercial:18;transactional:24
Garrafa térmica MOR,22,3126,84;99;100;54;56;58;61;61;63;61;61;60,informational:34;navigational:32;commercial:21;transactional:13
Capsulas de Café Descafeinado,20,761,59;74;78;73;75;80;88;80;91;100;99;100,task:7;informational:38;navigational:7;commercial:32;transactional:16
Purificadores automotivos cítricos,17,63,22;76;81;28;28;28;100;26;26;25;27;27,task:3;informational:49;navigational:9;commercial:28;transactional:11
Vidraria de Destilação,19,1452,33;38;29;44;100;100;100;88;88;88;89;89,task:2;informational:70;navigational:5;commercial:20;transactional:3
Cápsulas Bicafé,15,170,34;77;73;65;68;75;54;38;38;100;33;37,task:13;informational:18;navigational:33;commercial:24;transactional:12
Bebidas isotônicas,19,4633,20;24;48;49;94;95;95;89;91;89;100;89,task:2;informational:75;navigational:5;commercial:15;transactional:3
Utensílios para Brigadeiros,20,1865,56;69;70;68;84;86;87;95;100;99;100;97,task:2;informational:68;navigational:5;commercial:13;transactional:12
Banho-Maria Elétrico,17,217,72;83;88;86;98;100;87;80;80;77;78;79,task:3;informational:36;navigational:18;commercial:30;transactional:13
Bebidas Energéticas Power,22,4963,19;27;33;53;75;77;76;83;81;81;100;93,task:5;informational:58;navigational:7;commercial:21;transactional:9
Acessórios para fogão de indução,22,1248,84;99;100;97;93;90;90;58;68;68;67;68,task:5;informational:48;navigational:4;commercial:36;transactional:7
Tanquinhos de 13kg,18,457,32;98;95;77;74;100;95;47;40;63;66;87,task:3;informational:48;navigational:5;commercial:23;transactional:21
Pod vape e cigarro eletrônico,215,449426,29;27;28;49;84;84;84;99;100;100;100;100,task:2;informational:65;navigational:5;commercial:19;transactional:9
Porcionadoras de Brigadeiro,23,5208,100;50;56;73;93;95;96;80;74;74;73;72,informational:63;navigational:5;commercial:17;transactional:15
Chopeiras para bancada,16,551,78;89;90;85;81;84;86;82;94;96;100;99,task:4;informational:45;navigational:4;commercial:30;transactional:17
Garrafa térmica Goldentec,16,516,88;99;100;96;93;98;100;90;91;92;95;95,task:3;informational:51;navigational:14;commercial:15;transactional:17
Lixeiras Tramontina,26,3528,75;97;100;99;92;93;93;90;89;89;91;90,task:7;informational:39;navigational:19;commercial:13;transactional:22
cafeteiras Black & Decker,19,1511,98;100;45;43;44;47;44;51;52;52;48;47,task:5;informational:56;navigational:6;commercial:18;transactional:15
Dispenser para banheiro,23,14994,15;20;87;87;97;98;98;99;100;100;100;100,informational:42;navigational:5;commercial:45;transactional:8
Torneiras e Misturadores Docol Lift,15,711,66;89;89;84;98;100;99;83;80;80;87;85,task:3;informational:43;navigational:23;commercial:18;transactional:13
Garrafa térmica Quick Flip Stanley,18,382,48;69;71;70;62;66;55;100;73;52;58;60,task:3;informational:41;navigational:28;commercial:15;transactional:13
Agitadores de Kline,16,42,67;72;81;98;98;98;98;98;100;100;100;100,task:7;informational:40;navigational:28;commercial:21;transactional:4
Moedores de Café Cadence,20,516,78;98;100;96;87;94;96;86;90;89;91;89,task:3;informational:29;navigational:42;commercial:11;transactional:15
Colheres dosadoras e mamadeiras,35,8727,25;36;43;47;77;80;80;98;100;100;100;99,task:5;informational:64;navigational:2;commercial:22;transactional:7
Porta-mel e dosadores,15,279,65;84;85;79;65;68;100;60;60;97;94;97,task:7;informational:46;navigational:1;commercial:29;transactional:17
Transferidores de leite,16,474,27;89;69;37;94;100;87;37;41;33;33;33,task:3;informational:62;navigational:4;commercial:20;transactional:11
Bebidas Presidente,26,9911,39;46;46;49;96;97;98;99;100;100;100;100,task:7;informational:57;navigational:10;commercial:23;transactional:3
Cervejeiras Gelopar 400-410 litros,15,96,17;18;19;41;47;31;26;17;18;100;91;17,task:10;informational:49;navigational:4;commercial:33;transactional:4
Purificadores de água Havan,16,322,34;50;54;81;54;49;47;46;44;100;72;70,task:7;informational:25;navigational:43;commercial:10;transactional:15
Refrigeração e Eletroeletrônicos,16,132,31;35;34;29;29;32;32;26;26;100;28;27,task:5;informational:45;navigational:4;commercial:37;transactional:9
Garrafa térmica Stanley com quick flip,19,3436,88;98;100;99;46;47;47;44;44;43;43;43,informational:35;navigational:32;commercial:23;transactional:10
Micro-ondas 33L,18,1032,39;46;47;82;83;75;74;100;71;62;60;61,task:2;informational:38;navigational:9;commercial:26;transactional:25
Balde e lavadora de roupas,21,527,87;100;100;58;57;64;74;81;45;45;43;43,task:8;informational:75;navigational:2;commercial:10;transactional:5
Suco em caixinha,59,14883,43;50;62;73;96;96;97;95;100;100;100;100,task:8;informational:44;navigational:4;commercial:32;transactional:12
Trituradores e processadores de alho,29,6962,100;45;47;57;61;62;63;74;71;71;71;71,task:1;informational:52;navigational:7;commercial:25;transactional:15
Moedores Manuais,17,392,75;99;100;90;83;91;90;84;81;77;77;77,task:10;informational:51;navigational:3;commercial:23;transactional:13
Licor de Café – Receitas e Drinks,36,12316,49;53;55;59;96;96;96;100;44;44;44;43,task:5;informational:71;navigational:5;commercial:10;transactional:9
Real Bebidas e Refrigerantes,16,528,48;77;100;58;65;65;64;68;68;78;82;74,task:5;informational:58;navigational:15;commercial:13;transactional:9
Moedores de Café Comandante,16,71,99;93;100;99;99;100;100;94;94;94;94;94,task:3;informational:44;navigational:18;commercial:24;transactional:11
Aparelhos de Criolipólise,33,5267,23;39;74;85;100;94;94;83;87;87;87;87,task:2;informational:66;navigational:3;commercial:20;transactional:9
Repositores Hidroeletrolíticos,19,2467,30;32;36;33;56;66;61;72;73;73;100;85,task:5;informational:61;navigational:7;commercial:23;transactional:4
Máquinas de salgados Consultomaq,20,1348,90;100;100;100;70;73;74;72;73;73;74;73,task:2;informational:21;navigational:46;commercial:5;transactional:26
Multiprocessadores All-in-One,17,467,61;78;83;86;94;97;100;84;69;66;67;50,task:2;informational:63;navigational:5;commercial:16;transactional:14
Magazine do Frio e Refrigeração,15,262,14;21;26;26;26;45;100;22;22;21;22;23,task:3;informational:45;navigational:24;commercial:11;transactional:17
Misturadores e registros para chuveiro,20,515,62;70;70;67;87;88;87;100;82;85;87;86,task:8;informational:47;navigational:4;commercial:30;transactional:11
Canovas Bebedouros,16,1471,71;94;95;92;81;88;86;89;100;100;95;92,task:3;informational:43;navigational:31;commercial:13;transactional:10
Lavazza: Café e Equipamentos,21,2135,33;20;20;36;100;99;100;86;88;88;89;89,task:5;informational:44;navigational:19;commercial:25;transactional:7
Bebedouros Begel,15,369,25;27;28;76;88;100;40;67;69;77;70;80,task:5;informational:17;navigational:56;commercial:10;transactional:12
Amaciadores de carne,19,2940,36;18;17;22;84;85;86;93;97;96;100;100,task:5;informational:58;navigational:5;commercial:18;transactional:14
Império da Sublimação,15,800,44;100;91;88;88;64;64;53;54;58;56;55,task:7;informational:38;navigational:23;commercial:20;transactional:12
Extratoras de sujeira e higienizadoras,23,3765,16;21;32;50;62;62;64;68;88;88;100;100,task:7;informational:41;navigational:2;commercial:43;transactional:7
Série Nespresso Creatista,17,243,27;33;35;34;34;34;34;100;84;35;36;36,task:3;informational:50;navigational:12;commercial:12;transactional:23
Máquinas de Café Spidem,19,1102,55;62;63;68;68;71;70;99;99;100;99;100,task:2;informational:63;navigational:15;commercial:12;transactional:8
Coolers de PC,17,860,38;61;63;52;55;59;58;65;100;94;91;67,task:7;informational:40;navigational:1;commercial:38;transactional:14
Paratudo Bebidas,48,37481,19;22;23;37;87;88;88;99;100;100;100;100,informational:60;navigational:23;commercial:12;transactional:5
Raladores de Coco e Queijo,20,1673,69;95;96;91;87;94;95;96;100;100;96;93,task:3;informational:47;navigational:11;commercial:22;transactional:17
Lava-louças Elettromec,15,198,51;53;53;51;51;53;53;70;68;100;91;58,informational:33;navigational:36;commercial:11;transactional:20
Sprite Zero e Refrigerantes Zero Açúcar,19,12511,26;31;32;19;28;29;30;100;100;100;100;100,task:7;informational:48;navigational:2;commercial:37;transactional:6
Magic Job: Empregos e Máquinas de Salgados,18,960,69;80;79;49;83;100;92;83;76;75;71;92,task:7;informational:64;navigational:6;commercial:9;transactional:14
Multiutilidades,15,796,22;56;68;51;64;81;62;90;62;70;62;100,task:10;informational:44;navigational:16;commercial:11;transactional:19
Tanquinho Mueller: Lavadoras de Roupas 20kg,16,569,21;32;35;32;32;33;31;82;85;100;29;30,task:3;informational:35;navigational:35;commercial:14;transactional:13
Garrafas térmicas,16,1095,74;96;100;95;85;91;98;97;95;94;94;94,task:3;informational:53;navigational:5;commercial:26;transactional:13
Trituradores de Alimentos Philco,15,245,37;51;55;97;100;62;58;61;63;67;67;68,task:3;informational:37;navigational:39;commercial:8;transactional:13
Secadores e Centrífugas de Saladas,31,7693,44;55;58;67;81;82;83;100;92;92;93;92,task:2;informational:64;navigational:5;commercial:20;transactional:9
Máquinas de embalar e selar picolés,15,75,54;56;64;73;72;76;100;64;64;64;64;64,task:7;informational:35;navigational:4;commercial:31;transactional:23
Moedores e Utensílios para Temperos,21,1511,87;100;61;71;83;86;86;68;66;66;66;66,task:2;informational:49;navigational:7;commercial:35;transactional:7
Esmerilhadeiras e Lixadeiras,50,24917,73;76;80;85;88;88;88;100;96;96;96;96,task:2;informational:56;navigational:4;commercial:23;transactional:15
Aguarrás e solventes 5 litros,17,305,40;45;47;52;52;71;66;54;59;97;97;100,task:7;informational:24;navigational:4;commercial:34;transactional:31
AquaSoft Purificadores e Lavanderia,15,67,58;58;74;59;100;73;67;78;68;62;62;62,task:3;informational:28;navigational:32;commercial:21;transactional:16
Fritadeiras MetalCubas,17,494,79;97;99;95;89;94;96;98;100;100;100;100,task:1;informational:23;navigational:48;commercial:17;transactional:11
Garrafa IntegralMedica,17,133,8;17;23;18;21;75;54;28;20;100;22;23,task:3;informational:46;navigational:24;commercial:9;transactional:18
cafeteira senseo philips,29,5827,52;60;61;36;89;91;91;91;99;99;100;100,informational:38;navigational:26;commercial:24;transactional:12
Roleta de Bebidas,16,698,72;100;74;62;51;53;52;54;43;44;39;39,task:10;informational:50;navigational:4;commercial:30;transactional:6
Pulverizadores 5 litros,21,2221,85;98;99;98;97;100;100;49;50;50;50;49,task:5;informational:34;navigational:1;commercial:46;transactional:14
Kits de Barista,15,206,74;87;91;82;84;87;96;100;97;78;79;88,task:3;informational:49;navigational:1;commercial:36;transactional:11
Tostex Sanduicheiras,17,4325,33;41;44;38;95;96;95;100;97;96;96;95,task:4;informational:39;navigational:24;commercial:28;transactional:5
Refrisat Refrigeração,17,157,69;75;76;75;75;77;77;77;96;100;80;81,task:1;informational:37;navigational:40;commercial:5;transactional:17
Garrafa Cirkul,15,205,81;99;93;100;81;73;65;71;62;53;52;62,task:14;informational:30;navigational:28;commercial:17;transactional:11
Eletrofrio Refrigeração,16,1220,64;96;96;100;88;95;94;95;94;94;90;89,task:2;informational:21;navigational:38;commercial:7;transactional:32
Compressores e Peças de Refrigeradores,20,931,39;38;39;16;23;33;50;99;93;100;95;89,task:5;informational:58;navigational:4;commercial:25;transactional:8
Microondas Consul 20 litros,16,334,42;91;100;72;61;74;37;51;37;70;60;46,task:2;informational:40;navigational:24;commercial:25;transactional:9
Maquinas de Moer Cana,46,10140,61;68;77;97;99;100;100;89;80;80;80;80,task:8;informational:53;navigational:2;commercial:24;transactional:13
Paniz: Equipamentos de Panificação e Confeitaria,17,894,62;80;84;82;86;91;93;97;100;100;100;99,task:7;informational:24;navigational:39;commercial:22;transactional:8
Bosch Pro: Politriz e Lixadeira,22,2467,74;88;89;86;96;99;98;100;100;100;99;98,task:2;informational:34;navigational:32;commercial:26;transactional:6
Leite cremoso e espuma: guia em casa,38,6558,28;36;40;55;63;63;64;100;100;100;100;100,task:23;informational:60;navigational:5;commercial:6;transactional:6
Acessórios para tanquinho Colormaq,19,270,91;98;100;74;73;69;62;63;60;62;63;62,informational:34;navigational:27;commercial:17;transactional:22
Ristretto Café Brasil,25,3194,38;99;100;97;66;67;68;59;56;56;57;56,task:3;informational:44;navigational:27;commercial:18;transactional:8
Eletrônicos e Dispositivos,24,16820,48;94;47;84;53;54;54;100;100;100;100;100,task:7;informational:66;navigational:5;commercial:15;transactional:7
Resfriadores e Tanques de Leite,34,4603,45;54;33;51;88;89;89;100;93;93;95;94,task:2;informational:44;navigational:9;commercial:32;transactional:13
Água Purificada,21,3090,38;79;80;86;99;100;100;95;93;95;94;94,task:5;informational:78;navigational:5;commercial:10;transactional:2
Refriko Bebidas,18,849,40;55;56;54;70;85;75;77;100;99;77;75,task:4;informational:29;navigational:41;commercial:22;transactional:4
Moedores de Carne para Batedeiras,19,766,33;49;52;100;100;100;93;84;41;45;44;41,task:5;informational:52;navigational:2;commercial:33;transactional:8
Garrafas Térmicas Faster,19,1894,85;99;100;65;53;55;56;59;47;47;47;47,task:8;informational:46;navigational:29;commercial:11;transactional:6
Medidores de Cozinha,20,1762,83;92;96;95;85;88;88;86;98;98;98;100,task:2;informational:58;navigational:7;commercial:28;transactional:5
Nespresso: Limpeza e Descalcificação,32,4352,31;35;41;70;100;100;100;90;98;98;98;98,task:8;informational:70;navigational:5;commercial:13;transactional:4
cervejas 1 litro,18,878,60;65;45;42;56;61;54;94;65;66;97;100,task:8;informational:43;navigational:4;commercial:36;transactional:9
