Database,Keyword,Seed keyword,Page,Topic,Page type,Tags,Volume,Keyword Difficulty,CPC (USD),Competitive Density,Number of Results,Intent,SERP Features,Trend,Click potential,Content references,Competitors
br,hisense,Hisense,,,,,33100,47,0.15,1.00,168,Navigational,"Video Carousel, People Also Ask, Popular Products, Related Searches, Knowledge Panel, Image Pack, Site Links, Video","0.20,1.00,0.44,0.24,0.36,0.36,0.54,0.54,0.54,0.30,0.36,0.30",20,,
br,ar condicionado hisense,Hisense,,,,,9900,23,0.11,1.00,163,"Informational, Commercial","Video, Video Carousel, People Also Ask, Popular Products, Related Searches, AI Overview, Site Links","0.10,0.13,0.13,0.16,0.19,0.24,0.36,1.00,1.00,0.36,0.29,0.24",20,,
br,geladeira hisense,Hisense,,,,,5400,29,0.15,1.00,168,"Navigational, Commercial","Video Carousel, People Also Ask, Popular Products, Related Searches, AI Overview, Site Links, Reviews, Video","0.44,0.36,0.54,0.44,0.54,0.66,0.66,0.66,1.00,0.81,0.54,0.81",20,,
br,hisense é boa,Hisense,,,,,5400,33,0.12,1.00,182,Informational,"People Also Ask, Related Searches, AI Overview, Reviews, Video, Image, Video Carousel","0.08,0.29,0.29,0.29,0.24,0.36,1.00,0.54,0.44,0.29,0.36,0.29",90,,
br,ar condicionado hisense é bom,Hisense,,,,,4400,33,0.08,1.00,162,Informational,"Related Searches, Short Videos, AI Overview, Site Links, Reviews, Video, People Also Ask, Popular Products","0.08,0.08,0.08,0.08,0.16,0.19,0.44,1.00,0.66,0.24,0.29,0.19",20,,
br,hisense ar condicionado,Hisense,,,,,4400,21,0.12,1.00,156,Informational,"People Also Ask, Popular Products, Related Searches, AI Overview, Site Links, Video, Video Carousel","0.08,0.12,0.10,0.10,0.19,0.19,0.24,1.00,0.81,0.29,0.24,0.29",20,,
br,lava e seca hisense,Hisense,,,,,4400,27,0.18,1.00,166,"Informational, Commercial","Site Links, Reviews, Video, Video Carousel, Popular Products, Related Searches, AI Overview, People Also Ask, Short Videos","0.44,0.53,0.81,0.81,0.66,1.00,1.00,0.66,0.81,0.81,0.81,1.00",20,,
br,ar condicionado portátil hisense,Hisense,,,,,3600,38,0.12,1.00,156,"Informational, Commercial","Site Links, Video, Video Carousel, People Also Ask, Popular Products, Related Searches, AI Overview","0.01,0.01,0.01,0.03,0.05,0.03,0.10,1.00,0.66,0.13,0.08,0.08",20,,
br,ar condicionado portatil hisense,Hisense,,,,,2400,28,0.12,1.00,165,"Informational, Commercial","Video, Video Carousel, People Also Ask, Popular Products, Related Searches, Image Pack, Site Links","0.01,0.01,0.02,0.03,0.06,0.05,0.08,0.66,1.00,0.08,0.06,0.08",20,,
br,marca hisense é boa,Hisense,,,,,2400,31,0.13,1.00,174,Informational,"Reviews, Video, Video Carousel, People Also Ask, Related Searches, Short Videos, AI Overview","0.12,0.19,0.23,0.29,0.19,0.35,0.81,0.44,0.35,0.16,0.16,0.23",90,,
br,ar cond hisense é bom,Hisense,,,,,1900,21,0.08,1.00,162,Informational,"Short Videos, AI Overview, Site Links, Reviews, Video, Video Carousel, People Also Ask, Related Searches","0.00,0.00,0.00,0.00,0.00,0.00,0.00,1.00,0.24,0.29,0.00,0.24",20,,
br,geladeira hisense é boa,Hisense,,,,,1600,25,0.14,1.00,173,Informational,"Popular Products, Related Searches, AI Overview, Site Links, Reviews, Video, Video Carousel, People Also Ask","0.20,0.20,0.24,0.27,0.27,0.52,0.80,0.80,1.00,0.52,0.52,0.44",20,,
br,hisense ar condicionado é bom,Hisense,,,,,1600,22,0.08,1.00,161,Informational,"AI Overview, Video Carousel, People Also Ask, Related Searches, Short Videos, Site Links, Reviews, Video, Popular Products","0.03,0.07,0.13,0.04,0.08,0.15,0.43,0.43,1.00,0.10,0.15,0.36",20,,
br,hisense u7n,Hisense,,,,,1600,36,0.08,1.00,162,Informational,"AI Overview, Site Links, Reviews, Video, Image, People Also Ask, Related Searches","1.00,0.82,0.65,0.65,0.44,0.82,0.82,0.34,0.30,0.20,0.16,0.16",20,,
br,lava e seca hisense é boa,Hisense,,,,,1600,24,0.11,1.00,170,Informational,"Video Carousel, People Also Ask, Related Searches, Short Videos, AI Overview, Reviews, Video","0.44,0.34,0.65,0.65,0.55,0.82,1.00,0.44,0.65,0.30,0.55,0.65",90,,
br,ar condicionado hisense 10000,Hisense,,,,,1300,15,0.10,1.00,161,"Informational, Commercial","Popular Products, Related Searches, AI Overview, Site Links, Video Carousel, People Also Ask","0.05,0.05,0.07,0.08,0.13,0.18,0.24,0.66,1.00,0.35,0.24,0.18",20,,
br,ar condicionado hisense 12000,Hisense,,,,,1300,23,0.11,1.00,161,Commercial,"Site Links, Video, Video Carousel, People Also Ask, Popular Products, Related Searches","0.03,0.04,0.03,0.10,0.13,0.22,0.36,1.00,0.65,0.20,0.29,0.29",20,,
br,frigobar hisense,Hisense,,,,,1300,27,0.11,1.00,167,Transactional,"Related Searches, Image Pack, Site Links, Video, People Also Ask, Popular Products","0.16,0.30,0.41,0.66,0.66,1.00,1.00,0.66,0.41,0.24,0.30,0.36",20,,
br,lava e seca hisense 13kg,Hisense,,,,,1300,22,0.17,1.00,169,Commercial,"Related Searches, Short Videos, Site Links, Video, Video Carousel, People Also Ask, Popular Products","0.34,0.24,0.20,0.30,0.24,0.44,1.00,0.44,0.65,0.44,0.44,0.44",20,,
br,televize hisense 65,Hisense,,,,,1300,24,0.09,1.00,138000,"Informational, Commercial","AI Overview, Site Links, Reviews, Video, People Also Ask, Popular Products, Related Searches","0.20,0.54,0.79,0.54,0.66,0.66,1.00,0.66,0.54,0.54,0.79,0.66",20,,
br,ar condicionado portatil hisense 12000 btus,Hisense,,,,,1000,19,0.12,1.00,166,"Informational, Commercial","Popular Products, Related Searches, AI Overview, Site Links, Reviews, Video, Video Carousel, People Also Ask","0.02,0.00,0.01,0.01,0.02,0.05,0.13,1.00,1.00,0.18,0.10,0.13",20,,
br,hisense 50 tvs,Hisense,,,,,1000,21,0.09,1.00,171,Commercial,"People Also Ask, Popular Products, Related Searches, Site Links, Video, Video Carousel","0.00,0.41,0.54,0.36,0.36,0.54,1.00,0.66,0.54,0.41,0.66,0.66",20,,
br,hisense fernseher 55,Hisense,,,,,1000,21,0.11,1.00,2990000,Transactional,"Site Links, Video, Video Carousel, People Also Ask, Popular Products, Related Searches","0.30,0.55,0.81,0.81,0.55,0.62,1.00,0.81,0.62,0.45,0.62,0.81",20,,
br,hisense geladeira,Hisense,,,,,1000,28,0.14,1.00,165,"Navigational, Commercial","Image Pack, Site Links, Reviews, Video, Video Carousel, People Also Ask, Popular Products, Related Searches","0.31,0.52,0.68,0.68,0.25,0.31,1.00,0.84,0.84,0.46,0.68,0.68",20,,
br,hisense lava e seca,Hisense,,,,,1000,24,0.18,1.00,167,"Informational, Commercial","Image Pack, Site Links, Video, Video Carousel, People Also Ask, Popular Products, Related Searches, AI Overview","0.37,0.37,0.46,0.68,0.52,0.52,0.68,0.68,1.00,0.52,0.68,0.68",20,,
br,hisense u7q,Hisense,,,,,1000,27,0.08,1.00,169,Informational,"Site Links, Reviews, Video, Related Searches","0.00,0.00,0.00,0.07,0.03,0.04,1.00,0.52,0.52,0.44,0.66,0.66",20,,
br,television hisense 50,Hisense,,,,,1000,21,0.09,1.00,190,Commercial,"Popular Products, Related Searches, Site Links, Video, Video Carousel, People Also Ask","0.00,0.41,0.54,0.36,0.36,0.54,1.00,0.66,0.54,0.41,0.66,0.66",20,,
br,television hisense 65,Hisense,,,,,1000,19,0.08,1.00,193,Commercial,"Video, Video Carousel, People Also Ask, Popular Products, Related Searches, Short Videos, Site Links","0.20,0.54,0.79,0.54,0.66,0.66,1.00,0.66,0.54,0.54,0.79,0.66",20,,
br,ar hisense,Hisense,,,,,880,21,0.10,1.00,184,Informational,"AI Overview, Site Links, Video, Video Carousel, People Also Ask, Popular Products, Related Searches","0.11,0.08,0.08,0.08,0.16,0.20,0.24,0.82,1.00,0.34,0.24,0.30",20,,
br,hisense ar condicionado portatil,Hisense,,,,,880,31,0.11,1.00,168,Commercial,"Popular Products, Related Searches, Image Pack, Site Links, Video, Video Carousel, People Also Ask","0.03,0.03,0.03,0.03,0.05,0.08,0.10,1.00,1.00,0.24,0.13,0.16",20,,
br,hisense q6n,Hisense,,,,,880,36,0.09,1.00,163,Informational,"Site Links, Reviews, Video Carousel, Related Searches, Knowledge Panel, Image Pack, Video, Image, People Also Ask","0.37,0.52,0.68,0.52,0.37,0.37,0.52,0.25,0.25,0.16,0.20,0.13",20,,
br,hisense televisions,Hisense,,,,,880,25,0.09,1.00,175,Transactional,"Site Links, Video, Video Carousel, People Also Ask, Popular Products, Related Searches","0.20,1.00,0.52,0.46,0.37,0.37,0.52,0.46,0.37,0.25,0.37,0.25",20,,
br,marca hisense,Hisense,,,,,880,26,0.19,1.00,169,Informational,"Popular Products, Related Searches, AI Overview, Site Links, Reviews, Video, Video Carousel, People Also Ask","0.24,0.36,0.45,0.45,0.36,0.81,1.00,0.81,0.55,0.30,0.45,0.45",20,,
br,ar condicionado hisense portatil,Hisense,,,,,720,21,0.11,1.00,181,Commercial,"Image Pack, Site Links, Video, Video Carousel, People Also Ask, Popular Products, Related Searches","0.03,0.03,0.02,0.04,0.04,0.05,0.08,1.00,0.66,0.16,0.07,0.07",20,,
br,ar condicionado janela hisense,Hisense,,,,,720,24,0.13,1.00,166,Commercial,"Popular Products, Related Searches, Image Pack, Site Links, Reviews, Video, Video Carousel, People Also Ask","0.10,0.10,0.13,0.13,0.24,0.24,0.36,0.79,0.79,0.36,0.20,0.36",20,,
br,ar portatil hisense,Hisense,,,,,720,17,0.10,1.00,166,Commercial,"Video Carousel, People Also Ask, Popular Products, Related Searches, Site Links, Video","0.01,0.01,0.01,0.01,0.04,0.05,0.08,1.00,0.80,0.10,0.07,0.08",20,,
br,hisense frigobar,Hisense,,,,,720,21,0.10,1.00,162,"Informational, Transactional","Related Searches, AI Overview, Image Pack, Site Links, Video, Video Carousel, People Also Ask, Popular Products","0.02,0.00,0.00,0.00,0.68,0.84,1.00,0.68,0.52,0.31,0.37,0.37",20,,
br,lava e seca hisense 11kg,Hisense,,,,,720,18,0.19,1.00,168,Commercial,"Image Pack, Site Links, Video, Video Carousel, People Also Ask, Popular Products, Related Searches","0.25,0.13,0.31,0.31,0.25,0.25,1.00,0.46,0.68,0.46,0.68,0.68",20,,
br,ar condicionado de janela hisense,Hisense,,,,,590,28,0.11,1.00,168,Commercial,"Site Links, Reviews, Video, Video Carousel, People Also Ask, Popular Products, Related Searches, Short Videos, Image Pack","0.08,0.07,0.05,0.13,0.13,0.08,0.36,1.00,0.66,0.20,0.07,0.24",20,,
br,ar condicionado hisense 8500,Hisense,,,,,590,29,0.09,1.00,190,Commercial,"Related Searches, Image Pack, Site Links, Video, Video Carousel, People Also Ask, Popular Products","0.07,0.05,0.03,0.07,0.01,0.11,0.20,0.04,0.24,0.11,0.11,0.05",20,,
br,consumo ar condicionado hisense portatil 12000 btus,Hisense,,,,,590,21,0.00,0.00,187,Informational,"People Also Ask, Popular Products, Related Searches, AI Overview, Site Links, Video, Video Carousel","1.00,0.00,0.00",20,,
br,hisense 9000 btu inverter manual,Hisense,,,,,590,0,0.00,0.00,81,Informational,"AI Overview, Video, People Also Ask, Related Searches","1.00,0.00,0.00,0.00",,,
br,hisense c2 ultra,Hisense,,,,,590,20,0.12,1.00,172,Informational,"Video Carousel, People Also Ask, Popular Products, Related Searches, Site Links, Video","0.05,0.16,0.52,1.00,0.46,0.31,0.25,0.25,0.31,0.25,0.31,0.25",20,,
br,hisense reclame aqui,Hisense,,,,,590,33,0.00,0.33,161,Navigational,"Site Links, People Also Ask, Related Searches","0.24,0.30,0.36,0.30,0.30,0.30,1.00,0.62,0.45,0.20,0.20,0.20",20,,
br,hisense u6n,Hisense,,,,,590,26,0.10,1.00,161,Commercial,"Site Links, Reviews, People Also Ask, Popular Products, Video, Image, Video Carousel, Related Searches, Image Pack","0.25,0.25,0.25,0.31,0.25,0.52,0.68,0.31,0.25,0.08,0.13,0.13",20,,
br,hisense u8n,Hisense,,,,,590,34,0.11,1.00,162,"Informational, Commercial","Adwords Middle, AI Overview, Reviews, Video, Video Carousel, Related Searches, Site Links, People Also Ask, Popular Products","0.72,1.00,1.00,0.88,0.59,0.48,0.59,0.32,0.26,0.21,0.21,0.21",20,,
br,maquina lava e seca hisense,Hisense,,,,,590,23,0.20,1.00,166,Informational,"Popular Products, Related Searches, AI Overview, Image Pack, Site Links, Video, Video Carousel, People Also Ask","0.36,0.36,0.67,0.54,0.44,0.54,0.81,0.81,0.81,0.81,1.00,0.81",20,,
br,refrigerador hisense,Hisense,,,,,590,30,0.15,1.00,165,"Informational, Transactional","Related Searches, Image Pack, Site Links, Video, Video Carousel, People Also Ask, Popular Products","0.36,0.30,0.36,0.36,0.20,0.45,0.67,0.76,1.00,0.55,0.45,0.45",20,,
br,ar condicionado 12000 btus hisense,Hisense,,,,,480,20,0.13,1.00,161,Commercial,"People Also Ask, Popular Products, Related Searches, AI Overview, Site Links, Video Carousel","0.08,0.13,0.20,0.20,0.16,0.24,0.55,1.00,1.00,0.36,0.30,0.45",20,,
br,ar condicionado hisense 12000 btus,Hisense,,,,,480,20,0.13,1.00,160,Commercial,"Site Links, Video, Video Carousel, People Also Ask, Popular Products, Related Searches","0.13,0.04,0.03,0.07,0.08,0.13,0.20,0.79,0.54,0.16,0.16,0.20",20,,
br,ar hisense é bom,Hisense,,,,,480,31,0.08,1.00,164,Informational,"Video, People Also Ask, Related Searches, Short Videos, AI Overview, Site Links","0.08,0.06,0.08,0.08,0.20,0.24,0.45,1.00,0.81,0.24,0.36,0.30",20,,
br,geladeira hisense botton rb-52w,Hisense,,,,,480,21,0.16,1.00,163,"Informational, Transactional","Short Videos, Site Links, Video, Video Carousel, People Also Ask, Related Searches","0.13,0.08,0.16,1.00,0.16,0.24,0.30,0.30,0.55,0.13,0.06,0.05",20,,
br,hisense 55 tvs,Hisense,,,,,480,17,0.11,1.00,164,Commercial,"Related Searches, Site Links, Reviews, Video, Video Carousel, People Also Ask, Popular Products","0.26,0.72,0.26,0.88,0.59,0.59,0.72,1.00,0.72,0.48,0.02,0.72",20,,
br,hisense brasil,Hisense,,,,,480,40,0.18,0.97,165,"Navigational, Commercial","Site Links, Adwords Top, Video Carousel, People Also Ask, Related Searches, Short Videos, Video, Adwords Bottom, Popular Products","0.16,0.46,0.25,0.16,0.25,0.20,0.31,0.31,0.25,0.25,0.16,0.16",20,,
br,ar condicionado hisense 9000 btu,Hisense,,,,,390,21,0.10,1.00,159,"Informational, Commercial","AI Overview, Site Links, Video, Video Carousel, People Also Ask, Popular Products, Related Searches","0.10,0.08,0.08,0.08,0.13,0.16,0.00,1.00,0.62,0.36,0.00,0.36",20,,
br,ar condicionado hisense 9000 btus,Hisense,,,,,390,11,0.10,1.00,188,Commercial,"Video Carousel, People Also Ask, Popular Products, Related Searches, Site Links, Video","0.11,0.09,0.14,0.09,0.21,0.21,0.59,1.00,1.00,0.26,0.72,0.72",20,,
br,assistência técnica hisense,Hisense,,,,,390,12,0.28,0.15,103,"Informational, Transactional","Site Links, Video, People Also Ask, Related Searches","0.54,0.36,0.67,0.44,0.29,0.19,0.23,0.81,0.36,0.54,0.67,0.19",20,,
br,frigobar hisense 90 litros,Hisense,,,,,390,13,0.11,1.00,168,Informational,"Image Pack, Site Links, Reviews, Video, Video Carousel, People Also Ask, Popular Products, Related Searches","0.13,0.20,0.24,0.45,0.30,0.36,0.55,0.30,0.10,0.06,0.16,0.16",20,,
br,hisense 100,Hisense,,,,,390,24,0.15,1.00,172,Commercial,"Reviews, Video, Video Carousel, People Also Ask, Popular Products, Short Videos, Site Links, Related Searches, AI Overview","0.07,0.88,1.00,0.21,1.00,0.26,0.39,0.14,0.11,0.09,0.14,0.11",20,,
br,hisense ap-12cwbrnps01,Hisense,,,,,390,20,0.19,1.00,160,Informational,"Related Searches, AI Overview, Site Links, Reviews, Video, Video Carousel, People Also Ask, Popular Products","0.00,0.00,0.00,0.00,0.05,0.04,0.00,1.00,0.44,0.07,0.05,0.03",20,,
br,hisense miniled,Hisense,,,,,390,22,0.09,1.00,170,Transactional,"Popular Products, Related Searches, Reviews, Video, Video Carousel, People Also Ask","0.07,0.48,0.32,0.03,0.21,0.17,1.00,0.48,0.48,0.32,0.48,0.59",75,,
br,hisense televízió,Hisense,,,,,390,31,0.09,1.00,145000,"Informational, Transactional","Video Carousel, People Also Ask, Popular Products, Related Searches, Site Links, Reviews, Video","0.66,0.00,0.00,0.00,0.16,0.20,0.20,0.00,0.00,0.00,0.00,0.27",20,,
br,ar condicionado hisense inverter,Hisense,,,,,320,19,0.13,1.00,185,"Informational, Commercial","AI Overview, Site Links, Reviews, Video, Video Carousel, People Also Ask, Popular Products, Related Searches","0.05,0.06,0.08,0.05,0.10,0.10,0.16,0.55,1.00,0.36,0.20,0.20",20,,
br,ar condicionado portatil hisense é bom,Hisense,,,,,320,23,0.08,1.00,168,Informational,"Site Links, Video, Video Carousel, People Also Ask, Related Searches, AI Overview","0.02,0.01,0.02,0.04,0.07,0.05,0.10,0.79,0.41,0.10,0.05,0.04",20,,
br,ar condicionado portátil hisense 12000 btu,Hisense,,,,,320,18,0.12,1.00,186,Commercial,"Popular Products, Related Searches, Short Videos, Site Links, Video, Video Carousel, People Also Ask","0.08,0.10,0.08,0.08,0.13,0.20,0.20,1.00,0.76,0.16,0.16,0.16",20,,
br,ar condicionado portátil hisense é bom,Hisense,,,,,320,22,0.08,1.00,165,Informational,"Video, Video Carousel, People Also Ask, Popular Products, Related Searches, AI Overview, Site Links","0.00,0.00,0.00,0.02,0.07,0.08,0.08,1.00,0.68,0.11,0.03,0.05",20,,
br,ar-condicionado de janela hisense,Hisense,,,,,320,20,0.11,1.00,162,Commercial,"Video Carousel, People Also Ask, Popular Products, Related Searches, Site Links, Video","0.00,0.00,0.00,0.00,0.08,0.36,0.00,0.30,0.62,0.45,0.55,0.30",20,,
br,ar-condicionado portátil hisense,Hisense,,,,,320,21,0.12,1.00,163,Commercial,"Popular Products, Related Searches, Short Videos, AI Overview, Site Links, Video, Video Carousel, People Also Ask","0.00,0.00,0.00,0.00,0.07,0.12,0.00,0.16,0.12,0.00,0.00,0.01",20,,
br,geladeira hisense inverter,Hisense,,,,,320,21,0.15,1.00,164,Commercial,"Popular Products, Related Searches, Image Pack, Site Links, Video, Video Carousel, People Also Ask","0.15,0.12,0.19,0.29,0.29,0.36,0.54,0.81,1.00,0.66,0.66,0.81",20,,
br,hisense 10000 btu,Hisense,,,,,320,23,0.09,1.00,161,Commercial,"Popular Products, Related Searches, Site Links, Video, People Also Ask","0.07,0.03,0.02,0.03,0.03,0.05,0.07,0.11,0.31,0.08,0.07,0.07",20,,
br,hisense 116ux,Hisense,,,,,320,30,0.11,1.00,168,Informational,"Related Searches, Short Videos, Video, Image, Video Carousel, People Also Ask","0.02,0.04,0.04,0.04,0.81,1.00,0.54,0.81,0.66,0.44,0.44,0.54",75,,
br,hisense 12.000 btus wi-fi,Hisense,,,,,320,25,0.00,0.00,161,"Informational, Commercial","Related Searches, AI Overview, Site Links, Video, People Also Ask, Popular Products","1.00,0.00,0.00,0.00,0.00,0.00,0.00",20,,
br,hisense 58,Hisense,,,,,320,16,0.09,1.00,165,Commercial,"Video, Video Carousel, People Also Ask, Popular Products, Related Searches, AI Overview, Site Links","0.10,0.08,0.10,0.06,0.08,0.16,1.00,0.36,0.16,0.16,0.20,0.16",20,,
br,hisense assistencia tecnica,Hisense,,,,,320,20,0.28,0.15,107,"Informational, Transactional","Video, Adwords Bottom, People Also Ask, Related Searches","0.66,0.66,0.81,1.00,0.15,0.54,0.29,0.12,0.12,0.05,0.06,0.09",90,,
br,hisense aw-10cwbrvgu02,Hisense,,,,,320,23,0.12,1.00,154,"Informational, Commercial","Site Links, People Also Ask, Popular Products, Related Searches, AI Overview","0.00,0.00,0.00,0.00,0.00,0.00,0.01,1.00,0.02,0.00,0.00,0.00",20,,
br,hisense freezer,Hisense,,,,,320,16,0.12,1.00,167,"Informational, Commercial","Related Searches, AI Overview, Image Pack, Site Links, Video, Video Carousel, People Also Ask, Popular Products","0.28,0.35,0.35,0.44,0.28,0.66,0.81,0.81,0.66,0.44,0.54,0.35",20,,
br,hisense q7q,Hisense,,,,,320,26,0.08,1.00,183,Commercial,"Video Carousel, People Also Ask, Popular Products, Related Searches, Short Videos, Site Links, Video","0.03,0.01,0.01,0.01,0.01,0.01,0.24,0.16,0.67,1.00,0.76,1.00",20,,
br,hisense u7 pro,Hisense,,,,,320,23,0.08,1.00,164,Commercial,"Popular Products, Related Searches, Site Links, Video, Video Carousel, People Also Ask","0.01,0.01,0.01,0.01,0.11,0.07,0.08,1.00,0.31,0.25,0.25,0.31",20,,
br,hisense u7n 55,Hisense,,,,,320,27,0.07,1.00,163,Commercial,"Site Links, Reviews, Video, Video Carousel, People Also Ask, Related Searches, AI Overview","1.00,0.44,0.44,0.36,0.44,0.66,0.81,0.36,0.23,0.09,0.09,0.12",20,,
br,lavadora hisense,Hisense,,,,,320,20,0.16,1.00,164,"Informational, Commercial","Related Searches, Short Videos, AI Overview, Site Links, Video, Video Carousel, People Also Ask, Popular Products","0.43,0.43,0.66,0.66,0.54,0.66,1.00,0.66,0.66,0.43,0.54,0.54",20,,
br,maquina de lavar hisense,Hisense,,,,,320,21,0.18,1.00,163,Informational,"Site Links, Video Carousel, People Also Ask, Short Videos, AI Overview, Reviews, Video, Popular Products, Related Searches","0.44,0.44,0.54,0.19,0.19,0.09,1.00,0.81,0.81,0.44,0.81,0.66",20,,
br,marca hisense é boa ar condicionado,Hisense,,,,,320,21,0.09,1.00,165,Informational,"Related Searches, Short Videos, AI Overview, Site Links, Reviews, Video, Video Carousel, People Also Ask","0.05,0.06,0.08,0.08,0.16,0.20,0.55,1.00,0.45,0.13,0.13,0.16",20,,
br,máquina de lavar hisense é boa,Hisense,,,,,320,25,0.12,1.00,170,Informational,"Reviews, Video, Video Carousel, People Also Ask, Related Searches, Short Videos, AI Overview","0.29,0.29,0.44,1.00,0.44,0.36,0.44,0.36,0.36,0.44,0.36,0.44",90,,
br,12000 btu hisense,Hisense,,,,,260,13,0.12,1.00,164,Commercial,"Site Links, Video Carousel, People Also Ask, Popular Products, Related Searches","0.00,0.05,0.00,0.04,0.10,0.13,0.16,1.00,0.36,0.00,0.00,0.16",20,,
br,a marca hisense é boa,Hisense,,,,,260,23,0.08,1.00,173,Informational,"Reviews, Video, Video Carousel, People Also Ask, Related Searches, AI Overview","0.15,0.23,0.36,0.36,0.23,0.44,1.00,0.54,0.54,0.19,0.36,0.36",90,,
br,ar condicionado hisense 12.000 btus,Hisense,,,,,260,13,0.13,1.00,187,Commercial,"Video, Video Carousel, People Also Ask, Popular Products, Related Searches, Image Pack, Site Links","0.08,0.08,0.10,0.24,0.30,0.16,0.16,0.36,0.20,0.20,0.20,0.24",20,,
br,ar condicionado hisense janela,Hisense,,,,,260,20,0.13,1.00,176,Commercial,"Reviews, Video Carousel, Related Searches, AI Overview, Image Pack, Site Links, Video, People Also Ask, Popular Products","0.02,0.01,0.02,0.03,0.03,0.03,0.05,0.10,0.13,0.05,0.05,0.04",20,,
br,ar hisense 10000,Hisense,,,,,260,14,0.09,1.00,190,"Informational, Commercial","Related Searches, Short Videos, Site Links, Popular Products, AI Overview, Reviews, Video, Video Carousel, People Also Ask","0.09,0.07,0.07,0.11,0.14,0.21,0.26,0.59,0.72,0.32,0.21,0.14",20,,
br,ar-condicionado hisense,Hisense,,,,,260,14,0.11,1.00,166,Informational,"Related Searches, AI Overview, Site Links, Video, Video Carousel, People Also Ask, Popular Products","0.00,0.00,0.00,0.00,0.13,0.00,0.04,0.20,0.22,0.03,0.05,0.08",20,,
br,ar-condicionado hisense 8500,Hisense,,,,,260,16,0.11,1.00,186,Commercial,"Short Videos, Site Links, Video, Video Carousel, People Also Ask, Popular Products, Related Searches","0.00,0.00,0.00,0.00,0.30,0.20,0.00,1.00,0.00,0.24,0.24,0.16",20,,
br,assistencia tecnica hisense,Hisense,,,,,260,12,0.28,0.15,103,"Informational, Transactional","Video, People Also Ask, Related Searches","0.35,0.43,0.53,0.53,0.53,0.43,0.66,1.00,1.00,0.53,0.43,0.66",90,,
br,como configurar o ar condicionado hisense para gelar,Hisense,,,,,260,29,0.00,0.33,107,Informational,"Video, People Also Ask, Related Searches, AI Overview","0.02,0.02,0.02,0.02,0.04,0.11,0.14,1.00,0.88,0.48,0.32,0.26",90,,
br,controle ar condicionado hisense,Hisense,,,,,260,23,0.05,1.00,1540000,Informational,"Reviews, People Also Ask, Popular Products, Video, Video Carousel, Related Searches, AI Overview, Image Pack, Site Links","0.23,0.35,0.23,0.23,0.23,0.44,0.35,1.00,0.81,0.54,0.54,0.44",20,,
br,geladeira hisense botton rb 52w,Hisense,,,,,260,23,0.16,1.00,167,Informational,"Knowledge Panel, Site Links, Video, Video Carousel, People Also Ask, Related Searches, AI Overview","0.66,0.54,0.81,1.00,0.66,0.66,1.00,0.00,0.00,0.00,0.00,0.00",20,,
br,geladeiras hisense,Hisense,,,,,260,24,0.13,1.00,163,"Navigational, Commercial","Site Links, Video, Video Carousel, People Also Ask, Popular Products, Related Searches, AI Overview","0.00,0.08,0.44,0.00,0.00,0.00,0.00,0.00,0.00,0.00,0.18,0.00",20,,
br,hisense 12000 btu,Hisense,,,,,260,21,0.12,1.00,166,Commercial,"Video, Video Carousel, People Also Ask, Popular Products, Related Searches, AI Overview, Site Links","0.05,0.06,0.08,0.05,0.08,0.16,0.20,1.00,0.55,0.16,0.20,0.20",20,,
br,hisense 12000 btus,Hisense,,,,,260,21,0.12,1.00,162,Commercial,"Site Links, Video, People Also Ask, Popular Products, Related Searches","0.00,0.06,0.00,0.05,0.10,0.13,0.20,1.00,0.45,0.00,0.08,0.16",20,,
br,hisense 65,Hisense,,,,,260,19,0.11,1.00,160,"Informational, Commercial","AI Overview, Site Links, Video, People Also Ask, Popular Products, Related Searches","0.18,0.54,0.66,0.54,0.54,0.54,1.00,0.66,0.54,0.29,0.66,0.54",20,,
br,hisense assistência técnica,Hisense,,,,,260,22,0.28,0.15,105,"Informational, Transactional","Video, People Also Ask, Related Searches","0.14,0.17,0.05,0.04,0.17,0.39,1.00,0.07,0.39,0.48,0.04,0.59",90,,
br,hisense inverter,Hisense,,,,,260,13,0.13,1.00,162,"Informational, Commercial","Popular Products, Related Searches, AI Overview, Site Links, Video, Video Carousel, People Also Ask","0.05,0.06,0.06,0.08,0.08,0.10,0.13,0.55,1.00,0.20,0.16,0.13",20,,
br,hisense lava e seca é boa,Hisense,,,,,260,25,0.11,1.00,164,Informational,"Popular Products, Related Searches, Short Videos, AI Overview, Reviews, Video, Video Carousel, People Also Ask","0.35,0.43,0.66,0.43,0.54,0.81,1.00,0.54,0.54,0.35,0.54,0.54",90,,
br,hisense marca,Hisense,,,,,260,27,0.19,1.00,149,Transactional,"Site Links, Video, Video Carousel, People Also Ask, Popular Products, Related Searches, Image Pack","0.01,0.11,0.07,0.07,0.20,0.04,1.00,0.00,0.20,0.00,0.00,0.08",20,,
br,hisense téléviseur,Hisense,,,,,260,32,0.09,1.00,168,"Informational, Transactional","Site Links, Video Carousel, People Also Ask, Popular Products, Related Searches","0.00,0.00,0.00,0.00,0.00,0.00,0.00,0.00,0.80,0.00,0.00,1.00",20,,
br,lava louças hisense,Hisense,,,,,260,15,0.09,1.00,170,Informational,"Reviews, Video, Video Carousel, People Also Ask, Related Searches, AI Overview, Image Pack, Site Links","0.16,0.20,0.20,0.13,0.13,0.16,0.24,0.10,0.20,0.10,0.13,0.20",20,,
br,maquina hisense,Hisense,,,,,260,25,0.16,1.00,167,Informational,"Video Carousel, People Also Ask, Popular Products, Related Searches, AI Overview, Image Pack, Site Links, Video","0.29,0.54,0.54,0.66,0.43,0.66,0.81,0.35,1.00,0.43,0.66,0.66",20,,
br,maquina lava e seca hisense é boa,Hisense,,,,,260,28,0.11,1.00,166,Informational,"Related Searches, Short Videos, AI Overview, Reviews, Video, Video Carousel, People Also Ask, Popular Products","0.29,0.29,0.43,0.81,0.54,0.66,1.00,0.66,0.66,0.35,0.54,0.66",90,,
br,projetor hisense,Hisense,,,,,260,28,0.09,1.00,163,"Informational, Commercial","Popular Products, Related Searches, Image Pack, Site Links, Video, Video Carousel, People Also Ask","0.28,0.81,0.81,1.00,0.35,0.28,0.28,0.18,0.28,0.28,0.28,0.23",20,,
br,u7n hisense,Hisense,,,,,260,27,0.08,1.00,172,Informational,"Site Links, Reviews, Video, People Also Ask, Popular Products, Related Searches, Image Pack","0.81,0.35,0.35,0.44,0.28,1.00,0.81,0.35,0.23,0.23,0.18,0.11",20,,
br,ar condicionado 9000 btus hisense,Hisense,,,,,210,19,0.13,1.00,165,Commercial,"Video, Video Carousel, People Also Ask, Popular Products, Related Searches, AI Overview, Site Links","0.18,0.22,0.18,0.29,0.29,0.35,0.81,0.81,1.00,0.54,0.66,0.81",20,,
br,ar condicionado hisense 10.000 btus 110v,Hisense,,,,,210,15,0.13,1.00,192,Commercial,"Site Links, Video, Video Carousel, People Also Ask, Popular Products, Related Searches","0.06,0.09,0.15,0.23,0.29,0.29,0.29,1.00,0.81,0.36,0.23,0.54",20,,
br,ar condicionado hisense portátil,Hisense,,,,,210,18,0.11,1.00,173,Commercial,"Related Searches, Short Videos, Site Links, Video, Video Carousel, People Also Ask, Popular Products","0.02,0.00,0.02,0.05,0.05,0.05,0.09,1.00,1.00,0.66,0.54,0.66",20,,
br,ar condicionado hisense reclame aqui,Hisense,,,,,210,30,0.00,0.07,106,Navigational,"Site Links, Video, People Also Ask","0.11,0.08,0.11,0.15,0.23,0.23,0.44,0.81,0.44,0.15,0.15,0.11",20,,
br,ar condicionado inverter hisense,Hisense,,,,,210,20,0.13,1.00,166,"Informational, Commercial","Related Searches, AI Overview, Site Links, Reviews, Video, Video Carousel, People Also Ask, Popular Products","0.00,0.10,0.07,0.07,0.10,0.07,0.15,0.81,1.00,0.29,0.23,0.23",20,,
br,ar condicionado janela 10000 btus hisense,Hisense,,,,,210,14,0.14,1.00,169,Commercial,"Video, People Also Ask, Popular Products, Related Searches, Site Links","0.18,0.15,0.11,0.18,0.18,0.23,0.44,0.81,0.81,0.35,0.23,0.18",20,,
br,ar hisense 12000,Hisense,,,,,210,19,0.11,1.00,169,Commercial,"Video Carousel, People Also Ask, Popular Products, Related Searches, Site Links, Video","0.12,0.09,0.12,0.12,0.19,0.29,0.36,0.81,1.00,0.36,0.36,0.36",20,,
br,ar portátil hisense,Hisense,,,,,210,30,0.09,1.00,166,Commercial,"Video Carousel, People Also Ask, Popular Products, Related Searches, AI Overview, Site Links, Video","0.02,0.03,0.03,0.07,0.07,0.11,0.11,0.72,1.00,0.17,0.14,0.14",20,,
br,ar-condicionado portátil wi-fi 12.000 btus frio ap-12cwbrnps01 hisense 127v,Hisense,,,,,210,16,0.27,1.00,173,"Informational, Commercial","Video, Video Carousel, People Also Ask, Popular Products, Related Searches, Site Links","0.00,0.00,0.00,0.00,0.01,0.02,0.00,0.36,0.08,0.02,0.03,0.01",20,,
br,frigobar hisense 115 litros,Hisense,,,,,210,22,0.11,1.00,165,Commercial,"Image, Video Carousel, People Also Ask, Popular Products, Related Searches, Image Pack, Site Links","0.29,0.43,0.66,0.54,0.66,0.54,0.66,0.43,0.29,0.35,0.54,0.54",20,,
br,frigobar hisense 44l,Hisense,,,,,210,17,0.08,1.00,172,"Informational, Commercial","Related Searches, Image Pack, Site Links, Video, People Also Ask, Popular Products","0.35,0.53,0.53,0.66,0.43,0.66,1.00,0.66,0.43,0.43,0.35,0.12",20,,
br,frigobar hisense é bom,Hisense,,,,,210,22,0.10,1.00,165,Informational,"Site Links, Reviews, Video, Video Carousel, People Also Ask, Related Searches, AI Overview","0.22,0.22,0.43,0.66,0.66,0.81,1.00,0.43,0.22,0.18,0.18,0.22",20,,
br,geladeira hisense botton rb 52w frost free com tecnologia inverter,Hisense,,,,,210,17,0.18,1.00,165,Informational,"Image Pack, Site Links, Video, Video Carousel, People Also Ask, Popular Products, Related Searches","0.03,0.02,0.68,0.20,0.01,0.05,0.01,0.02,0.00,0.00,0.00,0.00",20,,
br,geladeira hisense side by side,Hisense,,,,,210,20,0.17,1.00,180,Informational,"Short Videos, Site Links, Video, Video Carousel, People Also Ask, Popular Products, Related Searches","0.22,0.29,0.35,0.29,0.29,0.29,1.00,0.66,1.00,0.43,0.54,0.43",20,,
br,hisense 43 tvs,Hisense,,,,,210,20,0.09,1.00,160,"Informational, Transactional","Popular Products, Related Searches, Site Links, Reviews, Video, Video Carousel, People Also Ask","0.29,0.66,0.66,0.06,0.04,0.04,0.81,0.81,0.66,0.54,0.54,0.02",20,,
br,hisense 55,Hisense,,,,,210,25,0.08,1.00,169,Commercial,"Video Carousel, People Also Ask, Popular Products, Related Searches, AI Overview, Site Links, Video","0.34,0.65,0.81,0.65,0.65,0.53,1.00,0.65,0.65,0.43,0.65,0.43",20,,
br,hisense ar condicionado portátil,Hisense,,,,,210,29,0.11,1.00,168,"Informational, Commercial","Related Searches, Short Videos, Site Links, Video, Video Carousel, People Also Ask, Popular Products","0.05,0.03,0.02,0.02,0.05,0.07,0.09,1.00,0.88,0.14,0.11,0.11",20,,
br,hisense inverter janela,Hisense,,,,,210,22,0.08,1.00,168,"Informational, Transactional","Video, Video Carousel, People Also Ask, Popular Products, Related Searches, Image Pack, Site Links, Reviews","0.01,0.01,0.01,0.01,0.01,0.01,0.13,0.36,1.00,0.30,0.24,0.24",20,,
br,hisense q6q,Hisense,,,,,210,29,0.09,1.00,165,"Informational, Commercial","Video, Video Carousel, People Also Ask, Popular Products, Related Searches, Image Pack, Site Links","0.00,0.03,0.03,0.03,0.03,0.23,1.00,1.00,0.66,0.66,0.81,1.00",20,,
br,hisense q6qv,Hisense,,,,,210,30,0.12,1.00,168,"Informational, Transactional","AI Overview, Image Pack, Site Links, Video, Video Carousel, People Also Ask, Related Searches","0.00,0.00,0.00,0.00,0.00,0.01,1.00,0.02,0.07,0.00,0.10,0.36",20,,
br,hisense smart television,Hisense,,,,,210,21,0.11,1.00,171,Transactional,"Video, Video Carousel, People Also Ask, Popular Products, Related Searches, Site Links","0.19,0.44,0.36,0.36,0.02,0.02,1.00,0.02,0.36,0.29,0.01,0.44",20,,
br,hisense u7n 65,Hisense,,,,,210,18,0.07,1.00,162,"Informational, Transactional","Video Carousel, Popular Products, Related Searches, Adwords Middle, Image Pack, Site Links, Video, Image","0.66,0.53,0.53,0.53,0.53,1.00,0.82,0.35,0.23,0.12,0.17,0.17",20,,
br,hisense u7q 55,Hisense,,,,,210,19,0.07,1.00,605000,Informational,"Site Links, Reviews, Video, Image, Video Carousel, Related Searches","0.00,0.00,0.00,0.02,0.02,0.02,1.00,0.66,0.66,0.44,0.66,1.00",20,,
br,hisense u7q pro,Hisense,,,,,210,21,0.07,1.00,159,Informational,"Image Pack, Site Links, Reviews, Video, Popular Products, Related Searches","0.00,0.02,0.02,0.02,0.19,0.15,0.15,1.00,0.81,0.54,0.81,0.66",20,,
br,hisense vs,Hisense,,,,,210,21,0.00,0.81,169,Commercial,"People Also Ask, Popular Products, Related Searches, AI Overview, Video, Video Carousel","0.00,1.00,0.00,0.00,0.00,0.00,0.00,0.00,0.00,0.00,0.00,0.00",75,,
br,hisense é marca boa,Hisense,,,,,210,23,0.08,1.00,168,Informational,"Reviews, Video, Video Carousel, People Also Ask, Related Searches, AI Overview","0.08,0.23,0.23,0.23,0.15,0.35,0.54,0.66,1.00,0.35,0.44,0.54",90,,
br,lava e seca hisense wd3s11,Hisense,,,,,210,13,0.18,1.00,184,Informational,"Video Carousel, Popular Products, Image, People Also Ask, Related Searches, Short Videos, AI Overview, Image Pack, Site Links, Video","0.03,0.03,0.23,0.18,0.66,0.54,1.00,0.44,0.54,0.23,0.28,0.44",20,,
br,manual controle remoto ar condicionado hisense,Hisense,,,,,210,14,0.00,0.01,71,Informational,"Video, Video Carousel, People Also Ask, Related Searches, AI Overview, Image Pack, Reviews","0.18,0.23,0.18,0.18,0.28,0.35,0.44,0.81,0.66,0.44,0.44,0.28",90,,
br,u7q hisense,Hisense,,,,,210,22,0.08,1.00,180,"Informational, Commercial","Popular Products, Related Searches, AI Overview, Image Pack, Site Links, Reviews, Video, Video Carousel","0.03,0.03,0.03,0.18,0.06,0.03,1.00,0.81,0.81,0.44,0.66,0.66",20,,
br,adega hisense,Hisense,,,,,170,28,0.24,1.00,163,"Informational, Commercial","Site Links, Video, Video Carousel, People Also Ask, Popular Products, Related Searches, Image Pack","0.35,0.28,0.28,0.23,0.18,0.18,0.35,0.28,0.28,0.18,0.18,0.28",20,,
br,ar condicionado de janela hisense 10.000 btu,Hisense,,,,,170,17,0.14,1.00,167,Informational,"Site Links, Reviews, Video, People Also Ask, Related Searches, AI Overview","0.11,0.06,0.11,0.15,0.18,0.15,0.18,0.66,0.81,0.44,0.28,0.28",20,,
br,ar condicionado de janela hisense 10.000 btus,Hisense,,,,,170,14,0.14,1.00,160,Commercial,"Site Links, Video, Video Carousel, People Also Ask, Popular Products, Related Searches","0.07,0.05,0.10,0.10,0.15,0.10,0.15,0.36,0.67,0.29,0.10,0.23",20,,
br,ar condicionado hisense 12.000 btus inverter,Hisense,,,,,170,12,0.11,1.00,194,"Informational, Commercial","Video, Video Carousel, People Also Ask, Popular Products, Related Searches, AI Overview, Site Links","0.02,0.02,0.02,0.02,0.02,0.15,0.54,1.00,0.66,0.19,0.15,0.19",20,,
br,ar condicionado hisense 12000 btus inverter,Hisense,,,,,170,13,0.13,1.00,159,Commercial,"People Also Ask, Popular Products, Related Searches, Site Links, Video, Video Carousel","0.22,0.00,0.35,0.35,0.35,0.43,0.35,0.54,0.54,0.14,0.18,0.14",20,,
br,ar condicionado hisense de janela é bom,Hisense,,,,,170,15,0.04,1.00,165,Informational,"Video, Video Carousel, People Also Ask, Popular Products, Related Searches, Short Videos, AI Overview, Site Links","0.03,0.03,0.03,0.05,0.08,0.06,0.08,0.16,0.13,0.03,0.03,0.01",20,,
br,ar de janela hisense,Hisense,,,,,170,19,0.10,1.00,167,Commercial,"Related Searches, Image Pack, Site Links, Video, Video Carousel, People Also Ask, Popular Products","0.10,0.08,0.14,0.14,0.29,0.22,0.22,0.81,1.00,0.43,0.35,0.29",20,,
br,autorizada hisense,Hisense,,,,,170,16,0.25,0.22,150,"Informational, Transactional","Video, People Also Ask, Related Searches","0.34,0.34,0.53,0.34,0.34,0.53,1.00,0.81,0.81,0.53,0.53,0.65",75,,
br,controle hisense ar condicionado,Hisense,,,,,170,24,0.06,1.00,165,Informational,"Image Pack, Reviews, Video, Video Carousel, People Also Ask, Related Searches, AI Overview","0.34,0.34,0.34,0.28,0.43,0.53,0.53,1.00,0.81,0.65,0.65,0.53",90,,
br,controle remoto ar condicionado hisense,Hisense,,,,,170,0,0.05,0.48,162,Informational,"Image Pack, Reviews, Video Carousel, Popular Products, AI Overview, Site Links, Video, People Also Ask, Related Searches","0.06,0.10,0.10,0.10,0.08,0.14,0.04,0.54,0.81,1.00,1.00,0.81",,,
br,frigobar hisense 44 litros,Hisense,,,,,170,17,0.08,1.00,162,Commercial,"Site Links, Video, Video Carousel, People Also Ask, Popular Products, Related Searches, Image Pack","0.34,0.65,0.34,0.53,0.65,1.00,1.00,0.81,0.65,0.34,0.34,0.28",20,,
br,geladeira hisense inverse,Hisense,,,,,170,22,0.15,1.00,182,Commercial,"Video Carousel, People Also Ask, Popular Products, Related Searches, Short Videos, Image Pack, Site Links, Video","0.34,0.34,0.43,0.53,0.53,0.43,0.81,1.00,1.00,0.53,0.53,0.43",20,,
br,geladeira hisense reclame aqui,Hisense,,,,,170,31,0.00,0.04,166,Informational,"Reviews, Video, People Also Ask, Related Searches, AI Overview","0.26,0.34,0.34,0.42,0.42,0.53,1.00,1.00,1.00,0.53,0.65,0.53",90,,
br,geladeira side by side hisense,Hisense,,,,,170,21,0.18,1.00,163,Informational,"Image Pack, Site Links, Video, Video Carousel, People Also Ask, Related Searches, AI Overview","0.43,0.43,0.43,0.34,0.43,0.43,1.00,0.81,0.65,0.65,0.65,0.65",20,,
br,hisense 4k 43,Hisense,,,,,170,19,0.07,1.00,172,Commercial,"Video, People Also Ask, Popular Products, Related Searches, Site Links","0.21,0.43,0.43,0.00,0.34,0.43,1.00,1.00,0.81,0.65,1.00,1.00",20,,
br,hisense 55q6n,Hisense,,,,,170,30,0.09,1.00,166,Informational,"Reviews, Video, Video Carousel, Knowledge Panel, Site Links, Image, People Also Ask, Related Searches, AI Overview","0.35,0.22,0.54,1.00,0.66,0.66,0.54,0.14,0.14,0.10,0.10,0.08",20,,
br,hisense 75,Hisense,,,,,170,19,0.12,1.00,173,Commercial,"People Also Ask, Popular Products, Related Searches, Site Links, Video Carousel","0.34,0.43,0.53,0.43,0.53,0.43,1.00,0.65,0.53,0.43,0.43,0.65",20,,
br,hisense a6k processador,Hisense,,,,,170,24,0.00,0.00,167,Informational,"Reviews, Video, Video Carousel, People Also Ask, Popular Products, Related Searches","1.00,0.00,0.00,0.00,0.00,0.00,0.00,0.00,0.00,0.00",90,,
br,hisense a9,Hisense,,,,,170,24,0.11,0.66,156,Informational,"Related Searches, AI Overview, Site Links, Video, Video Carousel","0.43,0.35,0.66,0.43,0.35,0.29,0.22,0.22,0.29,0.29,0.35,0.14",20,,
br,hisense ar condicionado janela,Hisense,,,,,170,21,0.12,1.00,169,Commercial,"Image Pack, Site Links, Reviews, Video, Video Carousel, People Also Ask, Popular Products, Related Searches","0.14,0.10,0.14,0.14,0.18,0.29,0.35,1.00,1.00,0.35,0.29,0.22",20,,
br,hisense geladeira é boa,Hisense,,,,,170,24,0.18,1.00,173,Informational,"Site Links, Reviews, Video, Video Carousel, People Also Ask, Related Searches, AI Overview","0.28,0.34,0.43,0.43,0.34,0.65,0.81,1.00,1.00,0.53,0.43,0.43",20,,
br,hisense logo,Hisense,,,,,170,30,0.00,0.33,149,Informational,"Image Pack, People Also Ask, Related Searches","0.53,1.00,0.65,0.53,0.53,0.43,0.34,0.53,0.53,0.43,0.53,0.53",75,,
br,hisense máquina de lavar,Hisense,,,,,170,28,0.16,1.00,170,Informational,"Related Searches, Short Videos, AI Overview, Site Links, Video, Video Carousel, People Also Ask, Popular Products","0.53,0.65,0.80,0.80,0.80,0.80,1.00,0.80,0.42,0.80,0.19,0.80",20,,
br,hisense q6n processor,Hisense,,,,,170,20,0.00,0.00,165,Informational,"Related Searches, Site Links, Reviews, Video, Video Carousel, People Also Ask","1.00,0.00,0.00,0.00,0.00,0.00,0.00,0.00,0.00,0.00",20,,
br,hisense u7,Hisense,,,,,170,27,0.08,1.00,165,Transactional,"Video Carousel, People Also Ask, Popular Products, Related Searches, AI Overview, Site Links, Reviews, Video","0.28,0.34,0.28,0.21,0.34,0.43,1.00,1.00,0.65,0.65,0.81,0.81",20,,
br,lava e seca 11kg hisense titanium 11programas wi-fi - wd3s11,Hisense,,,,,170,16,0.24,1.00,159,Informational,"Related Searches, AI Overview, Site Links, Video, Video Carousel, People Also Ask, Popular Products","0.00,0.00,0.00,1.00,0.01,0.00,0.00,0.00,0.04,0.05,0.04,0.00",20,,
br,lava e seca hisense 11 7kg wd3s11,Hisense,,,,,170,26,0.23,1.00,185,Commercial,"Related Searches, Short Videos, Site Links, Video, Video Carousel, People Also Ask, Popular Products","0.04,0.02,0.02,0.07,0.02,0.02,0.59,0.02,0.11,0.02,0.11,0.07",20,,
br,lava e seca hisense 13kg é boa,Hisense,,,,,170,27,0.07,1.00,167,Informational,"Video Carousel, People Also Ask, Related Searches, AI Overview, Site Links, Video","0.03,0.03,0.18,0.18,0.54,1.00,1.00,0.54,0.44,0.44,0.35,0.44",20,,
br,lava e seca hisense reclame aqui,Hisense,,,,,170,23,0.00,0.08,168,Navigational,"Video, People Also Ask, Related Searches","0.35,0.28,0.53,0.53,0.35,0.53,0.66,0.35,0.35,0.17,0.23,0.35",90,,
br,lava e seca hisense é boa reclame aqui,Hisense,,,,,170,28,0.00,0.79,168,Informational,"Video, People Also Ask, Related Searches, AI Overview","0.04,0.05,1.00,0.23,0.36,0.36,0.29,0.09,0.04,0.02,0.12,0.09",90,,
br,lava louça hisense,Hisense,,,,,170,26,0.09,1.00,134,Informational,"People Also Ask, Related Searches, AI Overview, Image Pack, Site Links, Reviews, Video, Video Carousel","0.26,0.07,0.17,0.03,0.21,0.26,0.32,0.26,0.32,0.03,0.21,0.11",20,,
br,maquina hisense é boa,Hisense,,,,,170,26,0.11,1.00,165,Informational,"People Also Ask, Related Searches, Short Videos, AI Overview, Reviews, Video, Video Carousel","0.34,0.34,0.43,0.65,0.53,0.65,1.00,0.53,0.43,0.34,0.43,0.43",90,,
br,maquina lava e seca hisense 13kg,Hisense,,,,,170,25,0.17,1.00,167,"Informational, Commercial","AI Overview, Site Links, Video, Video Carousel, People Also Ask, Popular Products, Related Searches","0.34,0.28,0.43,0.53,0.43,0.53,1.00,0.65,0.81,0.43,0.53,0.53",20,,
br,projetor hisense c2 ultra,Hisense,,,,,170,28,0.09,1.00,154,Informational,"Reviews, Video, Video Carousel, People Also Ask, Related Searches, Short Videos, AI Overview, Knowledge Panel, Site Links","0.03,0.18,1.00,0.81,0.35,0.23,0.23,0.18,0.23,0.23,0.23,0.18",20,,
br,projetores hisense,Hisense,,,,,170,32,0.09,1.00,165,Informational,"People Also Ask, Popular Products, Related Searches, Short Videos, Site Links, Video, Video Carousel","0.00,0.00,1.00,1.00,0.53,0.53,0.43,0.00,0.66,0.35,0.53,0.43",20,,
br,reclame aqui hisense,Hisense,,,,,170,30,0.00,0.00,80,Navigational,"Site Links, People Also Ask, Related Searches","0.28,0.35,0.43,0.43,0.23,0.23,1.00,0.43,0.53,0.43,0.28,0.35",20,,
br,smartv hisense,Hisense,,,,,170,16,0.10,1.00,176,"Informational, Commercial","People Also Ask, Popular Products, Related Searches, AI Overview, Site Links, Video, Video Carousel","0.00,0.05,0.03,0.20,0.01,0.00,0.36,0.00,0.00,0.30,0.45,0.00",20,,
br,split hisense,Hisense,,,,,170,18,0.13,1.00,192,"Informational, Commercial","Video Carousel, People Also Ask, Popular Products, Related Searches, AI Overview, Image Pack, Site Links, Video","0.17,0.28,0.35,0.35,0.28,0.43,0.53,0.82,0.66,0.28,0.28,0.23",20,,
br,tvs hisense,Hisense,,,,,170,30,0.09,1.00,163,Commercial,"Site Links, Video, Adwords Top, Video Carousel, Popular Products, Related Searches, Image Pack, People Also Ask, Adwords Middle, AI Overview","0.01,0.05,0.17,0.59,0.72,0.02,0.03,0.00,0.00,0.59,0.00,0.00",20,,
br,ar condicionado 12000 btus inverter hisense,Hisense,,,,,140,26,0.15,1.00,102,Commercial,"Site Links, Reviews, Video, Video Carousel, People Also Ask, Popular Products, Related Searches","0.10,0.07,0.12,0.17,0.17,0.17,0.43,1.00,0.82,0.17,0.28,0.43",20,,
br,ar condicionado hisense 10.000 btus,Hisense,,,,,140,14,0.09,1.00,193,Commercial,"People Also Ask, Popular Products, Related Searches, Short Videos, Site Links, Video, Video Carousel","0.12,0.17,0.17,0.28,0.12,0.17,0.28,0.82,1.00,0.10,0.05,0.10",20,,
br,ar condicionado hisense 10.000 btus 220v,Hisense,,,,,140,12,0.10,1.00,182,Commercial,"Site Links, Video, Video Carousel, People Also Ask, Popular Products, Related Searches","0.10,0.07,0.12,0.17,0.17,0.23,0.28,0.66,0.66,0.17,0.17,0.12",20,,
br,ar condicionado hisense 10000 btus,Hisense,,,,,140,13,0.14,1.00,196,Commercial,"Popular Products, Related Searches, Site Links, Video, Video Carousel, People Also Ask","0.11,0.11,0.05,0.07,0.11,0.07,0.17,0.32,0.32,0.17,0.17,0.17",20,,
br,ar condicionado hisense 18000,Hisense,,,,,140,16,0.13,1.00,170,Commercial,"Popular Products, Site Links, Reviews, Video, People Also Ask","0.04,0.04,0.03,0.04,0.04,0.06,0.10,0.30,0.20,0.06,0.08,0.08",20,,
br,ar condicionado hisense 7500 btus,Hisense,,,,,140,26,0.13,1.00,45400,Informational,"Site Links, Video, Video Carousel, People Also Ask, Related Searches, AI Overview","0.06,0.04,0.08,0.08,0.14,0.14,0.43,1.00,1.00,0.35,0.29,0.18",20,,
br,ar condicionado hisense 9000,Hisense,,,,,140,13,0.13,1.00,122,Commercial,"Video, Video Carousel, People Also Ask, Popular Products, Related Searches, Site Links","0.10,0.12,0.12,0.17,0.17,0.35,0.35,1.00,0.66,0.23,0.35,0.35",20,,
br,ar condicionado hisense e bom,Hisense,,,,,140,26,0.08,1.00,162,Informational,"Site Links, Reviews, Video, Popular Products, Related Searches, Short Videos","0.06,0.06,0.06,0.08,0.18,0.29,0.43,1.00,0.54,0.22,0.29,0.18",20,,
br,ar condicionado portatil hisense 12000,Hisense,,,,,140,20,0.14,1.00,192,"Informational, Commercial","Video, Video Carousel, People Also Ask, Popular Products, Related Searches, Short Videos, Site Links","0.02,0.02,0.05,0.05,0.09,0.09,0.12,1.00,0.66,0.15,0.09,0.06",20,,
br,ar condicionado portátil 12000 btus hisense,Hisense,,,,,140,23,0.15,1.00,170,Commercial,"Related Searches, Site Links, Reviews, Video, Video Carousel, People Also Ask, Popular Products","0.05,0.06,0.05,0.06,0.11,0.15,0.23,1.00,0.81,0.18,0.08,0.11",20,,
br,ar condicionado portátil com wi-fi hisense 12.000 btus eletr,Hisense,,,,,140,17,0.26,1.00,161,Informational,"Site Links, Video, People Also Ask, Popular Products, Related Searches, AI Overview","0.02,0.00,0.00,1.00,0.82,0.28,0.05,0.05",20,,
br,ar condicionado portátil hisense 12.000 btu,Hisense,,,,,140,19,0.14,1.00,189,Commercial,"Related Searches, Site Links, Video, Video Carousel, People Also Ask, Popular Products","0.04,0.06,0.05,0.00,0.09,0.15,0.12,0.66,0.66,0.19,0.06,0.00",20,,
br,ar condicionado portátil hisense 12000 btus,Hisense,,,,,140,15,0.12,1.00,163,"Informational, Commercial","Video Carousel, People Also Ask, Popular Products, Related Searches, AI Overview, Site Links, Video","0.00,0.00,0.01,0.01,0.02,0.02,0.04,1.00,0.44,0.06,0.29,0.02",20,,
br,assistencia hisense,Hisense,,,,,140,22,0.29,0.14,107,"Informational, Transactional","Video, People Also Ask, Related Searches","0.42,0.42,0.52,0.52,0.42,0.66,0.80,0.80,1.00,0.52,0.80,0.42",75,,
br,controle hisense,Hisense,,,,,140,24,0.12,1.00,193,Informational,"Reviews, Video, Video Carousel, People Also Ask, AI Overview, Image Pack, Site Links, Popular Products, Related Searches","0.26,0.34,0.42,0.34,0.34,0.65,0.53,0.80,1.00,0.80,0.80,0.80",20,,
br,freezer hisense 142 litros,Hisense,,,,,140,14,0.11,1.00,160,Informational,"Image Pack, Site Links, Reviews, Video, Video Carousel, People Also Ask, Popular Products, Related Searches, AI Overview","0.52,0.42,0.80,0.42,0.33,0.52,1.00,1.00,0.66,0.52,0.66,0.52",20,,
br,funções controle ar condicionado hisense,Hisense,,,,,140,29,0.00,0.33,106,Informational,"Image Pack, Reviews, Video, People Also Ask, Related Searches, AI Overview","0.35,0.35,0.23,0.23,0.23,0.23,0.35,0.82,0.66,0.28,0.23,0.23",90,,
br,geladeira hisense french door,Hisense,,,,,140,24,0.22,1.00,165,"Informational, Transactional","Video Carousel, People Also Ask, Popular Products, Related Searches, Image Pack, Reviews, Video","0.34,0.34,0.34,0.26,0.26,0.53,0.80,0.65,1.00,0.65,1.00,0.53",90,,
br,hisense 10000,Hisense,,,,,140,23,0.10,1.00,163,Commercial,"Site Links, Video, People Also Ask, Popular Products, Related Searches","0.03,0.05,0.06,0.11,0.11,0.18,0.23,0.66,1.00,0.35,0.23,0.18",20,,
br,hisense 43 4k,Hisense,,,,,140,26,0.08,1.00,165,Commercial,"Site Links, Video, People Also Ask, Popular Products, Related Searches","0.26,0.53,0.42,0.34,0.42,0.53,0.80,1.00,0.80,0.65,0.80,1.00",20,,
br,hisense 58a6nv,Hisense,,,,,140,30,0.12,1.00,169,Informational,"Knowledge Panel, Site Links, Video, Video Carousel, People Also Ask, AI Overview","0.00,0.02,0.00,0.02,0.15,0.19,1.00,0.19,0.19,0.23,0.36,0.19",20,,
br,hisense a6k,Hisense,,,,,140,25,0.07,1.00,149,Informational,"Reviews, Video, Video Carousel, People Also Ask, Related Searches, Image Pack, Site Links","0.11,0.17,0.21,0.14,0.11,0.14,0.26,0.07,0.05,0.07,0.11,0.07",20,,
br,hisense ax5125h,Hisense,,,,,140,25,0.16,1.00,152,Informational,"Image Pack, Reviews, Video, Image, Video Carousel, People Also Ask, Related Searches","0.10,0.66,0.54,0.35,0.22,0.04,0.14,0.29,0.10,0.04,0.08,0.04",75,,
br,hisense french door,Hisense,,,,,140,25,0.16,1.00,161,"Informational, Transactional","Video, Image, Video Carousel, People Also Ask, Popular Products, Related Searches, Image Pack","0.14,0.18,0.18,0.29,0.18,0.18,0.29,0.29,1.00,0.35,0.43,0.35",90,,
br,hisense garantia,Hisense,,,,,140,20,0.29,0.05,105,Informational,"Video, People Also Ask, Related Searches, AI Overview","0.21,0.43,0.65,0.43,0.21,0.53,1.00,0.43,0.65,0.53,0.43,0.28",75,,
br,hisense lava e seca 13kg,Hisense,,,,,140,22,0.18,1.00,165,Commercial,"Image Pack, Site Links, Video, Video Carousel, People Also Ask, Popular Products, Related Searches, AI Overview","0.28,0.28,0.28,0.21,0.21,0.43,1.00,0.53,0.53,0.53,0.43,0.53",20,,
br,hisense maquina de lavar,Hisense,,,,,140,23,0.16,1.00,164,Informational,"Related Searches, AI Overview, Image Pack, Site Links, Video, Video Carousel, People Also Ask, Popular Products","0.52,0.66,0.80,1.00,0.66,0.80,0.33,0.42,0.66,0.23,0.80,0.23",20,,
br,hisense portatil,Hisense,,,,,140,30,0.12,1.00,168,Commercial,"Short Videos, Site Links, Video, Video Carousel, People Also Ask, Popular Products, Related Searches","0.03,0.03,0.05,0.05,0.08,0.11,0.15,1.00,0.81,0.15,0.11,0.08",20,,
br,hisense q6n 55,Hisense,,,,,140,23,0.08,1.00,169,Informational,"Video Carousel, People Also Ask, Related Searches, Knowledge Panel, Image Pack, Site Links, Video, Image","0.42,0.53,0.65,0.65,0.26,0.42,0.53,0.26,0.19,0.11,0.15,0.19",20,,
br,hisense qled,Hisense,,,,,140,15,0.09,1.00,167,Informational,"Video Carousel, People Also Ask, Popular Products, Related Searches, AI Overview, Site Links","0.43,1.00,0.15,0.09,0.12,0.81,1.00,0.00,0.43,0.43,1.00,0.65",20,,
br,hisense rb52w,Hisense,,,,,140,19,0.14,1.00,153,Informational,"Image Pack, Site Links, Video, Video Carousel, People Also Ask, Related Searches, Short Videos","0.06,0.06,0.34,0.81,1.00,0.53,0.81,0.43,0.43,0.28,0.28,0.21",20,,
br,hisense side by side,Hisense,,,,,140,19,0.14,1.00,164,Commercial,"Popular Products, Related Searches, Short Videos, Image Pack, Site Links, Video, Reviews, Video Carousel, People Also Ask","0.34,0.34,0.26,0.26,0.42,0.26,0.80,0.53,1.00,0.80,0.65,0.80",20,,
br,hisense televize 65,Hisense,,,,,140,24,0.08,1.00,137000,Commercial,"People Also Ask, Popular Products, Related Searches, Site Links, Video","0.33,1.00,1.00,0.66,0.52,0.66,0.80,0.80,0.66,0.52,0.52,0.66",20,,
br,hisense u8qg,Hisense,,,,,140,35,0.09,1.00,167,Informational,"Related Searches, AI Overview, Site Links, Video, Video Carousel, People Also Ask","0.28,0.35,0.23,0.28,0.18,1.00,0.44,0.23,0.18,0.18,0.15,0.15",20,,
br,hisense wd3s11,Hisense,,,,,140,21,0.18,1.00,168,"Informational, Commercial","Popular Products, Related Searches, Short Videos, AI Overview, Site Links, Video, Video Carousel, People Also Ask","0.15,0.07,0.07,0.53,0.42,0.53,1.00,0.65,0.80,0.53,0.80,0.80",20,,
br,hisense é boa marca,Hisense,,,,,140,29,0.16,0.96,177,Informational,"Video Carousel, People Also Ask, Related Searches, AI Overview, Site Links, Reviews, Video","0.28,0.28,0.34,0.34,0.28,0.43,1.00,0.81,0.53,0.21,0.28,0.21",20,,
br,hisense é de qual pais,Hisense,,,,,140,20,0.00,0.33,148,Informational,"Video, Video Carousel, People Also Ask, Related Searches, Short Videos, AI Overview","0.09,0.52,0.52,0.52,0.52,0.66,1.00,0.80,1.00,0.52,0.66,0.66",90,,
br,inverter hisense,Hisense,,,,,140,18,0.13,1.00,168,"Informational, Commercial","Related Searches, AI Overview, Image Pack, Site Links, Video, Video Carousel, People Also Ask, Popular Products","0.00,0.00,0.01,0.15,0.02,0.03,0.23,0.19,1.00,0.29,0.02,0.03",20,,
br,lava e seca 13kg hisense,Hisense,,,,,140,25,0.20,1.00,169,Informational,"Video, Video Carousel, People Also Ask, Popular Products, Related Searches, Image Pack, Site Links","0.43,0.43,0.28,0.43,0.34,0.43,1.00,0.53,0.43,0.34,0.43,0.34",20,,
br,lava e seca hisense como usar,Hisense,,,,,140,29,0.00,0.05,163,Informational,"AI Overview, Video, People Also Ask, Related Searches, Short Videos","0.52,0.64,0.82,0.82,0.64,1.00,0.82,0.82,1.00,0.64,0.64,0.82",90,,
br,lava e seca hisense wd5q13,Hisense,,,,,140,31,0.14,1.00,180,"Informational, Transactional","Site Links, Video, Video Carousel, People Also Ask, Related Searches, Short Videos, Knowledge Panel","0.06,0.06,0.34,1.00,0.81,0.65,1.00,0.34,0.28,0.21,0.12,0.06",20,,
br,lavadora hisense é boa,Hisense,,,,,140,26,0.09,1.00,167,Informational,"Short Videos, AI Overview, Reviews, Video, Video Carousel, People Also Ask, Related Searches","0.42,0.26,0.53,0.65,0.53,0.65,1.00,0.42,0.42,0.34,0.53,0.53",90,,
br,lave linge hisense,Hisense,,,,,140,21,0.00,0.00,164,Commercial,"Image Pack, Site Links, Video, People Also Ask, Popular Products, Related Searches","0.23,0.15,0.00,0.00,0.00,0.29,1.00,0.02,0.02,0.00,0.00,0.00",20,,
br,manual lava e seca hisense 13kg,Hisense,,,,,140,11,0.00,0.02,146,Informational,"People Also Ask, Related Searches, AI Overview, Video","0.66,0.80,0.66,0.66,0.80,0.80,1.00,0.80,0.66,0.33,0.52,0.52",90,,
br,marca hisense ar condicionado é boa,Hisense,,,,,140,24,0.07,1.00,164,Informational,"Video Carousel, People Also Ask, Related Searches, Short Videos, AI Overview, Reviews, Video","0.04,0.04,0.04,0.04,0.14,0.29,0.54,1.00,1.00,0.29,0.35,0.22",90,,
br,marca hisense lava e seca é boa,Hisense,,,,,140,21,0.12,1.00,94,Informational,"Video, Video Carousel, People Also Ask, Popular Products, Short Videos","0.34,0.34,0.43,0.34,0.28,0.65,1.00,0.53,0.43,0.21,0.28,0.43",90,,
br,q6n hisense,Hisense,,,,,140,35,0.07,1.00,159,Informational,"Site Links, Video, Video Carousel, People Also Ask, Related Searches, AI Overview, Knowledge Panel, Image Pack","0.23,0.28,0.43,0.28,0.12,0.12,0.17,0.12,0.10,0.10,0.10,0.10",20,,
br,side by side hisense,Hisense,,,,,140,21,0.14,1.00,171,"Informational, Transactional","Video, Video Carousel, Popular Products, Short Videos, Image Pack, Reviews, People Also Ask, Related Searches, Site Links","0.42,0.65,0.53,0.53,0.42,0.26,0.80,0.53,1.00,0.11,0.53,0.11",20,,
br,u6n hisense,Hisense,,,,,140,26,0.09,1.00,153,Informational,"Reviews, Video, Image, Video Carousel, People Also Ask, Popular Products, Related Searches, AI Overview, Image Pack, Site Links","0.29,0.22,0.22,0.29,0.29,0.43,0.54,0.35,0.22,0.14,0.14,0.14",20,,
br,ar condicionado 18000 btus hisense,Hisense,,,,,110,11,0.14,1.00,157,Commercial,"Site Links, Video, Video Carousel, People Also Ask, Popular Products, Related Searches","0.19,0.15,0.26,0.19,0.34,0.42,0.53,1.00,0.80,0.34,0.34,0.53",20,,
br,ar condicionado de janela hisense 8500 btus,Hisense,,,,,110,20,0.12,1.00,188,Commercial,"Site Links, Video, Video Carousel, People Also Ask, Popular Products, Related Searches, Short Videos","0.21,0.15,0.12,0.09,0.15,0.21,0.43,1.00,0.65,0.34,0.28,0.28",20,,
br,ar condicionado de janela inverter hisense,Hisense,,,,,110,22,0.09,1.00,190,Commercial,"Site Links, Reviews, Video, Video Carousel, Popular Products, AI Overview, People Also Ask, Related Searches, Short Videos","0.04,0.04,0.04,0.04,0.00,0.00,0.22,0.29,1.00,0.54,0.35,0.22",20,,
br,ar condicionado hisense 110v,Hisense,,,,,110,29,0.11,1.00,165,Commercial,"Site Links, Video, Video Carousel, People Also Ask, Popular Products, Related Searches","0.06,0.08,0.14,0.10,0.14,0.14,0.22,1.00,0.54,0.10,0.10,0.18",20,,
br,ar condicionado hisense 24000 btus,Hisense,,,,,110,10,0.15,1.00,181,Commercial,"Site Links, Video, People Also Ask, Popular Products","0.12,0.17,0.17,0.17,0.17,0.17,0.35,1.00,0.66,0.28,0.28,0.35",20,,
br,ar condicionado hisense 7500,Hisense,,,,,110,26,0.12,1.00,163,Commercial,"Image Pack, Site Links, Video, Adwords Bottom, Video Carousel, People Also Ask, Popular Products, Related Searches","0.01,0.01,0.01,0.01,0.01,0.01,0.54,1.00,0.28,0.03,0.03,0.03",20,,
br,ar condicionado hisense de janela,Hisense,,,,,110,19,0.10,1.00,167,"Informational, Commercial","Popular Products, Related Searches, AI Overview, Image Pack, Site Links, Video, Video Carousel, People Also Ask","0.05,0.10,0.10,0.12,0.17,0.17,0.28,1.00,1.00,0.43,0.23,0.28",20,,
br,ar condicionado hisense manual,Hisense,,,,,110,14,0.00,0.04,89,Informational,"Video Carousel, People Also Ask, Related Searches, AI Overview, Site Links, Video","0.17,0.17,0.12,0.17,0.17,0.23,0.23,0.82,0.66,0.28,0.23,0.17",20,,
br,ar condicionado janela hisense 8500,Hisense,,,,,110,21,0.12,1.00,160,Commercial,"Related Searches, Image Pack, Site Links, Reviews, Video, Video Carousel, People Also Ask, Popular Products","0.12,0.07,0.10,0.17,0.28,0.35,0.28,0.66,0.43,0.17,0.23,0.23",20,,
br,ar condicionado janela inverter hisense,Hisense,,,,,110,22,0.10,1.00,167,"Informational, Commercial","AI Overview, Site Links, Reviews, Video, Video Carousel, People Also Ask, Popular Products, Related Searches","0.04,0.04,0.04,0.04,0.04,0.04,0.04,0.35,1.00,0.54,0.29,0.22",20,,
br,ar condicionado portátil hisense 12000,Hisense,,,,,110,13,0.14,1.00,162,"Informational, Commercial","Video Carousel, People Also Ask, Popular Products, Related Searches, AI Overview, Site Links, Video","0.00,0.00,0.00,0.01,0.03,0.05,0.15,1.00,0.66,0.15,0.11,0.00",20,,
br,ar condicionado portátil hisense 220v,Hisense,,,,,110,18,0.15,1.00,181,Commercial,"People Also Ask, Popular Products, Related Searches, Image Pack, Site Links, Video, Video Carousel","0.06,0.05,0.06,0.08,0.15,0.15,0.23,1.00,0.44,0.11,0.08,0.05",20,,
br,ar-condicionado portátil hisense 12.000 btus,Hisense,,,,,110,10,0.14,1.00,158,"Informational, Commercial","AI Overview, Site Links, Video, Video Carousel, People Also Ask, Popular Products, Related Searches","0.00,0.00,0.00,0.00,0.05,0.08,0.00,0.62,0.00,0.08,0.04,0.04",20,,
br,arcondicionado hisense,Hisense,,,,,110,19,0.11,1.00,161,"Informational, Transactional","Video, Video Carousel, People Also Ask, Popular Products, Related Searches, AI Overview, Image Pack, Site Links","0.00,0.00,0.03,0.00,0.00,0.00,0.00,0.05,1.00,0.00,0.00,0.01",20,,
br,assistência técnica autorizada hisense,Hisense,,,,,110,19,0.50,0.19,107,"Informational, Transactional","Site Links, Video, People Also Ask, Related Searches","0.09,0.52,0.52,0.52,0.52,0.80,0.52,1.00,1.00,0.52,0.42,0.23",20,,
br,controle ar hisense,Hisense,,,,,110,23,0.07,1.00,166,"Informational, Transactional","Site Links, Video, Video Carousel, People Also Ask, Related Searches, Image Pack","0.23,0.33,0.23,0.33,0.33,0.33,0.52,1.00,0.80,0.66,0.80,0.42",20,,
br,freezer hisense 198 litros,Hisense,,,,,110,12,0.10,1.00,161,Commercial,"Site Links, Video, People Also Ask, Popular Products, Related Searches","0.52,0.41,0.52,0.52,0.41,0.64,1.00,0.82,0.82,0.64,0.41,0.23",20,,
br,french door hisense,Hisense,,,,,110,25,0.16,1.00,159,Informational,"Popular Products, Related Searches, Short Videos, Image Pack, Reviews, Video, Video Carousel, People Also Ask","0.00,0.00,0.15,0.03,0.03,0.03,0.01,0.66,1.00,0.28,0.05,0.03",90,,
br,geladeira hisense 379 litros,Hisense,,,,,110,21,0.13,1.00,165,"Informational, Commercial","Popular Products, Related Searches, Image Pack, Site Links, Video, Image, Video Carousel, People Also Ask","0.07,0.42,0.42,0.42,0.42,0.42,0.65,0.53,1.00,0.53,0.53,0.65",20,,
br,geladeira hisense 397 litros,Hisense,,,,,110,15,0.11,1.00,161,"Informational, Commercial","Video, Video Carousel, People Also Ask, Popular Products, Related Searches, AI Overview, Image Pack, Site Links","0.64,0.64,0.64,0.82,1.00,0.52,0.64,1.00,1.00,0.64,0.29,0.29",20,,
br,geladeira hisense 466 litros,Hisense,,,,,110,21,0.15,1.00,165,Commercial,"Popular Products, Related Searches, Site Links, Reviews, Video, Video Carousel, People Also Ask","0.00,0.00,0.00,0.35,0.04,0.22,0.22,0.29,1.00,0.54,0.54,0.43",20,,
br,geladeira hisense side by side 428l,Hisense,,,,,110,12,0.16,1.00,166,"Informational, Commercial","Reviews, Video, Related Searches, Short Videos, Video Carousel, People Also Ask, Popular Products, Image Pack, Site Links","0.00,0.00,0.00,0.00,0.00,0.00,0.01,1.00,0.07,0.02,0.02,0.02",20,,
br,hisense 110ux,Hisense,,,,,110,15,0.14,1.00,162,"Informational, Transactional","Reviews, Video, Image, Video Carousel, People Also Ask, Related Searches, Image Pack","0.10,0.43,0.10,0.22,1.00,0.14,0.14,0.10,0.10,0.08,0.08,0.06",75,,
br,hisense 12000,Hisense,,,,,110,15,0.18,1.00,168,Commercial,"Site Links, Video, People Also Ask, Popular Products, Related Searches","0.09,0.15,0.15,0.21,0.34,0.34,0.65,1.00,0.81,0.21,0.28,0.28",20,,
br,hisense 12000 btu inverter,Hisense,,,,,110,19,0.12,1.00,158,Commercial,"Site Links, Video, Video Carousel, People Also Ask, Popular Products, Related Searches","0.19,0.11,0.11,0.26,0.26,0.42,0.80,1.00,1.00,0.34,0.34,0.34",20,,
br,hisense 4k fernseher,Hisense,,,,,110,21,0.08,1.00,169,Transactional,"Site Links, Reviews, Video, People Also Ask, Popular Products, Related Searches","0.41,0.82,0.82,0.52,0.41,0.52,1.00,1.00,0.82,0.64,0.82,0.82",20,,
br,hisense 4k televisions,Hisense,,,,,110,18,0.08,1.00,173,Commercial,"Video Carousel, People Also Ask, Popular Products, Related Searches, Site Links, Video","0.50,1.00,0.78,0.64,0.50,0.64,1.00,1.00,0.78,0.64,0.78,0.78",20,,
br,hisense 50,Hisense,,,,,110,19,0.12,1.00,186,Commercial,"Reviews, Video, Video Carousel, People Also Ask, Popular Products, Related Searches, Image Pack, Site Links","0.09,0.34,0.43,0.34,0.28,0.28,1.00,0.53,0.34,0.21,0.43,0.34",20,,
br,hisense 50q6n,Hisense,,,,,110,17,0.10,1.00,167,"Informational, Transactional","Video Carousel, People Also Ask, Related Searches, Knowledge Panel, Image Pack, Site Links, Reviews, Video","0.42,0.65,1.00,0.53,0.42,0.34,0.53,0.26,0.26,0.19,0.19,0.15",20,,
br,hisense 50q6qv,Hisense,,,,,110,21,0.13,1.00,165,"Informational, Commercial","Reviews, Popular Products, Related Searches, Video, Video Carousel, People Also Ask, AI Overview, Image Pack, Site Links","0.00,0.00,0.00,0.04,0.04,0.06,1.00,0.29,0.43,0.29,0.66,0.29",20,,
br,hisense 55u6n,Hisense,,,,,110,24,0.13,1.00,171,Commercial,"Related Searches, Image Pack, Site Links, Video, Image, Video Carousel, People Also Ask, Popular Products","0.06,0.06,0.06,0.53,0.43,0.53,1.00,0.53,0.34,0.09,0.12,0.12",20,,
br,hisense 65q6n,Hisense,,,,,110,23,0.12,1.00,169,Informational,"Video, Video Carousel, People Also Ask, Related Searches, AI Overview, Knowledge Panel, Site Links","0.06,0.81,0.34,1.00,0.53,0.34,0.21,0.15,0.12,0.06,0.06,0.06",20,,
br,hisense 85,Hisense,,,,,110,23,0.15,1.00,164,Commercial,"Site Links, Video, People Also Ask, Popular Products, Related Searches","0.64,0.52,0.82,0.64,0.64,0.52,0.82,0.82,0.64,0.52,0.52,0.64",20,,
br,hisense a5,Hisense,,,,,110,20,0.00,0.56,164,Commercial,"Image Pack, Site Links, Video, Video Carousel, People Also Ask, Popular Products","0.09,0.09,0.80,0.66,0.52,0.80,0.52,0.33,0.52,0.42,0.23,0.33",20,,
br,hisense aph12 portable air conditioning white,Hisense,,,,,110,23,0.14,1.00,161,"Informational, Transactional","People Also Ask, Related Searches, Site Links, Reviews, Video","0.05,0.43,0.05,0.00,0.00,0.05,0.35,1.00,1.00,0.05,0.05,0.05",20,,
br,hisense ar condicionado 10000 btus,Hisense,,,,,110,17,0.10,1.00,164,"Informational, Commercial","People Also Ask, Popular Products, Related Searches, AI Overview, Site Links, Video","0.10,0.17,0.12,0.12,0.17,0.17,0.28,0.82,0.82,0.23,0.17,0.17",20,,
br,hisense ar condicionado manual,Hisense,,,,,110,12,0.00,0.04,88,Informational,"Related Searches, AI Overview, Site Links, Video, People Also Ask","0.17,0.17,0.12,0.17,0.23,0.23,0.28,0.53,0.66,0.28,0.23,0.17",20,,
br,hisense janela inverter,Hisense,,,,,110,24,0.09,1.00,170,Commercial,"Related Searches, Image Pack, Site Links, Reviews, Video, Video Carousel, People Also Ask, Popular Products","0.00,0.00,0.00,0.00,0.04,0.04,0.22,0.35,1.00,0.43,0.29,0.22",20,,
br,hisense maquina lava e seca,Hisense,,,,,110,23,0.17,1.00,164,"Informational, Commercial","Popular Products, Related Searches, Short Videos, AI Overview, Site Links, Video, Video Carousel, People Also Ask","0.11,0.11,0.64,0.64,0.52,0.82,0.82,0.64,0.64,0.82,0.82,1.00",20,,
br,hisense origem,Hisense,,,,,110,22,0.00,0.01,171,Informational,"Video, Video Carousel, People Also Ask, Related Searches, AI Overview, Site Links","0.11,1.00,0.64,0.82,0.41,0.41,1.00,1.00,0.82,0.41,0.52,0.52",20,,
br,hisense px3 pro,Hisense,,,,,110,16,0.14,1.00,165,Informational,"Video Carousel, Related Searches, Adwords Middle, Site Links, Video, Adwords Top","0.42,0.66,1.00,0.66,0.33,0.42,0.33,0.23,0.66,0.19,0.19,0.33",20,,
br,hisense qled 55,Hisense,,,,,110,25,0.13,1.00,166,"Informational, Commercial","Popular Products, Related Searches, AI Overview, Site Links, Video Carousel, People Also Ask","0.11,1.00,0.64,0.64,0.41,0.41,0.82,0.52,0.52,0.41,1.00,0.64",20,,
br,hisense side,Hisense,,,,,110,16,0.18,1.00,167,"Informational, Commercial","Video Carousel, People Also Ask, Popular Products, Related Searches, Image Pack, Site Links, Video","0.18,0.18,0.18,0.22,0.22,0.18,0.54,0.29,1.00,0.66,0.81,0.66",20,,
br,hisense u6n 55,Hisense,,,,,110,21,0.09,1.00,161,"Informational, Transactional","Video, Image, Video Carousel, People Also Ask, Popular Products, Related Searches, Image Pack, Site Links","0.42,0.19,0.26,0.26,0.19,0.53,1.00,0.65,0.26,0.19,0.26,0.19",20,,
br,hisense u7q 65,Hisense,,,,,110,19,0.07,1.00,186,Commercial,"Video, Video Carousel, Popular Products, Related Searches, Image Pack, Site Links, Reviews","0.00,0.03,0.00,0.00,0.06,0.06,0.81,1.00,1.00,0.81,0.81,0.81",20,,
br,hisense u7qg,Hisense,,,,,110,23,0.10,1.00,171,Commercial,"Reviews, Video, Popular Products, Related Searches","0.04,0.04,0.04,0.04,0.04,0.04,1.00,0.22,0.43,0.43,0.35,0.22",75,,
br,hisense wiki,Hisense,,,,,110,38,0.00,0.33,104,Informational,"Related Searches, AI Overview, Site Links, Video, People Also Ask","0.21,1.00,0.28,0.28,0.28,0.28,0.65,0.43,0.34,0.21,0.21,0.21",20,,
br,hisense wikipedia,Hisense,,,,,110,46,0.00,0.33,107,"Informational, Transactional","Video, People Also Ask, Related Searches, Site Links","0.21,0.81,0.43,0.28,0.28,0.28,0.65,0.43,0.53,0.21,0.28,0.21",20,,
br,hisense é de onde,Hisense,,,,,110,18,0.00,0.02,192,Informational,"Short Videos, AI Overview, Site Links, Video, Video Carousel, People Also Ask, Related Searches","0.09,0.52,0.52,0.52,0.52,0.52,1.00,0.80,0.80,0.52,0.42,0.42",20,,
br,lava e seca 11kg hisense,Hisense,,,,,110,24,0.22,1.00,168,"Informational, Transactional","Image, Video Carousel, People Also Ask, Popular Products, Related Searches, Short Videos, Site Links, Video","0.66,0.09,0.52,0.80,0.33,0.52,0.80,0.52,0.80,0.66,0.66,1.00",20,,
br,lava e seca hisense 11/7kg wd3s11,Hisense,,,,,110,0,0.23,1.00,165,"Informational, Commercial","Related Searches, Site Links, Video, Video Carousel, People Also Ask, Popular Products","0.00,0.00,0.00,0.00,0.00,0.00,0.13,0.01,1.00,0.00,0.00,0.10",,,
br,lava seca hisense,Hisense,,,,,110,22,0.19,1.00,168,"Informational, Commercial","People Also Ask, Popular Products, Related Searches, AI Overview, Image Pack, Site Links, Video, Video Carousel","0.42,0.33,0.42,0.42,0.42,0.52,1.00,0.52,0.52,0.42,0.42,0.52",20,,
br,lava seca hisense 13kg,Hisense,,,,,110,21,0.19,1.00,162,Commercial,"Related Searches, Image Pack, Site Links, Video, Video Carousel, People Also Ask, Popular Products","0.05,1.00,0.05,0.28,0.28,0.05,0.28,0.35,0.05,0.28,0.05,0.17",20,,
br,maquina de lavar hisense 13 kg,Hisense,,,,,110,29,0.15,1.00,192,Commercial,"Site Links, Video, Video Carousel, People Also Ask, Popular Products, Related Searches, Short Videos","0.07,0.07,0.07,0.53,0.42,0.53,1.00,0.65,0.65,0.34,0.19,0.53",20,,
br,máquina de lavar hisense,Hisense,,,,,110,26,0.13,1.00,170,"Informational, Commercial","Short Videos, AI Overview, Site Links, Video, Video Carousel, People Also Ask, Popular Products, Related Searches","0.33,0.33,0.42,0.52,0.42,0.52,1.00,0.80,1.00,0.52,0.66,0.80",20,,
br,máquina de lavar roupa hisense,Hisense,,,,,110,24,0.17,1.00,171,"Informational, Commercial","People Also Ask, Popular Products, Related Searches, Short Videos, AI Overview, Site Links, Video, Video Carousel","0.33,0.42,0.42,0.52,0.33,0.66,1.00,0.80,1.00,0.04,0.66,0.66",20,,
br,máquina lava e seca hisense,Hisense,,,,,110,0,0.20,1.00,165,"Informational, Commercial","Video Carousel, People Also Ask, Popular Products, Related Searches, Short Videos, AI Overview, Site Links, Video","0.05,0.03,0.03,0.03,0.35,0.05,0.66,0.05,0.06,1.00,0.00,0.05",,,
br,máquina lava e seca hisense é boa,Hisense,,,,,110,0,0.11,1.00,168,Informational,"Site Links, Video, Video Carousel, People Also Ask, Related Searches, Short Videos, AI Overview","0.28,0.28,0.34,0.43,0.34,0.34,1.00,0.34,0.28,0.15,0.34,0.34",,,
br,refrigerador hisense é bom,Hisense,,,,,110,19,0.13,1.00,165,Commercial,"Reviews, Video, Video Carousel, People Also Ask, Popular Products, Related Searches, Image Pack, Site Links","0.07,0.07,0.07,0.42,0.15,0.53,0.65,0.80,1.00,0.65,0.65,0.53",20,,
br,smarttv hisense,Hisense,,,,,110,23,0.10,1.00,178,"Informational, Commercial","Site Links, Video, Video Carousel, People Also Ask, Popular Products, Related Searches, AI Overview","0.00,0.00,0.39,0.00,0.00,0.00,0.88,0.00,0.00,0.00,0.00,0.00",20,,
br,soundbar hisense,Hisense,,,,,110,21,0.09,1.00,161,"Informational, Transactional","AI Overview, Site Links, Reviews, Video, People Also Ask, Popular Products, Related Searches","0.64,0.82,0.82,0.82,0.64,0.52,1.00,0.82,0.82,0.52,0.64,0.64",20,,
br,43 in hisense,Hisense,,,,,90,19,0.11,1.00,161,"Informational, Transactional","Site Links, Reviews, Video Carousel, People Also Ask, Popular Products, Related Searches","0.01,0.05,0.03,0.03,0.03,0.04,0.11,0.07,0.05,0.04,0.07,0.05",20,,
br,app hisense,Hisense,,,,,90,30,0.10,0.08,169,Informational,"Video Carousel, People Also Ask, Related Searches, AI Overview","0.19,0.19,0.26,0.26,0.26,0.19,0.26,1.00,0.65,0.34,0.26,0.26",75,,
br,application hisense,Hisense,,,,,90,27,0.10,0.08,130,Informational,"Reviews, Video, Video Carousel, People Also Ask, Related Searches, AI Overview","0.19,0.00,0.26,0.26,0.26,0.19,0.34,1.00,0.80,0.42,0.34,0.34",75,,
br,ar condicionado 10000 btus hisense,Hisense,,,,,90,20,0.12,1.00,166,Commercial,"Reviews, Video, People Also Ask, Popular Products, Related Searches, Site Links","0.12,0.07,0.12,0.12,0.17,0.17,0.23,0.66,0.82,0.17,0.17,0.12",20,,
br,ar condicionado 12000 hisense,Hisense,,,,,90,24,0.18,1.00,160,"Informational, Commercial","Video, Video Carousel, People Also Ask, Popular Products, Related Searches, AI Overview, Site Links","0.12,0.12,0.15,0.15,0.21,0.21,0.34,1.00,0.65,0.21,0.21,0.21",20,,
br,ar condicionado 9000 btus inverter hisense,Hisense,,,,,90,12,0.18,1.00,153,Commercial,"Site Links, Video, People Also Ask, Popular Products, Related Searches, AI Overview","0.09,0.09,0.19,0.23,0.33,0.33,1.00,1.00,1.00,0.52,0.66,0.52",20,,
br,ar condicionado da hisense é bom,Hisense,,,,,90,28,0.08,1.00,166,Informational,"Video, People Also Ask, Related Searches, Short Videos, AI Overview, Site Links, Reviews","0.06,0.06,0.06,0.06,0.06,0.06,0.34,1.00,0.81,0.21,0.21,0.15",20,,
br,ar condicionado hisense 10000 é bom,Hisense,,,,,90,17,0.05,1.00,167,"Informational, Commercial","Related Searches, AI Overview, Site Links, Video, Video Carousel, People Also Ask, Popular Products","0.02,0.02,0.02,0.02,0.02,0.02,0.02,0.02,0.02,0.02,0.02,0.02",20,,
br,ar condicionado hisense 18.000 btus inverter,Hisense,,,,,90,10,0.16,1.00,182,Commercial,"Video Carousel, People Also Ask, Popular Products, Related Searches, Site Links, Video","0.09,0.33,0.33,0.33,0.42,0.42,0.52,1.00,0.80,0.52,0.42,0.52",20,,
br,ar condicionado hisense 220v,Hisense,,,,,90,11,0.14,1.00,190,Commercial,"People Also Ask, Popular Products, Related Searches, Site Links, Video, Video Carousel","0.06,0.06,0.10,0.06,0.02,0.14,0.22,0.66,0.43,0.18,0.18,0.10",20,,
br,ar condicionado janela hisense 10000 btus,Hisense,,,,,90,13,0.13,1.00,188,Commercial,"Video Carousel, People Also Ask, Popular Products, Related Searches, Site Links, Video","0.18,0.10,0.08,0.14,0.22,0.22,0.18,0.43,0.22,0.18,0.14,0.10",20,,
br,ar condicionado portatil 12000 btus hisense,Hisense,,,,,90,35,0.15,1.00,168,"Informational, Commercial","Related Searches, Site Links, Video, Video Carousel, People Also Ask, Popular Products","0.00,0.00,0.00,0.00,0.00,0.01,0.02,1.00,0.05,0.01,0.00,0.00",20,,
br,ar condicionado portatil hisense 110v,Hisense,,,,,90,19,0.17,1.00,181,"Informational, Commercial","Site Links, Video, Video Carousel, People Also Ask, Popular Products, Related Searches, Short Videos","0.04,0.04,0.04,0.04,0.04,0.08,0.00,1.00,0.54,0.10,0.10,0.14",20,,
br,ar condicionado portatil hisense 12000 btus é bom,Hisense,,,,,90,21,0.11,1.00,166,"Informational, Commercial","Short Videos, AI Overview, Site Links, Reviews, Video, Video Carousel, People Also Ask, Related Searches","0.04,0.04,0.04,0.04,0.04,0.04,0.22,1.00,0.43,0.10,0.10,0.04",20,,
br,ar condicionado portátil da hisense,Hisense,,,,,90,24,0.07,1.00,167,"Informational, Commercial","Site Links, Video, Video Carousel, People Also Ask, Popular Products, Related Searches, Short Videos, AI Overview","0.01,0.01,0.01,0.01,0.01,0.01,0.01,0.19,1.00,0.19,0.00,0.02",20,,
br,ar condicionado portátil hisense com wi-fi 12.000 btus,Hisense,,,,,90,18,0.24,1.00,195,Informational,"Video, People Also Ask, Popular Products, Related Searches, AI Overview, Site Links","0.05,1.00,1.00,0.29,0.29,0.11",20,,
br,ar condicionado split hisense,Hisense,,,,,90,16,0.09,1.00,165,"Informational, Commercial","Popular Products, Related Searches, AI Overview, Site Links, Video, Video Carousel, People Also Ask","0.11,0.11,0.11,0.11,0.11,0.15,0.18,0.35,0.23,0.11,0.11,0.11",20,,
br,ar hisense 12000 inverter,Hisense,,,,,90,12,0.11,1.00,169,Informational,"People Also Ask, Popular Products, Related Searches, AI Overview, Site Links, Reviews, Video, Video Carousel","0.05,0.05,0.05,0.05,0.05,0.05,0.28,1.00,0.53,0.17,0.17,0.23",20,,
br,ar janela hisense,Hisense,,,,,90,19,0.12,1.00,173,Commercial,"Image Pack, Site Links, Video, Video Carousel, People Also Ask, Popular Products, Related Searches","0.26,0.15,0.19,0.19,0.26,0.26,0.42,1.00,0.80,0.53,0.42,0.26",20,,
br,ar-condicionado hisense inverter,Hisense,,,,,90,17,0.13,1.00,168,"Informational, Commercial","Site Links, Video, Video Carousel, People Also Ask, Popular Products, Related Searches, AI Overview","0.05,0.07,0.07,0.05,0.10,0.10,0.17,0.53,1.00,0.35,0.23,0.02",20,,
br,ar-condicionado janela hisense 10000,Hisense,,,,,90,15,0.13,1.00,164,Commercial,"Related Searches, Site Links, Video, People Also Ask, Popular Products","0.00,0.00,0.00,0.00,0.11,0.18,0.00,0.11,0.66,0.35,0.28,0.23",20,,
br,cervejeira hisense,Hisense,,,,,90,16,0.20,1.00,155,Informational,"Popular Products, Related Searches, AI Overview, Image Pack, Site Links, Video, Video Carousel, People Also Ask","0.26,0.34,0.26,0.26,0.26,0.34,0.42,0.34,0.42,0.42,0.42,0.42",20,,
br,controle do ar condicionado hisense,Hisense,,,,,90,24,0.05,1.00,166,Informational,"People Also Ask, Popular Products, Site Links, Reviews, Video, Video Carousel, Related Searches, AI Overview, Image Pack","0.23,0.33,0.19,0.23,0.33,0.33,0.33,1.00,0.80,0.52,0.33,0.42",20,,
br,freezer hisense é bom,Hisense,,,,,90,23,0.19,1.00,168,Informational,"Related Searches, AI Overview, Site Links, Reviews, Video, Video Carousel, People Also Ask, Popular Products","0.11,0.11,0.64,0.64,0.11,0.64,1.00,1.00,0.82,0.52,0.41,0.29",20,,
br,freezer horizontal hisense,Hisense,,,,,90,19,0.13,1.00,166,Commercial,"Video, Video Carousel, People Also Ask, Popular Products, Related Searches, Image Pack, Site Links","0.11,0.19,0.19,0.19,0.07,0.07,1.00,0.65,0.42,0.42,0.07,0.07",20,,
br,freezer horizontal hisense 142 litros,Hisense,,,,,90,16,0.11,1.00,162,"Informational, Commercial","Image Pack, Site Links, Video Carousel, People Also Ask, Related Searches, Reviews, Video, Popular Products, AI Overview","0.14,0.14,0.23,0.23,0.23,0.52,0.80,0.80,0.66,0.52,0.33,0.33",20,,
br,frigobar hisense 115l,Hisense,,,,,90,0,0.11,1.00,166,"Informational, Commercial","Site Links, Video Carousel, Popular Products, Related Searches, AI Overview","0.00,0.00,0.00,0.00,0.00,0.00,1.00,0.00,0.35,0.53,0.82,0.82",,,
br,garantia hisense,Hisense,,,,,90,19,0.29,0.05,160,Informational,"Video, People Also Ask, Related Searches, AI Overview","0.33,0.42,0.09,0.42,0.42,0.52,0.09,0.66,1.00,0.80,0.23,0.42",75,,
br,geladeira hisense 499 litros,Hisense,,,,,90,0,0.14,1.00,112,"Informational, Commercial","Reviews, Video, People Also Ask, Popular Products, Related Searches, AI Overview","0.00,0.00,1.00,0.41,0.17,0.82,0.64,0.82,0.64,0.64,0.64,0.52",,,
br,geladeira hisense french door 536l rf79w vale apena,Hisense,,,,,50,0,0.00,0.00,,,,"1.00,0.22",,,
br,geladeira inverse hisense,Hisense,,,,,90,21,0.16,1.00,167,Commercial,"Video, Video Carousel, People Also Ask, Popular Products, Related Searches, AI Overview, Image Pack, Site Links","0.33,0.33,0.42,0.42,0.33,0.33,0.52,0.52,1.00,0.42,0.33,0.42",20,,
br,geladeira inverter hisense,Hisense,,,,,90,19,0.15,1.00,167,Commercial,"Reviews, Video, Video Carousel, People Also Ask, Popular Products, Related Searches, AI Overview, Site Links","0.09,0.09,0.09,0.52,0.42,0.33,0.42,0.52,1.00,0.52,0.52,0.33",20,,
br,hisense 12000 btus wi fi frio,Hisense,,,,,90,23,0.15,1.00,166,"Informational, Commercial","Video Carousel, People Also Ask, Popular Products, Related Searches, Site Links, Reviews, Video","0.06,0.09,0.09,0.09,0.21,0.43,0.43,1.00,0.43,0.15,0.12,0.43",20,,
br,hisense 13kg,Hisense,,,,,90,26,0.15,1.00,164,Commercial,"Image Pack, Site Links, Video, Video Carousel, People Also Ask, Popular Products","0.26,0.26,0.34,0.42,0.42,0.53,1.00,0.19,0.34,0.26,0.11,0.26",20,,
br,hisense 13kg lava e seca,Hisense,,,,,90,23,0.16,1.00,163,"Informational, Commercial","AI Overview, Site Links, Video, Video Carousel, People Also Ask, Popular Products, Related Searches","0.18,0.18,1.00,1.00,1.00,1.00,1.00,1.00,1.00,1.00,1.00,1.00",20,,
br,hisense 18000 btu inverter,Hisense,,,,,90,12,0.14,1.00,169,Commercial,"Site Links, Video, People Also Ask, Popular Products, Related Searches","0.07,0.07,0.07,0.07,0.07,0.07,0.80,0.80,1.00,0.42,0.34,0.34",20,,
br,hisense 40,Hisense,,,,,90,0,0.13,1.00,9,"Informational, Commercial","Site Links, Video, People Also Ask, Popular Products, Related Searches, AI Overview","0.09,1.00,0.66,0.52,0.33,0.42,0.52,0.19,0.33,0.23,0.42,0.52",,,
br,hisense 43,Hisense,,,,,90,19,0.11,1.00,166,"Informational, Commercial","Site Links, Reviews, Video, Video Carousel, People Also Ask, Popular Products, Related Searches, AI Overview","0.09,0.66,0.33,0.33,0.33,0.33,1.00,0.80,0.42,0.42,0.66,0.52",20,,
br,hisense 58a6k,Hisense,,,,,90,21,0.00,1.00,170,Informational,"People Also Ask, Related Searches, AI Overview, Knowledge Panel, Image Pack, Site Links, Video, Video Carousel","0.65,0.42,0.53,0.26,0.26,0.26,0.26,0.11,0.11,0.07,0.07,0.07",20,,
br,hisense 65 smart,Hisense,,,,,90,21,0.11,1.00,8,"Informational, Commercial","Popular Products, Related Searches, AI Overview, Site Links, People Also Ask","0.00,0.00,0.65,0.65,0.00,0.00,1.00,0.00,0.43,0.43,0.00,0.65",20,,
br,hisense 75q6n,Hisense,,,,,90,19,0.12,1.00,164,Informational,"People Also Ask, AI Overview, Reviews, Video, Video Carousel, Related Searches, Knowledge Panel, Image Pack, Site Links, Image","0.11,0.11,1.00,1.00,0.82,0.64,1.00,0.52,0.64,0.29,0.23,0.41",20,,
br,hisense a6n,Hisense,,,,,90,27,0.08,1.00,167,Informational,"Image Pack, Site Links, Video Carousel, People Also Ask, Related Searches, AI Overview, Knowledge Panel, Reviews, Video","0.07,0.26,0.42,1.00,0.07,0.53,0.80,0.19,0.07,0.19,0.19,0.19",20,,
br,hisense app,Hisense,,,,,90,30,0.10,0.08,132,Informational,"Reviews, Video Carousel, People Also Ask, Related Searches, AI Overview","0.19,0.19,0.26,0.26,0.26,0.15,0.26,1.00,0.80,0.34,0.26,0.19",75,,
br,hisense ar,Hisense,,,,,90,17,0.12,1.00,168,"Informational, Commercial","Related Searches, Site Links, Video, Video Carousel, People Also Ask, Popular Products","0.15,0.19,0.11,0.19,0.26,0.26,0.26,1.00,1.00,0.26,0.26,0.26",20,,
br,hisense ar condicionado 12000,Hisense,,,,,90,13,0.12,1.00,165,Commercial,"Site Links, Video Carousel, People Also Ask, Popular Products, Related Searches, AI Overview","0.15,0.09,0.12,0.12,0.21,0.21,0.34,1.00,0.81,0.21,0.15,0.09",20,,
br,hisense ar condicionado 12000 btus,Hisense,,,,,90,20,0.10,1.00,167,Informational,"Site Links, Video, Video Carousel, People Also Ask, Popular Products, Related Searches, AI Overview","0.06,0.06,0.06,0.06,0.06,0.06,0.34,1.00,0.81,0.43,0.43,0.53",20,,
br,hisense c1 pro,Hisense,,,,,90,26,0.13,1.00,166,Informational,"Site Links, Reviews, Video, Video Carousel, People Also Ask, Related Searches, AI Overview, Image Pack","1.00,0.43,0.53,0.17,0.10,0.07,0.07,0.12,0.07,0.05,0.10,0.05",20,,
br,hisense canvastv,Hisense,,,,,90,29,0.10,1.00,157,"Informational, Commercial","Video, Image, Adwords Bottom, Video Carousel, AI Overview, Reviews, People Also Ask, Popular Products, Related Searches","0.14,0.35,0.78,0.78,0.64,0.64,0.78,0.78,1.00,0.50,1.00,1.00",75,,
br,hisense de onde é,Hisense,,,,,90,0,0.00,0.05,,,,"0.11,1.00,0.64,0.11,0.11,0.64,1.00,0.64,0.64,0.29,0.52,0.41",,,
br,hisense e boa,Hisense,,,,,90,0,0.08,0.99,,,,"0.09,0.09,0.52,0.52,0.09,1.00,1.00,0.52,0.42,0.23,0.33,0.33",,,
br,hisense lava e seca 11kg,Hisense,,,,,90,18,0.20,1.00,171,"Informational, Commercial","AI Overview, Site Links, Video, Video Carousel, People Also Ask, Popular Products, Related Searches, Short Videos","0.42,0.52,0.42,0.09,0.09,0.09,0.66,0.66,1.00,0.66,0.80,1.00",20,,
br,hisense ou tcl,Hisense,,,,,90,25,0.15,0.97,170,Informational,"Video Carousel, People Also Ask, Related Searches, AI Overview, Video","0.11,0.11,0.82,0.64,0.64,0.64,1.00,0.41,0.64,0.29,0.41,0.52",90,,
br,hisense projetor,Hisense,,,,,90,26,0.09,1.00,167,Commercial,"Popular Products, Related Searches, AI Overview, Site Links, Reviews, Video, Video Carousel, People Also Ask","0.14,1.00,0.66,0.80,0.33,0.33,0.23,0.23,0.23,0.23,0.23,0.23",20,,
br,hisense q6n 65,Hisense,,,,,90,27,0.09,1.00,165,"Informational, Transactional","Video Carousel, People Also Ask, Popular Products, Related Searches, AI Overview, Image Pack, Site Links, Video","0.34,0.34,0.65,0.53,0.26,0.26,0.34,0.19,0.15,0.11,0.19,0.07",20,,
br,hisense q7,Hisense,,,,,90,0,0.07,1.00,162,"Informational, Commercial","Popular Products, Related Searches, AI Overview, Site Links, Reviews, Video, Video Carousel, People Also Ask","0.07,0.07,0.07,0.07,0.07,0.07,1.00,0.53,0.80,0.65,0.53,0.34",,,
br,hisense rb 52w,Hisense,,,,,90,0,0.11,1.00,163,Informational,"Related Searches, AI Overview, Knowledge Panel, Image Pack, Site Links, Video, Video Carousel, People Also Ask","0.02,0.05,1.00,0.28,0.05,0.05,0.17,0.17,0.28,0.12,0.12,0.12",,,
br,hisense smart,Hisense,,,,,90,21,0.11,1.00,172,Informational,"Video Carousel, People Also Ask, Popular Products, Related Searches, AI Overview, Image Pack, Site Links, Video","0.33,0.66,0.52,0.42,0.33,0.42,1.00,0.42,0.52,0.42,0.52,0.42",20,,
br,hisense televize 55,Hisense,,,,,90,22,0.10,1.00,259000,"Informational, Commercial","Video Carousel, People Also Ask, Popular Products, Related Searches, Site Links, Reviews, Video","0.00,0.19,0.15,0.15,0.00,0.00,0.00,0.00,1.00,0.00,0.00,0.00",20,,
br,hisense u6n 65,Hisense,,,,,90,24,0.09,1.00,169,Informational,"Image Pack, Site Links, Video, Image, Video Carousel, People Also Ask, Popular Products, Related Searches","0.09,0.42,0.33,0.42,0.52,1.00,1.00,0.33,0.19,0.14,0.23,0.14",20,,
br,hisense u7q pro 75,Hisense,,,,,90,13,0.07,1.00,165,"Informational, Commercial","Site Links, Reviews, Video, Video Carousel, Popular Products, Related Searches, AI Overview","0.00,0.00,0.00,0.03,0.26,0.03,0.42,0.80,0.42,1.00,0.65,0.65",20,,
br,hisense u8,Hisense,,,,,90,31,0.09,1.00,163,Commercial,"Video Carousel, People Also Ask, Popular Products, Related Searches, AI Overview, Reviews, Video","1.00,0.64,0.64,0.35,0.50,0.50,0.78,0.64,0.64,0.50,0.78,0.64",75,,
br,hisense u8n 75,Hisense,,,,,90,18,0.08,1.00,156,"Informational, Transactional","Image Pack, Video, Video Carousel, People Also Ask, Related Searches","0.64,0.82,0.82,0.64,0.52,0.52,0.41,0.41,0.23,0.17,0.23,0.29",90,,
br,hisense uled,Hisense,,,,,90,22,0.10,1.00,167,Informational,"People Also Ask, Popular Products, Related Searches, AI Overview, Video, Video Carousel","0.07,0.15,0.11,0.80,0.07,0.07,0.65,0.19,0.15,0.11,0.11,0.53",75,,
br,hisense é bom,Hisense,,,,,90,22,0.16,0.96,170,Informational,"Video Carousel, People Also Ask, Related Searches, AI Overview, Video","0.26,0.19,0.34,0.34,0.19,0.42,0.65,0.65,0.42,0.19,0.26,0.19",90,,
br,lava e seca hisense 11 kg,Hisense,,,,,90,15,0.19,1.00,168,"Informational, Commercial","Video Carousel, People Also Ask, Popular Products, Related Searches, Short Videos, AI Overview, Site Links, Video","0.02,0.02,0.02,0.02,0.00,0.00,0.00,0.00,0.00,1.00,0.01,0.00",20,,
br,loja hisense,Hisense,,,,,90,0,0.25,1.00,163,"Navigational, Commercial","Popular Products, Related Searches, AI Overview, Site Links, Video, People Also Ask","0.07,0.07,0.07,0.07,0.07,0.07,1.00,0.53,0.80,0.65,0.07,0.07",,,
br,maquina de lavar e secar hisense,Hisense,,,,,90,21,0.19,1.00,162,Informational,"AI Overview, Site Links, Reviews, Video, Video Carousel, People Also Ask, Related Searches, Short Videos","0.11,0.11,0.64,1.00,0.41,0.52,1.00,0.52,0.64,0.64,0.64,0.82",20,,
br,marca de ar condicionado hisense é boa,Hisense,,,,,90,20,0.07,1.00,166,Informational,"AI Overview, Site Links, Reviews, Video, Video Carousel, People Also Ask, Related Searches, Short Videos","0.05,0.05,0.05,0.05,0.05,0.05,0.28,1.00,0.82,0.35,0.28,0.17",20,,
br,o que é hisense,Hisense,,,,,90,33,0.00,0.47,121,Informational,"Site Links, Reviews, Video, Video Carousel, People Also Ask, Related Searches, Short Videos, AI Overview","0.22,1.00,0.29,0.04,0.04,0.06,0.14,0.06,0.08,0.04,0.04,0.06",20,,
br,quem fábrica hisense no brasil,Hisense,,,,,90,0,0.00,0.04,,,,"0.11,0.11,0.64,0.64,0.11,0.64,0.82,1.00,0.64,0.11,0.29,0.41",,,
br,sac hisense,Hisense,,,,,90,19,0.21,0.05,42,Transactional,"People Also Ask, Related Searches","0.52,0.41,0.29,0.29,0.41,0.41,0.52,0.64,1.00,0.52,0.64,0.64",75,,
br,smart hisense,Hisense,,,,,90,21,0.11,1.00,171,Informational,"People Also Ask, Popular Products, Related Searches, AI Overview, Site Links, Video, Video Carousel","0.33,0.66,0.52,0.42,0.52,0.42,1.00,0.33,0.52,0.42,0.42,0.42",20,,
br,split hisense é bom,Hisense,,,,,90,19,0.07,1.00,102,Informational,"Related Searches, Short Videos, AI Overview, Site Links, Reviews, Video, Video Carousel, People Also Ask","0.10,0.12,0.23,0.17,0.10,0.23,0.53,0.66,0.43,0.12,0.28,0.35",20,,
br,tvs hisense sao boas,Hisense,,,,,90,19,0.08,1.00,164,Informational,"Reviews, Video, Video Carousel, People Also Ask, Related Searches, Short Videos, AI Overview","0.09,0.52,0.52,0.66,0.09,0.52,1.00,0.33,0.52,0.23,0.33,0.33",90,,
br,app ar condicionado hisense,Hisense,,,,,70,0,0.07,0.20,,,,"0.09,0.09,0.09,0.09,0.09,0.09,0.09,1.00,0.52,0.52,0.52,0.33",,,
br,app hisense ar condicionado,Hisense,,,,,70,0,0.05,0.22,,,,"0.07,0.07,0.07,0.07,0.07,0.42,0.07,0.65,1.00,0.53,0.26,0.34",,,
br,ar condicionado de janela hisense 220v,Hisense,,,,,70,0,0.13,1.00,,,,"0.15,0.15,0.07,0.15,0.00,0.00,0.53,0.11,0.80,0.53,0.53,0.34",,,
br,ar condicionado de janela hisense inverter,Hisense,,,,,90,0,0.10,1.00,,,,"0.00,0.00,0.00,0.00,0.05,0.05,0.05,0.43,1.00,0.35,0.28,0.23",,,
br,ar condicionado de janela hisense é bom,Hisense,,,,,70,0,0.02,1.00,,,,"0.02,0.02,0.02,0.02,0.02,0.02,0.12,0.29,0.15,0.12,0.02,0.03",,,
br,ar condicionado hisense 10000 btus 110v,Hisense,,,,,90,0,0.13,1.00,,,,"0.05,0.03,0.03,0.06,0.11,0.11,0.11,0.44,0.28,0.08,0.15,0.11",,,
br,ar condicionado hisense 10000 inverter,Hisense,,,,,70,0,0.11,1.00,,,,"0.05,0.64,0.05,0.05,0.64,0.05,0.05,0.82,1.00,0.64,0.11,0.11",,,
br,ar condicionado hisense 127v,Hisense,,,,,70,0,0.11,1.00,,,,"0.07,0.07,0.07,0.07,0.34,0.26,0.26,1.00,0.65,0.19,0.11,0.26",,,
br,ar condicionado hisense 8500 btus,Hisense,,,,,70,0,0.10,1.00,,,,"0.12,0.15,0.21,0.21,0.28,0.15,0.28,0.53,0.43,0.15,0.21,0.21",,,
br,ar condicionado hisense 8500 btus 127v,Hisense,,,,,90,0,0.14,1.00,,,,"0.00,0.00,0.00,0.00,0.06,0.34,0.43,1.00,0.81,0.28,0.21,0.21",,,
br,ar condicionado hisense 8500 btus 220v,Hisense,,,,,70,0,0.14,1.00,,,,"0.00,0.00,0.00,0.00,0.09,0.09,1.00,0.66,0.52,0.52,0.52,0.14",,,
br,ar condicionado hisense 9000 btus quente e frio,Hisense,,,,,70,0,0.13,1.00,,,,"0.14,0.14,0.14,0.14,0.14,0.78,0.78,1.00,1.00,0.64,0.78,0.78",,,
br,ar condicionado hisense como colocar no frio,Hisense,,,,,70,0,0.00,0.02,,,,"0.15,0.12,0.12,0.15,0.21,0.21,0.15,0.65,0.53,0.15,0.15,0.06",,,
br,ar condicionado hisense inverter 12000 btus,Hisense,,,,,70,0,0.12,1.00,,,,"0.09,0.09,0.09,0.09,0.09,0.09,0.80,0.66,1.00,0.23,0.33,0.23",,,
br,ar condicionado janela eletrônico hisense,Hisense,,,,,70,0,0.14,1.00,,,,"0.06,0.06,0.06,0.06,0.06,0.06,1.00,0.65,0.06,0.06,0.06,0.06",,,
br,ar condicionado janela hisense 12.000 btus frio aw 12cr2rwgu00 220v,Hisense,,,,,70,0,0.17,1.00,,,,"0.04,0.04,0.04,0.04,1.00,0.18,0.04,0.00,0.04,0.00,0.02,0.04",,,
br,ar condicionado portátil hisense 12.000 btus,Hisense,,,,,70,0,0.14,1.00,,,,"0.00,0.00,0.08,0.00,0.04,0.02,0.22,0.14,1.00,0.02,0.00,0.00",,,
br,ar condicionado portátil hisense ap 12cwbrnps01,Hisense,,,,,70,0,0.11,1.00,,,,"0.15,0.06,0.03,0.11,0.23,0.03,0.03,0.35,0.35,0.00,0.00,0.00",,,
br,ar condicionado split hisense 12000 btus,Hisense,,,,,70,0,0.12,1.00,,,,"0.09,0.09,0.09,0.09,0.19,0.33,0.66,1.00,1.00,0.23,0.23,0.23",,,
br,ar hisense 8500,Hisense,,,,,70,0,0.09,1.00,,,,"0.10,0.10,0.12,0.17,0.17,0.17,0.12,0.53,0.35,0.17,0.17,0.17",,,
br,ar hisense 9000 inverter,Hisense,,,,,70,0,0.11,1.00,,,,"0.04,0.04,0.04,0.04,0.09,0.09,0.52,0.66,1.00,0.52,0.42,0.42",,,
br,ar hisense portatil,Hisense,,,,,70,0,0.07,1.00,,,,"0.06,0.06,0.06,0.06,0.06,0.06,0.06,1.00,1.00,0.15,0.15,0.21",,,
br,ar portatil hisense 12000,Hisense,,,,,70,0,0.10,1.00,,,,"0.06,0.06,0.06,0.06,0.06,0.06,0.06,1.00,0.81,0.28,0.15,0.21",,,
br,ar-condicionado hisense 10.000 btus,Hisense,,,,,70,0,0.11,1.00,,,,"0.00,0.00,0.00,0.00,0.65,0.65,0.03,0.65,0.19,0.53,0.34,0.26",,,
br,ar-condicionado hisense é bom,Hisense,,,,,70,0,0.09,1.00,,,,"0.00,0.00,0.00,0.00,0.00,0.03,0.21,1.00,0.65,0.28,0.34,0.21",,,
br,ar-condicionado janela hisense,Hisense,,,,,70,0,0.12,1.00,,,,"0.00,0.00,0.00,0.00,0.00,0.00,0.00,0.16,0.00,0.00,0.00,0.00",,,
br,assistência técnica hisense perto de mim,Hisense,,,,,90,0,0.18,0.34,,,,"0.00,0.00,0.00,0.00,0.00,0.07,0.42,0.53,0.42,0.42,1.00,1.00",,,
br,assistência técnica hisense rj,Hisense,,,,,70,0,0.14,0.21,,,,"0.09,0.09,0.09,0.09,0.09,0.09,0.52,0.66,1.00,0.33,0.33,0.23",,,
br,aw 10tw1rbfu00 hisense,Hisense,,,,,70,0,0.12,1.00,,,,"0.00,0.00,0.00,0.00,0.00,0.00,0.00,0.00,1.00,0.02,0.02,0.02",,,
br,c2 ultra hisense,Hisense,,,,,70,0,0.09,1.00,,,,"0.11,0.11,0.64,0.82,0.11,0.11,0.64,0.11,1.00,0.52,0.41,0.41",,,
br,celular hisense,Hisense,,,,,70,0,0.06,0.86,,,,"0.63,0.36,0.81,0.63,0.63,0.63,0.63,0.63,0.63,0.63,0.45,0.63",,,
br,como configurar o controle do ar condicionado hisense,Hisense,,,,,50,0,0.00,0.33,,,,"0.14,0.23,0.14,0.09,0.33,0.33,0.33,0.52,0.42,0.52,0.09,0.09",,,
br,como desligar a luz do ar condicionado hisense,Hisense,,,,,70,0,0.00,0.33,,,,"0.14,0.14,0.14,0.14,0.14,0.14,0.78,1.00,1.00,0.64,0.64,0.50",,,
br,condizionatore hisense 9000 btu inverter,Hisense,,,,,90,0,0.13,1.00,,,,"0.11,0.23,0.29,0.41,0.41,0.41,0.82,1.00,0.82,0.41,0.52,0.41",,,
br,connect life hisense,Hisense,,,,,70,0,0.06,0.08,,,,"0.03,0.01,0.03,0.04,0.02,0.01,0.04,0.08,0.08,0.04,0.06,0.01",,,
br,controle de ar condicionado hisense,Hisense,,,,,90,0,0.04,1.00,,,,"0.17,0.64,0.11,0.11,0.11,0.82,0.41,1.00,0.82,0.52,0.52,0.41",,,
br,controle remoto hisense,Hisense,,,,,70,0,0.10,1.00,,,,"0.11,0.11,0.11,0.64,0.17,0.11,1.00,0.82,0.64,0.41,0.52,0.41",,,
br,de onde é a marca hisense,Hisense,,,,,70,0,0.00,0.12,,,,"0.14,0.78,0.14,0.14,0.14,0.78,0.78,1.00,0.78,0.14,0.64,0.50",,,
br,forno hisense,Hisense,,,,,70,0,0.08,1.00,,,,"0.05,0.05,0.05,0.05,0.05,0.28,0.05,0.05,0.05,0.05,1.00,0.05",,,
br,geladeira hisense 4 portas,Hisense,,,,,90,0,0.16,1.00,,,,"0.00,0.00,0.12,0.02,0.02,0.02,0.02,1.00,0.66,0.28,0.28,0.28",,,
br,geladeira hisense botton,Hisense,,,,,70,0,0.13,1.00,,,,"0.19,0.09,0.14,0.33,0.23,0.14,0.33,0.52,1.00,0.23,0.09,0.09",,,
br,geladeira inox hisense,Hisense,,,,,70,0,0.15,1.00,,,,"0.02,0.02,0.02,0.05,0.02,0.02,0.23,0.05,1.00,0.28,0.05,0.05",,,
br,hisense 12.000 btus,Hisense,,,,,70,0,0.11,1.00,,,,"0.09,0.09,0.09,0.09,0.09,0.09,0.66,0.66,1.00,0.80,0.09,0.09",,,
br,hisense 40a4n,Hisense,,,,,90,0,0.11,1.00,,,,"0.09,0.52,0.66,1.00,0.52,0.52,0.42,0.09,0.09,0.14,0.23,0.33",,,
br,hisense 43q6qv,Hisense,,,,,70,0,0.13,1.00,,,,"0.00,0.00,0.00,0.00,0.00,0.52,0.66,1.00,0.66,0.09,1.00,0.52",,,
br,hisense 4k smart qled television,Hisense,,,,,40,0,0.10,1.00,,,,"0.23,0.03,0.03,0.03,0.03,0.15,0.03,0.03,0.03,0.03,0.03,0.03",,,
br,hisense 55 qled,Hisense,,,,,70,0,0.11,1.00,,,,"0.14,0.78,1.00,0.78,0.50,0.50,0.64,0.50,0.28,0.35,0.35,0.50",,,
br,hisense 55u7qg,Hisense,,,,,90,0,0.12,1.00,,,,"0.11,0.00,0.00,0.00,0.11,0.11,0.64,0.82,1.00,0.82,1.00,0.82",,,
br,hisense 65a6n,Hisense,,,,,70,0,0.00,1.00,,,,"0.07,0.80,1.00,0.65,0.07,0.07,0.07,0.07,0.07,0.07,0.07,0.07",,,
br,hisense 65u6n,Hisense,,,,,70,0,0.11,1.00,,,,"0.07,0.07,0.11,0.53,0.53,1.00,0.65,0.07,0.15,0.11,0.15,0.07",,,
br,hisense 8500,Hisense,,,,,70,0,0.13,1.00,,,,"0.11,0.06,0.08,0.08,0.11,0.08,0.15,0.35,0.18,0.08,0.08,0.11",,,
br,hisense 9000 btu,Hisense,,,,,70,0,0.12,1.00,,,,"0.11,0.11,0.11,0.11,0.11,0.11,0.64,0.82,1.00,0.64,0.82,0.41",,,
br,hisense 9000 btu inverter,Hisense,,,,,90,0,0.13,1.00,,,,"0.11,0.29,0.29,0.41,0.41,0.41,0.64,1.00,0.82,0.52,0.41,0.41",,,
br,hisense a7n,Hisense,,,,,50,0,0.00,0.00,,,,"0.66,1.00,0.33,0.14,0.09,0.09,0.09,0.09,0.09,0.09,0.09,0.00",,,
br,hisense ap 12cwbrnps01,Hisense,,,,,50,0,0.14,1.00,,,,"0.07,0.07,0.07,0.17,0.35,0.43,0.53,0.00,0.00,0.00,0.00,0.00",,,
br,hisense ar condicionado inverter,Hisense,,,,,70,0,0.09,0.98,,,,"0.06,0.06,0.06,0.06,0.06,0.06,0.06,0.53,1.00,0.34,0.21,0.15",,,
br,hisense ar portatil,Hisense,,,,,70,0,0.08,1.00,,,,"0.06,0.06,0.06,0.06,0.06,0.06,0.06,1.00,1.00,0.15,0.15,0.09",,,
br,hisense assistência técnica autorizada,Hisense,,,,,70,0,0.13,0.23,,,,"0.00,0.00,0.00,0.00,0.00,0.00,0.52,0.66,0.52,1.00,0.80,0.52",,,
br,hisense autorizada,Hisense,,,,,70,0,0.15,0.19,,,,"0.11,0.11,0.11,0.64,0.11,0.64,1.00,0.64,0.64,0.41,0.64,0.41",,,
br,hisense celular,Hisense,,,,,50,0,0.06,0.86,,,,"0.11,1.00,0.41,0.23,0.29,0.29,0.11,0.29,0.29,0.41,0.23,0.23",,,
br,hisense fridge,Hisense,,,,,70,0,0.10,1.00,,,,"0.08,1.00,0.03,0.03,0.03,0.03,0.03,0.03,0.03,0.03,0.03,0.03",,,
br,hisense inverter 18000 btu,Hisense,,,,,50,0,0.12,1.00,,,,"0.00,0.07,0.07,0.07,0.07,0.07,0.42,0.80,1.00,0.00,0.00,0.00",,,
br,hisense inverter 9000 btu,Hisense,,,,,70,0,0.13,1.00,,,,"0.14,0.00,0.35,0.50,0.50,0.50,0.78,1.00,1.00,0.64,0.50,0.07",,,
br,hisense janela,Hisense,,,,,70,0,0.10,1.00,,,,"0.09,0.09,0.09,0.14,0.09,0.09,0.09,0.80,1.00,0.80,0.09,0.09",,,
br,hisense l9q,Hisense,,,,,70,0,0.13,1.00,,,,"0.14,0.14,0.14,1.00,1.00,0.50,0.21,0.35,0.78,0.50,0.14,0.14",,,
br,hisense lava e seca 11kg lavagem 7kg secagem,Hisense,,,,,70,0,0.16,1.00,,,,"0.41,0.52,0.64,0.64,0.52,0.64,1.00,0.00,0.00,0.00,0.00,0.00",,,
br,hisense m2 pro,Hisense,,,,,70,0,0.07,1.00,,,,"0.04,0.09,0.52,0.80,0.09,0.09,0.09,0.09,0.52,1.00,0.52,0.09",,,
br,hisense proyector,Hisense,,,,,70,0,0.08,1.00,,,,"0.09,1.00,0.66,0.66,0.33,0.33,0.23,0.09,0.23,0.23,0.23,0.23",,,
br,hisense px3-pro,Hisense,,,,,70,0,0.15,1.00,,,,"0.52,0.11,0.17,0.00,0.64,1.00,0.05,0.64,0.23,0.64,0.52,0.64",,,
br,hisense q6n 50,Hisense,,,,,70,0,0.06,1.00,,,,"0.41,0.29,0.52,0.52,0.29,0.29,0.41,0.41,0.29,0.29,0.29,0.23",,,
br,hisense qled 65,Hisense,,,,,90,0,0.10,1.00,,,,"0.14,0.14,0.78,0.78,0.50,0.50,1.00,0.64,0.64,0.35,1.00,0.64",,,
br,hisense u6q,Hisense,,,,,90,0,0.08,1.00,,,,"0.52,0.00,0.00,0.09,0.19,0.09,0.80,0.66,1.00,0.09,0.52,0.80",,,
br,hisense u7 pro 75,Hisense,,,,,70,0,0.09,1.00,,,,"0.00,0.00,0.00,0.52,0.05,0.05,0.05,1.00,0.64,1.00,1.00,1.00",,,
br,hisense u7k,Hisense,,,,,90,0,0.07,1.00,,,,"0.23,0.82,0.41,0.64,0.11,0.11,0.64,1.00,0.41,0.29,0.52,0.41",,,
br,hisense washing machine,Hisense,,,,,50,0,0.00,0.57,,,,"1.00,1.00,0.14,0.09,0.09,0.09,0.09,0.09,0.09,0.09,0.09,0.09",,,
br,hisense wd5q13,Hisense,,,,,70,0,0.14,1.00,,,,"0.11,0.11,0.64,0.64,0.11,0.82,1.00,0.11,0.64,0.11,0.11,0.11",,,
br,hisense é boa ar condicionado,Hisense,,,,,70,0,0.14,1.00,,,,"0.11,0.11,0.11,0.11,0.11,0.11,0.64,1.00,1.00,0.00,0.82,0.17",,,
br,lava e seca hisense 11kg titanium conectada cinza escuro,Hisense,,,,,70,0,0.26,1.00,,,,"0.00,0.00,0.07,0.80,0.03,0.15,0.42,0.19,1.00,0.00,0.00,0.00",,,
br,lava e seca hisense 11kg titanium conectada cinza-escuro,Hisense,,,,,90,0,0.26,1.00,,,,"0.04,0.09,0.09,0.00,0.80,0.66,0.23,0.80,1.00",,,
br,lava e seca hisense 13 kg,Hisense,,,,,90,0,0.15,1.00,,,,"0.11,0.11,0.64,0.64,0.64,0.64,1.00,0.52,0.41,0.41,0.29,0.41",,,
br,lava e seca hisense 13kg 110v,Hisense,,,,,70,0,0.16,1.00,,,,"0.07,1.00,1.00,0.78,0.14,0.14,0.14",,,
br,lava e seca hisense 13kg e boa,Hisense,,,,,50,0,0.08,1.00,,,,"0.17,0.14,0.11,0.02,0.02,0.02,0.02,0.02,0.02,0.02,0.02,0.02",,,
br,lava e seca hisense wd3s11 é boa,Hisense,,,,,70,0,0.11,1.00,,,,"0.11,0.11,0.82,0.41,0.23,0.11,0.64,0.11,1.00,0.11,0.64,0.64",,,
br,logo hisense,Hisense,,,,,70,0,0.00,0.33,,,,"0.19,0.19,0.14,0.42,0.19,0.52,1.00,0.52,0.14,0.09,0.19,0.14",,,
br,manual ar condicionado hisense 12.000 btus,Hisense,,,,,90,0,0.00,0.03,,,,"0.19,0.23,0.23,0.19,0.33,0.33,0.33,1.00,0.80,0.42,0.33,0.33",,,
br,manual do ar condicionado hisense,Hisense,,,,,70,0,0.00,0.04,,,,"0.23,0.23,0.17,0.17,0.29,0.41,0.41,1.00,0.82,0.41,0.41,0.29",,,
br,maquina hisense 13kg,Hisense,,,,,90,0,0.11,1.00,,,,"0.11,0.11,0.11,1.00,0.64,0.64,0.64,0.82,0.41,0.29,0.41,0.41",,,
br,maquina hisense lava e seca,Hisense,,,,,70,0,0.17,1.00,,,,"0.09,0.09,0.52,0.09,0.09,0.52,1.00,0.09,0.52,0.09,0.52,0.80",,,
br,marca hisense origem,Hisense,,,,,70,0,0.00,0.13,,,,"0.18,1.00,1.00,1.00,0.81,0.45,0.81,0.63,0.45,0.27,0.36,0.36",,,
br,marca hisense é boa geladeira,Hisense,,,,,70,0,0.19,1.00,,,,"0.00,0.00,0.00,0.00,0.04,0.04,0.52,1.00,0.80,0.52,0.52,0.52",,,
br,marca hisense é de onde,Hisense,,,,,90,0,0.14,0.14,,,,"0.00,0.11,0.11,0.11,0.11,0.64,1.00,0.82,0.64,0.52,0.82,1.00",,,
br,microondas hisense,Hisense,,,,,70,0,0.07,1.00,,,,"0.14,0.14,0.78,0.78,0.78,1.00,0.50,0.50,0.64,0.35,0.50,0.64",,,
br,máquina lava e seca hisense 13kg,Hisense,,,,,50,0,0.15,1.00,,,,"0.42,0.42,0.52,0.66,1.00,0.00,0.00,0.00,0.00,0.00,0.04,0.00",,,
br,produtos hisense,Hisense,,,,,70,0,0.08,1.00,,,,"0.18,1.00,1.00,0.18,1.00,1.00,0.63,0.45,0.63,0.45,0.45,0.36",,,
br,q7q hisense,Hisense,,,,,90,0,0.06,1.00,,,,"0.00,0.00,0.00,0.00,0.00,0.00,0.05,0.35,0.43,1.00,0.43,0.66",,,
br,site hisense,Hisense,,,,,70,0,0.11,0.98,,,,"0.23,0.41,0.41,0.29,0.41,0.41,0.82,0.64,0.64,0.52,0.41,0.41",,,
br,split hisense 12000,Hisense,,,,,70,0,0.11,1.00,,,,"0.09,0.09,0.09,0.09,0.09,0.09,0.52,1.00,0.66,0.23,0.23,0.42",,,
br,tcl ou hisense,Hisense,,,,,70,0,0.09,1.00,,,,"0.11,0.00,0.64,0.64,0.11,0.64,1.00,0.82,0.41,0.29,0.29,0.41",,,
br,telefone hisense,Hisense,,,,,50,0,0.10,0.19,,,,"0.14,0.14,0.14,0.14,0.14,0.14,0.64,0.00,1.00,1.00,1.00,0.00",,,
br,u7 pro hisense,Hisense,,,,,70,0,0.08,1.00,,,,"0.23,0.11,0.11,0.11,0.11,0.11,0.11,0.82,1.00,0.82,0.64,1.00",,,
br,u8n hisense,Hisense,,,,,70,0,0.09,1.00,,,,"0.52,0.82,0.52,0.64,0.64,0.29,0.41,0.23,0.17,0.17,0.23,0.11",,,
br,55 in hisense,Hisense,,,,,50,0,0.13,1.00,,,,"0.00,0.00,0.80,0.00,0.00,0.00,0.00,0.00,0.80,0.00,1.00,0.00",,,
br,a marca hisense é confiável,Hisense,,,,,50,0,0.16,0.56,,,,"0.14,0.14,0.14,0.14,0.14,0.14,0.78,1.00,0.78,0.14,0.14,0.50",,,
br,aplicativo ar condicionado hisense,Hisense,,,,,50,0,0.05,0.25,,,,"0.14,0.14,0.14,0.14,0.14,0.14,0.14,1.00,1.00,0.50,0.35,0.35",,,
br,aplicativo hisense ar condicionado,Hisense,,,,,50,0,0.08,0.14,,,,"0.11,0.11,0.11,0.11,0.11,0.11,0.11,1.00,0.64,0.64,0.11,0.23",,,
br,ar condicionado 10000 btus janela 110v hisense,Hisense,,,,,50,0,0.14,1.00,,,,"0.09,0.09,0.09,0.09,0.09,0.09,0.33,0.66,1.00,0.09,0.09,0.09",,,
br,ar condicionado 24000 btus hisense,Hisense,,,,,70,0,0.15,1.00,,,,"0.14,0.78,0.14,0.14,0.14,0.14,0.50,1.00,0.78,0.35,0.50,0.64",,,
br,ar condicionado 24000 btus inverter hisense,Hisense,,,,,50,0,0.17,1.00,,,,"0.11,0.11,0.11,0.11,0.11,0.11,0.11,1.00,1.00,0.11,0.11,0.17",,,
br,ar condicionado 9000 hisense,Hisense,,,,,50,0,0.16,1.00,,,,"0.11,0.11,0.11,0.11,0.11,0.11,0.64,1.00,0.64,0.11,0.11,0.29",,,
br,ar condicionado de janela 10000 btus hisense,Hisense,,,,,50,0,0.12,1.00,,,,"0.07,0.07,0.11,0.07,0.19,0.26,0.19,0.42,0.42,0.42,0.07,0.15",,,
br,ar condicionado de janela hisense 12000 btus,Hisense,,,,,50,0,0.10,0.99,,,,"0.14,0.14,0.14,0.14,0.14,0.14,0.78,1.00,1.00,0.14,0.14,0.35",,,
br,ar condicionado de janela hisense aw 10cw2rvgu00 10.000 btus branco,Hisense,,,,,50,0,0.18,1.00,,,,"0.13,0.06,0.01,0.10,0.01,0.05,0.01,0.00,0.00,0.00,0.00,0.01",,,
br,ar condicionado hisense 10 mil btus,Hisense,,,,,50,0,0.10,1.00,,,,"0.14,0.14,0.14,0.14,0.14,0.14,0.14,1.00,0.78,0.78,0.14,0.14",,,
br,ar condicionado hisense 10.000 btus 127v,Hisense,,,,,50,0,0.13,1.00,,,,"0.14,0.14,0.14,0.14,0.78,0.14,0.14,1.00,0.78,0.14,0.14,0.14",,,
br,ar condicionado hisense 10.000 é bom,Hisense,,,,,50,0,0.11,1.00,,,,"0.11,0.11,0.11,0.11,0.17,0.11,0.11,1.00,0.82,0.64,0.11,0.11",,,
br,ar condicionado hisense 10000 btus 127v,Hisense,,,,,70,0,0.14,1.00,,,,"0.11,0.11,0.11,0.11,0.64,0.64,0.29,1.00,0.82,0.11,0.11,0.64",,,
br,ar condicionado hisense 12000 btus quente e frio,Hisense,,,,,50,0,0.12,1.00,,,,"0.14,0.14,0.14,0.14,0.14,0.14,0.78,1.00,0.78,0.14,0.14,0.14",,,
br,ar condicionado hisense 12000 quente e frio,Hisense,,,,,50,0,0.13,1.00,,,,"0.00,0.00,0.00,0.00,0.00,0.06,0.15,1.00,0.65,0.06,0.06,0.15",,,
br,ar condicionado hisense 18000 btus,Hisense,,,,,70,0,0.16,1.00,,,,"0.11,0.11,0.11,0.17,0.17,0.41,0.11,0.82,0.64,0.11,0.82,0.64",,,
br,ar condicionado hisense 18000 btus quente e frio,Hisense,,,,,50,0,0.17,1.00,,,,"0.00,0.00,1.00,0.14,0.78,0.50,0.14,1.00,0.78,0.14,0.14,0.14",,,
br,ar condicionado hisense 8500 btus 110v,Hisense,,,,,40,0,0.09,1.00,,,,"0.00,1.00,0.11,0.11,0.11,0.11",,,
br,ar condicionado hisense 8500 ficha técnica,Hisense,,,,,50,0,0.09,1.00,,,,"0.00,0.00,0.00,0.00,0.00,0.00,0.52,1.00,1.00,0.00,0.04,0.04",,,
br,ar condicionado hisense 9.000 btus inverter,Hisense,,,,,50,0,0.14,1.00,,,,"0.14,0.14,0.14,0.14,0.14,0.14,0.78,1.00,0.78,0.14,0.78,0.14",,,
br,ar condicionado hisense 9000 btus inverter,Hisense,,,,,50,0,0.12,1.00,,,,"0.11,0.11,0.11,0.11,0.11,0.11,0.64,0.82,1.00,0.11,0.11,0.41",,,
br,ar condicionado hisense como colocar no quente,Hisense,,,,,50,0,0.00,0.33,,,,"0.64,1.00,0.64,0.11,0.11,0.11,0.11,0.11,0.11,0.11,0.11,0.11",,,
br,ar condicionado hisense de janela 10000 btus,Hisense,,,,,50,0,0.10,1.00,,,,"0.19,0.52,0.09,0.09,0.19,0.33,0.09,0.66,0.52,0.09,0.09,0.09",,,
br,ar condicionado hisense garantia,Hisense,,,,,50,0,0.00,0.29,,,,"0.14,0.64,0.64,0.35,0.14,1.00,0.14,0.14,1.00,0.14,0.14,0.14",,,
br,ar condicionado hisense inverter 9000 btus,Hisense,,,,,50,0,0.13,1.00,,,,"0.14,0.14,0.14,0.14,0.14,0.14,0.14,1.00,0.78,0.14,0.78,0.14",,,
br,ar condicionado hisense inverter janela,Hisense,,,,,50,0,0.10,1.00,,,,"0.00,0.00,0.00,0.00,0.00,0.00,0.11,1.00,1.00,0.64,0.52,0.41",,,
br,ar condicionado hisense janela 10.000 btus,Hisense,,,,,50,0,0.13,1.00,,,,"0.11,0.11,0.11,0.11,0.11,0.11,0.11,1.00,0.64,1.00,0.11,0.11",,,
br,ar condicionado hisense quente e frio,Hisense,,,,,70,0,0.17,1.00,,,,"0.14,0.14,0.78,0.14,0.14,0.14,0.14,1.00,0.78,0.14,0.78,0.78",,,
br,ar condicionado hisense split,Hisense,,,,,50,0,0.10,1.00,,,,"0.09,0.14,0.09,0.14,0.14,0.19,0.33,0.66,0.66,0.52,0.09,0.09",,,
br,ar condicionado hisense é barulhento,Hisense,,,,,50,0,0.00,0.43,,,,"0.11,0.11,0.11,0.11,0.11,0.11,0.11,0.82,1.00,0.64,0.11,0.11",,,
br,ar condicionado hisense é boa,Hisense,,,,,50,0,0.08,1.00,,,,"0.11,0.11,0.11,0.11,0.11,0.11,0.64,1.00,0.64,0.17,0.23,0.23",,,
br,ar condicionado inverter de janela eletrônico hisense wi-fi 8.000 btus,Hisense,,,,,50,0,0.11,1.00,,,,"0.00,0.00,0.00,0.00,0.00,0.00,0.00,0.00,1.00,0.03,0.03,0.03",,,
br,ar condicionado janela hisense 10000,Hisense,,,,,70,0,0.13,1.00,,,,"0.09,0.09,0.09,0.09,0.66,0.14,0.52,1.00,0.09,0.23,0.14,0.80",,,
br,ar condicionado janela hisense 10000 btus 127v,Hisense,,,,,50,0,0.13,1.00,,,,"0.11,0.11,0.11,0.11,0.11,0.11,0.64,1.00,1.00,0.11,0.11,0.11",,,
br,ar condicionado janela hisense 12000 btus,Hisense,,,,,70,0,0.14,1.00,,,,"0.11,0.11,0.11,0.11,0.11,0.11,0.64,0.82,1.00,0.11,0.64,0.29",,,
br,ar condicionado janela hisense 12000 btus frio aw 12cr2rwgu00 220v,Hisense,,,,,50,0,0.14,1.00,,,,"0.00,0.00,0.00,0.04,1.00,0.08,0.04,0.04,0.04,0.04,0.04,0.04",,,
br,ar condicionado janela hisense 7500,Hisense,,,,,50,0,0.12,1.00,,,,"0.02,0.02,0.12,0.02,0.02,0.12,0.02,1.00,0.28,0.05,0.05,0.05",,,
