Database,Keyword,Seed keyword,Page,Topic,Page type,Tags,Volume,Keyword Difficulty,CPC (USD),Competitive Density,Number of Results,Intent,SERP Features,Trend,Click potential,Content references,Competitors
br,brastemp,brastemp,,,,,201000,58,4.86,1.00,0,Navigational,"Knowledge Panel, Site Links, Reviews, Adwords Bottom, People Also Ask, Popular Products, Related Searches","0.30,0.30,0.24,0.44,0.30,0.36,0.44,0.36,0.36,0.30,0.30,0.36",20,,
br,geladeira brastemp,brastemp,,,,,201000,48,0.29,1.00,180,"Informational, Transactional","Site Links, Reviews, People Also Ask, Popular Products, Related Searches, Image Pack","0.54,0.54,0.54,0.54,0.54,0.66,0.81,0.66,0.81,0.54,0.44,0.66",20,,
br,geladeira brastemp frost free,brastemp,,,,,49500,36,0.26,1.00,10,"Informational, Transactional","Image Pack, Site Links, People Also Ask, Popular Products, Related Searches","0.66,0.44,0.54,0.54,0.44,0.54,0.81,0.54,0.66,0.54,0.44,0.54",20,,
br,maquina de lavar brastemp,brastemp,,,,,40500,31,0.26,1.00,170,"Informational, Transactional","Popular Products, Related Searches, AI Overview, Site Links, Video, People Also Ask","0.54,0.44,0.44,0.36,0.36,0.36,0.44,0.44,0.44,0.36,0.54,0.44",20,,
br,brastemp geladeira,brastemp,,,,,27100,45,0.48,1.00,168,"Informational, Transactional","People Also Ask, Popular Products, Related Searches, Site Links, Reviews, Video","0.30,0.20,0.20,0.16,0.24,0.20,0.45,0.20,0.24,0.20,0.24,0.30",20,,
br,frigobar brastemp,brastemp,,,,,27100,31,0.19,1.00,167,"Informational, Transactional","Image Pack, Site Links, Video, People Also Ask, Popular Products, Related Searches","0.44,0.36,0.36,0.44,0.54,0.44,0.44,0.44,0.44,0.29,0.36,0.29",20,,
br,lava louças brastemp,brastemp,,,,,27100,35,0.25,1.00,169,"Informational, Transactional","Popular Products, Related Searches, Short Videos, Site Links, Video, People Also Ask, AI Overview, Image Pack, Reviews","0.66,0.44,0.66,0.44,0.44,0.44,0.66,0.66,0.36,0.29,0.44,0.29",20,,
br,microondas brastemp,brastemp,,,,,27100,35,0.18,1.00,203,Commercial,"Image Pack, Site Links, Reviews, People Also Ask, Popular Products, Related Searches","0.66,0.81,0.66,0.81,0.54,0.66,0.54,0.29,0.54,0.36,0.66,0.54",20,,
br,geladeira brastemp inverse,brastemp,,,,,22200,37,0.26,1.00,168,"Informational, Transactional","Popular Products, Related Searches, Image Pack, Site Links, Reviews, Video, Video Carousel, People Also Ask","0.36,0.36,0.44,0.54,0.36,0.29,0.81,0.44,0.66,0.29,0.44,0.54",20,,
br,geladeira frost free brastemp,brastemp,,,,,22200,35,0.26,1.00,166,"Informational, Transactional","Reviews, People Also Ask, Popular Products, Related Searches, Adwords Middle, AI Overview, Image Pack, Site Links","0.08,0.16,0.20,0.30,0.30,0.36,0.44,0.30,0.30,0.20,0.30,0.36",20,,
br,máquina de lavar roupa brastemp,brastemp,,,,,22200,36,0.17,1.00,180,Commercial,"Video, People Also Ask, Popular Products, Related Searches, AI Overview, Image Pack, Site Links","0.81,0.81,0.81,1.00,0.81,1.00,1.00,1.00,1.00,0.81,1.00,1.00",20,,
br,fogão 5 bocas brastemp,brastemp,,,,,18100,30,0.16,1.00,185,Informational,"Related Searches, Image Pack, Site Links, People Also Ask, Popular Products","0.44,0.54,0.66,0.44,0.36,0.29,0.66,0.44,0.44,0.36,0.20,0.66",20,,
br,lava louça brastemp,brastemp,,,,,18100,38,0.25,1.00,176,"Navigational, Transactional","Site Links, Reviews, Video, Video Carousel, People Also Ask, Related Searches, Short Videos, Image Pack, Popular Products, AI Overview","0.44,0.36,0.36,0.29,0.29,0.24,0.81,0.36,0.24,0.24,0.29,0.44",20,,
br,fogão 4 bocas brastemp,brastemp,,,,,14800,30,0.12,1.00,170,"Informational, Transactional","Related Searches, AI Overview, Image Pack, Site Links, Reviews, Video, People Also Ask, Popular Products","0.54,0.66,0.54,0.54,0.44,0.54,0.66,0.66,0.44,0.44,0.66,0.54",20,,
br,fogão brastemp,brastemp,,,,,14800,39,0.18,1.00,171,"Navigational, Transactional","People Also Ask, Popular Products, Related Searches, Image Pack, Site Links","0.67,0.54,0.54,0.54,0.36,0.44,0.67,0.36,0.29,0.29,0.36,0.54",20,,
br,fogão brastemp 5 bocas,brastemp,,,,,14800,32,0.16,1.00,176,"Informational, Transactional","Popular Products, Related Searches, Image Pack, Site Links, Video Carousel, People Also Ask","0.67,0.54,0.36,0.54,0.54,0.29,0.54,0.44,0.44,0.54,0.44,0.54",20,,
br,frigobar brastemp retro,brastemp,,,,,14800,25,0.23,1.00,91,"Informational, Transactional","Site Links, Adwords Bottom, Popular Products, Related Searches, AI Overview","0.54,0.20,0.36,0.20,0.29,0.36,0.54,0.36,0.29,0.20,0.29,0.29",20,,
br,lava e seca brastemp,brastemp,,,,,14800,29,0.22,1.00,182,"Informational, Transactional","AI Overview, Site Links, Reviews, Video, People Also Ask, Popular Products, Related Searches, Short Videos","0.44,0.54,0.54,0.54,0.54,0.36,0.66,0.44,0.44,0.66,0.44,0.54",20,,
br,máquina de lavar brastemp,brastemp,,,,,14800,33,0.26,1.00,192,Commercial,"People Also Ask, Popular Products, Related Searches, Short Videos, AI Overview, Site Links, Video","0.44,0.44,0.36,0.44,0.36,0.36,0.36,0.36,0.36,0.36,0.44,0.44",20,,
br,cooktop 5 bocas brastemp,brastemp,,,,,12100,27,0.16,1.00,166,"Informational, Transactional","Image Pack, Site Links, People Also Ask, Popular Products, Related Searches","0.44,0.54,0.66,0.54,0.44,0.54,0.66,0.44,0.54,0.36,0.54,0.44",20,,
br,fogão brastemp 4 bocas,brastemp,,,,,12100,30,0.12,1.00,172,"Informational, Transactional","Reviews, Video, People Also Ask, Popular Products, Related Searches, Image Pack, Site Links","0.66,0.66,0.66,0.44,0.44,0.44,0.54,0.54,0.44,0.44,0.44,0.54",20,,
br,geladeira brastemp 375 litros,brastemp,,,,,12100,29,0.26,1.00,164,"Informational, Commercial","Adwords Middle, Site Links, Video, People Also Ask, Related Searches, AI Overview, Knowledge Panel, Image Pack, Video Carousel, Popular Products","0.54,0.36,0.44,0.36,0.36,0.66,0.66,0.54,0.54,0.36,0.36,0.36",20,,
br,lava louças brastemp 8 serviços,brastemp,,,,,12100,33,0.25,1.00,165,Informational,"Video Carousel, Related Searches, Image Pack, Site Links, Video, People Also Ask, Popular Products, AI Overview, Knowledge Panel","0.36,0.36,0.67,0.44,0.36,0.29,0.44,0.44,0.36,0.29,0.29,0.29",20,,
br,brastemp site,brastemp,,,,,9900,36,0.70,1.00,0,Navigational,"People Also Ask, Popular Products, Related Searches, Site Links","0.54,0.66,1.00,0.66,0.54,0.36,0.54,0.66,0.44,0.44,0.36,0.66",20,,
br,geladeira brastemp 588 litros,brastemp,,,,,9900,34,0.21,1.00,162,"Informational, Transactional","Image, People Also Ask, Popular Products, Related Searches, Knowledge Panel, Image Pack, Site Links, Video","0.44,0.44,0.54,0.44,0.54,0.54,0.81,0.66,0.44,0.36,0.36,0.19",20,,
br,geladeira brastemp inox,brastemp,,,,,9900,36,0.28,1.00,164,"Informational, Transactional","Site Links, People Also Ask, Popular Products, Related Searches, Image Pack","0.54,0.54,0.54,0.44,0.44,0.54,0.66,0.44,0.66,0.29,0.54,0.44",20,,
br,microondas brastemp 32 litros,brastemp,,,,,9900,28,0.17,1.00,162,"Informational, Transactional","Popular Products, Related Searches, Site Links, Reviews, Video, People Also Ask","0.44,0.44,0.44,0.44,0.36,0.29,0.54,0.36,0.36,0.36,0.36,0.44",20,,
br,site brastemp,brastemp,,,,,9900,32,0.70,1.00,0,Navigational,"Site Links, People Also Ask, Popular Products, Related Searches","0.54,0.44,0.66,0.54,0.44,0.44,0.66,0.44,0.44,0.36,0.54,0.36",20,,
br,assistencia tecnica brastemp,brastemp,,,,,8100,20,0.43,0.56,106,Navigational,"People Also Ask, Related Searches, AI Overview, Knowledge Panel, Site Links, Reviews, Adwords Top, Adwords Bottom","0.54,0.66,0.36,0.36,0.44,0.54,0.44,0.44,0.54,0.44,0.54,0.36",20,,
br,brastemp b blend,brastemp,,,,,8100,34,0.14,1.00,183,"Navigational, Commercial","People Also Ask, Popular Products, Related Searches, Adwords Middle, Image Pack, Site Links, Video, Adwords Top","0.08,0.04,0.06,0.06,0.06,0.04,0.04,0.04,0.04,0.04,0.03,0.04",20,,
br,brastemp inverse,brastemp,,,,,8100,35,0.31,1.00,169,Informational,"Image Pack, Site Links, Reviews, Video, Video Carousel, Popular Products, Adwords Middle, People Also Ask, Related Searches","0.29,0.29,0.29,0.29,0.29,0.44,0.44,0.44,0.44,0.36,0.44,0.44",20,,
br,brastemp maquina de lavar,brastemp,,,,,8100,33,0.39,1.00,196,Commercial,"Site Links, Video, People Also Ask, Popular Products, Related Searches, Short Videos","0.44,0.29,0.36,0.29,0.29,0.24,0.54,0.36,0.44,0.36,0.44,0.54",20,,
br,fogao brastemp,brastemp,,,,,8100,31,0.18,1.00,185,"Navigational, Transactional","Image Pack, Site Links, People Also Ask, Popular Products, Related Searches","0.29,0.19,0.36,0.19,0.19,0.24,0.36,0.29,0.24,0.13,0.36,0.36",20,,
br,fogão 6 bocas brastemp,brastemp,,,,,8100,26,0.12,1.00,162,Commercial,"Related Searches, AI Overview, Image Pack, Site Links, Reviews, Video, People Also Ask","0.81,0.36,0.66,0.54,0.54,0.54,0.66,0.36,0.44,0.44,0.54,0.54",20,,
br,geladeira 3 portas brastemp,brastemp,,,,,8100,26,0.31,1.00,178,"Informational, Transactional","Video Carousel, People Also Ask, Popular Products, Related Searches, Image Pack, Site Links, Video","0.36,0.44,0.66,0.54,0.54,0.66,1.00,0.81,1.00,0.66,0.81,0.44",20,,
br,geladeira brastemp 3 portas,brastemp,,,,,8100,30,0.31,1.00,179,"Informational, Transactional","Site Links, Video, Video Carousel, People Also Ask, Popular Products, Related Searches, AI Overview, Image Pack","0.36,0.44,0.54,0.44,0.36,0.54,0.66,0.54,0.66,0.54,0.66,0.54",20,,
br,geladeira inox brastemp,brastemp,,,,,8100,35,0.28,1.00,172,"Informational, Transactional","Related Searches, Image Pack, Site Links, People Also Ask, Popular Products","0.54,0.36,0.66,0.54,0.54,0.66,0.81,0.54,0.66,0.44,0.66,0.54",20,,
br,geladeira inverse brastemp,brastemp,,,,,8100,30,0.24,1.00,168,"Informational, Transactional","Adwords Bottom, People Also Ask, AI Overview, Image Pack, Reviews, Video, Popular Products, Related Searches, Site Links","0.36,0.29,0.44,0.44,0.44,0.54,0.44,0.54,0.66,0.44,0.44,0.54",20,,
br,lava louças 8 serviços brastemp,brastemp,,,,,8100,36,0.25,1.00,171,"Informational, Transactional","Video, Video Carousel, People Also Ask, Popular Products, Related Searches, AI Overview, Image Pack, Site Links","0.19,0.19,0.66,0.36,0.19,0.24,0.44,0.44,0.54,0.16,0.19,0.44",20,,
br,lavadora brastemp,brastemp,,,,,8100,37,0.27,1.00,187,"Informational, Transactional","Popular Products, Related Searches, Image Pack, Site Links, Video, Video Carousel, People Also Ask","0.36,0.36,0.36,0.44,0.29,0.24,0.44,0.29,0.36,0.29,0.29,0.29",20,,
br,máquina de lavar brastemp 15kg,brastemp,,,,,8100,23,0.19,1.00,172,Informational,"Popular Products, Related Searches, Short Videos, Image Pack, Site Links, Video, Video Carousel","0.54,0.54,0.66,0.44,0.54,0.54,0.66,0.36,0.36,0.36,0.44,0.44",20,,
br,secadora de roupas brastemp,brastemp,,,,,8100,26,0.22,1.00,166,"Informational, Transactional","People Also Ask, Popular Products, AI Overview, Image Pack, Video Carousel, Related Searches, Short Videos, Site Links, Reviews, Video","0.44,0.81,0.36,0.24,0.16,0.16,0.19,0.16,0.16,0.16,0.19,0.24",20,,
br,adega brastemp,brastemp,,,,,6600,27,0.33,1.00,177,"Navigational, Transactional","Video, Video Carousel, People Also Ask, Related Searches, AI Overview, Image Pack, Popular Products, Site Links, Reviews","0.44,0.44,0.44,0.44,0.44,0.44,0.66,0.44,0.44,0.29,0.36,0.44",20,,
br,cooktop 4 bocas brastemp,brastemp,,,,,6600,30,0.10,1.00,129,"Informational, Transactional","Related Searches, Image Pack, Site Links, People Also Ask, Popular Products","0.54,0.54,0.54,0.54,0.54,0.54,0.66,0.36,0.44,0.36,0.44,0.44",20,,
br,cooktop brastemp,brastemp,,,,,6600,31,0.17,1.00,196,"Navigational, Transactional","Related Searches, Image Pack, Site Links, Video, People Also Ask, Popular Products","0.36,0.44,0.44,0.44,0.36,0.54,0.54,0.29,0.36,0.36,0.36,0.36",20,,
br,cooktop brastemp 5 bocas,brastemp,,,,,6600,30,0.15,1.00,139,"Informational, Transactional","Site Links, People Also Ask, Popular Products, Related Searches, Adwords Middle, Image Pack","0.54,0.44,0.54,0.54,0.54,0.66,0.81,0.54,0.54,0.54,0.66,0.66",20,,
br,fogão brastemp 6 bocas,brastemp,,,,,6600,26,0.12,1.00,165,"Informational, Transactional","People Also Ask, Related Searches, Image Pack, Site Links, Video","0.36,0.54,0.54,0.29,0.36,0.24,0.54,0.36,0.29,0.24,0.29,0.36",20,,
br,forno de embutir brastemp,brastemp,,,,,6600,26,0.19,1.00,161,Informational,"Image Pack, Site Links, Video, Video Carousel, People Also Ask, Related Searches","0.66,0.54,0.66,0.66,0.66,0.54,0.66,0.54,0.54,0.44,0.54,0.54",20,,
br,frigobar retro brastemp,brastemp,,,,,6600,27,0.23,1.00,168,"Navigational, Transactional","Image Pack, Site Links, Video, Image, People Also Ask, Popular Products, Related Searches","0.16,0.29,0.44,0.36,0.36,0.54,0.36,0.29,0.36,0.24,0.54,0.29",20,,
br,maquina de lavar brastemp 13 kg,brastemp,,,,,6600,27,0.22,1.00,167,"Informational, Transactional","AI Overview, Site Links, Video, Video Carousel, People Also Ask, Popular Products, Related Searches","0.54,0.36,0.54,0.44,0.19,0.54,0.66,0.44,0.54,0.29,0.29,0.44",20,,
br,maquina de lavar louça brastemp,brastemp,,,,,6600,35,0.20,1.00,183,"Informational, Transactional","Image Pack, Reviews, Video, Popular Products, Site Links, Video Carousel, People Also Ask, Related Searches, AI Overview","0.66,0.81,1.00,0.66,0.66,0.54,1.00,0.66,0.66,0.44,0.54,0.54",20,,
br,máquina de lavar brastemp 11kg,brastemp,,,,,6600,26,0.13,1.00,167,Commercial,"Site Links, Video, Video Carousel, People Also Ask, Popular Products, Related Searches, Image Pack","0.54,0.44,0.54,0.36,0.44,0.36,0.36,0.36,0.44,0.44,0.44,0.36",20,,
br,refrigerador brastemp,brastemp,,,,,6600,36,0.22,1.00,188,"Informational, Transactional","Image Pack, Site Links, Reviews, People Also Ask, Popular Products, Related Searches, AI Overview","0.36,0.36,0.44,0.29,0.36,0.36,0.44,0.44,0.44,0.29,0.29,0.44",20,,
br,secadora brastemp,brastemp,,,,,6600,27,0.27,1.00,163,"Informational, Transactional","People Also Ask, Popular Products, Related Searches, Short Videos, Image Pack, Site Links, Video","0.36,0.81,0.54,0.24,0.24,0.24,0.24,0.19,0.24,0.19,0.19,0.24",20,,
br,adega brastemp 12 garrafas,brastemp,,,,,5400,27,0.19,1.00,167,Informational,"Site Links, Video, People Also Ask, Popular Products, AI Overview, Knowledge Panel, Image Pack, Video Carousel, Related Searches","0.66,0.81,0.81,0.66,0.66,0.54,0.81,0.54,0.54,0.44,0.66,0.54",20,,
br,autorizada brastemp,brastemp,,,,,5400,31,0.35,0.58,168,Navigational,"Related Searches, Local Pack, Site Links, People Also Ask","0.54,0.66,0.54,0.54,0.54,0.54,0.36,0.54,0.66,0.44,0.44,0.44",20,,
br,b blend brastemp,brastemp,,,,,5400,35,0.14,1.00,166,Commercial,"Related Searches, Image Pack, Site Links, Video, Adwords Top, Adwords Bottom, People Also Ask","0.08,0.04,0.05,0.05,0.04,0.03,0.07,0.07,0.08,0.03,0.03,0.03",20,,
br,brastemp fogao,brastemp,,,,,5400,31,0.18,1.00,185,"Navigational, Transactional","Image Pack, Site Links, People Also Ask, Popular Products, Related Searches","0.44,0.24,0.29,0.19,0.19,0.29,0.29,0.19,0.29,0.44,0.24,0.29",20,,
br,brastemp lava e seca,brastemp,,,,,5400,30,0.22,1.00,176,"Informational, Commercial","Video, Video Carousel, People Also Ask, Popular Products, Related Searches, Image Pack, Site Links, Reviews","0.54,0.24,0.44,0.36,0.36,0.19,0.12,0.24,0.44,0.54,0.36,0.29",20,,
br,forno eletrico brastemp,brastemp,,,,,5400,26,0.14,1.00,174,"Informational, Transactional","Video, People Also Ask, Popular Products, Related Searches, AI Overview, Image Pack, Site Links","0.36,0.44,0.54,0.36,0.36,0.44,0.44,0.36,0.36,0.29,0.29,0.36",20,,
br,frigobar da brastemp,brastemp,,,,,5400,24,0.19,1.00,171,"Informational, Transactional","Site Links, Video, Popular Products, Related Searches, AI Overview, Image Pack","0.04,0.03,0.05,0.13,0.04,0.05,1.00,0.16,0.29,0.36,0.81,1.00",20,,
br,geladeira brastemp ative,brastemp,,,,,5400,31,0.12,1.00,168,"Informational, Transactional","Video, Video Carousel, People Also Ask, Popular Products, Related Searches, Image Pack, Site Links","0.54,0.66,0.54,0.54,0.66,0.54,0.54,0.54,0.54,0.54,0.44,0.54",20,,
br,lava louça brastemp 8 serviços,brastemp,,,,,5400,33,0.25,1.00,160,Informational,"Adwords Middle, AI Overview, Video, Popular Products, Knowledge Panel, Image Pack, Site Links, Video Carousel, People Also Ask, Related Searches","0.36,0.29,0.19,0.36,0.29,0.36,0.29,0.24,0.36,0.19,0.24,0.36",20,,
br,lava louças brastemp 10 serviços,brastemp,,,,,5400,31,0.25,1.00,164,Informational,"Reviews, Video, Video Carousel, People Also Ask, Popular Products, Related Searches, AI Overview, Site Links","0.66,0.66,0.81,0.66,0.54,0.54,1.00,0.44,0.66,0.44,0.66,0.54",20,,
br,lava louças brastemp 14 serviços,brastemp,,,,,5400,26,0.24,1.00,169,"Informational, Transactional","AI Overview, Site Links, Video, Video Carousel, People Also Ask, Popular Products, Related Searches","0.54,0.54,0.54,0.66,0.44,0.54,0.66,0.36,0.44,0.36,0.44,0.54",20,,
br,loja brastemp,brastemp,,,,,5400,31,0.39,1.00,174,"Navigational, Commercial","Site Links, Reviews, Video, Popular Products, Related Searches","0.36,0.36,0.44,0.36,0.36,0.36,0.44,0.29,0.29,0.29,0.24,0.29",20,,
br,maquina de lavar roupa brastemp,brastemp,,,,,5400,31,0.17,1.00,163,"Informational, Transactional","People Also Ask, Popular Products, Related Searches, AI Overview, Site Links, Reviews, Video","0.19,0.19,0.44,0.36,0.24,0.36,0.29,0.19,0.36,0.36,0.24,0.44",20,,
br,máquina de lavar brastemp 13kg,brastemp,,,,,5400,26,0.25,1.00,169,Informational,"People Also Ask, Popular Products, Related Searches, AI Overview, Image Pack, Site Links, Video, Video Carousel","0.54,0.44,0.44,0.54,0.54,0.54,0.81,0.44,0.44,0.29,0.36,0.36",20,,
br,site da brastemp,brastemp,,,,,5400,36,0.70,1.00,10,"Navigational, Commercial","Image Pack, Site Links, People Also Ask, Related Searches","0.54,0.81,0.81,0.66,0.66,0.81,1.00,0.66,0.66,0.54,0.81,0.66",20,,
br,assistência técnica brastemp,brastemp,,,,,4400,16,0.43,0.56,107,"Navigational, Transactional","Knowledge Panel, Site Links, Reviews, People Also Ask, Related Searches","0.29,0.44,0.44,0.36,0.44,0.36,0.36,0.54,0.44,0.36,0.44,0.36",20,,
br,brastemp 13kg,brastemp,,,,,4400,27,0.33,1.00,170,Informational,"Image Pack, Site Links, Video, Video Carousel, People Also Ask, Popular Products, Related Searches","0.54,0.36,0.44,0.44,0.44,0.36,0.54,0.36,0.36,0.29,0.36,0.29",20,,
br,brastemp inox geladeira,brastemp,,,,,4400,32,0.28,1.00,179,"Informational, Transactional","Image Pack, Site Links, Reviews, Popular Products, Related Searches","0.03,0.04,0.03,0.24,0.10,0.06,1.00,0.54,0.36,0.44,0.54,0.66",20,,
br,brastemp loja,brastemp,,,,,4400,32,0.39,1.00,169,Navigational,"Adwords Top, Adwords Bottom, Related Searches, Site Links, Reviews, Video","0.66,0.44,0.66,0.54,0.54,0.54,1.00,0.54,0.54,0.44,0.54,0.44",20,,
br,brastemp secadora,brastemp,,,,,4400,27,0.27,1.00,165,"Informational, Transactional","Popular Products, Related Searches, Short Videos, Image Pack, Site Links, Video, People Also Ask","0.44,1.00,0.54,0.29,0.36,0.29,0.29,0.29,0.29,0.23,0.36,0.36",20,,
br,fogão brastemp 4 bocas inox,brastemp,,,,,4400,25,0.15,1.00,168,"Informational, Transactional","Site Links, Video, Video Carousel, People Also Ask, Popular Products, Related Searches, Image Pack","0.54,0.36,0.36,0.44,0.36,0.44,0.54,0.36,0.36,0.36,0.44,0.54",20,,
br,fogão brastemp 5 bocas inox,brastemp,,,,,4400,36,0.18,1.00,10,"Informational, Transactional","Image Pack, Site Links, People Also Ask, Popular Products, Related Searches","0.44,0.44,0.36,0.36,0.44,0.44,0.66,0.44,0.29,0.29,0.36,0.36",20,,
br,forno brastemp,brastemp,,,,,4400,31,0.18,1.00,172,"Informational, Transactional","Video Carousel, People Also Ask, Popular Products, Related Searches, AI Overview, Image Pack, Site Links, Video","0.44,0.66,0.54,0.54,0.54,0.66,0.66,0.44,0.44,0.35,0.44,0.44",20,,
br,forno brastemp de embutir,brastemp,,,,,4400,41,0.19,1.00,160,"Informational, Transactional","Image Pack, Site Links, Video, Video Carousel, People Also Ask, Popular Products, Related Searches","0.44,0.36,0.54,0.44,0.44,0.54,0.36,0.44,0.54,0.36,0.36,0.44",20,,
br,freezer vertical brastemp,brastemp,,,,,4400,26,0.21,1.00,173,"Informational, Transactional","Related Searches, AI Overview, Image Pack, Site Links, Video, Video Carousel, People Also Ask, Popular Products","0.54,0.43,0.66,0.66,0.54,0.81,0.81,0.81,1.00,0.54,0.66,0.66",20,,
br,freezer vertical da brastemp,brastemp,,,,,4400,23,0.21,1.00,160,"Informational, Commercial","Image Pack, Site Links, Video, Video Carousel, Popular Products, Related Searches, AI Overview","0.66,0.35,0.35,0.23,0.54,0.66,0.54,0.81,0.54,0.66,1.00,0.66",20,,
br,lava louça brastemp 10 serviços,brastemp,,,,,4400,33,0.25,1.00,161,Informational,"Related Searches, AI Overview, Knowledge Panel, Site Links, Reviews, People Also Ask, Popular Products, Video, Video Carousel","0.66,0.66,0.66,0.66,0.66,0.66,0.66,0.54,0.66,0.36,0.54,0.54",20,,
br,lava louça brastemp 14 serviços,brastemp,,,,,4400,25,0.24,1.00,158,"Informational, Transactional","Reviews, Video, Video Carousel, People Also Ask, Popular Products, Related Searches, Site Links","0.66,0.66,0.81,0.54,0.44,0.54,0.54,0.35,0.44,0.29,0.54,0.44",20,,
br,lava louças brastemp 15 serviços,brastemp,,,,,4400,33,0.29,1.00,173,Commercial,"Site Links, Reviews, Video, Adwords Bottom, Popular Products, Related Searches, AI Overview, Adwords Top, Video Carousel, People Also Ask, Short Videos","0.54,0.54,1.00,0.81,0.54,0.66,1.00,0.54,0.81,0.66,0.81,0.81",20,,
br,lavadora brastemp 13kg,brastemp,,,,,4400,26,0.26,1.00,170,"Informational, Transactional","Related Searches, Image Pack, Site Links, Video, Video Carousel, People Also Ask, Popular Products","0.54,0.44,0.44,0.44,0.36,0.23,0.66,0.19,0.36,0.29,0.23,0.29",20,,
br,maquina brastemp,brastemp,,,,,4400,39,0.29,1.00,144,"Informational, Transactional","People Also Ask, Popular Products, Related Searches, AI Overview, Image Pack, Site Links, Video","0.66,0.66,0.54,0.35,0.44,0.54,0.54,0.44,0.54,0.44,0.54,0.66",20,,
br,maquina brastemp 13kg,brastemp,,,,,4400,30,0.25,1.00,162,Informational,"Video, Video Carousel, People Also Ask, Popular Products, Related Searches, Knowledge Panel, Image Pack, Site Links","0.66,0.54,0.81,0.54,0.44,0.44,0.81,0.54,0.66,0.54,0.44,0.54",20,,
br,maquina de lavar brastemp 13kg,brastemp,,,,,4400,25,0.25,1.00,174,"Informational, Transactional","Related Searches, Image Pack, Site Links, Video, Video Carousel, People Also Ask, Popular Products","0.54,0.35,0.44,0.81,0.44,0.44,0.66,0.54,0.66,0.35,0.54,0.35",20,,
br,máquina de lavar brastemp 12kg,brastemp,,,,,4400,21,0.17,1.00,168,"Informational, Transactional","Site Links, Video, Video Carousel, People Also Ask, Popular Products, Related Searches","0.16,0.13,0.13,0.13,0.10,0.10,0.10,0.08,0.07,0.08,0.10,0.10",20,,
br,purificador de agua brastemp,brastemp,,,,,4400,34,0.24,1.00,167,"Informational, Transactional","Popular Products, Related Searches, Short Videos, Image Pack, Site Links, Reviews, Video, People Also Ask","0.44,0.23,0.44,0.36,0.36,0.36,0.36,0.29,0.44,0.29,0.36,0.23",20,,
br,bblend brastemp,brastemp,,,,,3600,28,0.14,1.00,166,Navigational,"Video, People Also Ask, Popular Products, Related Searches, Image Pack, Site Links","0.44,0.24,0.10,0.16,0.13,0.10,0.07,0.13,0.10,0.16,0.13,0.16",20,,
br,brastemp assistencia tecnica,brastemp,,,,,3600,19,0.43,0.56,108,Navigational,"Local Pack, Site Links, People Also Ask, Related Searches","0.29,0.16,0.08,0.16,0.08,0.16,0.08,0.36,0.54,0.36,0.19,0.29",20,,
br,brastemp assistência técnica,brastemp,,,,,3600,51,0.43,0.56,108,Navigational,"Local Pack, Site Links, People Also Ask, Related Searches","0.19,0.04,0.44,0.19,0.24,0.10,0.44,0.07,0.07,0.19,0.08,0.05",20,,
br,brastemp ative,brastemp,,,,,3600,27,0.21,1.00,185,Informational,"People Also Ask, Popular Products, Related Searches, Adwords Middle, Image Pack, Site Links, Video, Video Carousel","0.54,0.54,0.54,0.54,0.54,0.54,0.54,0.54,0.54,0.43,0.54,0.43",20,,
br,brastemp frigobar,brastemp,,,,,3600,27,0.19,1.00,169,"Informational, Transactional","Image Pack, Site Links, Video, Video Carousel, People Also Ask, Popular Products, Related Searches","0.66,0.24,0.29,0.19,0.10,0.19,0.16,0.08,0.12,0.10,0.54,0.44",20,,
br,brastemp frost free,brastemp,,,,,3600,34,0.39,1.00,167,"Informational, Transactional","Reviews, People Also Ask, Popular Products, Related Searches, AI Overview, Site Links","0.44,0.35,0.44,0.54,0.44,0.44,0.54,0.54,0.44,0.35,0.35,0.54",20,,
br,brastemp geladeira frost free,brastemp,,,,,3600,33,0.26,1.00,167,"Informational, Transactional","Image Pack, Site Links, People Also Ask, Popular Products, Related Searches","0.10,0.10,0.13,0.19,0.10,0.04,0.19,0.10,0.16,0.16,0.66,0.29",20,,
br,brastemp geladeira inverse,brastemp,,,,,3600,33,0.26,1.00,169,"Informational, Transactional","Image Pack, Site Links, Reviews, Video, People Also Ask, Popular Products, Related Searches","0.19,0.10,0.05,0.03,0.13,0.36,0.19,0.36,0.29,0.08,0.29,0.54",20,,
br,brastemp lava loucas 8 servicos,brastemp,,,,,3600,28,0.25,1.00,155,Informational,"Image Pack, Site Links, Reviews, People Also Ask, Popular Products, Related Searches, Knowledge Panel, Video, Video Carousel, AI Overview","0.66,0.66,0.36,0.54,0.43,0.43,1.00,0.36,0.66,0.43,0.54,0.43",20,,
br,brastemp lava louças,brastemp,,,,,3600,32,0.25,1.00,178,"Navigational, Transactional","Short Videos, Image Pack, Site Links, Video, Video Carousel, People Also Ask, Popular Products, Related Searches","0.08,0.10,0.13,0.13,0.19,0.19,0.66,0.03,0.08,0.16,0.24,0.29",20,,
br,brastemp lava louças 8 serviços,brastemp,,,,,3600,25,0.25,1.00,169,Informational,"Knowledge Panel, Image Pack, Popular Products, Adwords Middle, Site Links, Reviews, Video, Video Carousel, People Also Ask, Related Searches","0.36,0.24,0.36,0.44,0.44,0.36,0.36,0.36,0.24,0.54,0.19,0.66",20,,
br,brastemp retro,brastemp,,,,,3600,27,0.23,1.00,161,"Informational, Transactional","Image Pack, Site Links, Video, People Also Ask, Popular Products, Related Searches, AI Overview","0.24,0.19,0.24,0.24,0.19,0.19,0.24,0.36,0.19,0.44,0.19,0.29",20,,
br,brastemp site oficial,brastemp,,,,,3600,37,0.55,1.00,0,Navigational,"Site Links, Video, People Also Ask, Related Searches, AI Overview","0.36,0.43,0.43,0.43,0.36,0.54,0.81,0.54,0.81,0.54,1.00,0.81",20,,
br,cervejeira brastemp,brastemp,,,,,3600,28,0.16,1.00,160,"Informational, Transactional","Reviews, Video, People Also Ask, Popular Products, Related Searches, Image Pack, Site Links","0.81,0.66,0.66,0.66,0.66,0.66,0.81,0.66,0.66,0.53,0.66,0.66",20,,
br,compra certa brastemp,brastemp,,,,,3600,43,0.26,1.00,0,"Navigational, Transactional","Site Links, Reviews, Video, People Also Ask, Popular Products, Related Searches, Knowledge Panel, Image Pack","0.54,0.43,0.66,0.66,0.54,0.66,0.54,0.54,0.54,0.43,0.54,0.54",20,,
br,cooktop brastemp 4 bocas,brastemp,,,,,3600,27,0.11,1.00,162,"Informational, Transactional","Image Pack, Site Links, Video, People Also Ask, Popular Products, Related Searches","0.53,0.66,0.81,0.81,0.66,0.81,1.00,0.53,0.66,0.66,0.66,0.66",20,,
br,cupom brastemp,brastemp,,,,,3600,29,0.67,1.00,122,Transactional,"Video, People Also Ask, Related Searches, AI Overview, Reviews","0.23,0.29,0.36,0.29,0.29,0.23,0.44,0.23,0.23,0.19,0.19,0.15",75,,
br,fogao brastemp 5 bocas,brastemp,,,,,3600,34,0.16,1.00,172,"Informational, Transactional","Popular Products, Related Searches, Image Pack, Site Links, Video Carousel, People Also Ask","0.19,0.36,0.29,0.24,0.19,0.24,0.24,0.16,0.10,0.16,0.19,0.16",20,,
br,fogão 4 bocas brastemp inox,brastemp,,,,,3600,25,0.15,1.00,164,Commercial,"Video, Video Carousel, People Also Ask, Popular Products, Related Searches, Image Pack, Site Links","0.29,0.29,0.29,0.24,0.29,0.29,0.54,0.36,0.36,0.29,0.36,0.44",20,,
br,fogão 5 bocas brastemp inox,brastemp,,,,,3600,28,0.18,1.00,167,"Informational, Transactional","Image Pack, Site Links, Video, Image, People Also Ask, Popular Products, Related Searches","0.66,0.44,0.44,0.54,0.16,0.35,0.44,0.44,0.35,0.35,0.35,0.35",20,,
br,fogão cooktop 5 bocas brastemp,brastemp,,,,,3600,25,0.12,1.00,171,"Informational, Transactional","People Also Ask, Popular Products, Related Searches, Image Pack, Site Links","0.53,0.66,0.66,0.66,0.66,0.66,0.81,0.53,0.66,0.44,0.66,0.81",20,,
br,geladeira brastemp 463 litros,brastemp,,,,,3600,30,0.23,1.00,164,Commercial,"Adwords Bottom, People Also Ask, Popular Products, Related Searches, Site Links, Image, Adwords Top","0.36,0.28,0.54,0.43,0.43,0.54,0.54,0.54,0.66,0.66,0.81,1.00",20,,
br,geladeira brastemp duas portas,brastemp,,,,,3600,28,0.23,1.00,181,"Informational, Transactional","Reviews, People Also Ask, Popular Products, Related Searches, Image Pack, Site Links","0.53,0.53,0.66,0.66,0.53,0.53,0.66,0.66,0.81,0.53,0.81,0.81",20,,
br,geladeira brastemp frost free 375 litros,brastemp,,,,,3600,25,0.26,1.00,173,Commercial,"Related Searches, Image Pack, Site Links, Video, Adwords Bottom, Video Carousel, People Also Ask, Popular Products","0.54,0.66,0.54,0.43,0.43,0.43,0.81,0.66,0.66,0.43,0.36,0.36",20,,
br,geladeira brastemp frost free inverse,brastemp,,,,,3600,34,0.28,1.00,169,Transactional,"Image Pack, Site Links, Video, Video Carousel, People Also Ask, Popular Products, Related Searches, Adwords Middle","0.54,0.43,0.43,0.43,0.43,0.43,0.66,0.43,0.43,0.43,0.54,0.66",20,,
br,geladeira duas portas brastemp,brastemp,,,,,3600,28,0.23,1.00,178,"Informational, Transactional","Image Pack, Site Links, Reviews, Video, People Also Ask, Popular Products, Related Searches","0.53,0.44,0.66,0.53,0.53,0.53,0.66,0.66,0.66,0.66,0.66,0.81",20,,
br,geladeira inverse da brastemp,brastemp,,,,,3600,28,0.26,1.00,174,"Informational, Transactional","AI Overview, Image Pack, Site Links, Reviews, People Also Ask, Popular Products, Video, Video Carousel, Related Searches","0.24,0.08,0.02,0.05,0.01,0.03,0.03,0.00,0.01,0.00,0.03,0.10",20,,
br,geladeira side by side brastemp,brastemp,,,,,3600,30,0.18,1.00,182,"Informational, Transactional","Site Links, Video, People Also Ask, Popular Products, Related Searches, Image Pack","0.66,0.54,0.54,0.54,0.54,0.43,0.54,0.43,0.66,0.54,0.43,0.54",20,,
br,lava loucas brastemp,brastemp,,,,,3600,33,0.25,1.00,160,"Informational, Transactional","Image Pack, Site Links, Video Carousel, Related Searches, Short Videos, AI Overview, Reviews, Video, People Also Ask, Popular Products","0.07,0.08,0.08,0.08,0.07,0.10,0.16,0.07,0.05,0.13,0.10,0.07",20,,
br,lava louça 8 serviços brastemp,brastemp,,,,,3600,37,0.25,1.00,168,Informational,"Video, Related Searches, AI Overview, Image Pack, Site Links, Video Carousel, People Also Ask, Popular Products, Knowledge Panel","0.36,0.24,0.29,0.36,0.24,0.36,0.66,0.19,0.24,0.29,0.36,0.36",20,,
br,lava louças 14 serviços brastemp,brastemp,,,,,3600,25,0.26,1.00,162,"Informational, Transactional","Video Carousel, People Also Ask, Popular Products, Related Searches, Site Links, Reviews, Video","0.16,0.35,0.66,0.35,0.44,0.29,0.54,0.44,0.35,0.23,0.35,0.29",20,,
br,lavadora de roupas brastemp,brastemp,,,,,3600,32,0.21,1.00,201,"Informational, Transactional","Popular Products, Related Searches, Image Pack, Site Links, Reviews, Video, People Also Ask","0.54,0.44,0.35,0.44,0.44,0.44,0.66,0.44,0.54,0.54,0.54,0.44",20,,
br,maquina de lavar brastemp 15kg,brastemp,,,,,3600,25,0.28,1.00,167,"Informational, Transactional","Video, People Also Ask, Popular Products, Related Searches, Short Videos, Image Pack, Site Links","0.66,0.29,0.35,0.54,0.29,0.29,0.66,0.44,0.23,0.35,0.29,0.54",20,,
br,máquina de lavar 15kg brastemp,brastemp,,,,,3600,25,0.20,0.33,160,Commercial,"Image Pack, Site Links, Video, Video Carousel, People Also Ask, Popular Products, Related Searches","0.44,0.81,0.81,0.66,0.53,0.53,1.00,0.53,0.53,0.44,0.53,0.44",20,,
br,purificador de água brastemp,brastemp,,,,,3600,30,0.24,1.00,167,"Informational, Transactional","Popular Products, Related Searches, Short Videos, Image Pack, Site Links, Reviews, Video, People Also Ask","0.44,0.36,0.44,0.44,0.36,0.44,0.36,0.36,0.44,0.29,0.36,0.29",20,,
br,site oficial da brastemp,brastemp,,,,,3600,33,0.55,1.00,167,"Informational, Navigational","Site Links, Video, People Also Ask, Related Searches, AI Overview","0.44,0.53,0.53,0.44,0.44,0.66,0.81,0.66,1.00,0.66,1.00,0.66",20,,
br,adega 12 garrafas brastemp,brastemp,,,,,2900,26,0.19,1.00,162,Informational,"Site Links, Image, Video Carousel, People Also Ask, Popular Products, Related Searches, Knowledge Panel, Image Pack","0.81,0.43,0.66,0.24,0.66,0.54,0.43,0.43,0.36,0.36,0.43,0.54",20,,
br,assistencia tecnica brastemp autorizada,brastemp,,,,,2900,30,0.30,0.57,105,Navigational,"Local Pack, Site Links, Reviews, People Also Ask, Related Searches","0.24,0.35,0.07,0.35,0.24,0.44,0.81,0.66,0.66,0.81,0.81,0.66",20,,
br,brastemp 15kg,brastemp,,,,,2900,26,0.28,1.00,162,"Informational, Transactional","People Also Ask, Popular Products, Related Searches, Image Pack, Site Links, Video","0.28,0.54,0.66,0.36,0.36,0.54,0.54,0.43,0.43,0.36,0.43,0.54",20,,
br,brastemp adega,brastemp,,,,,2900,29,0.33,1.00,171,"Navigational, Transactional","Related Searches, Image Pack, Site Links, Video, Video Carousel, People Also Ask, Popular Products","0.23,0.19,0.54,0.29,0.54,0.44,0.35,0.44,0.54,0.35,0.35,0.54",20,,
br,brastemp ative geladeira,brastemp,,,,,2900,27,0.12,1.00,157,Informational,"Image Pack, Site Links, Video, Video Carousel, People Also Ask, Popular Products, Related Searches","0.24,0.24,0.54,0.29,0.36,0.44,0.36,0.36,0.36,0.29,0.29,0.44",20,,
br,brastemp cooktop 5 bocas,brastemp,,,,,2900,25,0.16,1.00,195,"Informational, Transactional","Related Searches, Image Pack, Site Links, People Also Ask, Popular Products","0.66,0.29,0.29,0.19,0.54,0.35,0.23,0.35,0.35,0.16,0.35,0.29",20,,
br,brastemp fogão,brastemp,,,,,2900,27,0.18,1.00,173,"Navigational, Transactional","Site Links, Image, Popular Products, Related Searches, Image Pack","0.36,0.29,0.66,0.13,0.10,0.13,0.24,0.08,0.16,0.24,1.00,0.13",20,,
br,brastemp fogão 4 bocas,brastemp,,,,,2900,38,0.12,1.00,187,"Informational, Transactional","Adwords Bottom, People Also Ask, Popular Products, Related Searches, Image Pack, Site Links, Video","0.44,0.23,0.44,0.29,0.35,0.19,0.23,0.16,0.44,1.00,0.66,0.54",20,,
br,brastemp fogão 5 bocas,brastemp,,,,,2900,28,0.16,1.00,160,Informational,"Adwords Top, Adwords Bottom, People Also Ask, Popular Products, Related Searches, Image Pack, Site Links","0.23,0.35,0.29,0.35,0.29,0.23,0.35,0.66,0.44,0.23,1.00,0.19",20,,
br,brastemp lava louça,brastemp,,,,,2900,28,0.25,1.00,179,"Navigational, Transactional","Image Pack, Video, Video Carousel, Popular Products, Related Searches, Site Links, Reviews, People Also Ask, Short Videos","0.12,0.19,0.16,0.24,0.12,0.12,0.29,0.19,0.24,0.12,0.19,0.19",20,,
br,brastemp lavadora,brastemp,,,,,2900,28,0.27,1.00,198,"Informational, Transactional","Video, People Also Ask, Popular Products, Related Searches, Short Videos, Image Pack, Site Links","0.29,0.04,0.16,0.29,0.07,0.44,0.29,0.16,0.66,0.36,0.54,0.08",20,,
br,brastemp refrigerador,brastemp,,,,,2900,36,0.22,1.00,170,"Navigational, Commercial","Reviews, AI Overview, Image Pack, Site Links, Adwords Top, Video Carousel, Popular Products, Related Searches, Adwords Middle","0.29,0.16,0.23,0.35,0.35,0.54,0.54,0.16,0.10,0.16,0.54,0.66",20,,
br,cook brastemp 4 bocas,brastemp,,,,,2900,21,0.11,1.00,170,Informational,"Image Pack, Site Links, Video, Video Carousel, People Also Ask, Popular Products, Related Searches","0.66,0.44,0.44,0.35,0.53,0.81,0.81,0.44,0.53,0.66,0.66,0.66",20,,
br,cooktop indução brastemp,brastemp,,,,,2900,26,0.12,1.00,162,"Informational, Transactional","Related Searches, Image Pack, Site Links, Video, Video Carousel, People Also Ask, Popular Products","0.44,0.53,0.66,0.81,1.00,0.66,0.53,0.35,0.53,0.44,0.44,0.35",20,,
br,filtro brastemp,brastemp,,,,,2900,29,0.42,1.00,164,Informational,"Popular Products, Related Searches, Knowledge Panel, Image Pack, Site Links, Video, People Also Ask","0.44,0.44,0.44,0.44,0.53,0.53,0.66,0.44,0.53,0.53,0.44,0.44",20,,
br,fogao brastemp 4 bocas,brastemp,,,,,2900,37,0.12,1.00,186,"Informational, Transactional","Popular Products, Related Searches, Image Pack, Site Links, Reviews, Video, People Also Ask","0.24,0.29,0.54,0.10,0.12,0.16,0.16,0.16,0.16,0.12,0.16,0.12",20,,
br,fogao cooktop 5 bocas brastemp,brastemp,,,,,2900,28,0.12,1.00,170,"Informational, Transactional","Related Searches, Image Pack, Site Links, People Also Ask, Popular Products","0.54,0.54,0.81,0.81,0.81,0.65,0.54,0.81,0.65,0.54,0.65,0.81",20,,
br,fogão 4 bocas inox brastemp,brastemp,,,,,2900,31,0.15,1.00,165,"Informational, Transactional","Video, Video Carousel, People Also Ask, Popular Products, Related Searches, Image Pack, Site Links","0.29,0.29,0.35,0.29,0.35,0.44,0.29,0.54,0.44,0.19,0.29,0.54",20,,
br,fogão cooktop brastemp 5 bocas,brastemp,,,,,2900,25,0.12,1.00,167,Commercial,"Image Pack, Site Links, People Also Ask, Popular Products, Related Searches","0.44,0.44,0.66,0.53,0.66,0.66,0.81,0.53,0.53,0.53,0.53,0.66",20,,
br,fogão de embutir brastemp,brastemp,,,,,2900,30,0.11,1.00,169,"Informational, Transactional","Image Pack, Site Links, People Also Ask, Popular Products, Related Searches","0.54,0.54,0.54,0.54,0.43,0.36,0.66,0.36,0.43,0.36,0.43,0.36",20,,
br,forno a gas de embutir brastemp,brastemp,,,,,2900,25,0.15,1.00,181,Transactional,"Image Pack, Site Links, Video, Video Carousel, People Also Ask, Popular Products, Related Searches","0.44,0.10,0.44,0.44,0.29,0.23,0.35,0.29,0.35,0.29,0.44,0.35",20,,
br,forno brastemp eletrico de embutir,brastemp,,,,,2900,25,0.16,1.00,153,Transactional,"Popular Products, Related Searches, Image Pack, Site Links, Video, People Also Ask","0.19,0.10,0.08,0.28,0.19,0.36,0.66,0.54,0.54,0.66,0.81,0.81",20,,
br,forno da brastemp,brastemp,,,,,2900,28,0.18,1.00,160,Navigational,"Video, Video Carousel, People Also Ask, Related Searches, AI Overview, Image Pack, Site Links","0.81,0.43,0.13,0.28,0.19,0.36,0.15,0.54,0.43,0.54,0.66,0.66",20,,
br,forno eletrico brastemp de embutir,brastemp,,,,,2900,23,0.16,1.00,168,Informational,"People Also Ask, Popular Products, Related Searches, Image Pack, Site Links, Video, Video Carousel","0.29,0.44,0.44,0.54,0.35,0.44,0.66,0.19,0.23,0.23,0.35,0.35",20,,
br,forno elétrico brastemp,brastemp,,,,,2900,26,0.14,1.00,169,Informational,"Related Searches, AI Overview, Image Pack, Site Links, Video, Video Carousel, People Also Ask, Popular Products","0.44,0.29,0.35,0.35,0.35,0.35,0.44,0.29,0.29,0.19,0.35,0.29",20,,
br,forno elétrico de embutir brastemp,brastemp,,,,,2900,20,0.16,1.00,172,Informational,"Image Pack, Site Links, Video, People Also Ask, Popular Products, Related Searches","0.54,0.28,0.54,0.66,0.36,0.28,0.43,0.36,0.43,0.54,0.43,0.36",20,,
br,freezer brastemp vertical,brastemp,,,,,2900,25,0.21,1.00,160,Informational,"Image Pack, Reviews, Video, Adwords Top, Video Carousel, People Also Ask, Popular Products, Related Searches, Site Links","0.81,0.81,0.43,1.00,0.81,0.65,0.22,0.54,0.43,0.65,0.81,0.81",20,,
br,geladeira brastemp 2 portas,brastemp,,,,,2900,25,0.26,1.00,156,Informational,"Popular Products, Related Searches, Image Pack, Site Links, Reviews","0.65,0.43,0.65,0.54,0.65,0.65,0.81,0.65,0.65,0.54,0.54,0.65",20,,
br,geladeira brastemp 400 litros,brastemp,,,,,2900,31,0.20,1.00,167,Commercial,"Image Pack, Site Links, Video, People Also Ask, Popular Products, Related Searches","0.23,0.23,0.29,0.29,0.23,0.23,0.36,0.29,0.29,0.15,0.19,0.15",20,,
br,geladeira brastemp branca,brastemp,,,,,2900,26,0.27,1.00,176,Informational,"Site Links, Video, People Also Ask, Popular Products, Related Searches, Image Pack","0.43,0.43,0.66,0.43,0.36,0.36,0.54,0.43,0.54,0.28,0.36,0.43",20,,
br,geladeira brastemp frost free duplex,brastemp,,,,,2900,31,0.30,1.00,161,"Informational, Transactional","Popular Products, Related Searches, Image Pack, Site Links, Reviews, Video Carousel, People Also Ask","0.29,0.29,0.29,0.24,0.16,0.16,0.29,0.24,1.00,0.16,0.29,0.16",20,,
br,geladeira frost free brastemp inverse,brastemp,,,,,2900,25,0.28,1.00,176,"Informational, Transactional","Image Pack, Site Links, Video, People Also Ask, Popular Products, Related Searches, Short Videos","0.53,0.53,0.53,0.35,0.44,0.53,0.66,0.66,0.66,0.53,0.66,0.66",20,,
br,geladeira inverter brastemp,brastemp,,,,,2900,35,0.19,1.00,185,Transactional,"Site Links, Reviews, Video, People Also Ask, Short Videos, Image Pack, Video Carousel, Popular Products, Related Searches","0.24,0.13,0.24,0.53,0.35,0.53,1.00,0.81,0.66,0.53,0.66,0.81",20,,
br,geladeiras brastemp,brastemp,,,,,2900,50,0.29,1.00,183,Commercial,"Reviews, People Also Ask, Popular Products, Related Searches, Image Pack, Site Links","0.24,0.13,0.29,0.19,0.29,0.24,0.24,0.36,0.36,0.24,0.24,0.36",20,,
br,lava louca brastemp,brastemp,,,,,2900,40,0.25,1.00,164,"Navigational, Commercial","Image Pack, Reviews, Video, Popular Products, Related Searches, Site Links, Video Carousel, People Also Ask, Short Videos","0.16,0.19,0.24,0.19,0.19,0.12,0.24,0.16,0.16,0.29,0.12,0.16",20,,
br,lava louça brastemp 15 serviços,brastemp,,,,,2900,30,0.29,1.00,164,Informational,"Site Links, Reviews, Video, Video Carousel, People Also Ask, Popular Products, Related Searches, Short Videos","0.28,0.28,0.54,0.54,0.43,0.28,1.00,0.28,0.66,0.28,0.36,0.43",20,,
br,lava louças 10 serviços brastemp,brastemp,,,,,2900,31,0.27,1.00,160,Informational,"Video Carousel, People Also Ask, Popular Products, Related Searches, Knowledge Panel, Site Links, Reviews, Video","0.29,0.23,0.54,0.35,0.44,0.44,0.54,0.44,0.44,0.35,0.29,0.29",20,,
br,maquina brastemp 12kg,brastemp,,,,,2900,30,0.15,1.00,173,Informational,"Video, People Also Ask, Popular Products, Related Searches, Image Pack, Site Links","0.29,0.44,0.44,0.29,0.29,0.29,0.24,0.24,0.29,0.19,0.29,0.29",20,,
br,maquina brastemp 15kg,brastemp,,,,,2900,23,0.27,1.00,164,Informational,"Video, Video Carousel, People Also Ask, Popular Products, Related Searches, Image Pack, Site Links","0.81,0.65,0.65,0.54,0.54,0.65,0.81,0.36,0.54,0.54,0.43,0.54",20,,
br,maquina de lavar 13kg brastemp,brastemp,,,,,2900,21,0.25,1.00,167,Informational,"Related Searches, Short Videos, Site Links, Video, Video Carousel, People Also Ask, Popular Products","0.44,0.54,0.54,0.35,0.29,0.44,0.35,0.19,0.19,0.23,0.44,0.54",20,,
br,maquina de lavar brastemp 11 kg,brastemp,,,,,2900,25,0.13,1.00,2670000,Informational,"People Also Ask, Popular Products, Related Searches, Image Pack, Site Links, Video, Video Carousel","0.66,0.54,0.81,0.66,0.19,0.13,0.24,0.19,0.81,0.24,0.19,0.43",20,,
br,maquina de lavar brastemp 11kg,brastemp,,,,,2900,29,0.18,1.00,180,"Informational, Transactional","Popular Products, Related Searches, Short Videos, Image Pack, Site Links, Video, People Also Ask","0.29,1.00,0.29,0.29,0.23,0.29,0.35,0.23,0.29,0.29,0.35,0.19",20,,
br,maquina de lavar brastemp 12 kg,brastemp,,,,,2900,30,0.20,1.00,166,Commercial,"Site Links, Video, People Also Ask, Popular Products, Related Searches","0.81,0.65,0.65,0.65,0.54,0.54,1.00,0.43,0.65,0.43,0.65,1.00",20,,
br,maquina de lavar brastemp 15 kg,brastemp,,,,,2900,20,0.28,1.00,174,Commercial,"Popular Products, Related Searches, Image Pack, Site Links, Video, Video Carousel, People Also Ask","0.43,0.66,0.54,0.24,0.54,0.19,0.66,0.81,0.66,0.15,0.43,0.81",20,,
br,maquina de lavar louças brastemp,brastemp,,,,,2900,30,0.20,1.00,193,"Informational, Transactional","Video, Video Carousel, People Also Ask, Popular Products, Related Searches, Image Pack, Site Links, Reviews","0.66,0.43,0.43,0.36,0.43,0.43,0.28,0.66,0.43,0.36,0.19,0.13",20,,
br,maquina lavar brastemp,brastemp,,,,,2900,28,0.22,1.00,199,Transactional,"Site Links, Video, Adwords Top, People Also Ask, Image Pack, Adwords Bottom, Popular Products, Related Searches, Short Videos","0.44,0.44,0.53,0.53,0.53,0.44,0.66,0.44,0.66,0.44,0.53,0.44",20,,
br,maquinas de lavar brastemp,brastemp,,,,,2900,32,0.26,1.00,211,"Informational, Transactional","Site Links, Video, People Also Ask, Popular Products, Related Searches, Short Videos, Image Pack","0.24,0.10,0.19,0.29,0.19,0.10,0.29,0.03,0.36,0.04,0.29,0.54",20,,
br,microondas brastemp 20 litros,brastemp,,,,,2900,31,0.14,1.00,164,Commercial,"Site Links, Video, Video Carousel, People Also Ask, Popular Products, Related Searches","0.65,0.65,0.65,0.65,0.54,0.65,0.65,0.54,0.81,0.43,0.54,0.54",20,,
br,microondas de embutir brastemp,brastemp,,,,,2900,26,0.22,1.00,168,"Informational, Transactional","Video Carousel, People Also Ask, Popular Products, Related Searches, Image Pack, Site Links, Video","0.54,0.43,0.54,0.54,0.54,0.54,0.66,0.28,0.43,0.36,0.24,0.36",20,,
br,máquina de lavar brastemp 13 kg,brastemp,,,,,2900,25,0.22,1.00,165,Informational,"Site Links, Video, Video Carousel, People Also Ask, Popular Products, Related Searches, Image Pack","0.54,0.36,0.28,0.43,0.36,0.43,0.66,0.54,0.43,0.54,0.43,0.54",20,,
br,máquina de lavar da brastemp,brastemp,,,,,2900,26,0.39,1.00,201,Informational,"Site Links, Reviews, Video, People Also Ask, Popular Products, Related Searches, Short Videos, AI Overview","0.44,0.29,0.35,0.23,0.29,0.29,0.23,0.44,0.54,0.35,0.54,0.66",20,,
br,secadora brastemp 10kg,brastemp,,,,,2900,22,0.25,1.00,166,"Informational, Transactional","Video, Video Carousel, People Also Ask, Popular Products, Related Searches, Image Pack, Site Links","0.54,0.81,0.36,0.24,0.19,0.16,0.13,0.08,0.13,0.13,0.19,0.24",20,,
br,site brastemp oficial,brastemp,,,,,2900,39,0.55,1.00,0,Navigational,"Site Links, Video, People Also Ask, Related Searches, AI Overview","0.23,0.35,0.35,0.29,0.29,0.23,1.00,0.19,0.19,0.19,0.44,0.44",20,,
br,site oficial brastemp,brastemp,,,,,2900,34,0.55,1.00,153,Navigational,"Site Links, Video, People Also Ask, Related Searches, Adwords Middle","0.29,0.44,0.53,0.44,0.44,0.44,0.81,0.35,0.53,0.53,1.00,0.53",20,,
br,assistência técnica da brastemp,brastemp,,,,,2400,41,0.43,0.56,108,Navigational,"Site Links, Reviews, People Also Ask, Related Searches","0.44,0.23,0.10,0.19,0.23,0.36,0.10,0.13,0.15,0.15,0.19,0.36",20,,
br,autorizada da brastemp,brastemp,,,,,2400,33,0.35,0.58,166,Navigational,"Local Pack, Site Links, People Also Ask, Related Searches","0.44,0.35,0.19,0.35,0.29,0.23,0.23,0.19,0.44,0.19,0.35,0.35",20,,
br,brastemp 11kg,brastemp,,,,,2400,26,0.17,1.00,161,Informational,"Popular Products, Related Searches, Image Pack, Site Links, Video, Video Carousel, People Also Ask","0.54,0.54,0.65,0.65,0.43,0.54,0.65,0.54,0.43,0.54,0.54,0.36",20,,
br,brastemp 12kg,brastemp,,,,,2400,26,0.15,1.00,162,"Informational, Commercial","AI Overview, Image Pack, Site Links, Video, Video Carousel, People Also Ask, Popular Products, Related Searches","0.16,0.10,0.13,0.08,0.10,0.08,0.10,0.16,0.10,0.10,0.13,0.16",20,,
br,brastemp autorizada,brastemp,,,,,2400,37,0.35,0.58,161,Navigational,"Site Links, Adwords Bottom, People Also Ask, Related Searches, Local Pack","0.35,0.35,0.23,0.19,0.29,0.44,0.29,0.23,0.44,0.29,0.35,0.44",20,,
br,brastemp cooktop indução,brastemp,,,,,2400,26,0.12,1.00,1280000,"Informational, Transactional","Reviews, Video, Video Carousel, People Also Ask, Popular Products, Related Searches, Image Pack, Site Links","0.36,0.15,0.13,0.36,0.54,0.43,0.43,0.15,0.36,0.24,0.36,0.28",20,,
br,brastemp fogão 4 bocas inox,brastemp,,,,,2400,25,0.15,1.00,171,Transactional,"Image, Video Carousel, People Also Ask, Popular Products, Related Searches, Image Pack, Site Links, Video","0.35,0.35,0.23,0.35,0.19,0.12,0.54,0.23,0.23,0.12,0.23,0.44",20,,
br,brastemp fogão 5 bocas inox,brastemp,,,,,2400,25,0.18,1.00,175,Transactional,"Image Pack, Site Links, Video, Popular Products, Related Searches","0.54,0.29,0.35,0.29,0.29,0.23,0.10,0.19,0.16,0.10,0.23,0.44",20,,
br,brastemp forno,brastemp,,,,,2400,29,0.18,1.00,173,"Navigational, Transactional","Video Carousel, Popular Products, Related Searches, Site Links, Video, Adwords Bottom","0.53,0.35,0.24,0.44,0.66,0.53,1.00,0.29,0.29,0.44,0.53,0.44",20,,
br,brastemp forno eletrico de embutir,brastemp,,,,,2400,25,0.16,1.00,165,"Informational, Transactional","Image Pack, Site Links, Video, Video Carousel, People Also Ask, Popular Products, Related Searches","0.66,0.43,0.66,0.36,0.28,0.28,0.13,0.28,0.24,0.28,0.24,0.54",20,,
br,brastemp geladeira inox,brastemp,,,,,2400,29,0.28,1.00,178,"Informational, Transactional","Image Pack, Site Links, People Also Ask, Popular Products, Related Searches","0.36,0.16,0.16,0.29,0.24,0.54,0.19,0.29,0.24,0.19,0.19,0.66",20,,
br,brastemp gourmand,brastemp,,,,,2400,26,0.17,1.00,171,"Informational, Transactional","Image Pack, Site Links, Reviews, Video, Video Carousel, People Also Ask, Popular Products, Related Searches","0.66,0.80,0.66,0.66,0.66,0.52,0.80,0.52,0.66,0.52,0.44,0.66",20,,
br,brastemp lava louca,brastemp,,,,,2400,31,0.25,1.00,161,"Navigational, Transactional","Image Pack, Reviews, Adwords Bottom, Video Carousel, Related Searches, Site Links, Video, Adwords Top, Popular Products","0.10,0.19,0.19,0.24,0.16,0.12,0.24,0.10,0.08,0.08,0.19,0.08",20,,
br,brastemp lava loucas,brastemp,,,,,2400,32,0.25,1.00,169,"Navigational, Transactional","Popular Products, Related Searches, Image Pack, Site Links, Video, Adwords Bottom, Video Carousel","0.81,0.44,0.44,0.35,0.29,0.53,0.66,0.29,0.29,0.53,0.44,0.29",20,,
br,brastemp lava louça 8 serviços,brastemp,,,,,2400,31,0.25,1.00,163,Informational,"Popular Products, Related Searches, Knowledge Panel, Image Pack, Site Links, Video, Video Carousel, People Also Ask","0.44,0.23,0.29,0.29,0.35,0.81,0.16,0.12,0.23,0.29,0.44,0.08",20,,
br,brastemp lavadora 15kg,brastemp,,,,,2400,26,0.23,1.00,162,"Informational, Transactional","Video Carousel, People Also Ask, Popular Products, Related Searches, Short Videos, Site Links, Video","0.29,0.16,0.13,0.29,0.24,0.53,0.81,0.66,0.53,0.53,0.66,0.66",20,,
br,brastemp maquina de lavar louça,brastemp,,,,,2400,26,0.20,1.00,171,"Informational, Transactional","Video, Video Carousel, People Also Ask, Popular Products, Related Searches, Short Videos, Image Pack, Site Links","0.16,0.35,0.29,0.23,0.35,0.23,0.19,0.16,0.23,0.54,0.29,0.54",20,,
br,brastemp secadora de roupas,brastemp,,,,,2400,25,0.22,1.00,170,Transactional,"Video, Video Carousel, People Also Ask, Popular Products, Related Searches, Short Videos, Site Links","0.23,0.15,0.29,0.04,0.15,0.19,0.15,0.02,0.15,0.08,0.13,0.19",20,,
br,cooktop da brastemp,brastemp,,,,,2400,29,0.17,1.00,173,"Informational, Transactional","Image Pack, Site Links, People Also Ask, Popular Products, Related Searches","0.19,0.44,0.05,0.16,0.23,0.23,0.54,0.10,0.23,0.19,0.23,0.44",20,,
br,duplex geladeira brastemp,brastemp,,,,,2400,27,0.22,1.00,181,"Informational, Transactional","Video, Popular Products, Related Searches, Image Pack, Site Links, Reviews","0.44,0.52,0.66,0.44,0.66,0.80,1.00,0.66,0.80,0.66,0.80,0.66",20,,
br,foga brastemp,brastemp,,,,,2400,31,0.18,1.00,169,"Informational, Transactional","Popular Products, Related Searches, Image Pack, Site Links, Image, People Also Ask","0.81,0.65,0.81,0.65,0.65,0.65,1.00,0.54,0.65,0.00,0.00,0.00",20,,
br,fogao brastemp 5 bocas mesa vidro,brastemp,,,,,2400,24,0.20,1.00,166,"Informational, Transactional","Video Carousel, People Also Ask, Popular Products, Related Searches, Image Pack, Site Links","0.43,0.54,0.66,0.54,0.24,0.28,0.36,0.13,0.15,0.28,0.08,0.81",20,,
br,fogao brastemp 6 bocas,brastemp,,,,,2400,25,0.12,1.00,160,Informational,"Image Pack, Site Links, Video, People Also Ask, Popular Products, Related Searches","0.10,0.05,0.15,0.29,0.05,0.36,0.23,0.08,0.44,0.19,0.13,0.08",20,,
br,fogao brastemp inox 4 bocas,brastemp,,,,,2400,25,0.15,1.00,172,Transactional,"Video, Video Carousel, People Also Ask, Popular Products, Related Searches, AI Overview, Site Links","1.00,0.66,0.66,0.66,0.66,0.66,1.00,0.66,0.66,1.00,0.52,0.66",20,,
br,fogao inox 4 bocas brastemp,brastemp,,,,,2400,29,0.15,1.00,175,Transactional,"Image Pack, Site Links, Video, Video Carousel, People Also Ask, Popular Products, Related Searches","0.66,0.44,0.44,0.44,0.44,0.44,0.66,0.44,0.53,0.29,0.44,0.53",20,,
br,fogoes brastemp 6 bocas inox,brastemp,,,,,2400,22,0.10,1.00,166,Commercial,"Popular Products, Related Searches, Site Links, Video","0.53,0.35,0.44,0.29,0.29,0.44,0.66,0.44,0.29,0.35,0.44,0.44",20,,
br,fogoes brastemp inox 5 bocas,brastemp,,,,,2400,25,0.18,1.00,174,Informational,"Popular Products, Related Searches, AI Overview, Site Links, Video, Video Carousel","0.00,0.00,0.00,0.00,0.00,0.00,1.00,0.44,0.36,0.44,0.54,0.54",20,,
br,fogão 5 bocas inox brastemp,brastemp,,,,,2400,30,0.18,1.00,170,"Informational, Transactional","Image Pack, Site Links, Image, Video Carousel, People Also Ask, Popular Products, Related Searches","0.19,0.24,0.54,0.43,0.43,0.43,0.36,0.24,0.36,0.24,0.24,0.54",20,,
br,fogão brastemp inox 4 bocas,brastemp,,,,,2400,29,0.15,1.00,164,"Informational, Transactional","Video Carousel, People Also Ask, Popular Products, Related Searches, Image Pack, Site Links","0.15,0.19,0.13,0.19,0.23,0.15,0.36,0.15,0.36,0.15,0.29,0.36",20,,
br,fogão da brastemp 5 bocas,brastemp,,,,,2400,22,0.16,1.00,166,"Informational, Transactional","Related Searches, Image Pack, Site Links, Video, Popular Products","0.03,0.16,0.24,0.10,0.10,0.12,0.05,0.05,0.12,0.08,0.16,1.00",20,,
br,fogão de embutir 4 bocas brastemp,brastemp,,,,,2400,28,0.14,1.00,166,"Informational, Transactional","People Also Ask, Popular Products, Related Searches, Image Pack, Site Links, Video","0.53,0.53,0.44,0.44,0.53,0.44,0.66,0.35,0.35,0.29,0.35,0.29",20,,
br,fogão embutir 4 bocas brastemp,brastemp,,,,,2400,22,0.14,1.00,163,Commercial,"Image Pack, Site Links, Video, People Also Ask, Popular Products, Related Searches","0.44,0.44,0.53,0.44,0.44,0.44,0.66,0.29,0.44,0.35,0.44,0.44",20,,
br,fogão inox 4 bocas brastemp,brastemp,,,,,2400,29,0.15,1.00,171,"Informational, Transactional","Popular Products, Related Searches, Image Pack, Site Links, Video Carousel, People Also Ask","0.35,0.23,0.16,0.35,0.35,0.44,0.23,0.19,0.23,0.19,0.35,0.44",20,,
br,fogão inox 5 bocas brastemp,brastemp,,,,,2400,27,0.18,1.00,175,"Informational, Transactional","People Also Ask, Popular Products, Related Searches, Image Pack, Site Links, Video, Video Carousel","0.54,0.23,0.54,0.35,0.35,0.44,0.19,0.19,0.29,0.19,0.35,0.44",20,,
br,forno brastemp eletrico,brastemp,,,,,2400,23,0.14,1.00,169,Navigational,"Video Carousel, Popular Products, Related Searches, AI Overview, Site Links, Video","0.07,0.23,0.35,0.23,0.54,0.35,0.19,0.16,0.29,0.16,0.35,0.29",20,,
br,forno de embutir a gas brastemp,brastemp,,,,,2400,28,0.15,1.00,169,"Informational, Transactional","Image Pack, Site Links, Video, Video Carousel, People Also Ask, Popular Products, Related Searches","0.53,0.35,0.35,0.53,0.35,0.66,0.35,0.53,0.53,0.18,0.24,0.53",20,,
br,forno de embutir a gás brastemp,brastemp,,,,,2400,24,0.15,1.00,169,"Informational, Transactional","Video Carousel, People Also Ask, Popular Products, Related Searches, Site Links, Video","0.23,0.44,0.54,0.35,0.35,0.23,0.54,0.19,0.05,0.29,0.35,0.10",20,,
br,forno eletrico de embutir brastemp,brastemp,,,,,2400,27,0.16,1.00,165,Informational,"Related Searches, Image Pack, Site Links, Video, People Also Ask, Popular Products","0.13,0.54,0.36,0.24,0.43,0.66,0.54,0.43,0.36,0.43,0.43,0.43",20,,
br,freezer brastemp,brastemp,,,,,2400,29,0.25,1.00,188,Transactional,"Site Links, Reviews, Video, Video Carousel, People Also Ask, Popular Products, Related Searches, Image Pack","0.29,0.44,0.44,0.44,0.35,0.44,0.53,0.53,0.53,0.53,0.44,0.44",20,,
br,geladeira 2 portas brastemp,brastemp,,,,,2400,26,0.26,1.00,180,"Informational, Transactional","Related Searches, Image Pack, Site Links, Reviews, People Also Ask, Popular Products","0.65,0.54,0.65,0.81,0.43,0.65,0.65,0.65,0.65,0.54,0.08,0.43",20,,
br,geladeira antiga brastemp,brastemp,,,,,2400,21,0.14,0.92,208,Informational,"Popular Products, Related Searches, Image Pack, Site Links, Video Carousel, People Also Ask","0.82,0.55,0.82,0.82,0.65,0.55,0.65,1.00,0.82,0.55,0.82,0.44",20,,
br,geladeira ative brastemp,brastemp,,,,,2400,32,0.12,1.00,178,Informational,"Video, Video Carousel, People Also Ask, Popular Products, Related Searches, Image Pack, Site Links","0.23,0.19,0.23,0.29,0.29,0.35,0.29,0.44,0.35,0.29,0.29,0.35",20,,
br,geladeira branca brastemp,brastemp,,,,,2400,26,0.27,1.00,182,"Informational, Transactional","People Also Ask, Popular Products, Related Searches, Image Pack, Site Links, Video","0.24,0.28,0.43,0.43,0.54,0.36,0.24,0.36,0.24,0.15,0.28,0.28",20,,
br,geladeira brastemp 462 litros,brastemp,,,,,2400,21,0.19,1.00,177,Transactional,"People Also Ask, Popular Products, Related Searches, Image Pack, Site Links, Video","0.16,0.08,0.10,0.07,0.07,0.04,0.08,0.05,0.07,0.07,0.08,0.08",20,,
br,geladeira brastemp antiga,brastemp,,,,,2400,27,0.14,0.92,233,Informational,"Image Pack, Site Links, Video, Image, People Also Ask, Popular Products, Related Searches","0.80,0.52,0.66,0.44,0.52,0.66,0.52,0.66,0.66,0.44,0.52,0.52",20,,
br,geladeira brastemp ative frost free,brastemp,,,,,2400,28,0.13,1.00,193,Informational,"Video, People Also Ask, Popular Products, Related Searches, Image Pack, Site Links","0.44,0.44,0.66,0.66,0.66,0.52,1.00,0.66,0.80,0.66,0.66,0.66",20,,
br,geladeira brastemp duplex frost free,brastemp,,,,,2400,32,0.30,1.00,184,"Informational, Transactional","Site Links, Reviews, Video Carousel, Popular Products, Related Searches","0.20,0.54,0.65,0.81,0.36,0.36,0.43,0.54,0.81,0.36,0.65,0.29",20,,
br,geladeira brastemp frost free duplex 375 litros,brastemp,,,,,2400,28,0.51,1.00,165,"Informational, Transactional","Popular Products, Related Searches, Knowledge Panel, Image Pack, Site Links, Video, Video Carousel, People Also Ask","0.54,0.43,0.54,0.54,0.54,0.43,0.65,0.65,0.54,0.36,0.29,0.29",20,,
br,geladeira brastemp inverter,brastemp,,,,,2400,26,0.23,1.00,176,Informational,"Image Pack, Site Links, Reviews, Video, Video Carousel, People Also Ask, Popular Products, Related Searches","0.29,0.36,0.43,0.54,0.65,0.54,1.00,0.54,0.65,0.43,0.65,0.65",20,,
br,geladeira brastemp preta,brastemp,,,,,2400,29,0.30,1.00,180,"Informational, Transactional","Image Pack, Site Links, Video, Video Carousel, People Also Ask, Popular Products, Related Searches","0.36,0.28,0.36,0.36,0.28,0.36,0.54,0.28,0.43,0.24,0.36,0.36",20,,
br,lava roupas brastemp,brastemp,,,,,2400,31,0.27,1.00,193,Commercial,"Popular Products, Related Searches, Short Videos, Image Pack, Site Links, Reviews, Video, People Also Ask","0.65,0.43,0.54,0.54,0.36,0.54,0.54,0.54,0.65,0.43,0.54,0.54",20,,
br,lavadora brastemp 15kg,brastemp,,,,,2400,26,0.23,1.00,188,Commercial,"Video Carousel, People Also Ask, Popular Products, Related Searches, Image Pack, Site Links","0.29,0.35,0.44,0.29,0.35,0.35,0.35,0.29,0.29,0.29,0.23,0.35",20,,
br,loja da brastemp,brastemp,,,,,2400,29,0.39,1.00,169,"Navigational, Commercial","Site Links, Reviews, Video, Adwords Bottom, Popular Products, Related Searches","0.24,0.24,0.81,0.44,0.66,0.53,0.66,0.16,0.35,0.29,0.66,0.35",20,,
br,microondas brastemp ative,brastemp,,,,,2400,25,0.11,1.00,188,Informational,"Related Searches, Image Pack, Site Links, Reviews, Video, Video Carousel, People Also Ask, Popular Products","0.65,0.54,0.81,0.54,0.43,0.43,0.54,0.43,0.54,0.43,0.43,0.54",20,,
br,microondas para embutir brastemp,brastemp,,,,,2400,25,0.26,1.00,161,"Informational, Transactional","Site Links, Video, Video Carousel, People Also Ask, Popular Products, Related Searches, AI Overview","0.53,0.29,0.44,0.24,0.44,0.66,0.66,0.29,0.29,0.35,0.35,0.29",20,,
br,máquina brastemp,brastemp,,,,,2400,26,0.21,1.00,198,"Informational, Transactional","Image Pack, Site Links, Video, People Also Ask, Popular Products, Related Searches","0.66,0.52,0.52,0.80,0.52,0.66,0.80,0.66,0.80,0.80,0.66,0.80",20,,
br,máquina da brastemp,brastemp,,,,,2400,32,0.29,1.00,199,Informational,"AI Overview, Image Pack, Site Links, Reviews, Video, People Also Ask, Popular Products, Related Searches","0.54,0.36,0.24,0.36,0.36,0.28,0.28,0.24,0.28,0.36,0.54,0.43",20,,
br,máquina lava e seca brastemp,brastemp,,,,,2400,32,0.14,1.00,166,Commercial,"Site Links, Reviews, Video, People Also Ask, Popular Products, Related Searches, Short Videos","0.66,1.00,0.80,0.66,0.66,0.66,0.80,0.52,0.66,0.66,0.66,0.66",20,,
br,placas maquina de lavar brastemp,brastemp,,,,,2400,25,0.05,1.00,163,Informational,"People Also Ask, Popular Products, Related Searches, AI Overview, Site Links, Video, Video Carousel","1.00,0.52,0.66,0.36,0.52,0.66,0.66,0.66,0.00,0.66,0.80,0.66",20,,
br,purificador da brastemp,brastemp,,,,,2400,29,0.29,1.00,159,Informational,"Image Pack, Reviews, Video, Related Searches, Knowledge Panel, Site Links, Video Carousel, People Also Ask, Popular Products","0.43,0.19,0.36,0.19,0.28,0.36,0.43,0.36,0.36,0.36,0.36,0.28",20,,
br,adega brastemp dual zone 33 garrafas,brastemp,,,,,1900,25,0.46,1.00,164,Informational,"Image Pack, Reviews, Video, People Also Ask, Popular Products, Knowledge Panel, Site Links, Image, Video Carousel, Related Searches","0.36,0.36,0.43,0.43,0.43,0.43,0.81,0.36,0.36,0.29,0.43,0.29",20,,
br,assistencia tecnica da brastemp,brastemp,,,,,1900,28,0.43,0.56,108,Navigational,"Local Pack, Site Links, People Also Ask, Related Searches","0.66,0.66,0.79,0.79,0.79,0.79,1.00,1.00,0.66,0.54,0.66,0.79",20,,
br,ative brastemp,brastemp,,,,,1900,26,0.21,1.00,178,Informational,"Site Links, Video, Video Carousel, People Also Ask, Popular Products, Related Searches, Image Pack","0.66,0.35,0.08,0.24,0.18,0.53,0.24,0.16,0.16,0.16,0.29,0.24",20,,
br,autorizada brastemp perto de mim,brastemp,,,,,1900,33,0.33,0.61,110,"Navigational, Transactional","Local Pack, Reviews, People Also Ask, Related Searches","0.52,0.36,0.80,0.52,0.44,0.44,0.44,0.52,0.66,0.44,0.52,0.52",90,,
br,brastemp 11kg ative,brastemp,,,,,1900,25,0.10,1.00,159,"Informational, Commercial","People Also Ask, Popular Products, Related Searches, Image Pack, Site Links, Video, Video Carousel","0.36,0.81,0.16,0.36,0.54,0.36,0.65,0.54,0.65,0.54,0.08,0.07",20,,
br,brastemp 8 serviços,brastemp,,,,,1900,34,0.25,1.00,3000000,"Informational, Transactional","Reviews, Video, Video Carousel, People Also Ask, Popular Products, Related Searches, Image Pack, Site Links","0.55,0.82,0.82,1.00,0.55,0.55,0.82,0.55,0.55,0.44,0.55,0.55",20,,
br,brastemp assistencia tecnica autorizada,brastemp,,,,,1900,29,0.30,0.57,0,Navigational,"Related Searches, Local Pack, Site Links, Adwords Top, Adwords Bottom, People Also Ask","0.29,0.66,0.66,0.44,0.35,0.35,0.24,0.29,0.35,0.35,0.35,0.35",20,,
br,brastemp assistência técnica autorizada,brastemp,,,,,1900,19,0.30,0.57,106,Navigational,"Local Pack, Site Links, Adwords Top, People Also Ask, Related Searches","0.29,0.43,0.36,0.54,0.43,0.54,0.65,0.43,0.65,0.29,0.43,0.54",20,,
br,brastemp ative 11kg,brastemp,,,,,1900,25,0.10,1.00,158,Informational,"People Also Ask, Popular Products, Related Searches, Short Videos, Image Pack, Site Links, Video, Video Carousel","0.65,0.54,0.43,0.54,0.54,0.54,0.54,0.29,0.36,0.36,0.54,0.22",20,,
br,brastemp ative microondas,brastemp,,,,,1900,21,0.11,1.00,184,Informational,"Popular Products, Related Searches, Image Pack, Site Links, Reviews, Video, Video Carousel, People Also Ask","0.35,0.44,0.13,0.44,0.29,0.44,0.35,0.29,0.35,0.18,0.44,0.24",20,,
br,brastemp filtro,brastemp,,,,,1900,26,0.42,1.00,165,Informational,"Image Pack, Site Links, Reviews, Video, Video Carousel, People Also Ask, Popular Products, Related Searches","0.29,0.43,0.54,0.36,0.36,0.65,0.36,0.54,0.54,0.36,0.54,0.36",20,,
br,brastemp fogao inox,brastemp,,,,,1900,26,0.18,1.00,162,"Informational, Transactional","Image Pack, Site Links, Video, Popular Products, Related Searches","0.15,0.28,0.36,0.19,0.10,0.28,0.54,0.36,0.24,0.24,0.36,0.28",20,,
br,brastemp fogão 6 bocas,brastemp,,,,,1900,25,0.12,1.00,165,Informational,"Image Pack, Site Links, Reviews, Video, People Also Ask, Popular Products, Related Searches","0.10,0.24,0.10,0.24,0.24,0.36,0.24,0.16,0.10,0.13,0.29,0.36",20,,
br,brastemp fogão de embutir,brastemp,,,,,1900,25,0.11,1.00,159,"Informational, Transactional","Image Pack, Site Links, Video, People Also Ask, Popular Products, Related Searches","0.35,0.29,0.13,0.44,0.29,0.53,0.24,0.35,0.29,0.29,0.53,0.35",20,,
br,brastemp forno a gas de embutir,brastemp,,,,,1900,28,0.15,1.00,172,"Informational, Transactional","Image Pack, Site Links, Video, Video Carousel, People Also Ask, Popular Products, Related Searches","0.44,0.29,0.13,0.44,0.53,0.29,0.07,0.24,0.29,0.35,0.53,0.35",20,,
br,brastemp forno de embutir,brastemp,,,,,1900,27,0.19,1.00,164,Transactional,"Popular Products, Related Searches, Adwords Middle, Image Pack, Site Links, Adwords Top, Video Carousel, People Also Ask","0.36,0.43,0.66,0.43,0.43,0.19,0.28,0.13,0.07,0.28,0.19,0.36",20,,
br,brastemp forno eletrico,brastemp,,,,,1900,26,0.14,1.00,188,Navigational,"Video Carousel, People Also Ask, Popular Products, Related Searches, Image Pack, Site Links, Video","0.35,0.29,0.07,0.29,0.19,0.29,0.16,0.29,0.12,0.19,0.12,0.16",20,,
br,brastemp geladeira inverse inox,brastemp,,,,,1900,29,0.30,1.00,177,"Informational, Transactional","Video Carousel, People Also Ask, Popular Products, Related Searches, AI Overview, Image Pack, Site Links, Video","0.29,0.24,0.24,0.24,0.29,0.29,0.53,0.29,0.53,0.44,0.44,0.44",20,,
br,brastemp maquina de lavar 10kg,brastemp,,,,,1900,28,0.13,1.00,164,Commercial,"Image Pack, Site Links, Video, People Also Ask, Popular Products, Related Searches","0.35,0.19,0.23,0.16,0.19,0.19,0.29,0.19,0.19,0.23,0.29,0.23",20,,
br,brastemp maquina lavar,brastemp,,,,,1900,23,0.22,1.00,169,Transactional,"Site Links, Reviews, Video, Popular Products, Related Searches","0.24,0.29,0.53,0.29,0.29,0.29,0.35,0.35,0.44,0.29,0.44,0.35",20,,
br,brastemp microondas ative,brastemp,,,,,1900,23,0.11,1.00,192,Informational,"Video Carousel, Popular Products, Related Searches, Image Pack, Site Links, Reviews, Video","0.24,0.28,0.05,0.24,0.07,0.19,0.54,0.36,0.36,0.36,0.43,0.43",20,,
br,brastemp máquina de lavar,brastemp,,,,,1900,26,0.39,1.00,206,Transactional,"Video, People Also Ask, Popular Products, Related Searches, Short Videos, Image Pack, Site Links","0.28,0.24,0.24,0.24,0.28,0.19,0.28,0.28,0.24,0.43,0.28,0.24",20,,
br,brastemp purificador,brastemp,,,,,1900,28,0.29,1.00,155,Informational,"Video Carousel, People Also Ask, Related Searches, Knowledge Panel, Image Pack, Site Links, Reviews, Video","0.36,0.19,0.28,0.24,0.24,0.24,0.36,0.36,0.28,0.24,0.24,0.19",20,,
br,brastemp retro frigobar,brastemp,,,,,1900,28,0.23,1.00,166,"Navigational, Transactional","Site Links, Video, Image, Related Searches, Image Pack","0.12,0.10,0.81,0.07,0.23,0.29,0.29,0.16,0.05,0.29,0.16,0.35",20,,
br,coifa brastemp,brastemp,,,,,1900,26,0.24,1.00,164,"Informational, Transactional","Reviews, Video, Video Carousel, People Also Ask, Popular Products, Related Searches, Image Pack, Site Links","0.35,0.35,0.44,0.44,0.35,0.44,0.53,0.29,0.29,0.35,0.35,0.35",20,,
br,cooktop brastemp indução,brastemp,,,,,1900,25,0.12,1.00,165,Commercial,"Video, Video Carousel, People Also Ask, Popular Products, Related Searches, Image Pack, Site Links, Reviews","0.43,0.36,0.29,0.54,0.81,0.54,0.29,0.29,0.43,0.36,0.43,0.36",20,,
br,cupom de desconto brastemp,brastemp,,,,,1900,19,0.71,0.99,105,Transactional,"Reviews, Video, People Also Ask, Related Searches, AI Overview, Site Links","0.28,0.28,0.36,0.36,0.28,0.28,0.36,0.28,0.28,0.24,0.24,0.19",20,,
br,fogao 4 bocas brastemp,brastemp,,,,,1900,30,0.12,1.00,161,Transactional,"Image Pack, Site Links, Reviews, Video, People Also Ask, Popular Products, Related Searches","0.12,0.19,0.10,0.12,0.10,0.16,0.16,0.12,0.16,0.06,0.19,0.19",20,,
br,fogao 5 bocas brastemp,brastemp,,,,,1900,27,0.16,1.00,167,"Informational, Transactional","Image Pack, Site Links, Video, People Also Ask, Popular Products, Related Searches","0.23,0.08,0.10,0.23,0.10,0.10,0.19,0.08,0.29,0.08,0.36,0.19",20,,
br,fogao brastemp inox,brastemp,,,,,1900,26,0.18,1.00,155,"Informational, Transactional","Video, Video Carousel, People Also Ask, Popular Products, Related Searches, Image Pack, Site Links","0.44,0.24,0.44,0.35,0.29,0.44,0.24,0.35,0.35,0.24,0.29,0.29",20,,
br,fogão 4 bocas embutir brastemp,brastemp,,,,,1900,24,0.14,1.00,167,"Informational, Transactional","Site Links, Video, People Also Ask, Popular Products, Related Searches, Image Pack","0.18,0.24,0.24,0.44,0.35,0.53,0.53,0.24,0.44,0.29,0.44,0.35",20,,
br,fogão 5 bocas brastemp cooktop,brastemp,,,,,1900,24,0.12,1.00,166,"Informational, Transactional","Popular Products, Related Searches, Site Links, People Also Ask","0.22,0.43,0.22,0.54,0.43,0.36,0.65,0.43,0.43,0.22,0.43,0.54",20,,
br,fogão 5 bocas cooktop brastemp,brastemp,,,,,1900,24,0.12,1.00,175,Commercial,"Image Pack, Site Links, People Also Ask, Popular Products, Related Searches","0.44,0.29,0.13,0.53,0.44,0.53,0.29,0.35,0.44,0.24,0.29,0.44",20,,
br,fogão brastemp 4 bocas embutir,brastemp,,,,,1900,23,0.14,1.00,122,"Informational, Transactional","Related Searches, Image Pack, Site Links, People Also Ask, Popular Products","0.54,0.36,0.29,0.54,0.43,0.43,0.65,0.36,0.65,0.36,0.54,0.43",20,,
br,fogão brastemp 5 bocas cooktop,brastemp,,,,,1900,24,0.12,1.00,167,"Informational, Transactional","Site Links, People Also Ask, Popular Products, Related Searches","0.54,0.43,0.16,0.54,0.54,0.65,0.65,0.29,0.43,0.54,0.43,0.54",20,,
br,fogão brastemp 6 bocas inox,brastemp,,,,,1900,25,0.10,1.00,159,Informational,"Image Pack, Site Links, Video, People Also Ask, Popular Products, Related Searches","0.52,0.66,0.66,0.52,0.44,0.44,0.80,0.27,0.36,0.27,0.44,0.36",20,,
br,fogão brastemp cooktop 5 bocas,brastemp,,,,,1900,24,0.12,1.00,164,Informational,"Image Pack, Site Links, Adwords Bottom, People Also Ask, Popular Products, Related Searches","0.36,0.19,0.19,0.24,0.54,0.36,0.24,0.24,0.19,0.28,0.28,0.43",20,,
br,fogão brastemp de embutir,brastemp,,,,,1900,25,0.11,1.00,166,Informational,"Image Pack, Site Links, Video, People Also Ask, Related Searches","0.43,0.43,0.29,0.54,0.43,0.54,0.54,0.43,0.54,0.36,0.54,0.43",20,,
br,fogão brastemp inox 5 bocas,brastemp,,,,,1900,27,0.18,1.00,171,Commercial,"Site Links, Video, Video Carousel, People Also Ask, Popular Products, Related Searches, Image Pack","0.54,0.24,0.24,0.36,0.43,0.24,0.36,0.28,0.24,0.24,0.28,0.43",20,,
br,fogão cooktop brastemp,brastemp,,,,,1900,25,0.12,1.00,176,"Informational, Transactional","Image Pack, Site Links, Video, People Also Ask, Popular Products, Related Searches","0.54,0.22,0.29,0.43,0.36,0.54,0.65,0.43,0.54,0.29,0.43,0.54",20,,
br,fogão da brastemp,brastemp,,,,,1900,35,0.18,1.00,176,"Navigational, Transactional","Image Pack, Site Links, Video, People Also Ask, Popular Products, Related Searches","0.10,0.10,0.13,0.15,0.19,0.36,0.10,0.13,0.13,0.29,0.13,0.44",20,,
br,fogão de embutir 5 bocas brastemp,brastemp,,,,,1900,26,0.16,1.00,162,"Informational, Transactional","Image Pack, Site Links, Video, People Also Ask, Popular Products, Related Searches","0.43,0.36,0.36,0.43,0.43,0.54,0.81,0.43,0.36,0.29,0.22,0.29",20,,
br,fogão de embutir brastemp 4 bocas,brastemp,,,,,1900,24,0.14,1.00,160,"Informational, Transactional","People Also Ask, Popular Products, Related Searches, Image Pack, Site Links, Video","0.36,0.43,0.36,0.54,0.54,0.43,0.65,0.36,0.54,0.29,0.43,0.36",20,,
br,fogão de embutir brastemp 5 bocas,brastemp,,,,,1900,24,0.16,1.00,165,"Informational, Transactional","Image Pack, Site Links, Video, People Also Ask, Popular Products, Related Searches","0.66,0.27,0.36,0.52,0.44,0.52,1.00,0.52,0.52,0.36,0.36,0.36",20,,
br,fogão de embutir da brastemp,brastemp,,,,,1900,28,0.11,1.00,164,"Informational, Transactional","Site Links, Video, People Also Ask, Popular Products, Related Searches, AI Overview, Image Pack","0.36,0.28,0.15,0.54,0.24,0.28,0.08,0.24,0.24,0.24,0.36,0.24",20,,
br,fogão de indução brastemp,brastemp,,,,,1900,25,0.10,1.00,164,Informational,"Video Carousel, People Also Ask, Popular Products, Related Searches, Image Pack, Site Links, Reviews, Video","0.43,0.43,0.54,0.65,0.65,0.54,0.43,0.36,0.43,0.43,0.36,0.29",20,,
br,fogão embutir 5 bocas brastemp,brastemp,,,,,1900,24,0.20,1.00,167,Informational,"Image Pack, Site Links, Video, People Also Ask, Popular Products, Related Searches","0.44,0.52,0.66,0.44,0.44,0.52,1.00,0.52,0.52,0.36,0.44,0.36",20,,
br,fogão embutir brastemp 4 bocas,brastemp,,,,,1900,23,0.14,1.00,163,Informational,"Image Pack, Site Links, Video, People Also Ask, Popular Products, Related Searches","0.24,0.29,0.29,0.53,0.35,0.35,0.53,0.24,0.53,0.29,0.35,0.35",20,,
br,fogão inox brastemp 4 bocas,brastemp,,,,,1900,24,0.15,1.00,1990000,Informational,"Video Carousel, People Also Ask, Popular Products, Related Searches, Image Pack, Site Links, Video","0.24,0.19,0.16,0.19,0.29,0.36,0.13,0.13,0.24,0.13,0.29,0.36",20,,
br,fogão inox brastemp 5 bocas,brastemp,,,,,1900,25,0.18,1.00,175,Commercial,"Image Pack, Site Links, Video Carousel, Popular Products, Related Searches","0.29,0.16,0.13,0.19,0.29,0.19,0.13,0.13,0.19,0.19,0.36,0.36",20,,
br,forno a gas brastemp de embutir,brastemp,,,,,1900,36,0.15,1.00,178,"Informational, Transactional","Image Pack, Site Links, Video, Video Carousel, People Also Ask, Popular Products, Related Searches","0.18,0.16,0.16,0.35,0.16,0.24,0.18,0.81,0.44,0.53,0.66,0.53",20,,
br,forno brastemp a gas de embutir,brastemp,,,,,1900,23,0.15,1.00,179,"Informational, Commercial","People Also Ask, Popular Products, Related Searches, Image Pack, Site Links, Video, Video Carousel","0.29,0.35,0.10,0.35,0.66,0.66,0.24,0.29,0.29,0.35,0.44,0.44",20,,
br,forno brastemp de embutir a gás,brastemp,,,,,1900,24,0.15,1.00,173,Commercial,"Video, Video Carousel, People Also Ask, Popular Products, Related Searches, Image Pack, Site Links","0.10,0.12,0.03,0.12,0.24,0.24,0.08,0.10,0.10,0.12,0.16,0.16",20,,
br,forno de embutir brastemp a gás,brastemp,,,,,1900,27,0.15,1.00,169,Transactional,"Video Carousel, People Also Ask, Popular Products, Related Searches, Site Links, Video","0.10,0.81,0.43,1.00,0.81,0.10,0.13,0.13,0.10,0.54,0.81,0.10",20,,
br,forno de embutir da brastemp,brastemp,,,,,1900,30,0.19,1.00,162,Informational,"Video Carousel, People Also Ask, Popular Products, Related Searches, AI Overview, Site Links, Video","0.19,0.24,0.10,0.15,0.36,0.28,0.19,0.24,0.28,0.28,0.43,0.66",20,,
br,forno de embutir eletrico brastemp,brastemp,,,,,1900,24,0.16,1.00,169,"Informational, Transactional","Video, Video Carousel, People Also Ask, Popular Products, Related Searches, Image Pack, Site Links","0.03,0.13,1.00,0.81,0.43,0.81,0.07,0.43,0.65,0.54,0.07,1.00",20,,
br,forno eletrico brastemp embutir,brastemp,,,,,1900,30,0.16,1.00,167,Informational,"Video, Video Carousel, People Also Ask, Popular Products, Related Searches, Image Pack, Site Links","0.44,0.52,0.80,1.00,0.66,0.80,1.00,0.27,0.27,0.27,0.36,0.24",20,,
br,forno elétrico da brastemp,brastemp,,,,,1900,25,0.14,1.00,184,Informational,"AI Overview, Image Pack, Site Links, Video, Video Carousel, People Also Ask, Popular Products, Related Searches","0.08,0.16,0.05,0.13,0.24,0.36,0.29,0.13,0.19,0.13,0.36,0.44",20,,
br,forno embutir brastemp,brastemp,,,,,1900,25,0.17,1.00,167,Informational,"Image Pack, Site Links, Video, Video Carousel, People Also Ask, Popular Products, Related Searches","0.54,0.43,0.54,0.54,0.43,0.54,0.65,0.36,0.36,0.29,0.43,0.36",20,,
br,geladeira 400 litros brastemp,brastemp,,,,,1900,23,0.20,1.00,167,"Informational, Transactional","Video, Video Carousel, Popular Products, Related Searches, Site Links","0.44,0.29,0.18,0.29,0.13,0.13,0.35,0.66,0.66,0.29,0.44,0.35",20,,
br,geladeira brastemp casas bahia,brastemp,,,,,1900,33,0.15,1.00,187,"Navigational, Transactional","Image Pack, Site Links, People Also Ask, Popular Products, Related Searches","0.28,0.24,0.28,0.28,0.24,0.19,0.43,0.24,0.19,0.28,0.36,0.19",20,,
br,geladeira brastemp duplex,brastemp,,,,,1900,29,0.22,1.00,175,"Informational, Transactional","Reviews, Video Carousel, People Also Ask, Popular Products, Related Searches, Image Pack, Site Links","0.55,0.82,0.82,0.65,0.82,0.82,0.82,1.00,1.00,0.55,0.65,0.55",20,,
br,geladeira brastemp french door,brastemp,,,,,1900,21,0.39,1.00,167,"Informational, Transactional","Image Pack, Site Links, Reviews, Video, Video Carousel, People Also Ask, Popular Products, Related Searches","0.29,0.24,0.29,0.35,0.24,0.29,0.81,0.44,0.53,0.35,0.29,0.35",20,,
br,geladeira brastemp frost free inverse 588 litros,brastemp,,,,,1900,30,0.30,1.00,160,"Informational, Transactional","Knowledge Panel, Image Pack, Site Links, Video, Video Carousel, People Also Ask, Related Searches, AI Overview","0.52,0.44,0.36,0.66,0.44,0.44,1.00,0.52,0.36,0.27,0.16,0.08",20,,
br,geladeira brastemp nas casas bahia,brastemp,,,,,1900,30,0.15,1.00,157,"Navigational, Transactional","Site Links, Popular Products, Related Searches, Image Pack","0.19,0.10,0.10,0.19,0.10,0.28,0.66,0.36,0.36,0.36,0.43,0.36",20,,
br,geladeira duplex brastemp,brastemp,,,,,1900,33,0.22,1.00,180,Transactional,"Related Searches, Image Pack, Site Links, Reviews, Video Carousel, People Also Ask, Popular Products","0.44,0.82,0.82,0.82,0.82,0.55,1.00,0.82,0.82,0.55,0.82,0.55",20,,
br,geladeira french door brastemp,brastemp,,,,,1900,32,0.39,1.00,168,"Informational, Transactional","People Also Ask, Popular Products, Related Searches, Image Pack, Site Links, Reviews, Video, Video Carousel","0.29,0.24,0.29,0.29,0.29,0.29,0.66,0.35,0.53,0.29,0.35,0.35",20,,
br,geladeira retro brastemp,brastemp,,,,,1900,24,0.18,1.00,165,"Informational, Transactional","Related Searches, Image Pack, Site Links, Video, Popular Products","0.35,0.29,0.35,0.35,0.29,0.35,0.35,0.29,0.35,0.24,0.29,0.29",20,,
br,lava e seca 10kg brastemp,brastemp,,,,,1900,33,0.20,1.00,172,Informational,"People Also Ask, Popular Products, Related Searches, AI Overview, Site Links, Reviews, Video, Video Carousel","0.66,0.44,0.35,0.24,0.35,0.24,0.18,0.16,0.24,0.24,0.18,0.18",20,,
br,lava e seca brastemp 10kg,brastemp,,,,,1900,28,0.20,1.00,167,"Informational, Transactional","Related Searches, Image Pack, Site Links, Video, Video Carousel, People Also Ask, Popular Products","0.43,0.36,0.36,0.19,0.36,0.43,0.36,0.24,0.19,0.19,0.19,0.19",20,,
br,lava louca brastemp 10 servicos,brastemp,,,,,1900,30,0.27,1.00,157,Informational,"Reviews, Video, Video Carousel, People Also Ask, Related Searches, AI Overview, Knowledge Panel, Site Links","0.24,0.24,0.66,0.24,0.29,0.24,0.81,0.35,0.35,0.16,0.24,0.24",20,,
br,lava louça 10 serviços brastemp,brastemp,,,,,1900,32,0.27,1.00,160,"Informational, Transactional","People Also Ask, Popular Products, Related Searches, Knowledge Panel, Image Pack, Site Links, Video, Video Carousel","0.10,0.29,0.53,0.24,0.53,0.53,0.29,0.18,0.44,0.35,0.24,0.13",20,,
br,lava louça 14 serviços brastemp,brastemp,,,,,1900,28,0.26,1.00,157,Informational,"AI Overview, Site Links, Reviews, Video, Video Carousel, People Also Ask, Popular Products, Related Searches","0.35,0.18,0.53,0.18,0.53,0.35,0.35,0.29,0.44,0.18,0.24,0.13",20,,
br,lavadora brastemp 11kg,brastemp,,,,,1900,25,0.16,1.00,164,"Informational, Transactional","Image Pack, Site Links, Video, Video Carousel, People Also Ask, Popular Products, Related Searches","0.35,0.35,0.29,0.35,0.35,0.35,0.35,0.29,0.44,0.35,0.44,0.35",20,,
br,lavadora de louça brastemp,brastemp,,,,,1900,33,0.18,1.00,182,"Informational, Transactional","Site Links, Reviews, Video Carousel, People Also Ask, Related Searches, Short Videos, Image Pack, Video, Popular Products","0.66,0.66,0.66,0.52,0.44,0.52,0.80,0.52,0.66,0.44,0.52,0.66",20,,
br,mais top brastemp,brastemp,,,,,1900,23,0.31,0.05,159,Informational,"Video, Related Searches, Site Links, Reviews","0.44,0.24,0.44,0.35,0.29,1.00,0.44,0.29,0.24,0.18,0.16,0.13",20,,
br,maquina brastemp 11kg,brastemp,,,,,1900,26,0.14,1.00,176,Informational,"Related Searches, Image Pack, Site Links, Video, Video Carousel, People Also Ask, Popular Products","0.44,0.35,0.44,0.35,0.29,0.35,0.35,0.24,0.24,0.24,0.29,0.35",20,,
br,maquina de lavar brastemp 12kg,brastemp,,,,,1900,25,0.22,1.00,168,Commercial,"Short Videos, Site Links, Video, People Also Ask, Popular Products, Related Searches","0.16,0.29,0.05,0.04,0.07,0.10,0.08,0.03,0.10,0.08,0.07,0.03",20,,
br,maquina de lavar brastemp 17 kg,brastemp,,,,,1900,24,0.23,1.00,1850000,Informational,"Related Searches, Short Videos, Site Links, Video, Video Carousel, People Also Ask, Popular Products","0.54,0.28,0.43,0.08,0.28,0.24,0.28,0.10,0.10,0.15,0.28,0.15",20,,
br,maquina de lavar roupa brastemp 15kg,brastemp,,,,,1900,24,0.26,1.00,167,Commercial,"Site Links, Video, People Also Ask, Popular Products, Related Searches, Short Videos","0.55,0.55,0.65,0.65,0.44,0.65,0.82,0.55,0.65,0.55,0.65,0.82",20,,
br,micro ondas brastemp 32l,brastemp,,,,,1900,22,0.17,1.00,195,"Informational, Transactional","Site Links, Reviews, Video Carousel, Popular Products, Related Searches","0.10,0.16,0.24,0.19,0.36,0.05,0.03,0.13,0.13,0.24,0.19,0.19",20,,
br,microondas 30 litros brastemp,brastemp,,,,,1900,32,0.13,1.00,181,Informational,"Related Searches, Image Pack, Site Links, Reviews, Video, People Also Ask, Popular Products","0.35,0.35,0.44,0.29,0.29,0.29,0.44,0.29,0.35,0.29,0.29,0.29",20,,
br,microondas brastemp embutir,brastemp,,,,,1900,25,0.26,1.00,163,"Informational, Transactional","People Also Ask, Popular Products, Related Searches, Image Pack, Site Links, Video, Video Carousel","0.43,0.43,0.22,0.43,0.43,0.54,0.54,0.36,0.22,0.36,0.36,0.29",20,,
br,microondas embutir brastemp,brastemp,,,,,1900,25,0.26,1.00,162,"Informational, Transactional","Popular Products, Related Searches, Image Pack, Site Links, Video, People Also Ask","0.52,0.44,0.66,0.52,0.36,0.80,0.80,0.36,0.36,0.20,0.44,0.27",20,,
br,máquina brastemp 13 kg,brastemp,,,,,1900,25,0.31,1.00,175,Informational,"Site Links, Video, Video Carousel, People Also Ask, Popular Products, Related Searches, Image Pack","0.29,0.43,0.36,0.43,0.36,0.54,1.00,0.36,0.36,0.29,0.22,0.36",20,,
br,máquina de lavar 12kg brastemp,brastemp,,,,,1900,32,0.18,1.00,188,Informational,"Short Videos, Site Links, Video, People Also Ask, Popular Products, Related Searches","0.29,0.29,0.23,0.23,0.23,0.23,0.29,0.23,0.29,0.16,0.23,0.23",20,,
br,máquina de lavar roupa da brastemp,brastemp,,,,,1900,27,0.17,1.00,218,"Informational, Transactional","Image Pack, Site Links, Reviews, Video, People Also Ask, Popular Products, Related Searches, Short Videos","0.04,0.13,0.05,0.10,0.19,0.16,0.08,0.08,0.13,0.10,0.36,1.00",20,,
br,purificador brastemp,brastemp,,,,,1900,28,0.29,1.00,167,Informational,"People Also Ask, Related Searches, Short Videos, Knowledge Panel, Image Pack, Site Links, Reviews, Video","0.36,0.24,0.36,0.36,0.28,0.28,0.36,0.36,0.36,0.24,0.24,0.19",20,,
br,purificador de água da brastemp,brastemp,,,,,1900,24,0.24,1.00,161,Informational,"Site Links, Reviews, Video, Video Carousel, Related Searches, Image Pack, People Also Ask, Popular Products, Short Videos","0.19,0.16,0.07,0.24,0.29,0.29,0.03,0.08,0.19,0.16,0.29,0.19",20,,
br,side by side brastemp,brastemp,,,,,1900,26,0.20,1.00,182,Informational,"Image Pack, Site Links, Video, People Also Ask, Popular Products, Related Searches","0.52,0.36,0.52,0.44,0.44,0.44,0.80,0.44,0.52,0.36,0.52,0.44",20,,
br,assistencia brastemp,brastemp,,,,,1600,36,0.35,0.54,108,Navigational,"Local Pack, Site Links, Reviews, Image, Adwords Top, Adwords Bottom, People Also Ask, Related Searches","0.36,0.20,0.27,0.44,0.52,0.52,0.24,0.44,0.27,0.44,0.52,0.36",20,,
br,assistencia tecnica autorizada brastemp,brastemp,,,,,1600,29,0.30,0.57,107,Navigational,"Local Pack, Site Links, People Also Ask, Related Searches","0.29,0.22,0.13,0.43,0.36,0.36,0.20,0.43,0.43,0.54,0.43,0.29",20,,
br,brastemp 12 kg,brastemp,,,,,1600,25,0.15,1.00,162,Informational,"People Also Ask, Popular Products, Related Searches, Image Pack, Site Links, Video Carousel","0.24,0.35,0.44,0.29,0.24,0.24,0.35,0.35,0.24,0.18,0.35,0.35",20,,
br,brastemp 375 litros,brastemp,,,,,1600,26,0.31,1.00,162,Informational,"Related Searches, AI Overview, Knowledge Panel, Image Pack, Site Links, Video, Video Carousel, People Also Ask","0.36,0.36,0.36,0.36,0.44,0.44,0.44,0.52,0.52,0.36,0.27,0.24",20,,
br,brastemp adega 12 garrafas,brastemp,,,,,1600,25,0.19,1.00,163,Informational,"Image Pack, Site Links, Image, Video Carousel, Related Searches, Knowledge Panel, Video, People Also Ask, Popular Products","0.02,0.01,0.02,0.01,0.66,0.36,0.66,0.15,0.36,0.36,0.43,0.36",20,,
br,brastemp brm44hb,brastemp,,,,,1600,35,0.27,1.00,169,"Informational, Transactional","Video, Image, People Also Ask, Related Searches, Knowledge Panel, Site Links","0.65,0.44,0.55,0.65,0.44,0.44,0.65,0.65,0.65,0.55,0.44,0.55",20,,
br,brastemp cervejeira,brastemp,,,,,1600,29,0.16,1.00,161,"Informational, Transactional","Video, People Also Ask, Popular Products, Related Searches, Image Pack, Site Links, Reviews","0.53,0.35,0.24,0.44,0.29,0.24,0.53,0.13,0.29,0.13,0.24,0.35",20,,
br,brastemp fogão 4 bocas embutir,brastemp,,,,,1600,26,0.14,1.00,161,"Informational, Transactional","Image Pack, Site Links, Video, Popular Products, Related Searches","0.00,0.43,0.22,0.29,0.29,0.29,0.65,0.22,0.54,0.01,0.54,0.36",20,,
br,brastemp fogão embutir 4 bocas,brastemp,,,,,1600,20,0.14,1.00,162,"Informational, Transactional","Adwords Middle, Image Pack, Site Links, Popular Products, Related Searches","0.28,0.36,0.07,0.15,0.28,0.28,0.43,0.19,0.24,0.28,0.24,0.24",20,,
br,brastemp forno eletrico embutir,brastemp,,,,,1600,22,0.16,1.00,166,Informational,"Image Pack, Site Links, Video, Video Carousel, Popular Products, Related Searches","0.66,0.36,0.16,0.44,0.24,0.80,1.00,0.66,0.44,0.44,0.44,0.36",20,,
br,brastemp freezer vertical,brastemp,,,,,1600,25,0.21,1.00,163,"Informational, Transactional","Related Searches, Image Pack, Site Links, Reviews, Video, Video Carousel, People Also Ask, Popular Products","0.54,0.19,0.36,0.19,0.28,0.19,0.28,0.10,0.19,0.08,0.13,0.24",20,,
br,brastemp geladeira ative,brastemp,,,,,1600,29,0.12,1.00,159,Informational,"Image Pack, Site Links, Video, Video Carousel, People Also Ask, Popular Products, Related Searches","0.16,0.13,0.03,0.05,0.19,0.05,0.04,0.02,0.02,0.03,0.04,0.03",20,,
br,brastemp maquina de lavar 11kg,brastemp,,,,,1600,25,0.18,1.00,191,"Informational, Transactional","Related Searches, Short Videos, Image Pack, Site Links, Video, People Also Ask, Popular Products","0.13,0.36,0.29,0.29,0.22,0.10,0.54,0.22,0.54,0.65,0.54,0.65",20,,
br,brastemp microondas,brastemp,,,,,1600,26,0.21,1.00,202,"Informational, Transactional","Image Pack, Site Links, Video, People Also Ask, Popular Products, Related Searches","0.12,0.12,0.16,0.12,0.12,0.10,0.12,0.08,0.08,0.08,0.10,0.08",20,,
br,brastemp retro geladeira,brastemp,,,,,1600,27,0.18,1.00,162,Informational,"Related Searches, Image Pack, Site Links, Video, Popular Products","0.54,0.29,0.07,0.29,0.16,0.43,0.54,0.36,0.36,0.36,0.43,0.43",20,,
br,brastemp side by side,brastemp,,,,,1600,26,0.20,1.00,178,"Informational, Transactional","Related Searches, Image Pack, Site Links, Video, People Also Ask, Popular Products","0.55,0.44,0.65,0.44,0.55,0.44,0.65,0.55,0.55,0.24,0.65,0.44",20,,
br,cooktop por indução brastemp,brastemp,,,,,1600,25,0.12,1.00,167,"Informational, Transactional","AI Overview, Image Pack, Video, Video Carousel, Popular Products, Related Searches, Site Links, Reviews, People Also Ask","0.36,0.15,0.13,0.36,0.36,0.28,0.28,0.15,0.19,0.24,0.36,0.19",20,,
br,filtro da brastemp,brastemp,,,,,1600,23,0.42,1.00,164,Informational,"People Also Ask, Popular Products, Related Searches, Image Pack, Site Links, Video Carousel","0.10,0.36,0.20,0.22,0.43,0.43,0.29,0.36,0.54,0.36,0.36,0.29",20,,
br,filtro de agua brastemp,brastemp,,,,,1600,25,0.34,1.00,164,Informational,"Image Pack, Site Links, Video, People Also Ask, Popular Products, Related Searches, Short Videos","0.36,0.36,0.44,0.44,0.44,0.52,0.52,0.52,0.66,0.52,0.52,0.44",20,,
br,fogao brastemp 4 bocas de embutir,brastemp,,,,,1600,24,0.14,1.00,164,"Informational, Transactional","Image Pack, Site Links, Video, People Also Ask, Popular Products, Related Searches","0.22,0.65,0.54,0.65,0.29,0.22,0.22,0.22,0.29,0.43,0.22,0.29",20,,
br,fogão 4 bocas brastemp de embutir,brastemp,,,,,1600,21,0.14,1.00,160,"Informational, Transactional","Image Pack, Site Links, Video, Popular Products, Related Searches","0.15,0.24,0.10,0.19,0.36,0.19,0.43,0.19,0.19,0.28,0.36,0.24",20,,
br,fogão 4 bocas brastemp embutir,brastemp,,,,,1600,22,0.14,1.00,164,"Informational, Transactional","Video, Popular Products, Related Searches, Image Pack, Site Links","0.36,0.36,0.16,0.43,0.43,0.81,0.43,0.29,0.36,0.07,0.54,0.29",20,,
br,fogão 4 bocas de embutir brastemp,brastemp,,,,,1600,23,0.14,1.00,165,"Informational, Transactional","Related Searches, Image Pack, Site Links, Video, People Also Ask, Popular Products","0.43,0.36,0.16,0.36,0.54,0.54,0.65,0.29,0.36,0.29,0.43,0.36",20,,
br,fogão 5 bocas brastemp embutir,brastemp,,,,,1600,24,0.20,1.00,168,Informational,"Video, People Also Ask, Popular Products, Related Searches, Image Pack, Site Links","0.43,0.29,0.29,0.43,0.36,0.54,0.65,0.29,0.22,0.22,0.29,0.29",20,,
br,fogão 5 bocas de embutir brastemp,brastemp,,,,,1600,24,0.16,1.00,165,Transactional,"Video, People Also Ask, Popular Products, Related Searches, Image Pack, Site Links","0.65,0.34,0.65,0.30,0.44,0.65,0.82,0.44,0.55,0.44,0.44,0.44",20,,
br,fogão 6 bocas brastemp inox,brastemp,,,,,1600,24,0.10,1.00,158,"Informational, Transactional","Video, People Also Ask, Popular Products, Related Searches, Image Pack, Site Links","0.36,0.44,0.27,0.36,0.44,0.36,0.80,0.52,0.52,0.36,0.52,0.44",20,,
br,fogão brastemp 4 bocas branco,brastemp,,,,,1600,24,0.15,1.00,191,"Informational, Transactional","Video, Video Carousel, People Also Ask, Popular Products, Related Searches, Image Pack, Site Links","0.36,0.36,0.36,0.36,0.29,0.36,0.54,0.29,0.29,0.22,0.29,0.29",20,,
br,fogão brastemp 5 bocas embutir,brastemp,,,,,1600,24,0.20,1.00,1340000,Informational,"Image Pack, Site Links, Reviews, Video, People Also Ask, Popular Products, Related Searches","0.29,0.29,0.36,0.29,0.43,0.43,0.81,0.29,0.43,0.29,0.36,0.29",20,,
br,fogão brastemp cook,brastemp,,,,,1600,26,0.12,1.00,190,"Informational, Transactional","Site Links, People Also Ask, Popular Products, Related Searches, Image Pack","0.44,0.29,0.44,0.24,0.29,0.44,0.53,0.13,0.29,0.35,0.00,0.00",20,,
br,fogão brastemp de embutir 4 bocas,brastemp,,,,,1600,21,0.14,1.00,161,Informational,"Related Searches, Image Pack, Site Links, Video, People Also Ask","0.43,0.28,0.24,0.24,0.36,0.28,0.05,0.24,0.15,0.19,0.36,0.24",20,,
br,fogão brastemp embutir 4 bocas,brastemp,,,,,1600,24,0.14,1.00,162,"Informational, Transactional","Site Links, Video, People Also Ask, Popular Products, Related Searches, Image Pack","0.28,0.28,0.13,0.36,0.36,0.19,0.36,0.15,0.28,0.10,0.28,0.28",20,,
br,fogão embutir brastemp 5 bocas,brastemp,,,,,1600,28,0.20,1.00,167,Informational,"Popular Products, Related Searches, Image Pack, Site Links, Video, People Also Ask","0.65,0.44,0.82,0.65,0.65,0.82,0.65,0.44,0.44,0.34,0.44,0.44",20,,
br,fogão inox brastemp,brastemp,,,,,1600,26,0.18,1.00,167,"Informational, Transactional","Video, People Also Ask, Popular Products, Related Searches, Image Pack, Site Links","0.22,0.29,0.29,0.36,0.29,0.36,0.65,0.36,0.43,0.22,0.36,0.29",20,,
br,forno a gas brastemp,brastemp,,,,,1600,25,0.15,1.00,196,Commercial,"Video, Video Carousel, People Also Ask, Popular Products, Related Searches, Image Pack, Site Links","0.44,0.44,0.52,0.52,0.44,0.44,0.66,0.27,0.44,0.27,0.27,0.36",20,,
br,forno a gás de embutir brastemp,brastemp,,,,,1600,24,0.15,1.00,163,Commercial,"Video Carousel, People Also Ask, Popular Products, Related Searches, Site Links, Video","0.16,0.66,0.24,0.80,0.52,0.66,0.80,0.24,0.24,0.66,0.27,0.20",20,,
br,forno brastemp de embutir eletrico,brastemp,,,,,1600,31,0.16,1.00,164,Transactional,"Video Carousel, Popular Products, Related Searches, AI Overview, Image Pack, Site Links, Video","0.54,0.36,0.36,0.15,0.15,0.28,0.08,0.07,0.08,0.07,0.07,0.10",20,,
br,forno brastemp embutir,brastemp,,,,,1600,28,0.17,1.00,161,Informational,"Related Searches, Image Pack, Site Links, Video, Video Carousel, People Also Ask, Popular Products","0.65,0.44,0.30,0.65,0.65,0.82,1.00,0.44,0.55,0.44,0.55,0.34",20,,
br,forno brastemp gourmand,brastemp,,,,,1600,25,0.12,1.00,161,"Informational, Transactional","Video Carousel, People Also Ask, Popular Products, Related Searches, Image Pack, Site Links, Reviews, Video","0.43,0.43,0.54,0.22,0.36,0.29,0.43,0.36,0.29,0.29,0.22,0.29",20,,
br,forno de embutir brastemp eletrico,brastemp,,,,,1600,24,0.16,1.00,163,Informational,"Site Links, Video, Video Carousel, People Also Ask, Related Searches, AI Overview","0.54,0.19,0.54,0.36,0.13,0.13,0.08,0.07,0.08,0.07,0.08,0.13",20,,
br,forno de embutir elétrico brastemp,brastemp,,,,,1600,24,0.16,1.00,164,"Informational, Transactional","Site Links, Video, Video Carousel, People Also Ask, Popular Products, Related Searches, Image Pack","0.53,0.35,0.29,0.05,0.35,0.05,0.29,0.10,0.35,0.13,0.53,0.07",20,,
br,forno eletrico embutir brastemp,brastemp,,,,,1600,25,0.16,1.00,336000,"Informational, Transactional","Video, Video Carousel, People Also Ask, Popular Products, Related Searches, Image Pack, Site Links","0.66,0.66,0.10,0.44,0.66,0.20,0.66,0.44,0.44,0.36,0.20,0.24",20,,
br,forno elétrico embutir brastemp,brastemp,,,,,1600,25,0.16,1.00,170,"Informational, Transactional","Image Pack, Site Links, Video, Video Carousel, People Also Ask, Popular Products, Related Searches","0.52,0.52,0.80,0.44,0.44,0.66,0.36,0.36,0.27,0.20,0.16,0.20",20,,
br,frigobar brastemp retrô,brastemp,,,,,1600,25,0.00,0.00,166,"Navigational, Transactional","Image Pack, Site Links, Video, People Also Ask, Popular Products, Related Searches","0.12,0.19,0.35,0.19,0.01,0.23,0.16,0.19,0.16,0.23,0.00,0.23",20,,
br,geladeira brastemp 447 litros,brastemp,,,,,1600,25,0.31,1.00,165,"Informational, Transactional","People Also Ask, Popular Products, Related Searches, Image Pack, Site Links, Video, Video Carousel","0.27,0.36,0.27,0.52,0.44,0.52,0.80,0.80,0.66,0.27,0.36,0.36",20,,
br,geladeira brastemp 554 litros,brastemp,,,,,1600,25,0.34,1.00,166,Informational,"Related Searches, Image Pack, Site Links, Video, Adwords Bottom, Video Carousel, People Also Ask, Popular Products","0.36,0.29,0.29,0.36,0.43,0.29,0.65,0.54,0.43,0.22,0.02,0.16",20,,
br,geladeira brastemp clean frost free,brastemp,,,,,1600,25,0.15,1.00,76,Informational,"Image Pack, Site Links, Video, People Also Ask, Popular Products, Related Searches, AI Overview","0.66,0.66,0.66,0.54,0.66,0.54,0.79,1.00,0.66,0.54,0.66,0.66",20,,
br,geladeira brastemp frost free inox,brastemp,,,,,1600,24,0.29,1.00,177,"Informational, Transactional","Video, People Also Ask, Popular Products, Related Searches, Short Videos, Image Pack, Site Links","0.20,0.20,0.24,0.52,0.66,0.52,0.66,0.52,0.66,0.44,0.52,0.52",20,,
br,geladeira brastemp inox inverse,brastemp,,,,,1600,26,0.30,1.00,167,"Informational, Transactional","Image Pack, Site Links, Video, People Also Ask, Popular Products, Related Searches, Short Videos","0.20,0.16,0.29,0.36,0.29,0.29,0.54,0.29,0.54,0.36,0.36,0.36",20,,
br,geladeira brastemp inverse inox,brastemp,,,,,1600,25,0.30,1.00,163,"Informational, Transactional","Image Pack, Site Links, Video, People Also Ask, Popular Products, Related Searches","0.29,0.29,0.29,0.29,0.24,0.29,0.44,0.24,0.44,0.35,0.44,0.44",20,,
br,geladeira brastemp no magazine luiza,brastemp,,,,,1600,29,0.17,1.00,164,"Informational, Transactional","Popular Products, Related Searches, Image Pack, Site Links, Video Carousel","0.36,0.22,0.29,0.29,0.36,0.36,0.65,0.36,0.36,0.29,0.29,0.29",20,,
br,geladeira brastemp retro,brastemp,,,,,1600,25,0.18,1.00,169,"Informational, Transactional","Video, People Also Ask, Popular Products, Related Searches, Image Pack, Site Links","0.36,0.36,0.36,0.36,0.29,0.36,0.36,0.22,0.22,0.22,0.22,0.29",20,,
br,geladeira brastemp side by side,brastemp,,,,,1600,25,0.21,1.00,192,"Informational, Transactional","Image Pack, Site Links, Video, People Also Ask, Popular Products, Related Searches","0.16,0.16,0.16,0.16,0.12,0.16,0.23,0.16,0.23,0.16,0.16,0.23",20,,
br,geladeira frost free inox brastemp,brastemp,,,,,1600,30,0.29,1.00,163,Transactional,"Short Videos, Image Pack, Site Links, Video Carousel, People Also Ask, Popular Products, Related Searches","0.24,0.27,0.36,0.44,0.44,0.52,0.52,0.44,0.66,0.36,0.44,0.44",20,,
br,geladeira inox inverse brastemp,brastemp,,,,,1600,26,0.30,1.00,174,"Informational, Transactional","Video, People Also Ask, Popular Products, Related Searches, Image Pack, Site Links","0.36,0.36,0.20,0.52,0.24,0.20,0.80,0.52,0.66,0.66,0.66,0.66",20,,
br,geladeira invertida brastemp,brastemp,,,,,1600,32,0.23,1.00,182,Transactional,"Image Pack, Site Links, Reviews, Video, Video Carousel, People Also Ask, Popular Products, Related Searches","0.20,0.20,0.20,0.52,0.44,0.52,0.66,0.44,0.52,0.27,0.80,0.44",20,,
br,geladeira preta brastemp,brastemp,,,,,1600,29,0.27,1.00,172,Transactional,"Popular Products, Related Searches, Image Pack, Site Links, Video Carousel, People Also Ask","0.24,0.19,0.24,0.24,0.19,0.24,0.28,0.19,0.24,0.10,0.19,0.24",20,,
br,gourmand brastemp,brastemp,,,,,1600,26,0.17,1.00,169,Transactional,"Image Pack, Site Links, Reviews, Video, People Also Ask, Popular Products, Related Searches","0.82,0.55,0.44,0.65,0.65,0.55,0.65,0.24,0.34,0.44,0.44,0.34",20,,
br,lava e seca brastemp 11kg,brastemp,,,,,1600,29,0.17,1.00,94,"Navigational, Transactional","Site Links, Reviews, Video, People Also Ask, Popular Products, Related Searches","0.20,0.34,0.55,0.30,0.55,0.55,0.82,0.55,0.55,0.65,1.00,0.82",20,,
br,lava loucas brastemp 10 servicos,brastemp,,,,,1600,32,0.27,1.00,160,Informational,"People Also Ask, Related Searches, AI Overview, Knowledge Panel, Site Links, Reviews, Video, Video Carousel","0.44,0.44,1.00,0.82,0.55,0.44,0.65,0.55,1.00,0.34,0.55,0.55",20,,
br,lava loucas brastemp 14 serviços,brastemp,,,,,1600,24,0.26,1.00,168,Informational,"Site Links, Video, Video Carousel, People Also Ask, Popular Products, Related Searches, AI Overview","0.01,0.36,0.08,0.19,0.36,0.24,0.43,0.19,0.24,0.00,0.19,0.28",20,,
br,lava louça 8 serviços ative brastemp,brastemp,,,,,1600,22,0.11,1.00,162,"Informational, Commercial","Site Links, Video, Video Carousel, People Also Ask, Popular Products, Related Searches, AI Overview","0.66,0.54,0.54,0.54,0.66,0.66,0.66,0.54,0.54,0.66,0.66,0.66",20,,
br,lava louças 15 serviços brastemp,brastemp,,,,,1600,33,0.28,1.00,629000,"Informational, Transactional","Video Carousel, Popular Products, Site Links, Reviews, People Also Ask, Related Searches, Short Videos, Knowledge Panel, Video","0.44,0.44,0.55,0.34,0.34,0.55,1.00,0.82,0.82,0.65,0.65,1.00",20,,
br,lava seca brastemp,brastemp,,,,,1600,27,0.22,1.00,164,Commercial,"Site Links, Reviews, Video, People Also Ask, Popular Products, Related Searches","0.44,0.12,0.05,0.29,0.19,0.35,0.35,0.12,0.08,0.23,0.08,0.12",20,,
br,maquina de lavar 15kg brastemp,brastemp,,,,,1600,28,0.20,0.33,171,"Informational, Transactional","Popular Products, Related Searches, Site Links, Video, People Also Ask","1.00,0.65,0.65,0.44,0.44,0.34,0.65,0.65,0.44,0.30,0.34,0.82",20,,
br,maquina de lavar brastemp 10kg,brastemp,,,,,1600,24,0.13,1.00,166,Informational,"Image Pack, Site Links, Video, Video Carousel, People Also Ask, Popular Products, Related Searches","0.35,0.29,0.35,0.29,0.24,0.24,0.35,0.24,0.35,0.29,0.24,0.24",20,,
br,maquina de lavar louça brastemp 8 serviços,brastemp,,,,,1600,28,0.24,1.00,163,"Informational, Transactional","Related Searches, Knowledge Panel, Image Pack, Site Links, Video, Video Carousel, People Also Ask, Popular Products","0.66,0.66,0.66,0.66,0.79,0.66,0.79,0.54,0.54,0.41,0.41,0.79",20,,
br,maquina de lavar roupa brastemp 11kg,brastemp,,,,,1600,25,0.16,1.00,183,Commercial,"Video, Video Carousel, People Also Ask, Popular Products, Related Searches, Image Pack, Site Links","0.43,0.36,0.43,0.36,0.29,0.29,0.36,0.20,0.29,0.22,0.20,0.29",20,,
br,maquina de lavar roupa brastemp 15 kg,brastemp,,,,,1600,24,0.18,1.00,163,"Informational, Transactional","Popular Products, Related Searches, Short Videos, Site Links, Video, People Also Ask","0.34,0.30,0.55,0.65,0.44,0.44,1.00,0.55,0.55,0.44,0.55,0.55",20,,
br,maquina lavar roupa brastemp,brastemp,,,,,1600,31,0.26,1.00,197,Transactional,"Video, People Also Ask, Popular Products, Related Searches, Short Videos, Image Pack, Site Links, Reviews","0.36,0.43,0.54,0.36,0.29,0.22,0.36,0.36,0.36,0.29,0.36,0.29",20,,
br,micro ondas brastemp 20 litros,brastemp,,,,,1600,24,0.14,1.00,168,Commercial,"Reviews, Video, Video Carousel, People Also Ask, Popular Products, Related Searches, Image Pack, Site Links","0.36,0.41,0.54,0.24,0.66,0.79,1.00,1.00,0.79,0.66,1.00,0.79",20,,
br,microondas ative brastemp,brastemp,,,,,1600,34,0.11,1.00,180,Informational,"Video, People Also Ask, Popular Products, Related Searches, Image Pack, Site Links, Reviews","0.54,0.43,0.16,0.43,0.29,0.36,0.29,0.20,0.22,0.43,0.36,0.43",20,,
br,microondas brastemp 30 litros,brastemp,,,,,1600,32,0.12,1.00,185,Informational,"Image Pack, Site Links, Reviews, Video, People Also Ask, Popular Products, Related Searches","0.23,0.29,0.29,0.23,0.23,0.19,0.23,0.12,0.19,0.10,0.16,0.16",20,,
br,microondas brastemp 38 litros,brastemp,,,,,1600,24,0.19,1.00,158,Commercial,"Related Searches, Image Pack, Site Links, Reviews, Video, Video Carousel, People Also Ask, Popular Products","0.55,0.55,0.65,0.55,0.55,0.55,0.82,0.55,0.65,0.24,0.44,0.55",20,,
br,microondas brastemp de embutir,brastemp,,,,,1600,25,0.22,1.00,163,Commercial,"Video, Video Carousel, People Also Ask, Popular Products, Related Searches, Image Pack, Site Links","0.44,0.80,0.36,0.36,0.27,0.52,0.20,0.44,0.16,0.44,0.66,0.44",20,,
br,microondas brastemp inox,brastemp,,,,,1600,26,0.15,1.00,191,"Informational, Transactional","Reviews, Video, People Also Ask, Popular Products, Related Searches, Image Pack, Site Links","0.19,0.16,0.19,0.19,0.16,0.12,0.16,0.23,0.29,0.16,0.10,0.19",20,,
br,máquina de lavar 11kg brastemp,brastemp,,,,,1600,25,0.18,1.00,173,"Informational, Transactional","Short Videos, Image Pack, Site Links, Video, Adwords Bottom, People Also Ask, Popular Products, Related Searches","0.29,0.36,0.29,0.43,0.36,0.29,0.43,0.43,0.43,0.43,0.43,0.54",20,,
br,máquina de lavar 13kg brastemp,brastemp,,,,,1600,25,0.30,1.00,174,Informational,"Site Links, Video, People Also Ask, Popular Products, Related Searches, Short Videos","0.84,1.00,1.00,0.84,0.68,0.68,1.00,0.68,0.84,0.52,0.52,0.52",20,,
br,máquina de lavar brastemp 10kg,brastemp,,,,,1600,28,0.12,1.00,164,Informational,"Related Searches, Image Pack, Site Links, Video, People Also Ask, Popular Products","0.43,0.36,0.43,0.36,0.36,0.29,0.29,0.22,0.36,0.29,0.29,0.29",20,,
br,máquina de lavar brastemp 15kg menor preço,brastemp,,,,,1600,23,0.00,1.00,162,Commercial,"People Also Ask, Popular Products, Related Searches, AI Overview, Site Links","0.29,0.22,0.29,0.29,0.29,0.65,1.00,0.20,0.36,0.22,0.29,0.81",20,,
br,máquina de lavar louça brastemp,brastemp,,,,,1600,28,0.15,1.00,190,Informational,"Image Pack, Reviews, Video, Related Searches, Short Videos, Site Links, Video Carousel, People Also Ask, Popular Products","0.66,0.79,0.66,0.79,0.66,0.66,0.79,0.41,0.54,0.54,0.41,0.54",20,,
br,máquina de lavar roupa 12kg brastemp,brastemp,,,,,1600,31,0.17,1.00,186,"Informational, Transactional","Popular Products, Related Searches, Site Links, Video, People Also Ask","0.35,0.29,0.29,0.29,0.18,0.24,0.24,0.18,0.29,0.24,0.29,0.29",20,,
br,máquina de lavar roupa 15kg brastemp,brastemp,,,,,1600,24,0.20,1.00,160,"Informational, Commercial","Video Carousel, People Also Ask, Popular Products, Related Searches, Short Videos, AI Overview, Site Links, Video","0.43,0.36,0.43,0.36,0.36,0.43,0.54,0.29,0.29,0.22,0.36,0.29",20,,
br,máquina de lavar roupa brastemp 15kg,brastemp,,,,,1600,24,0.18,1.00,164,Commercial,"Video, Video Carousel, People Also Ask, Popular Products, Related Searches, Short Videos, Image Pack, Site Links","0.66,0.54,0.66,0.66,0.41,0.54,1.00,0.66,0.79,0.66,0.79,0.79",20,,
br,máquina de lavar roupas brastemp,brastemp,,,,,1600,27,0.17,1.00,203,"Informational, Transactional","Short Videos, Site Links, Reviews, Video, People Also Ask, Popular Products, Related Searches","0.54,0.13,0.15,0.24,0.10,0.15,0.19,0.19,0.28,0.15,0.36,0.19",20,,
br,placa da maquina de lavar brastemp,brastemp,,,,,1600,25,0.05,1.00,176,Commercial,"People Also Ask, Popular Products, Related Searches, Image Pack, Site Links, Video, Adwords Bottom, Video Carousel","0.66,1.00,0.36,0.36,0.52,0.36,0.27,0.24,0.27,0.27,0.36,0.27",20,,
br,placa maquina de lavar brastemp,brastemp,,,,,1600,24,0.05,1.00,159,"Informational, Transactional","Related Searches, AI Overview, Image Pack, Site Links, Video, Video Carousel, People Also Ask, Popular Products","0.66,0.66,0.44,0.52,0.27,0.36,0.52,0.36,0.66,0.27,0.20,0.36",20,,
br,refrigerador brastemp frost free duplex,brastemp,,,,,1600,24,0.30,1.00,173,Transactional,"Image Pack, Site Links, Reviews, Video Carousel, People Also Ask, Popular Products, Related Searches","0.55,0.65,0.13,0.34,0.44,0.30,0.55,0.65,1.00,0.44,1.00,0.34",20,,
br,sac brastemp,brastemp,,,,,1600,46,0.16,0.17,154,"Informational, Navigational","AI Overview, Reviews, People Also Ask, Related Searches","0.54,0.66,0.66,0.66,0.79,0.66,0.66,0.79,0.79,0.66,1.00,0.66",75,,
br,assistencia tecnica geladeira brastemp,brastemp,,,,,1300,36,0.85,0.69,162,Navigational,"Local Pack, Site Links, Reviews, People Also Ask, Related Searches","0.41,0.36,0.41,0.54,0.41,0.54,0.41,0.79,0.41,0.54,0.36,0.30",20,,
br,assistência tecnica brastemp,brastemp,,,,,1300,21,0.43,0.56,107,Navigational,"Knowledge Panel, Site Links, Video, People Also Ask, Related Searches","0.19,0.36,0.10,0.19,0.19,0.13,0.13,0.19,0.15,0.19,0.19,0.28",20,,
br,assistência técnica brastemp venda peças,brastemp,,,,,1300,25,0.12,0.43,169,Navigational,"Local Pack, Site Links, Reviews, People Also Ask, Related Searches","0.20,0.27,0.36,0.24,0.52,0.27,0.27,0.27,0.44,0.36,0.36,0.36",20,,
br,b.blend brastemp,brastemp,,,,,1300,36,0.14,1.00,326000,Informational,"Knowledge Panel, Site Links, Video, Video Carousel, People Also Ask, Related Searches","0.00,0.00,0.00,0.00,0.29,0.66,0.00,0.00,0.02,0.08,0.15,0.03",20,,
br,bebedouro brastemp,brastemp,,,,,1300,27,0.25,1.00,160,Informational,"Image Pack, Site Links, Reviews, Video, People Also Ask, Related Searches","0.44,0.36,0.44,0.36,0.44,0.44,0.44,0.44,0.44,0.27,0.36,0.36",20,,
br,blend brastemp,brastemp,,,,,1300,23,0.12,1.00,162,Informational,"Image Pack, Site Links, Video, Video Carousel, Popular Products, Related Searches","0.36,0.19,0.10,0.10,0.08,0.08,0.08,0.07,0.08,0.02,0.07,0.07",20,,
br,brastemp 13 kg,brastemp,,,,,1300,25,0.28,1.00,189,"Informational, Transactional","Image Pack, Site Links, Video, Video Carousel, People Also Ask, Popular Products, Related Searches","0.66,0.54,0.41,0.54,0.36,0.41,0.79,0.41,0.41,0.36,0.36,0.41",20,,
br,brastemp 14 serviços,brastemp,,,,,1300,25,0.24,1.00,166,Commercial,"AI Overview, Site Links, Reviews, Video, Video Carousel, People Also Ask, Popular Products, Related Searches","0.54,0.79,0.66,0.54,0.54,0.41,0.66,0.36,0.36,0.30,0.36,0.41",20,,
br,brastemp 17kg,brastemp,,,,,1300,26,0.21,1.00,162,Informational,"People Also Ask, Popular Products, Related Searches, Site Links, Video, Video Carousel","0.36,0.36,0.28,0.19,0.05,0.04,0.10,0.05,0.19,0.13,0.10,0.15",20,,
br,brastemp 18 kg,brastemp,,,,,1300,25,0.22,1.00,160,Informational,"People Also Ask, Related Searches, AI Overview, Site Links, Video, Video Carousel","0.20,0.54,0.79,0.66,0.66,0.54,1.00,0.66,0.66,0.54,0.66,0.79",20,,
br,brastemp assistencia,brastemp,,,,,1300,30,0.35,0.54,107,"Navigational, Transactional","Site Links, Video, Adwords Bottom, People Also Ask, Related Searches","0.16,0.16,0.20,0.16,0.52,0.44,0.36,0.36,0.44,0.44,0.44,0.36",20,,
br,brastemp bblend,brastemp,,,,,1300,34,0.14,1.00,168,Informational,"Video Carousel, People Also Ask, Popular Products, Related Searches, Image Pack, Site Links, Video","0.18,0.44,0.13,0.66,0.03,0.03,0.53,0.44,0.24,0.03,0.44,0.53",20,,
br,brastemp blend,brastemp,,,,,1300,26,0.12,1.00,178,"Informational, Transactional","Popular Products, Related Searches, Image Pack, Site Links, Video, Video Carousel, People Also Ask","0.13,0.07,0.04,0.03,0.04,0.03,0.02,0.03,0.03,0.02,0.03,0.03",20,,
br,brastemp bre57ak,brastemp,,,,,1300,19,0.21,1.00,163,Informational,"Video, Video Carousel, People Also Ask, Popular Products, Related Searches, Image Pack, Site Links, Reviews","0.44,0.44,0.44,0.36,0.24,0.27,0.52,0.36,0.44,0.27,0.24,0.16",20,,
br,brastemp bro85ak,brastemp,,,,,1300,27,0.32,1.00,165,"Informational, Transactional","People Also Ask, Popular Products, Related Searches, AI Overview, Site Links, Video","0.36,0.27,0.36,0.36,0.36,0.36,1.00,0.44,0.44,0.36,0.24,0.20",20,,
br,brastemp clean frost free,brastemp,,,,,1300,21,0.15,1.00,184,Commercial,"Short Videos, Image Pack, Site Links, Video, Video Carousel, Popular Products, Related Searches","0.20,0.24,0.65,0.55,0.30,0.30,0.55,0.44,0.55,0.44,0.30,0.30",20,,
br,brastemp coifa,brastemp,,,,,1300,26,0.24,1.00,165,"Informational, Transactional","Reviews, Video, Adwords Bottom, People Also Ask, Popular Products, Related Searches, Image Pack, Site Links","0.44,0.44,0.44,0.44,0.20,0.20,0.65,0.24,0.65,0.30,0.44,0.44",20,,
br,brastemp compra certa,brastemp,,,,,1300,83,0.26,1.00,3,Transactional,"Knowledge Panel, Site Links, People Also Ask, Popular Products, Related Searches","0.18,0.35,0.53,0.24,0.18,0.16,0.13,0.08,0.10,0.07,0.10,0.16",20,,
br,brastemp cooktop 4 bocas,brastemp,,,,,1300,24,0.10,1.00,164,"Informational, Transactional","Video Carousel, People Also Ask, Popular Products, Related Searches, Image Pack, Site Links, Video","0.10,0.36,0.07,0.07,0.16,0.05,0.13,0.03,0.05,0.03,0.19,0.13",20,,
br,brastemp cupom,brastemp,,,,,1300,23,0.67,1.00,161,Transactional,"Related Searches, Adwords Middle, AI Overview, Reviews, Video, Adwords Top, Video Carousel, People Also Ask","0.13,0.16,0.13,0.08,0.13,0.13,0.29,0.01,0.01,0.10,0.08,0.13",75,,
br,brastemp fogoes,brastemp,,,,,1300,34,0.18,1.00,0,"Navigational, Transactional","Site Links, Video, People Also Ask, Popular Products, Related Searches","0.02,0.08,0.02,0.13,0.03,0.13,0.08,0.36,0.04,0.08,0.19,0.44",20,,
br,brastemp fogão 6 bocas inox,brastemp,,,,,1300,25,0.10,1.00,165,"Informational, Transactional","Related Searches, Image Pack, Site Links, Video, Image, People Also Ask, Popular Products","0.52,0.44,0.20,0.36,0.27,0.24,1.00,0.01,0.01,0.01,0.44,0.01",20,,
br,brastemp forno embutir,brastemp,,,,,1300,28,0.17,1.00,168,"Informational, Transactional","Video, Video Carousel, People Also Ask, Popular Products, Related Searches, Image Pack, Site Links","0.54,0.41,0.30,0.66,0.36,0.41,0.79,0.54,0.41,0.36,0.54,0.54",20,,
br,brastemp frost free clean,brastemp,,,,,1300,17,0.15,1.00,195,Informational,"Video Carousel, Popular Products, Related Searches, Short Videos, Image Pack, Site Links, Video","0.30,0.41,0.66,0.54,0.20,0.20,0.24,0.41,1.00,1.00,0.66,0.66",20,,
br,brastemp frost free inverse,brastemp,,,,,1300,31,0.30,1.00,176,"Informational, Transactional","Site Links, Reviews, Video, Video Carousel, Popular Products, Related Searches, Short Videos, Image Pack","0.52,0.52,0.68,0.68,0.52,0.52,0.84,0.68,0.68,0.52,0.68,0.52",20,,
br,brastemp gourmand forno,brastemp,,,,,1300,25,0.12,1.00,164,Informational,"Video Carousel, People Also Ask, Popular Products, Related Searches, Image Pack, Site Links, Reviews","0.66,0.66,0.79,0.66,0.54,0.30,0.66,0.66,0.41,0.41,0.41,0.54",20,,
br,brastemp lava e seca 11kg,brastemp,,,,,1300,28,0.17,1.00,168,Commercial,"People Also Ask, Popular Products, Related Searches, Short Videos, AI Overview, Site Links, Video, Video Carousel","0.13,0.34,0.24,0.34,0.44,0.44,1.00,0.24,0.55,0.65,0.65,0.65",20,,
br,brastemp lavadora 11kg,brastemp,,,,,1300,25,0.16,1.00,173,Informational,"Video, Video Carousel, People Also Ask, Popular Products, Related Searches, Short Videos, Image Pack, Site Links","0.36,0.20,0.36,0.36,0.20,0.27,0.24,0.44,0.44,0.52,0.66,0.52",20,,
br,brastemp lavadora 12kg,brastemp,,,,,1300,26,0.15,1.00,164,Transactional,"People Also Ask, Popular Products, Related Searches, Site Links, Video","0.29,0.07,0.12,0.16,0.07,0.16,0.08,0.19,0.19,0.19,0.19,0.19",20,,
br,brastemp lavadora de roupas,brastemp,,,,,1300,29,0.21,1.00,184,Transactional,"Popular Products, Related Searches, Short Videos, Site Links, Reviews, Video, Adwords Bottom, People Also Ask","0.10,0.15,0.07,0.15,0.43,0.28,0.28,0.15,0.36,0.10,0.13,0.15",20,,
br,brastemp maquina 11kg,brastemp,,,,,1300,26,0.14,1.00,167,Informational,"People Also Ask, Popular Products, Related Searches, Image Pack, Site Links, Video, Video Carousel","0.00,0.00,0.00,0.00,0.79,1.00,1.00,0.66,0.66,0.79,1.00,1.00",20,,
br,brastemp purificador de agua,brastemp,,,,,1300,24,0.24,1.00,161,Commercial,"Image Pack, Reviews, People Also Ask, Short Videos, Site Links, Video, Video Carousel, Popular Products, Related Searches","0.44,0.18,0.10,0.24,0.18,0.44,0.16,0.13,0.29,0.16,0.29,0.16",20,,
br,brastemp purificador de água,brastemp,,,,,1300,24,0.24,1.00,167,Commercial,"Related Searches, Image Pack, Site Links, Reviews, Video, Video Carousel, People Also Ask, Popular Products","0.29,0.18,0.13,0.18,0.35,0.24,0.24,0.35,0.35,0.18,0.24,0.18",20,,
br,brastemp sac,brastemp,,,,,1300,33,0.16,0.17,159,"Informational, Navigational","People Also Ask, Related Searches, AI Overview, Site Links, Reviews","0.68,0.68,0.68,0.52,0.52,0.68,0.68,0.84,0.84,0.84,0.84,0.68",20,,
br,casas bahia geladeira brastemp,brastemp,,,,,1300,32,0.15,1.00,193,"Navigational, Transactional","Image Pack, Site Links, People Also Ask, Popular Products, Related Searches","0.28,0.19,0.24,0.19,0.19,0.19,0.19,0.08,0.19,0.08,0.36,0.19",20,,
br,coifa da brastemp,brastemp,,,,,1300,22,0.24,1.00,166,"Informational, Transactional","Image Pack, Site Links, Reviews, Video, Popular Products, Related Searches","0.34,0.55,0.34,0.82,0.34,0.34,0.24,0.34,0.34,0.34,0.55,0.44",20,,
br,cooktop 5 bocas brastemp ative,brastemp,,,,,1300,24,0.08,1.00,169,"Informational, Transactional","People Also Ask, Popular Products, Related Searches, Image Pack, Site Links, Reviews, Video","0.44,0.34,0.34,0.44,0.34,0.44,0.44,0.44,0.44,0.34,0.44,0.44",20,,
br,cooktop ative brastemp 5 bocas,brastemp,,,,,1300,24,0.08,1.00,325000,"Informational, Transactional","Popular Products, Related Searches, Image Pack, Site Links, Reviews, Video, Video Carousel, People Also Ask","0.30,0.20,0.24,0.44,0.20,0.44,0.55,0.55,0.55,0.55,0.65,0.65",20,,
br,cooktop brastemp gourmand,brastemp,,,,,1300,29,0.16,1.00,164,Informational,"Related Searches, Image Pack, Site Links, Reviews, Video, Video Carousel, People Also Ask, Popular Products","0.20,0.30,0.44,0.55,0.44,0.34,0.65,0.30,0.55,0.34,0.44,0.34",20,,
br,cooktop brastemp por indução,brastemp,,,,,1300,28,0.12,1.00,158,"Informational, Transactional","Reviews, Video, Video Carousel, People Also Ask, Popular Products, Related Searches, Site Links","0.18,0.44,0.02,0.24,0.35,0.35,0.24,0.16,0.18,0.13,0.13,0.18",20,,
br,cooktop indução 5 bocas brastemp,brastemp,,,,,1300,25,0.09,1.00,166,Transactional,"Related Searches, Image Pack, Site Links, Video, Video Carousel, People Also Ask, Popular Products","0.54,0.54,0.66,0.66,0.66,0.66,0.66,0.36,0.54,0.41,0.41,0.41",20,,
br,cupom desconto brastemp,brastemp,,,,,1300,23,0.73,1.00,167,Transactional,"AI Overview, Reviews, Video, Video Carousel, People Also Ask, Related Searches","0.29,0.36,0.29,0.29,0.29,0.22,0.36,0.13,0.22,0.20,0.22,0.16",90,,
br,fogao brastemp 4 bocas embutir,brastemp,,,,,1300,24,0.14,1.00,163,"Informational, Transactional","Image Pack, Site Links, People Also Ask, Popular Products, Related Searches","0.27,0.27,0.44,0.36,0.36,0.36,0.44,0.24,0.36,0.27,0.44,0.27",20,,
br,fogao de embutir 5 bocas brastemp,brastemp,,,,,1300,21,0.16,1.00,161,"Informational, Transactional","Reviews, Video, Popular Products, Related Searches, Image Pack, Site Links","0.55,0.30,0.34,0.44,0.44,0.55,1.00,0.55,0.44,0.34,0.34,0.34",20,,
br,fogoes brastemp de embutir,brastemp,,,,,1300,30,0.11,1.00,167,"Informational, Transactional","Site Links, Video, Popular Products, Related Searches","0.00,0.44,0.44,0.35,0.00,0.00,0.00,0.00,0.53,0.00,0.66,0.53",20,,
br,fogão 4 bocas brastemp branco,brastemp,,,,,1300,24,0.15,1.00,168,Informational,"People Also Ask, Popular Products, Related Searches, Image Pack, Site Links, Video, Video Carousel","0.29,0.29,0.29,0.18,0.24,0.35,0.35,0.18,0.13,0.18,0.24,0.24",20,,
br,fogão 5 bocas brastemp de embutir,brastemp,,,,,1300,24,0.16,1.00,163,Informational,"Image Pack, Site Links, Video, Adwords Bottom, People Also Ask, Related Searches","0.35,0.24,0.13,0.24,0.24,0.29,0.35,0.16,0.29,0.24,0.18,0.24",20,,
br,fogão 5 bocas embutir brastemp,brastemp,,,,,1300,26,0.20,1.00,166,"Informational, Transactional","Related Searches, Image Pack, Site Links, Reviews, Video, People Also Ask, Popular Products","0.44,0.44,0.82,0.65,0.02,0.00,0.03,0.00,0.55,0.65,0.82,0.65",20,,
br,fogão 6 bocas inox brastemp,brastemp,,,,,1300,24,0.10,1.00,164,"Informational, Transactional","Image Pack, Site Links, Video, Image, People Also Ask, Popular Products, Related Searches","0.44,0.44,0.52,0.52,0.27,0.44,0.52,0.16,0.20,0.20,0.36,0.20",20,,
br,fogão brastemp 4 bocas de embutir,brastemp,,,,,1300,22,0.14,1.00,163,Informational,"Site Links, Video, People Also Ask, Popular Products, Related Searches, Image Pack","0.20,0.52,0.52,0.66,0.36,0.44,0.36,0.13,0.13,0.36,0.52,0.20",20,,
br,fogão brastemp cooktop,brastemp,,,,,1300,25,0.12,1.00,181,"Informational, Transactional","Related Searches, Image Pack, Site Links, People Also Ask, Popular Products","0.36,0.27,0.13,0.36,0.27,0.52,0.44,0.20,0.44,0.36,0.08,0.36",20,,
br,fogão brastemp de embutir 5 bocas,brastemp,,,,,1300,24,0.16,1.00,164,"Informational, Transactional","Related Searches, Image Pack, Site Links, Video, People Also Ask, Popular Products","0.13,0.18,0.10,0.29,0.24,0.44,0.44,0.35,0.29,0.24,0.18,0.24",20,,
br,fogão brastemp embutir 5 bocas,brastemp,,,,,1300,24,0.20,1.00,165,Informational,"Popular Products, Related Searches, Image Pack, Site Links, Video, People Also Ask","0.20,0.44,0.20,0.27,0.52,0.66,0.44,0.27,0.44,0.36,0.44,0.36",20,,
br,fogão brastemp inox 6 bocas,brastemp,,,,,1300,25,0.10,1.00,158,"Informational, Commercial","People Also Ask, Popular Products, Related Searches, Image Pack, Site Links, Video","0.65,0.55,0.24,0.44,0.44,0.55,0.55,0.44,0.55,0.44,0.55,0.44",20,,
br,fogão cook 5 bocas brastemp,brastemp,,,,,1300,28,0.12,1.00,177,Commercial,"Image Pack, Site Links, People Also Ask, Popular Products, Related Searches","0.66,0.44,0.53,0.07,0.00,0.00,0.00,0.00,0.00,0.00,0.00,0.16",20,,
br,fogão cooktop da brastemp,brastemp,,,,,1300,25,0.12,1.00,172,"Informational, Transactional","People Also Ask, Popular Products, Related Searches, AI Overview, Image Pack, Site Links, Video","0.18,0.24,0.13,0.24,0.16,0.16,0.29,0.16,0.29,0.24,0.29,0.29",20,,
br,fogão indução brastemp,brastemp,,,,,1300,25,0.13,1.00,163,"Informational, Transactional","Related Searches, Image Pack, Site Links, Reviews, Video, People Also Ask, Popular Products","0.55,0.55,0.65,0.65,0.65,0.34,0.55,0.30,0.30,0.24,0.30,0.30",20,,
br,fogão inox 6 bocas brastemp,brastemp,,,,,1300,24,0.10,1.00,165,Informational,"Related Searches, Image Pack, Site Links, Video, People Also Ask, Popular Products","0.10,0.36,0.54,0.29,0.20,0.20,0.54,0.29,0.36,0.29,0.36,0.36",20,,
br,fogão inox brastemp 6 bocas,brastemp,,,,,1300,22,0.10,1.00,163,Informational,"Related Searches, Image Pack, Site Links, Video, Popular Products","0.43,0.36,0.16,0.29,0.22,0.20,0.81,0.22,0.22,0.22,0.36,0.29",20,,
br,fogão para embutir 4 bocas brastemp,brastemp,,,,,1300,20,0.14,1.00,165,Transactional,"AI Overview, Site Links, Video, Popular Products, Related Searches","0.54,0.36,0.36,0.04,0.00,0.00,0.19,0.04,0.15,0.07,0.13,0.19",20,,
br,fogão por indução brastemp,brastemp,,,,,1300,28,0.13,1.00,161,"Informational, Transactional","Image Pack, Site Links, Video, Video Carousel, People Also Ask, Popular Products, Related Searches","0.44,0.44,0.55,0.55,0.55,0.34,0.44,0.20,0.30,0.24,0.30,0.30",20,,
br,fogões brastemp 4 bocas de embutir,brastemp,,,,,1300,25,0.14,1.00,163,Commercial,"Related Searches, AI Overview, Site Links, Popular Products","0.20,0.54,0.54,0.36,0.22,0.13,0.16,0.07,0.16,0.16,0.16,0.10",20,,
br,forno brastemp a gas,brastemp,,,,,1300,23,0.15,1.00,179,"Informational, Commercial","Video, Video Carousel, People Also Ask, Popular Products, Related Searches, Image Pack, Site Links","0.44,0.44,0.44,0.55,0.44,0.44,0.55,0.34,0.34,0.30,0.34,0.44",20,,
br,forno de embutir brastemp a gas,brastemp,,,,,1300,28,0.15,1.00,179,Informational,"People Also Ask, Popular Products, Related Searches, AI Overview, Site Links, Video, Video Carousel","0.24,0.04,0.03,0.02,0.35,0.66,0.29,0.29,0.24,0.01,0.00,0.35",20,,
br,forno gourmand brastemp,brastemp,,,,,1300,25,0.12,1.00,164,Informational,"Site Links, Reviews, Video, Video Carousel, People Also Ask, Popular Products, Related Searches, Image Pack","0.54,0.66,1.00,0.66,0.41,0.54,0.79,0.54,0.54,0.36,0.41,0.41",20,,
br,freezer brastemp frost free,brastemp,,,,,1300,26,0.23,1.00,195,Commercial,"Video Carousel, Popular Products, Related Searches, Adwords Middle, Image Pack, Site Links, Video, Adwords Top","0.30,0.34,0.34,0.24,0.34,0.44,0.55,0.65,0.65,0.55,0.55,0.44",20,,
br,geladeira brastemp frost free 462 litros,brastemp,,,,,1300,31,0.18,1.00,174,"Informational, Commercial","People Also Ask, Popular Products, Related Searches, Image Pack, Site Links, Video","0.43,0.15,0.19,0.15,0.10,0.15,0.19,0.15,0.19,0.13,0.15,0.15",20,,
br,geladeira brastemp frost free ative,brastemp,,,,,1300,31,0.13,1.00,169,Informational,"Video, People Also Ask, Popular Products, Related Searches, Image Pack, Site Links","0.36,0.08,0.36,0.52,0.20,0.44,0.44,0.52,0.36,0.24,0.52,0.27",20,,
br,geladeira brastemp frost free clean,brastemp,,,,,1300,24,0.15,1.00,158,Informational,"Related Searches, Image Pack, Site Links, Video, People Also Ask, Popular Products","0.66,0.54,0.66,0.66,0.54,0.54,0.54,0.30,0.41,0.54,0.54,0.41",20,,
br,geladeira brastemp inox frost free,brastemp,,,,,1300,29,0.29,1.00,179,"Informational, Transactional","People Also Ask, Popular Products, Related Searches, Short Videos, Site Links","0.30,0.30,0.34,0.55,0.44,0.44,0.65,0.44,0.65,0.44,0.55,0.55",20,,
br,geladeira brastemp inverse 573 litros,brastemp,,,,,1300,29,0.15,1.00,178,Informational,"Reviews, Video, People Also Ask, Popular Products, Related Searches, Image Pack, Site Links","0.29,0.35,0.29,0.24,0.29,0.24,0.29,0.29,0.24,0.16,0.13,0.16",20,,
br,geladeira brastemp inverse 588 litros,brastemp,,,,,1300,28,0.19,1.00,162,"Informational, Transactional","Video, People Also Ask, Related Searches, Knowledge Panel, Image Pack, Site Links","0.34,0.30,0.44,0.44,0.34,0.30,0.65,0.55,0.44,0.30,0.24,0.16",20,,
br,geladeira brastemp inverse frost free,brastemp,,,,,1300,24,0.28,1.00,173,"Informational, Transactional","Reviews, Popular Products, Short Videos, Image Pack, Site Links, Video, Video Carousel, People Also Ask, Related Searches, AI Overview","0.24,0.28,0.19,0.15,0.24,0.24,0.10,0.19,0.08,0.10,0.08,0.15",20,,
br,geladeira brastemp magazine luiza,brastemp,,,,,1300,31,0.17,1.00,166,"Informational, Transactional","Image Pack, Site Links, Video, Video Carousel, People Also Ask, Popular Products, Related Searches","0.29,0.20,0.20,0.29,0.22,0.29,0.36,0.29,0.36,0.20,0.16,0.16",20,,
br,geladeira brastemp na casas bahia,brastemp,,,,,1300,30,0.15,1.00,165,Navigational,"Popular Products, Related Searches, Image Pack, Site Links","0.43,0.10,0.10,0.19,0.10,0.28,0.13,0.04,0.08,0.10,0.15,0.24",20,,
br,geladeira brastemp pequena,brastemp,,,,,1300,27,0.15,1.00,199,"Informational, Commercial","Image Pack, Site Links, Reviews, People Also Ask, Popular Products, Related Searches","0.81,0.55,0.81,0.81,0.81,0.81,0.62,0.81,0.81,0.62,0.62,0.81",20,,
br,geladeira brastemp promoção,brastemp,,,,,1300,34,0.19,1.00,199,"Informational, Transactional","People Also Ask, Popular Products, Related Searches, AI Overview, Image Pack, Site Links","0.18,0.16,0.16,0.24,0.18,0.18,0.35,0.24,0.29,0.18,0.18,0.18",20,,
br,geladeira casas bahia brastemp,brastemp,,,,,1300,36,0.15,1.00,192,Navigational,"Image Pack, Site Links, People Also Ask, Popular Products, Related Searches","0.16,0.29,0.07,0.04,0.24,0.29,0.53,0.29,0.24,0.18,0.29,0.24",20,,
br,geladeira frost free brastemp antiga,brastemp,,,,,1300,31,0.10,0.98,190,"Informational, Commercial","People Also Ask, Popular Products, Related Searches, Image Pack, Site Links, Video","0.41,0.30,0.41,0.54,0.54,0.54,0.30,0.66,0.54,0.36,0.66,0.54",20,,
br,geladeira frost free brastemp ative,brastemp,,,,,1300,31,0.13,1.00,172,Commercial,"Image Pack, Site Links, Video, People Also Ask, Popular Products, Related Searches","0.24,0.34,0.24,0.44,0.55,0.65,0.55,0.55,0.65,0.24,0.55,0.65",20,,
br,geladeira frost free brastemp inox,brastemp,,,,,1300,24,0.29,1.00,182,Transactional,"Popular Products, Related Searches, AI Overview, Site Links, People Also Ask","0.20,0.20,0.22,0.36,0.29,0.22,0.43,0.43,0.22,0.29,0.43,0.36",20,,
br,geladeira frost free brastemp inverse 447 litros inox - bre57fk,brastemp,,,,,1300,23,0.44,1.00,162,Informational,"People Also Ask, Popular Products, Related Searches, Site Links, Reviews, Video, Video Carousel","0.44,0.27,0.36,0.16,0.27,0.20,1.00,0.52,0.44,0.24,0.27,0.27",20,,
br,geladeira inox brastemp frost free,brastemp,,,,,1300,24,0.29,1.00,170,Transactional,"Short Videos, Site Links, Video Carousel, People Also Ask, Popular Products, Related Searches","0.20,0.20,0.16,0.52,0.36,0.27,0.20,0.24,0.44,0.36,0.44,0.44",20,,
br,geladeira inox brastemp inverse,brastemp,,,,,1300,25,0.30,1.00,190,"Informational, Transactional","Video Carousel, People Also Ask, Popular Products, Related Searches, Short Videos, Image Pack, Site Links, Video","0.24,0.24,0.18,0.24,0.13,0.08,0.18,0.29,0.44,0.44,0.44,0.44",20,,
br,geladeira inox frost free brastemp,brastemp,,,,,1300,29,0.29,1.00,180,Transactional,"Site Links, Video, Video Carousel, People Also Ask, Popular Products, Related Searches, Short Videos","0.24,0.24,0.27,0.36,0.20,0.27,0.27,0.66,0.66,0.52,0.66,0.66",20,,
br,geladeira inverse brastemp inox,brastemp,,,,,1300,25,0.30,1.00,183,"Informational, Transactional","Popular Products, Related Searches, Image Pack, Site Links, Video, People Also Ask","0.22,0.29,0.29,0.36,0.36,0.29,0.22,0.22,0.54,0.36,0.22,0.36",20,,
br,gourmand brastemp microondas,brastemp,,,,,1300,22,0.16,1.00,162,"Informational, Transactional","Site Links, Reviews, Video, Popular Products, Related Searches, AI Overview, Image Pack","1.00,0.81,0.81,0.55,1.00,1.00,1.00,0.62,0.55,0.62,0.62,0.62",20,,
br,lava e seca brastemp 15kg,brastemp,,,,,1300,25,0.14,1.00,169,Commercial,"Popular Products, Related Searches, Site Links, Video, People Also Ask","0.65,0.65,0.65,0.55,0.34,0.34,0.55,0.30,0.44,0.34,0.34,0.44",20,,
br,lava e seca da brastemp,brastemp,,,,,1300,29,0.22,1.00,166,Commercial,"People Also Ask, Popular Products, Related Searches, AI Overview, Site Links, Reviews, Video, Video Carousel","0.16,0.29,0.08,0.05,0.03,0.19,0.16,0.03,0.07,0.03,0.13,0.54",20,,
br,lava louca brastemp 15,brastemp,,,,,1300,27,0.29,1.00,296000,Informational,"Adwords Middle, Site Links, Video Carousel, People Also Ask, Popular Products, Knowledge Panel, Reviews, Video, Adwords Top, Related Searches, Short Videos","0.20,0.30,0.34,0.30,0.30,0.44,1.00,0.55,0.82,0.65,0.65,0.82",20,,
br,lava louca brastemp ative 8 servicos,brastemp,,,,,1300,20,0.11,1.00,145,Informational,"Related Searches, Image Pack, Site Links, Reviews, Video, Video Carousel, Popular Products","0.37,0.68,0.68,0.84,0.52,0.68,0.68,0.52,0.68,0.46,0.37,0.31",20,,
br,lava loucas 14 servicos brastemp,brastemp,,,,,1300,24,0.26,1.00,160,Informational,"Video Carousel, People Also Ask, Popular Products, Related Searches, AI Overview, Site Links, Reviews, Video","0.36,0.44,0.52,0.27,0.36,0.36,0.44,0.36,0.36,0.20,0.27,0.36",20,,
br,lava louça 15 serviços brastemp,brastemp,,,,,1300,31,0.28,1.00,160,Informational,"Knowledge Panel, Video Carousel, Popular Products, Short Videos, Site Links, Reviews, Video, People Also Ask, Related Searches","0.20,0.24,0.34,0.44,0.30,0.30,0.55,0.55,0.65,0.30,0.82,0.55",20,,
br,lava louças brastemp 10 servicos,brastemp,,,,,1300,29,0.27,1.00,164,"Informational, Transactional","Reviews, Video, Video Carousel, People Also Ask, Related Searches, AI Overview, Knowledge Panel, Site Links","0.15,0.28,0.19,0.28,0.28,0.19,0.19,0.15,0.24,0.07,0.28,0.28",20,,
br,lava roupas brastemp 13kg,brastemp,,,,,1300,26,0.26,1.00,175,Informational,"Video Carousel, People Also Ask, Popular Products, Related Searches, Short Videos, Site Links, Video","1.00,0.03,0.04,0.03,0.52,0.27,0.20,0.52,0.36,0.44,0.36,0.27",20,,
br,lavadora 11kg brastemp,brastemp,,,,,1300,25,0.16,1.00,172,Commercial,"Image Pack, Site Links, Video, Video Carousel, People Also Ask, Popular Products, Related Searches","0.24,0.36,0.20,0.44,0.27,0.24,0.52,0.24,0.36,0.36,0.36,0.36",20,,
br,lavadora de roupa brastemp,brastemp,,,,,1300,25,0.21,1.00,205,Transactional,"Image Pack, Site Links, Reviews, Video, People Also Ask, Popular Products, Related Searches, Short Videos","0.24,0.30,0.82,0.30,0.44,0.34,0.44,0.34,0.30,0.44,0.82,0.24",20,,
br,loja brastemp oficial,brastemp,,,,,1300,39,0.47,1.00,0,Navigational,"Site Links, Reviews, Video, People Also Ask, Popular Products, Related Searches","0.22,0.22,0.29,0.29,0.29,0.29,0.54,0.36,0.36,0.29,0.43,0.43",20,,
br,lojas brastemp,brastemp,,,,,1300,35,0.39,1.00,173,"Navigational, Commercial","Site Links, Reviews, Video, People Also Ask, Popular Products, Related Searches","0.27,0.24,0.27,0.27,0.36,0.27,0.52,0.36,0.36,0.27,0.66,0.24",20,,
br,magnetron microondas brastemp,brastemp,,,,,1300,25,0.04,1.00,164,Informational,"Related Searches, AI Overview, Image Pack, Site Links, Video Carousel, People Also Ask, Popular Products","0.54,0.66,0.66,0.54,0.41,0.54,0.41,0.41,0.54,0.36,0.41,0.36",20,,
br,maquina 11kg brastemp,brastemp,,,,,1300,20,0.14,1.00,177,Informational,"Site Links, Video, Video Carousel, People Also Ask, Popular Products, Related Searches, Image Pack","0.22,0.36,0.29,0.43,0.43,0.29,0.29,0.22,0.29,0.22,0.29,0.36",20,,
br,maquina de lavar brastemp 14kg,brastemp,,,,,1300,24,0.32,1.00,191,Commercial,"Popular Products, Related Searches, Image Pack, Site Links, Video, Video Carousel, People Also Ask","0.16,0.10,0.18,0.18,0.13,0.18,0.29,0.24,0.44,0.35,0.35,0.53",20,,
br,maquina de lavar brastemp 9kg,brastemp,,,,,1300,26,0.10,1.00,162,Informational,"Related Searches, Image Pack, Site Links, Reviews, Video, Video Carousel, People Also Ask","0.44,0.44,0.44,0.36,0.36,0.36,0.36,0.27,0.36,0.27,0.24,0.27",20,,
br,maquina de lavar loucas brastemp,brastemp,,,,,1300,30,0.20,1.00,181,Commercial,"Reviews, Video Carousel, Related Searches, Image Pack, Video, People Also Ask, Popular Products, Short Videos, AI Overview, Site Links","0.34,0.44,0.55,0.34,0.34,0.34,0.65,0.55,0.44,0.30,0.44,0.44",20,,
br,maquina de lavar roupa brastemp 11 kg,brastemp,,,,,1300,19,0.16,1.00,167,"Informational, Commercial","Video, Video Carousel, People Also Ask, Popular Products, Related Searches, AI Overview, Image Pack, Site Links","0.46,0.84,0.68,0.84,0.52,0.68,0.84,0.46,0.68,0.37,0.46,0.52",20,,
br,maquina de lavar roupas brastemp,brastemp,,,,,1300,30,0.17,1.00,196,Commercial,"Short Videos, Site Links, Video, People Also Ask, Popular Products, Related Searches","0.19,0.19,0.24,0.15,0.19,0.36,0.19,0.19,0.19,0.15,0.24,0.28",20,,
br,maquina lava e seca brastemp,brastemp,,,,,1300,30,0.19,1.00,165,Transactional,"People Also Ask, Popular Products, Related Searches, Short Videos, Site Links, Video","0.27,0.44,0.52,0.36,0.36,0.36,0.44,0.27,0.44,0.36,0.44,0.27",20,,
br,maquina que lava e seca brastemp,brastemp,,,,,1300,28,0.19,1.00,168,Commercial,"Site Links, Reviews, Video, Video Carousel, People Also Ask, Popular Products, Related Searches, AI Overview","0.36,0.29,0.29,0.20,0.29,0.29,0.36,0.22,0.29,0.29,0.36,0.29",20,,
br,maquinas de lavar brastemp 11kg,brastemp,,,,,1300,26,0.13,1.00,164,"Informational, Transactional","Image Pack, Site Links, Video, People Also Ask, Popular Products, Related Searches","0.05,0.00,0.00,0.00,0.10,0.08,0.04,0.05,0.00,0.00,0.07,0.10",20,,
br,micro ondas brastemp,brastemp,,,,,1300,26,0.18,1.00,185,Transactional,"Site Links, Video, People Also Ask, Popular Products, Related Searches, Image Pack","0.10,0.07,0.15,0.03,0.07,0.15,0.15,0.13,0.13,0.04,0.07,0.08",20,,
br,micro-ondas brastemp,brastemp,,,,,1300,27,0.18,1.00,165,"Informational, Transactional","Site Links, People Also Ask, Popular Products, Related Searches","0.13,0.05,0.10,0.10,0.29,0.23,0.19,0.03,0.07,0.05,0.07,0.23",20,,
br,micro-ondas brastemp 32 litros,brastemp,,,,,1300,27,0.15,1.00,168,Informational,"People Also Ask, Popular Products, Related Searches, AI Overview, Knowledge Panel, Site Links, Video, Adwords Bottom","0.03,0.04,0.04,0.36,0.00,0.29,0.02,0.16,0.07,0.54,0.16,0.13",20,,
br,microondas 38 litros brastemp,brastemp,,,,,1300,25,0.19,1.00,166,Commercial,"Video, Video Carousel, People Also Ask, Popular Products, Related Searches, Image Pack, Site Links, Reviews","0.68,0.84,0.68,0.68,0.46,0.68,0.68,0.37,0.52,0.84,0.52,0.68",20,,
br,motor geladeira brastemp,brastemp,,,,,1300,25,0.07,0.99,161,"Informational, Commercial","Image Pack, Site Links, Video, People Also Ask, Popular Products, Related Searches, AI Overview","0.68,0.68,0.68,0.68,0.52,0.68,0.68,0.84,1.00,0.68,0.68,0.68",20,,
br,máquina 15kg brastemp,brastemp,,,,,1300,25,0.27,1.00,172,"Informational, Transactional","Video Carousel, People Also Ask, Popular Products, Related Searches, Image Pack, Site Links, Video","0.35,0.29,0.44,0.01,0.01,0.24,0.24,0.24,0.24,0.29,0.01,0.02",20,,
br,máquina de lavar 10kg brastemp,brastemp,,,,,1300,25,0.13,1.00,777000,Commercial,"Image Pack, Site Links, Video, People Also Ask, Popular Products, Related Searches","0.18,0.29,0.29,0.35,0.18,0.24,0.18,0.13,0.35,0.16,0.24,0.24",20,,
br,máquina de lavar brastemp 17kg,brastemp,,,,,1300,24,0.23,1.00,398000,"Informational, Transactional","People Also Ask, Popular Products, Related Searches, Short Videos, Site Links, Video, Video Carousel","0.53,0.44,0.18,0.18,0.24,0.13,0.18,0.24,0.16,0.18,0.18,0.13",20,,
br,máquina de lavar brastemp 18kg,brastemp,,,,,1300,23,0.16,1.00,169,"Informational, Commercial","Image Pack, Site Links, Video, Video Carousel, People Also Ask, Popular Products, Related Searches","0.04,0.13,0.22,0.29,0.43,0.36,1.00,0.54,0.65,0.54,0.54,0.65",20,,
br,máquina de lavar brastemp 9kg,brastemp,,,,,1300,27,0.10,1.00,450000,Informational,"AI Overview, Image Pack, Site Links, Reviews, Video, People Also Ask, Related Searches","0.52,0.52,0.52,0.52,0.44,0.36,0.27,0.24,0.36,0.27,0.24,0.24",20,,
br,máquina de lavar roupa brastemp 13kg,brastemp,,,,,1300,24,0.19,1.00,166,Informational,"Site Links, Video, Video Carousel, People Also Ask, Popular Products, Related Searches, Image Pack","0.54,0.41,0.54,0.54,0.41,0.54,0.79,0.66,0.79,0.54,0.54,0.54",20,,
br,numero de serie geladeira brastemp,brastemp,,,,,1300,25,0.00,0.33,159,Informational,"Image Pack, Site Links, Reviews, Video, Video Carousel, Related Searches","0.00,0.00,0.00,0.00,0.00,0.00,0.01,0.13,0.29,0.54,0.81,1.00",20,,
br,placa máquina de lavar brastemp,brastemp,,,,,1300,24,0.05,1.00,168,Informational,"Video, Video Carousel, People Also Ask, Popular Products, Related Searches, AI Overview, Image Pack, Site Links","0.66,0.36,0.10,0.24,0.44,0.44,0.36,0.36,0.44,0.36,0.52,0.36",20,,
br,placa para maquina de lavar brastemp,brastemp,,,,,1300,24,0.05,1.00,171,Informational,"Popular Products, Related Searches, AI Overview, Image Pack, Site Links, Video Carousel, People Also Ask","0.44,0.44,0.52,0.44,0.27,0.36,0.27,0.24,0.27,0.16,0.20,0.27",20,,
br,refrigerador brastemp 375 litros inox,brastemp,,,,,1300,26,0.23,1.00,167,Informational,"Image Pack, Site Links, Video, Video Carousel, People Also Ask, Popular Products, Related Searches, Knowledge Panel","0.44,0.34,0.55,0.44,0.44,0.20,0.65,0.44,0.44,0.34,0.34,0.24",20,,
br,refrigerador brastemp inverse,brastemp,,,,,1300,25,0.23,1.00,89,Informational,"Video Carousel, People Also Ask, Related Searches, Short Videos, Image Pack, Site Links, Reviews, Video","0.18,0.24,0.18,0.18,0.18,0.18,0.24,0.24,0.24,0.18,0.24,0.24",20,,
br,retrozinha brastemp,brastemp,,,,,1300,26,0.23,1.00,173,"Informational, Transactional","Related Searches, Image Pack, Site Links, Video, Image, Video Carousel, People Also Ask, Popular Products","0.10,0.00,0.08,0.00,0.00,0.29,0.29,0.05,0.08,0.00,0.01,0.00",20,,
br,secadora de roupas brastemp 10kg,brastemp,,,,,1300,26,0.24,1.00,167,Informational,"Image Pack, Site Links, Video Carousel, People Also Ask, Related Searches, Short Videos, AI Overview, Video, Popular Products","0.43,1.00,0.54,0.29,0.16,0.20,0.20,0.10,0.13,0.08,0.22,0.29",20,,
br,air fryer brastemp,brastemp,,,,,1000,31,0.12,1.00,167,Transactional,"Popular Products, Related Searches, Short Videos, Site Links, Reviews, Video, Image, People Also Ask","0.54,0.41,0.41,0.54,0.41,0.41,0.54,0.36,0.41,0.30,0.30,0.30",20,,
br,assistência brastemp,brastemp,,,,,1000,51,0.35,0.54,89,Navigational,"Local Pack, Site Links, Image, People Also Ask, Related Searches","0.66,0.66,1.00,0.30,0.36,0.36,0.41,0.30,0.36,0.54,0.30,0.30",20,,
br,assistência da brastemp,brastemp,,,,,1000,27,0.35,0.54,104,Navigational,"Local Pack, Site Links, Reviews, People Also Ask, Related Searches","0.25,0.20,0.31,0.25,0.84,1.00,0.37,0.68,0.68,0.68,0.68,0.68",20,,
br,assistência técnica autorizada brastemp,brastemp,,,,,1000,29,0.30,0.57,104,Navigational,"People Also Ask, Related Searches, Local Pack, Site Links, Adwords Bottom","0.24,0.27,0.13,0.36,0.27,0.24,0.24,0.20,0.27,0.44,0.36,0.27",20,,
br,assistência técnica brastemp autorizada,brastemp,,,,,1000,19,0.30,0.57,106,Navigational,"Related Searches, Local Pack, Site Links, People Also Ask","0.81,0.81,0.55,0.55,0.55,0.55,0.62,0.55,0.62,0.62,0.55,0.45",20,,
br,brastemp 11 kg,brastemp,,,,,1000,26,0.17,1.00,174,Informational,"Image Pack, Site Links, Video, People Also Ask, Popular Products, Related Searches","0.44,0.27,0.44,0.27,0.27,0.27,0.44,0.20,0.24,0.20,0.27,0.36",20,,
br,brastemp 3 portas,brastemp,,,,,1000,28,0.39,1.00,189,Informational,"Video, Video Carousel, People Also Ask, Popular Products, Related Searches, Image Pack, Site Links","0.37,0.46,0.37,0.52,0.52,0.52,0.84,0.52,0.52,0.52,0.46,0.52",20,,
br,brastemp 5 bocas cooktop,brastemp,,,,,1000,22,0.16,1.00,165,"Informational, Transactional","Site Links, Popular Products, Related Searches","0.12,0.16,0.10,0.08,0.05,0.16,0.16,0.05,0.10,0.03,0.44,0.54",20,,
br,brastemp 588 litros,brastemp,,,,,1000,28,0.33,1.00,159,Informational,"Reviews, Video, Video Carousel, People Also Ask, Related Searches, Knowledge Panel, Image Pack, Site Links","0.54,0.41,0.54,0.54,0.54,0.54,1.00,0.66,0.36,0.16,0.16,0.10",20,,
br,brastemp ative 11kg antiga,brastemp,,,,,1000,33,0.07,0.99,153,Informational,"Related Searches, Image Pack, Site Links, Video, Video Carousel, People Also Ask, Popular Products","0.84,0.68,0.68,0.68,0.52,0.46,0.37,0.46,0.52,0.37,0.37,0.37",20,,
br,brastemp ative frost free,brastemp,,,,,1000,30,0.13,1.00,131,Informational,"Image Pack, Site Links, People Also Ask, Popular Products, Related Searches","0.67,0.76,0.67,0.67,0.76,0.55,0.76,1.00,0.76,0.55,0.76,0.55",20,,
br,brastemp ative geladeira inverse,brastemp,,,,,1000,21,0.12,1.00,160,Informational,"People Also Ask, Popular Products, Related Searches, Image Pack, Site Links, Video, Video Carousel","0.68,0.46,0.68,0.37,0.46,0.52,0.52,0.52,0.52,0.37,0.52,0.52",20,,
br,brastemp ative lava louça 8 serviços,brastemp,,,,,1000,23,0.11,1.00,155,"Informational, Transactional","Image Pack, Site Links, Reviews, Video, Video Carousel, People Also Ask, Popular Products, Related Searches","0.44,0.44,0.20,0.30,0.30,0.20,0.44,0.30,0.34,0.30,0.24,0.34",20,,
br,brastemp b blend preco,brastemp,,,,,1000,33,0.09,1.00,164,Transactional,"Site Links, People Also Ask, Related Searches, AI Overview","0.29,0.20,0.16,0.20,0.36,0.29,0.29,0.22,0.29,0.20,0.16,0.16",20,,
br,brastemp b blend preço,brastemp,,,,,1000,33,0.09,1.00,160,Transactional,"Related Searches, AI Overview, Site Links, People Also Ask, Popular Products","0.15,0.13,0.10,0.13,0.15,0.15,0.15,0.15,0.19,0.15,0.13,0.10",20,,
br,brastemp bwk13ab,brastemp,,,,,1000,31,0.34,1.00,168,Informational,"Knowledge Panel, Image Pack, Site Links, Video, Video Carousel, People Also Ask, Related Searches","1.00,1.00,1.00,0.76,0.76,1.00,1.00,0.76,0.76,0.67,0.67,0.45",20,,
br,brastemp clean,brastemp,,,,,1000,29,0.17,1.00,185,Informational,"Related Searches, Image Pack, Site Links, Reviews, Video, Video Carousel, People Also Ask, Popular Products","0.52,0.37,0.68,0.68,0.52,0.46,0.52,0.52,0.68,0.46,0.52,0.46",20,,
br,brastemp cooktop 5 bocas ative,brastemp,,,,,1000,21,0.08,1.00,174,Transactional,"Image Pack, Site Links, Reviews, Video, Popular Products, Related Searches","0.55,0.30,0.44,0.44,0.20,0.44,0.24,0.11,0.34,0.30,0.34,0.34",20,,
br,brastemp cupons,brastemp,,,,,1000,35,0.67,1.00,165,Transactional,"Video Carousel, People Also Ask, Related Searches, AI Overview, Reviews, Video","0.44,0.36,0.20,0.52,0.13,0.44,0.10,0.20,0.16,0.16,0.44,0.13",75,,
br,brastemp filtro de agua,brastemp,,,,,1000,22,0.34,1.00,163,Transactional,"Reviews, Video, Popular Products, Related Searches, Image Pack, Site Links, Adwords Top, Video Carousel, Short Videos","0.44,0.34,0.34,0.44,0.34,0.34,0.34,0.24,0.34,0.34,0.44,0.34",20,,
br,brastemp fogoes de embutir,brastemp,,,,,1000,24,0.11,1.00,161,"Informational, Transactional","People Also Ask, Popular Products, Related Searches, Image Pack, Site Links, Video, Adwords Bottom","0.00,0.44,0.44,0.35,0.00,0.00,0.00,0.00,0.10,0.00,0.24,0.29",20,,
br,brastemp fogão 5 bocas embutir,brastemp,,,,,1000,21,0.20,1.00,174,"Informational, Transactional","People Also Ask, Popular Products, Related Searches, Image Pack, Site Links, Video","0.20,0.27,0.05,0.08,0.36,0.52,0.80,0.27,0.20,0.27,0.44,0.24",20,,
br,brastemp fogão cooktop,brastemp,,,,,1000,26,0.12,1.00,175,"Informational, Transactional","Image Pack, Site Links, Popular Products, Related Searches","0.44,0.07,0.07,0.05,0.16,0.10,0.24,0.13,0.18,0.16,0.24,0.18",20,,
br,brastemp forno a gas,brastemp,,,,,1000,33,0.15,1.00,174,Commercial,"Site Links, Video, Video Carousel, People Also Ask, Popular Products, Related Searches, AI Overview","0.44,0.44,0.34,0.44,0.44,0.30,0.55,0.08,0.24,0.24,0.34,0.34",20,,
br,brastemp forno microondas,brastemp,,,,,1000,25,0.13,1.00,191,"Informational, Transactional","AI Overview, Image Pack, Site Links, Video, Video Carousel, People Also Ask, Popular Products, Related Searches","0.68,0.52,0.68,0.37,0.46,0.52,0.68,0.52,0.46,0.31,0.37,0.37",20,,
br,brastemp frigobar retro,brastemp,,,,,1000,25,0.23,1.00,162,"Navigational, Commercial","Image Pack, Site Links, Video, Image, People Also Ask, Popular Products, Related Searches, Adwords Middle, Adwords Top","0.08,0.08,0.16,0.08,0.13,0.10,0.19,0.03,0.04,0.04,0.10,0.54",20,,
br,brastemp geladeira preta,brastemp,,,,,1000,24,0.30,1.00,181,"Informational, Transactional","Related Searches, Image Pack, Site Links, Video, Popular Products","0.29,0.16,0.13,0.29,0.20,0.16,0.36,0.16,0.16,0.13,0.29,0.22",20,,
br,brastemp geladeira retro,brastemp,,,,,1000,23,0.18,1.00,163,"Navigational, Transactional","Image Pack, Site Links, Video, Popular Products, Related Searches","0.00,0.03,0.13,0.36,0.24,0.52,0.66,0.44,0.44,0.44,0.52,0.52",20,,
br,brastemp inverse ative,brastemp,,,,,1000,26,0.14,1.00,183,Informational,"Image Pack, Site Links, Video, Adwords Bottom, Video Carousel, People Also Ask, Popular Products, Related Searches","0.62,0.55,0.62,0.62,0.62,0.62,0.62,0.62,0.62,0.55,0.62,0.55",20,,
br,brastemp loja oficial,brastemp,,,,,1000,42,0.47,1.00,0,"Navigational, Transactional","People Also Ask, Popular Products, Related Searches, Knowledge Panel, Site Links, Video","0.24,0.20,0.24,0.24,0.27,0.27,0.44,0.36,0.44,0.27,0.36,0.44",20,,
br,brastemp maquina,brastemp,,,,,1000,26,0.29,1.00,188,"Informational, Transactional","Image Pack, Site Links, Reviews, Video, People Also Ask, Popular Products, Related Searches","0.66,0.13,0.35,0.08,0.16,0.29,0.13,0.01,0.18,0.10,0.18,0.18",20,,
br,brastemp maquina de lavar 15kg,brastemp,,,,,1000,24,0.28,1.00,171,Commercial,"Site Links, Video, Adwords Top, Adwords Bottom, People Also Ask, Popular Products, Related Searches, Short Videos","0.65,0.20,1.00,0.10,0.08,0.13,0.08,0.00,0.13,0.08,0.00,0.22",20,,
br,brastemp maquina lavar roupa,brastemp,,,,,1000,28,0.26,1.00,213,"Informational, Transactional","Image Pack, Site Links, Video, People Also Ask, Popular Products, Related Searches, Short Videos","0.66,0.20,0.20,0.36,0.20,0.36,0.27,0.20,0.24,0.24,0.27,0.27",20,,
br,brastemp microondas 30 litros,brastemp,,,,,1000,31,0.12,1.00,192,Commercial,"Image Pack, Site Links, Reviews, Video, People Also Ask, Popular Products, Related Searches","0.18,0.35,0.08,0.24,0.29,0.18,0.29,0.13,0.10,0.18,0.13,0.18",20,,
br,brastemp peças,brastemp,,,,,1000,34,0.16,0.97,163,Navigational,"Local Pack, Site Links, Adwords Bottom, Popular Products, Related Searches","0.68,0.52,0.84,0.52,0.46,0.37,0.52,0.46,0.68,0.46,0.46,0.37",20,,
br,como limpar maquina de lavar brastemp,brastemp,,,,,1000,31,0.01,0.66,105,Informational,"Image Pack, Reviews, Video, People Also Ask, Related Searches, Short Videos, AI Overview","0.41,0.54,0.54,0.54,0.41,0.36,0.41,0.36,0.36,0.41,0.41,0.41",90,,
br,compre certo brastemp,brastemp,,,,,1000,44,0.26,1.00,0,"Navigational, Transactional","Popular Products, Related Searches, Knowledge Panel, Image Pack, Site Links, Reviews, Video, People Also Ask","0.18,0.13,0.02,0.05,0.35,0.35,0.44,0.13,0.18,0.16,0.24,0.24",20,,
br,cook brastemp ative 5 bocas,brastemp,,,,,1000,24,0.08,1.00,175,"Informational, Commercial","Video, People Also Ask, Popular Products, Related Searches, Image Pack, Site Links, Reviews","0.66,0.05,0.04,0.54,0.16,0.30,0.66,0.66,0.66,0.66,0.30,0.24",20,,
br,cooktop ative 4 bocas brastemp,brastemp,,,,,1000,25,0.09,1.00,167,Informational,"Related Searches, Site Links, Reviews, Video, People Also Ask, Popular Products","0.81,0.62,0.81,0.81,0.81,0.81,0.81,0.62,0.55,0.62,0.62,0.62",20,,
br,cooktop brastemp 5 bocas ative,brastemp,,,,,1000,24,0.08,1.00,162,"Informational, Transactional","Popular Products, Related Searches, Image Pack, Site Links, Video, Adwords Bottom, People Also Ask","0.54,0.54,0.54,0.36,0.36,0.54,0.36,0.30,0.54,0.41,0.41,0.54",20,,
br,cooktop brastemp ative 5 bocas,brastemp,,,,,1000,24,0.08,1.00,174,Informational,"Reviews, Video, People Also Ask, Popular Products, Related Searches, Image Pack, Site Links","0.54,0.41,0.66,0.66,0.24,0.24,0.54,0.41,0.41,0.36,0.24,0.41",20,,
br,cooktop gourmand brastemp,brastemp,,,,,1000,27,0.16,1.00,164,Informational,"People Also Ask, Popular Products, Related Searches, Image Pack, Site Links, Video, Video Carousel","0.45,0.62,0.55,0.81,0.81,0.62,0.81,0.62,0.81,0.81,0.55,0.62",20,,
br,cooktop indução brastemp 5 bocas,brastemp,,,,,1000,26,0.09,1.00,180,"Informational, Transactional","Related Searches, Image Pack, Site Links, Video, People Also Ask, Popular Products","0.52,0.68,0.68,0.68,0.68,0.68,0.68,0.37,0.46,0.52,0.46,0.37",20,,
br,filtro brastemp de agua,brastemp,,,,,1000,24,0.34,1.00,168,Informational,"Video, People Also Ask, Popular Products, Related Searches, AI Overview, Image Pack, Site Links","0.44,0.24,0.11,0.44,0.30,0.34,0.34,0.24,0.34,0.34,0.30,0.34",20,,
br,fogao 6 bocas brastemp,brastemp,,,,,1000,24,0.12,1.00,163,Informational,"Image Pack, Site Links, Video, People Also Ask, Related Searches","0.02,0.16,0.03,0.02,0.03,0.04,0.03,0.10,0.02,0.16,0.02,0.03",20,,
br,fogao brastemp 5 bocas de embutir,brastemp,,,,,1000,21,0.16,1.00,162,"Informational, Transactional","Site Links, Video, Popular Products, Related Searches","0.54,0.20,0.66,0.41,0.36,0.54,0.36,0.41,0.54,0.16,0.24,0.24",20,,
br,fogao brastemp 6 bocas inox,brastemp,,,,,1000,24,0.10,1.00,160,"Informational, Transactional","Image Pack, Site Links, Video, People Also Ask, Related Searches","0.24,0.52,0.24,0.36,0.27,0.24,0.27,0.20,0.20,0.24,0.44,0.27",20,,
br,fogoes de embutir brastemp,brastemp,,,,,1000,26,0.11,1.00,171,Transactional,"AI Overview, Site Links, Video, Popular Products, Related Searches","0.00,0.24,0.24,0.35,0.00,0.00,0.00,0.00,0.53,0.00,0.66,0.53",20,,
br,fogão 4 bocas branco brastemp,brastemp,,,,,1000,24,0.15,1.00,169,"Informational, Transactional","Image Pack, Site Links, Video, People Also Ask, Popular Products, Related Searches","0.36,0.24,0.27,0.20,0.27,0.36,0.44,0.27,0.27,0.27,0.27,0.27",20,,
br,fogão brastemp 5 bocas de embutir,brastemp,,,,,1000,23,0.16,1.00,168,Informational,"Image Pack, Site Links, Video, People Also Ask, Popular Products, Related Searches","0.24,0.44,0.24,0.24,0.34,0.44,0.82,0.44,0.44,0.24,0.20,0.30",20,,
br,fogão brastemp 5 bocas mesa de vidro,brastemp,,,,,1000,19,0.11,1.00,164,Commercial,"Image Pack, Site Links, Video, Video Carousel, People Also Ask, Popular Products, Related Searches","0.16,0.16,0.13,0.36,0.29,0.36,0.36,0.29,0.36,0.29,0.29,0.16",20,,
br,fogão cooktop 4 bocas brastemp,brastemp,,,,,1000,25,0.10,1.00,171,Commercial,"People Also Ask, Popular Products, Related Searches, Image Pack, Site Links, Video","0.36,0.41,0.36,0.41,0.36,0.41,0.54,0.36,0.41,0.41,0.41,0.41",20,,
br,forno de embutir a gas brastemp 78 litros,brastemp,,,,,1000,25,0.19,1.00,159,"Informational, Transactional","People Also Ask, Popular Products, Related Searches, Knowledge Panel, Site Links, Video","0.54,0.41,0.66,0.41,0.41,0.36,0.54,0.30,0.36,0.30,0.30,0.24",20,,
br,forno embutir a gas brastemp,brastemp,,,,,1000,29,0.15,1.00,170,Commercial,"AI Overview, Site Links, Video, Video Carousel, Popular Products, Related Searches","0.52,0.52,0.25,0.46,0.37,0.37,1.00,0.46,0.46,0.46,0.52,0.68",20,,
br,forno gas brastemp,brastemp,,,,,1000,23,0.15,1.00,193,Transactional,"Site Links, Video, Video Carousel, People Also Ask, Popular Products, Related Searches, AI Overview, Image Pack","0.24,0.36,0.27,0.36,0.36,0.24,0.36,0.24,0.44,0.27,0.27,0.27",20,,
br,forno microondas brastemp,brastemp,,,,,1000,29,0.13,1.00,192,Commercial,"Image Pack, Site Links, Reviews, Video, People Also Ask, Popular Products, Related Searches","0.54,0.36,0.54,0.41,0.41,0.41,0.41,0.41,0.41,0.24,0.36,0.36",20,,
br,forno multifuncional brastemp,brastemp,,,,,1000,25,0.07,1.00,132,Informational,"Site Links, Video, Video Carousel, People Also Ask, Related Searches, Image Pack","0.04,1.00,0.29,0.44,0.04,0.03,0.03,0.03,0.03,0.02,0.04,0.03",20,,
br,freezer vertical brastemp flex frost free 228 litros,brastemp,,,,,1000,23,0.26,1.00,165,Commercial,"Popular Products, Related Searches, Image Pack, Site Links, Reviews, Video, Video Carousel, People Also Ask","0.34,0.34,0.34,0.34,0.30,0.24,0.65,0.44,0.44,0.24,0.24,0.24",20,,
br,freezer vertical frost free brastemp,brastemp,,,,,1000,25,0.22,1.00,172,Commercial,"Video, Video Carousel, Popular Products, Related Searches, Short Videos, Site Links, Reviews","0.34,0.24,0.30,0.30,0.13,0.30,0.44,0.55,0.55,0.44,0.55,0.34",20,,
br,frigobar retrô brastemp,brastemp,,,,,1000,29,0.23,1.00,169,"Navigational, Transactional","Related Searches, Image Pack, Site Links, Video, Image, Adwords Bottom, People Also Ask, Popular Products","0.10,0.19,0.19,0.36,0.08,0.08,0.19,0.08,0.08,0.08,0.13,1.00",20,,
br,geladeira 500 litros brastemp,brastemp,,,,,1000,24,0.19,1.00,168,"Informational, Transactional","Popular Products, Related Searches, Image Pack, Site Links, Reviews, People Also Ask","0.13,0.13,0.16,0.16,0.24,0.16,0.24,0.24,0.36,0.27,0.80,1.00",20,,
br,geladeira brastemp 461 litros,brastemp,,,,,1000,27,0.20,1.00,173,"Informational, Transactional","People Also Ask, Popular Products, Related Searches, Image Pack, Site Links, Video Carousel","0.27,0.24,0.24,0.24,0.24,0.10,0.66,0.44,0.36,0.10,0.01,0.03",20,,
br,geladeira brastemp 480 litros,brastemp,,,,,1000,26,0.17,1.00,197,Commercial,"Related Searches, Image Pack, Site Links, Video, People Also Ask, Popular Products","0.46,0.46,0.46,0.46,0.52,0.52,0.84,0.46,0.52,0.68,0.52,0.68",20,,
br,geladeira brastemp 500 litros,brastemp,,,,,1000,19,0.19,1.00,171,Commercial,"Video, Video Carousel, People Also Ask, Popular Products, Related Searches, Image Pack, Site Links","0.13,0.16,0.16,0.20,0.20,0.16,0.22,0.22,0.29,0.36,0.81,0.81",20,,
br,geladeira brastemp 573 litros inverse,brastemp,,,,,1000,24,0.15,1.00,164,"Informational, Transactional","Related Searches, Image Pack, Site Links, Reviews, Video, People Also Ask, Popular Products","0.22,0.16,0.16,0.20,0.22,0.16,0.36,0.36,0.22,0.16,0.16,0.16",20,,
br,geladeira brastemp antiga frost free,brastemp,,,,,1000,22,0.10,0.98,189,Informational,"People Also Ask, Popular Products, Related Searches, Image Pack, Site Links, Video","0.36,0.30,0.36,0.66,0.41,0.36,0.41,0.66,0.41,0.36,0.41,0.36",20,,
br,geladeira brastemp branca inverse,brastemp,,,,,1000,24,0.24,1.00,199,Informational,"Image Pack, Site Links, Video Carousel, People Also Ask, Popular Products, Related Searches","0.30,0.24,0.24,0.44,0.24,0.24,0.55,0.44,0.34,0.34,0.44,0.34",20,,
br,geladeira brastemp bro85ak,brastemp,,,,,1000,35,0.34,1.00,167,Informational,"Related Searches, Knowledge Panel, Image Pack, Site Links, Video, Image, Video Carousel, People Also Ask","0.30,0.24,0.30,0.34,0.34,0.34,0.82,0.34,0.34,0.24,0.20,0.20",20,,
br,geladeira brastemp clean,brastemp,,,,,1000,27,0.12,1.00,160,Informational,"Video, People Also Ask, Popular Products, Related Searches, Adwords Middle, Image Pack, Site Links","0.41,0.36,0.41,0.54,0.41,0.41,0.41,0.54,0.54,0.36,0.41,0.41",20,,
br,geladeira brastemp frost free antiga,brastemp,,,,,1000,24,0.10,0.98,810000,Informational,"Video Carousel, People Also Ask, Popular Products, Related Searches, Image Pack, Site Links","0.41,0.41,0.41,0.41,0.54,0.41,0.54,0.54,0.41,0.41,0.41,0.41",20,,
br,geladeira brastemp grande,brastemp,,,,,1000,26,0.20,1.00,195,"Informational, Transactional","Related Searches, Image Pack, Site Links, Video, People Also Ask, Popular Products","0.46,0.37,0.46,0.46,0.46,0.37,0.84,0.68,0.84,0.68,0.68,0.68",20,,
br,geladeira brastemp inverse 443 litros inox,brastemp,,,,,1000,24,0.18,1.00,178,Informational,"Video, Video Carousel, People Also Ask, Popular Products, Related Searches, Image Pack, Site Links","0.16,0.12,0.23,0.16,0.16,0.08,0.12,0.07,0.12,0.10,0.10,0.16",20,,
br,geladeira brastemp inverse 447 litros inox,brastemp,,,,,1000,24,0.27,1.00,166,Informational,"Related Searches, Site Links, Reviews, Video, Video Carousel, People Also Ask, Popular Products","0.31,0.25,0.25,0.46,0.52,0.52,1.00,0.68,0.68,0.68,0.84,1.00",20,,
br,geladeira brastemp inverse branca,brastemp,,,,,1000,24,0.24,1.00,191,"Informational, Transactional","Site Links, Reviews, Video, People Also Ask, Popular Products, Related Searches, Image Pack","0.30,0.34,0.34,0.30,0.34,0.30,0.34,0.13,0.44,0.20,0.30,0.24",20,,
br,geladeira brastemp inverse preta,brastemp,,,,,1000,25,0.23,1.00,177,"Informational, Transactional","Popular Products, Related Searches, Image Pack, Site Links, Reviews, Video, People Also Ask","0.52,0.37,0.37,0.52,0.46,0.46,0.68,0.46,0.52,0.46,0.52,0.46",20,,
br,geladeira brastemp três portas,brastemp,,,,,1000,22,0.21,1.00,168,Informational,"Site Links, Video, Video Carousel, Popular Products, Related Searches, Image Pack","0.36,0.30,0.36,0.36,0.24,0.24,0.66,0.54,0.66,0.30,0.54,0.54",20,,
br,geladeira da brastemp,brastemp,,,,,1000,44,0.29,1.00,172,Informational,"Related Searches, Image Pack, Site Links, Reviews, Video Carousel, People Also Ask, Popular Products","0.24,0.30,0.20,0.34,0.34,0.34,0.44,0.34,0.44,0.30,0.44,0.55",20,,
br,geladeira frost free duplex 375 l brm45jk inox brastemp,brastemp,,,,,1000,27,0.45,1.00,166,Commercial,"Popular Products, Related Searches, Site Links, Video, Video Carousel, People Also Ask","0.00,0.00,0.04,0.01,0.12,0.02,1.00,0.16,0.00,0.00,0.00,0.00",20,,
br,geladeira inverse 573 litros brastemp,brastemp,,,,,1000,24,0.15,1.00,164,"Informational, Transactional","Site Links, Reviews, Video, People Also Ask, Popular Products, Related Searches","0.36,0.29,0.29,0.20,0.29,0.29,0.22,0.07,0.16,0.10,0.16,0.16",20,,
br,geladeira inverse brastemp 573 litros,brastemp,,,,,1000,24,0.15,1.00,175,Commercial,"Related Searches, Site Links, Video, People Also Ask, Popular Products","0.36,0.36,0.27,0.24,0.20,0.24,0.20,0.44,0.27,0.20,0.20,0.20",20,,
br,geladeira inverse inox brastemp,brastemp,,,,,1000,34,0.30,1.00,195,"Informational, Transactional","People Also Ask, Popular Products, Related Searches, Image Pack, Site Links, Video, Video Carousel","0.00,0.24,0.18,0.24,0.13,0.13,0.24,0.29,0.18,0.13,0.24,0.18",20,,
br,geladeira tres portas brastemp,brastemp,,,,,1000,24,0.21,1.00,158,Informational,"Related Searches, Image Pack, Site Links, Video, Video Carousel, People Also Ask, Popular Products","0.16,0.24,0.30,0.24,0.30,0.24,0.55,0.44,0.55,0.34,0.44,0.34",20,,
br,geladeiras brastemp frost free ative,brastemp,,,,,1000,30,0.13,1.00,161,"Informational, Commercial","Related Searches, AI Overview, Site Links, Video, People Also Ask, Popular Products","0.00,0.36,0.54,0.36,0.22,0.13,0.00,0.08,0.65,0.00,0.00,0.00",20,,
br,lava louca brastemp 14,brastemp,,,,,1000,24,0.25,1.00,161,Commercial,"People Also Ask, Popular Products, Related Searches, Image Pack, Site Links, Video, Video Carousel","1.00,0.79,1.00,0.30,0.03,0.08,0.20,0.13,0.20,0.36,0.24,0.54",20,,
br,lava louça brastemp 14,brastemp,,,,,1000,24,0.25,1.00,161,Informational,"Video, Video Carousel, People Also Ask, Popular Products, Related Searches, AI Overview, Site Links, Reviews","1.00,0.13,0.08,0.02,0.46,0.52,1.00,1.00,0.68,0.68,1.00,0.68",20,,
br,lava louça brastemp ative 8 serviços,brastemp,,,,,1000,23,0.11,1.00,157,Informational,"Video Carousel, People Also Ask, Popular Products, Related Searches, Image Pack, Site Links, Video","0.36,0.54,0.54,0.66,0.41,0.41,0.54,0.41,0.41,0.41,0.30,0.36",20,,
br,lava louças brastemp 12 serviços,brastemp,,,,,1000,28,0.16,1.00,167,Transactional,"Reviews, Video, Video Carousel, People Also Ask, Popular Products, Related Searches, Image Pack, Site Links","0.30,0.54,0.54,0.41,0.41,0.54,0.54,0.41,0.54,0.16,0.20,0.54",20,,
br,lava louças brastemp 8 serviços ative,brastemp,,,,,1000,23,0.11,1.00,160,Informational,"Related Searches, Image Pack, Site Links, Video, Video Carousel, People Also Ask, Popular Products","0.36,0.41,0.54,0.41,0.41,0.30,0.41,0.41,0.54,0.36,0.54,0.08",20,,
br,lava louças brastemp ative 8 serviços,brastemp,,,,,1000,23,0.11,1.00,157,Informational,"Related Searches, Image Pack, Site Links, Video, Video Carousel, People Also Ask, Popular Products","0.54,0.41,0.54,0.54,0.54,0.30,0.41,0.41,0.54,0.30,0.41,0.16",20,,
br,lava-louças 8 serviços brastemp,brastemp,,,,,1000,36,0.25,1.00,165,"Informational, Transactional","Video, Video Carousel, People Also Ask, Popular Products, Related Searches, Knowledge Panel, Site Links","0.00,0.00,0.00,0.00,0.36,0.00,0.00,0.15,0.00,0.23,0.19,0.19",20,,
br,lava-louças brastemp,brastemp,,,,,1000,35,0.25,1.00,168,"Navigational, Transactional","Related Searches, Short Videos, Site Links, Reviews, Video, Video Carousel, People Also Ask, Popular Products","0.24,0.00,0.00,0.00,0.00,0.66,0.43,0.00,0.28,0.43,0.00,0.04",20,,
br,lavadora brastemp 12kg,brastemp,,,,,1000,29,0.15,1.00,176,Informational,"People Also Ask, Popular Products, Related Searches, Short Videos, Site Links, Video","0.03,0.07,0.05,0.05,0.05,0.05,0.04,0.04,0.05,0.03,0.02,0.07",20,,
br,lavadora brastemp 17kg,brastemp,,,,,1000,26,0.24,1.00,160,"Informational, Transactional","Site Links, Video, Video Carousel, People Also Ask, Popular Products, Related Searches, Short Videos","0.15,0.36,0.19,0.13,0.08,0.10,0.15,0.08,0.07,0.04,0.07,0.04",20,,
br,lavadora brastemp 18kg,brastemp,,,,,1000,21,0.25,1.00,161,Informational,"Shopping Ads, Video Carousel, People Also Ask, Popular Products, Related Searches, Site Links, Video, Adwords Bottom","0.13,0.37,0.68,0.68,0.68,0.68,1.00,0.68,1.00,0.68,0.52,1.00",20,,
br,lavadora de louca brastemp,brastemp,,,,,1000,31,0.18,1.00,195,"Navigational, Transactional","People Also Ask, Popular Products, Related Searches, Image Pack, Site Links, Video, Video Carousel","0.81,0.62,0.62,0.62,0.55,0.62,0.81,0.62,0.81,0.45,0.62,0.62",20,,
br,lavadoras brastemp 15kg,brastemp,,,,,1000,22,0.23,1.00,163,"Informational, Transactional","Site Links, Video Carousel, Popular Products, Related Searches, Short Videos","0.16,0.05,0.66,0.03,0.00,0.13,0.00,0.10,0.80,0.80,0.20,0.24",20,,
br,loja oficial brastemp,brastemp,,,,,1000,39,0.47,1.00,190,"Navigational, Commercial","Video, People Also Ask, Popular Products, Related Searches, Site Links, Reviews","0.24,0.20,0.27,0.24,0.27,0.27,0.44,0.27,0.44,0.20,0.36,0.36",20,,
br,magazine luiza geladeira brastemp,brastemp,,,,,1000,31,0.17,1.00,164,"Informational, Transactional","Popular Products, Related Searches, Image Pack, Site Links, Video, Video Carousel, People Also Ask","0.24,0.16,0.27,0.20,0.27,0.24,0.66,0.20,0.36,0.24,0.20,0.24",20,,
br,maquina brastemp 11 kg,brastemp,,,,,1000,24,0.10,1.00,159,Informational,"Image Pack, Site Links, Video, Video Carousel, People Also Ask, Related Searches","0.24,0.36,0.41,0.54,0.41,0.54,0.66,0.36,0.41,0.41,0.41,0.41",20,,
br,maquina brastemp 17kg,brastemp,,,,,1000,28,0.22,1.00,165,"Informational, Transactional","Site Links, Video, Video Carousel, People Also Ask, Popular Products, Related Searches, Knowledge Panel, Image Pack","0.43,0.29,0.29,0.13,0.16,0.13,0.16,0.07,0.13,0.10,0.08,0.08",20,,
br,maquina de lavar 11kg brastemp,brastemp,,,,,1000,24,0.18,1.00,182,Commercial,"Video Carousel, People Also Ask, Popular Products, Related Searches, Short Videos, Image Pack, Site Links, Video","0.16,0.20,0.43,0.13,0.22,0.36,0.20,0.43,0.20,0.16,0.43,0.29",20,,
br,maquina de lavar brastemp 9 kg,brastemp,,,,,1000,24,0.12,1.00,166,Transactional,"Image Pack, Site Links, Reviews, Video, Video Carousel, People Also Ask, Related Searches","0.54,0.41,0.54,0.54,0.30,0.30,0.54,0.30,0.41,0.41,0.41,0.41",20,,
br,maquina de lavar louça 8 serviços brastemp,brastemp,,,,,1000,27,0.24,1.00,162,"Informational, Transactional","Related Searches, Knowledge Panel, Image Pack, Site Links, Video, Video Carousel, People Also Ask, Popular Products","0.16,0.52,0.46,0.68,0.52,0.68,0.84,0.31,0.52,0.52,0.52,0.68",20,,
br,maquina lava seca brastemp,brastemp,,,,,1000,24,0.19,1.00,193,Commercial,"Related Searches, AI Overview, Image Pack, Site Links, Reviews, Video, Video Carousel, People Also Ask, Popular Products","0.22,0.29,0.16,0.20,0.20,0.13,0.36,0.22,0.29,0.29,0.29,0.29",20,,
br,maquinas de lavar brastemp 9kg,brastemp,,,,,1000,19,0.10,1.00,163,Commercial,"Site Links, Reviews, Video, Video Carousel, People Also Ask, Popular Products, Related Searches, Image Pack","0.66,0.54,0.54,0.54,0.00,0.00,0.54,0.00,0.41,0.41,0.41,0.00",20,,
br,maquinas de lavar roupas brastemp,brastemp,,,,,1000,33,0.17,1.00,195,Commercial,"Popular Products, Related Searches, Short Videos, Site Links, Video, People Also Ask","0.08,0.10,0.12,0.12,0.08,0.12,0.16,0.12,0.10,0.23,0.12,0.16",20,,
br,micro ondas brastemp 32 litros,brastemp,,,,,1000,24,0.17,1.00,175,"Informational, Commercial","Site Links, Video Carousel, People Also Ask, Popular Products, Related Searches, Image Pack","0.01,0.07,0.23,0.23,0.07,0.10,0.23,0.16,0.23,0.12,0.16,0.16",20,,
br,microondas 20 litros brastemp,brastemp,,,,,1000,26,0.15,1.00,164,Commercial,"Image Pack, Site Links, Video, Video Carousel, People Also Ask, Popular Products, Related Searches","0.54,0.66,0.54,0.41,0.30,0.36,0.41,0.16,0.30,0.24,0.24,0.24",20,,
br,microondas 32 litros brastemp,brastemp,,,,,1000,24,0.18,1.00,173,Commercial,"Video Carousel, People Also Ask, Popular Products, Related Searches, Site Links, Reviews, Video","0.34,0.34,0.55,0.30,0.20,0.24,0.55,0.44,0.34,0.20,0.44,0.44",20,,
br,microondas brastemp gourmand,brastemp,,,,,1000,25,0.16,1.00,163,"Informational, Transactional","Site Links, Reviews, Video, People Also Ask, Popular Products, Related Searches, Image Pack","0.76,0.76,0.67,0.67,0.76,1.00,0.76,0.55,0.67,0.45,0.55,0.55",20,,
br,motor da geladeira brastemp,brastemp,,,,,1000,24,0.07,0.99,191,Informational,"Image Pack, Site Links, Video, Video Carousel, People Also Ask, Popular Products, Related Searches, AI Overview","0.68,0.52,0.25,0.52,0.37,0.68,0.52,0.68,0.52,0.46,0.52,0.46",20,,
br,máquina brastemp 11kg,brastemp,,,,,1000,28,0.10,1.00,161,Informational,"Image Pack, Site Links, Video, Video Carousel, People Also Ask, Popular Products, Related Searches","0.45,0.62,0.62,0.55,0.45,0.62,0.81,0.62,0.62,0.62,0.55,0.55",20,,
br,máquina brastemp 15kg,brastemp,,,,,1000,25,0.17,1.00,165,Commercial,"Popular Products, Related Searches, AI Overview, Image Pack, Site Links, Video Carousel, People Also Ask","0.62,0.55,0.45,0.62,0.62,0.62,0.81,0.62,0.62,0.62,0.81,0.81",20,,
br,máquina de lavar brastemp 15 kg,brastemp,,,,,1000,23,0.19,1.00,165,Informational,"Video Carousel, People Also Ask, Popular Products, Related Searches, Short Videos, Site Links, Video","0.36,0.41,0.24,0.36,0.30,0.36,0.66,0.30,1.00,0.20,0.41,0.54",20,,
br,máquina de lavar brastemp ative 11kg menor preço,brastemp,,,,,1000,19,0.09,1.00,188,Transactional,"Image Pack, Site Links, People Also Ask, Popular Products, Related Searches, AI Overview","0.81,0.81,0.81,0.62,0.62,0.55,0.81,0.55,0.62,0.55,0.62,0.62",20,,
br,máquina lavar brastemp,brastemp,,,,,1000,26,0.22,1.00,192,Commercial,"Video, People Also Ask, Popular Products, Related Searches, Short Videos, Site Links, Reviews","0.36,0.16,0.20,0.36,0.24,0.16,0.16,0.24,0.66,0.10,0.20,0.24",20,,
br,pe maquina de lavar brastemp,brastemp,,,,,1000,24,0.08,1.00,162,"Informational, Transactional","Related Searches, AI Overview, Site Links, People Also Ask, Popular Products","0.55,0.62,0.62,0.55,0.30,0.55,0.62,0.62,0.62,0.62,0.62,0.45",20,,
br,peças brastemp,brastemp,,,,,1000,30,0.16,0.97,170,"Navigational, Transactional","Knowledge Panel, Site Links, Adwords Bottom, Popular Products, Related Searches","0.52,0.68,0.68,0.52,0.52,0.46,0.52,0.68,0.68,0.52,0.52,0.46",20,,
br,peças para geladeira brastemp,brastemp,,,,,1000,23,0.12,1.00,166,Commercial,"Site Links, People Also Ask, Popular Products, Related Searches","0.37,0.46,0.52,0.52,0.46,0.46,0.46,0.52,0.68,0.37,0.46,0.37",20,,
br,refrigerador brastemp frost free,brastemp,,,,,1000,35,0.23,1.00,183,Transactional,"Video Carousel, People Also Ask, Short Videos, Popular Products, Related Searches, Adwords Middle, Image Pack, Site Links, Video, Adwords Top","0.34,0.24,0.30,0.30,0.34,0.30,0.55,0.44,0.34,0.30,0.34,0.30",20,,
br,refrigerador brastemp frost free clean,brastemp,,,,,1000,24,0.15,1.00,161,Informational,"Image Pack, Site Links, Video, People Also Ask, Popular Products, Related Searches","0.34,0.34,0.16,0.24,0.55,0.24,0.55,0.07,0.44,0.44,0.55,0.44",20,,
br,refrigerador retro brastemp,brastemp,,,,,1000,25,0.23,1.00,167,"Navigational, Transactional","Image Pack, Site Links, Video, People Also Ask, Popular Products, Related Searches","0.03,0.04,0.03,0.10,0.03,0.16,0.03,0.13,0.10,0.10,0.19,1.00",20,,
br,sac da brastemp,brastemp,,,,,1000,28,0.16,0.17,158,Navigational,"Reviews, Adwords Top, Adwords Bottom, People Also Ask, Related Searches, Site Links","0.36,0.54,0.41,0.54,0.36,0.20,0.41,0.30,0.41,0.41,0.36,0.41",20,,
br,secadora brastemp ative,brastemp,,,,,1000,19,0.18,1.00,162,Informational,"Related Searches, Image Pack, Site Links, Reviews, Video, Video Carousel, People Also Ask, Popular Products","0.44,0.52,0.44,0.27,0.20,0.20,0.27,0.20,0.27,0.27,0.27,0.27",20,,
br,ar condicionado brastemp,brastemp,,,,,880,24,0.17,1.00,157,"Informational, Transactional","Site Links, Video, People Also Ask, Related Searches, Image Pack","0.13,0.13,0.16,0.20,0.24,0.24,0.24,0.36,0.36,0.20,0.24,0.16",20,,
br,assistencia tecnica brastemp geladeira,brastemp,,,,,880,35,0.85,0.69,162,Navigational,"Related Searches, Local Pack, Site Links, Reviews, Video, People Also Ask","0.41,0.36,0.36,0.41,0.24,0.20,0.41,0.54,0.41,0.24,0.30,0.30",20,,
br,assistencia técnica brastemp,brastemp,,,,,880,19,0.35,0.60,106,Navigational,"Site Links, People Also Ask, Related Searches","0.24,0.20,0.30,0.30,0.24,0.20,0.30,0.08,0.16,0.13,0.13,0.20",20,,
br,assistência técnica brastemp 24h,brastemp,,,,,880,22,0.34,0.55,108,Transactional,"Reviews, Related Searches","0.52,0.52,0.52,0.52,0.46,0.46,0.37,0.52,0.46,0.31,0.37,0.25",90,,
br,atuador de freio brastemp,brastemp,,,,,880,19,0.03,1.00,164,"Informational, Commercial","Site Links, Video, Video Carousel, People Also Ask, Popular Products, Related Searches, AI Overview, Image Pack","0.67,0.67,0.67,0.67,0.55,0.55,0.45,0.76,0.67,0.67,0.76,0.67",20,,
br,brastemp 10 serviços,brastemp,,,,,880,32,0.26,1.00,165,Informational,"People Also Ask, Related Searches, AI Overview, Knowledge Panel, Site Links, Reviews, Video, Video Carousel","0.55,0.67,0.76,0.76,0.67,0.45,1.00,0.55,0.67,0.36,0.55,0.55",20,,
br,brastemp 14kg,brastemp,,,,,880,31,0.19,1.00,170,Commercial,"Video Carousel, People Also Ask, Popular Products, Related Searches, Site Links, Video","0.24,0.20,0.20,0.24,0.24,0.27,0.27,0.36,0.66,0.66,0.80,0.80",20,,
br,brastemp 15 kg,brastemp,,,,,880,24,0.28,1.00,185,"Informational, Transactional","Related Searches, Image Pack, Site Links, Video Carousel, People Also Ask, Popular Products","0.44,0.24,0.16,0.36,0.36,0.27,0.36,0.20,0.24,0.07,0.13,0.36",20,,
br,brastemp 15 serviços,brastemp,,,,,880,22,0.18,1.00,164,"Informational, Transactional","Video, Video Carousel, People Also Ask, Related Searches, Short Videos, Knowledge Panel, Site Links","0.55,0.45,0.62,0.81,0.55,0.55,0.81,0.62,0.81,0.55,1.00,1.00",20,,
br,brastemp assistência técnica telefone,brastemp,,,,,880,42,0.29,0.58,102,Navigational,"Local Pack, Site Links, Adwords Bottom, People Also Ask, Related Searches","0.45,0.55,0.55,0.45,0.45,0.45,0.45,0.36,0.36,0.24,0.45,0.36",20,,
br,brastemp ative 5 bocas cooktop,brastemp,,,,,880,24,0.08,1.00,164,"Informational, Transactional","Related Searches, Image Pack, Site Links, Video, People Also Ask, Popular Products","0.66,0.00,0.00,0.54,0.00,0.00,0.66,0.66,0.66,0.66,0.00,0.00",20,,
br,brastemp ative microondas 30 litros,brastemp,,,,,880,33,0.10,1.00,166,Commercial,"Image Pack, Site Links, Video, People Also Ask, Popular Products, Related Searches, AI Overview","0.62,0.55,0.55,0.45,0.45,0.62,0.62,0.30,0.36,0.36,0.45,0.36",20,,
br,brastemp bebedouro,brastemp,,,,,880,27,0.25,1.00,166,Informational,"Site Links, Reviews, Video, Video Carousel, Related Searches, Image Pack","0.20,0.20,0.16,0.20,0.24,0.24,0.27,0.27,0.27,0.24,0.16,0.27",20,,
br,brastemp brm44hk,brastemp,,,,,880,29,0.23,1.00,165,Informational,"Knowledge Panel, Image Pack, Site Links, Image, Video Carousel, People Also Ask, Related Searches","0.36,0.30,0.54,0.41,0.30,0.30,0.41,0.24,0.24,0.20,0.16,0.16",20,,
br,brastemp bro85,brastemp,,,,,880,30,0.24,1.00,127,"Informational, Commercial","Video, Video Carousel, Popular Products, Related Searches, AI Overview, Image Pack, Site Links","0.03,0.03,0.04,0.04,0.03,0.04,0.22,0.07,0.29,0.81,0.81,1.00",20,,
br,brastemp clean geladeira,brastemp,,,,,880,24,0.12,1.00,157,"Informational, Transactional","Image Pack, Site Links, Reviews, Video, People Also Ask, Popular Products, Related Searches","0.27,0.20,0.16,0.27,0.20,0.20,0.24,0.24,0.27,0.16,0.27,0.24",20,,
br,brastemp fogao embutir,brastemp,,,,,880,24,0.17,1.00,161,Commercial,"Adwords Top, People Also Ask, Popular Products, Related Searches, Adwords Middle, Image Pack, Site Links, Video","0.37,0.46,0.52,0.46,0.37,0.52,0.52,0.46,0.37,0.31,0.46,0.52",20,,
br,brastemp french door,brastemp,,,,,880,28,0.43,1.00,165,"Informational, Transactional","Image, Video Carousel, Site Links, People Also Ask, Popular Products, Related Searches, Image Pack, Reviews, Video","0.36,0.30,0.41,0.41,0.30,0.24,0.54,0.36,0.36,0.16,0.36,0.30",20,,
br,brastemp frost free ative,brastemp,,,,,880,30,0.13,1.00,170,Commercial,"Related Searches, Image Pack, Site Links, Video, People Also Ask, Popular Products","0.55,0.45,0.67,0.67,0.76,0.76,0.45,1.00,0.76,0.55,0.76,0.55",20,,
br,brastemp gourmand cooktop,brastemp,,,,,880,23,0.16,1.00,105000,"Informational, Transactional","Image Pack, Site Links, Video, Video Carousel, People Also Ask, Popular Products, Related Searches","0.55,0.81,0.81,0.62,0.30,0.30,0.55,0.30,0.81,0.45,0.36,0.24",20,,
br,brastemp gourmand microondas,brastemp,,,,,880,25,0.18,1.00,166,Informational,"Image Pack, Site Links, Video, Video Carousel, People Also Ask, Popular Products, Related Searches","0.67,1.00,0.55,0.16,0.76,1.00,1.00,0.45,0.55,0.45,0.36,0.67",20,,
br,brastemp inverter,brastemp,,,,,880,32,0.16,1.00,171,Commercial,"Related Searches, Video, Adwords Bottom, People Also Ask, Popular Products, Image Pack, Site Links, Adwords Top, Video Carousel","0.37,0.37,0.37,0.37,0.37,0.37,0.68,0.46,0.68,0.37,0.46,0.52",20,,
br,brastemp lava louça 12 serviços,brastemp,,,,,880,25,0.16,1.00,160,Transactional,"Popular Products, Related Searches, Site Links, Reviews, Video, Adwords Bottom, Video Carousel, People Also Ask","0.16,0.55,0.13,0.24,0.34,0.34,0.44,0.30,0.34,0.24,0.30,0.24",20,,
br,brastemp lava roupas,brastemp,,,,,880,28,0.27,1.00,193,Transactional,"People Also Ask, Popular Products, Related Searches, Image Pack, Site Links, Reviews, Video","0.35,0.16,0.29,0.02,0.81,0.01,0.04,0.02,0.01,0.02,0.02,0.03",20,,
br,brastemp maquina de lavar 12kg,brastemp,,,,,880,31,0.24,1.00,171,Commercial,"Related Searches, Short Videos, Site Links, Video, People Also Ask, Popular Products","0.36,0.30,0.41,0.41,0.30,0.36,0.54,0.41,0.41,0.36,0.41,0.36",20,,
br,brastemp maquina de lavar e secar,brastemp,,,,,880,25,0.17,1.00,170,"Informational, Transactional","Site Links, Video, Related Searches, Reviews, Adwords Bottom, Video Carousel, People Also Ask, Popular Products, Short Videos","0.52,0.52,0.46,0.37,0.25,0.37,0.31,0.37,0.46,0.52,0.52,0.52",20,,
br,brastemp máquina,brastemp,,,,,880,35,0.22,1.00,160,Transactional,"Site Links, Adwords Top, Adwords Bottom, Popular Products, Related Searches","0.01,0.29,0.29,0.24,0.18,0.18,0.10,0.29,0.18,0.35,0.35,0.29",20,,
br,brastemp telefone,brastemp,,,,,880,38,0.21,0.21,164,Informational,"Site Links, Reviews, People Also Ask, Related Searches, AI Overview","0.67,0.76,1.00,0.67,0.55,0.55,0.55,0.76,0.67,0.55,0.76,0.67",20,,
br,brastempo,brastemp,,,,,880,50,4.86,1.00,0,Navigational,"Reviews, People Also Ask, Popular Products, Related Searches, Knowledge Panel, Site Links","0.20,0.16,0.27,0.27,0.27,0.16,0.36,0.24,0.16,0.13,0.36,0.20",20,,
br,como destravar o painel da geladeira brastemp,brastemp,,,,,880,30,0.00,0.33,108,Informational,"Reviews, Video, People Also Ask, Related Searches, Short Videos","0.08,0.08,0.07,0.08,0.10,0.10,0.13,0.36,0.44,0.66,0.80,1.00",90,,
br,cooktop 4 bocas brastemp ative,brastemp,,,,,880,25,0.09,1.00,163,Informational,"Image Pack, Site Links, Video, People Also Ask, Popular Products, Related Searches","0.46,0.52,0.52,0.52,0.46,0.37,0.46,0.37,0.37,0.16,0.31,0.25",20,,
br,cooktop 5 bocas ative brastemp,brastemp,,,,,880,24,0.08,1.00,166,"Informational, Transactional","Related Searches, Image Pack, Site Links, Video, People Also Ask, Popular Products","0.36,0.00,0.00,0.54,0.00,0.00,0.66,0.66,0.66,0.66,0.00,0.00",20,,
br,cooktop ative brastemp 4 bocas,brastemp,,,,,880,25,0.09,1.00,186,Informational,"Video, People Also Ask, Popular Products, Related Searches, AI Overview, Site Links","0.81,0.62,0.81,0.81,0.36,0.62,0.30,0.16,0.45,0.36,0.45,0.45",20,,
br,cooktop brastemp ative 4 bocas,brastemp,,,,,880,24,0.09,1.00,160,Informational,"Related Searches, Image Pack, Site Links, Video, Video Carousel, People Also Ask, Popular Products","0.46,0.46,0.68,0.68,0.37,0.52,0.46,0.46,0.31,0.31,0.31,0.46",20,,
br,cooktop indução 4 bocas brastemp,brastemp,,,,,880,24,0.13,1.00,164,Informational,"Popular Products, Related Searches, Image Pack, Site Links, Video Carousel, People Also Ask","0.55,0.55,0.62,0.62,0.62,0.62,0.62,0.36,0.45,0.36,0.45,0.36",20,,
br,depurador brastemp,brastemp,,,,,880,26,0.11,1.00,169,Transactional,"Image Pack, Site Links, Video, People Also Ask, Popular Products, Related Searches","0.52,0.52,0.68,0.52,0.37,0.52,0.52,0.31,0.37,0.37,0.46,0.46",20,,
br,fogao 6 bocas inox brastemp,brastemp,,,,,880,25,0.10,1.00,168,Commercial,"Popular Products, Related Searches, Image Pack, Site Links, Video, People Also Ask","0.27,0.24,0.20,0.07,0.27,0.36,0.44,0.16,0.20,0.10,0.27,0.20",20,,
br,fogao brastemp 5 bocas mesa de vidro,brastemp,,,,,880,21,0.15,1.00,164,"Informational, Transactional","Popular Products, Related Searches, Image Pack, Site Links, Video, Video Carousel","0.45,0.20,0.16,0.55,0.62,0.62,1.00,0.62,0.81,0.45,0.81,0.55",20,,
br,fogao brastemp clean 4 bocas,brastemp,,,,,880,27,0.06,1.00,175,Informational,"Image Pack, Site Links, Video, People Also Ask, Popular Products, Related Searches","0.55,0.45,0.67,0.55,0.76,0.76,0.76,0.67,0.67,0.67,0.55,0.55",20,,
br,fogao brastemp cook,brastemp,,,,,880,24,0.00,0.00,177,"Informational, Transactional","Reviews, People Also Ask, Popular Products, Related Searches, Image Pack, Site Links","0.44,0.29,0.44,0.24,0.00,0.00,0.00,0.00,0.00,0.00,0.00,0.00",20,,
br,fogao brastemp mesa de vidro,brastemp,,,,,880,24,0.14,1.00,162,Informational,"Image Pack, Site Links, Reviews, Video, People Also Ask, Popular Products, Related Searches","0.02,0.10,0.15,0.15,0.15,0.19,0.19,0.10,0.10,0.10,0.00,0.13",20,,
br,fogao clean brastemp 4 bocas,brastemp,,,,,880,24,0.08,1.00,849000,Informational,"Site Links, Video, People Also Ask, Popular Products, Related Searches, Image Pack","0.68,0.46,0.46,0.37,0.46,0.52,0.52,0.37,0.46,0.37,0.52,0.52",20,,
br,fogão 5 bocas branco brastemp,brastemp,,,,,880,24,0.18,1.00,192,Transactional,"People Also Ask, Popular Products, Related Searches, Image Pack, Site Links","0.24,0.16,0.20,0.24,0.24,0.24,0.36,0.20,0.20,0.10,0.16,0.24",20,,
br,fogão 5 bocas brastemp branco,brastemp,,,,,880,24,0.18,1.00,161,"Informational, Transactional","Image Pack, Site Links, People Also Ask, Popular Products, Related Searches","0.34,0.30,0.34,0.34,0.30,0.30,0.34,0.34,0.30,0.20,0.24,0.34",20,,
br,fogão 5 bocas brastemp mesa de vidro,brastemp,,,,,880,23,0.15,1.00,174,Informational,"People Also Ask, Popular Products, Related Searches, Image Pack, Site Links, Video, Video Carousel","0.37,0.37,0.37,0.31,0.68,0.31,0.68,0.37,0.68,0.46,0.52,0.37",20,,
br,fogão brastemp 5 bocas branco,brastemp,,,,,880,24,0.18,1.00,161,Informational,"Image Pack, Site Links, Video, People Also Ask, Popular Products, Related Searches","0.13,0.24,0.30,0.34,0.30,0.30,0.44,0.30,0.34,0.20,0.30,0.34",20,,
br,fogão brastemp com mesa de vidro,brastemp,,,,,880,23,0.14,1.00,166,Informational,"AI Overview, Image Pack, Site Links, Reviews, Video, People Also Ask, Popular Products, Related Searches","0.27,0.13,0.16,0.20,0.24,0.20,0.24,0.24,0.24,0.16,0.24,0.20",20,,
br,fogão brastemp inox,brastemp,,,,,880,26,0.12,1.00,170,"Informational, Transactional","Image Pack, Site Links, Video, People Also Ask, Popular Products, Related Searches","0.08,0.44,0.10,0.10,0.44,0.13,0.44,0.36,0.13,0.07,0.24,0.16",20,,
br,fogão de 5 bocas brastemp,brastemp,,,,,880,26,0.11,1.00,177,Informational,"Image Pack, Site Links, Video, People Also Ask, Popular Products, Related Searches","0.46,0.37,0.37,0.52,0.37,0.46,0.68,0.46,0.46,0.31,0.52,0.52",20,,
br,forno a gas embutir brastemp,brastemp,,,,,880,28,0.15,1.00,166,Commercial,"Related Searches, Image Pack, Site Links, Video, Video Carousel, People Also Ask, Popular Products","0.54,0.30,0.24,0.54,0.54,0.36,0.79,0.36,0.13,0.30,0.41,0.41",20,,
br,forno brastemp gas,brastemp,,,,,880,32,0.15,1.00,184,"Informational, Commercial","Related Searches, Image Pack, Site Links, Video, Video Carousel, People Also Ask, Popular Products","0.41,0.41,0.41,0.41,0.36,0.36,0.30,0.24,0.41,0.30,0.41,0.41",20,,
br,freezer frost free brastemp,brastemp,,,,,880,24,0.23,1.00,201,Transactional,"People Also Ask, Popular Products, Related Searches, Image Pack, Site Links, Video, Video Carousel","0.24,0.24,0.41,0.30,0.24,0.30,0.41,0.41,0.66,0.41,0.41,0.36",20,,
br,geladeira 480 litros brastemp,brastemp,,,,,880,25,0.17,1.00,190,Transactional,"Site Links, Video, People Also Ask, Popular Products, Related Searches","0.55,0.67,0.67,0.67,0.55,0.67,0.76,1.00,0.76,0.67,0.76,0.67",20,,
br,geladeira branca inverse brastemp,brastemp,,,,,880,24,0.24,1.00,192,Transactional,"People Also Ask, Popular Products, Related Searches, AI Overview, Image Pack, Site Links, Reviews, Video","0.55,0.34,0.44,0.30,0.20,0.34,0.24,0.07,0.13,0.16,0.30,0.30",20,,
br,geladeira brastemp 463 litros inox,brastemp,,,,,880,27,0.22,1.00,172,Commercial,"Site Links, Video Carousel, People Also Ask, Popular Products, Related Searches, Knowledge Panel, Image Pack","0.76,0.67,0.55,0.55,0.45,0.45,0.76,0.45,0.76,0.55,1.00,0.67",20,,
br,geladeira brastemp 479 litros,brastemp,,,,,880,36,0.17,1.00,165,"Informational, Transactional","Knowledge Panel, Site Links, Video, Popular Products, Related Searches","0.11,0.20,0.34,0.24,0.55,0.55,0.24,0.44,0.24,0.13,0.00,0.02",20,,
br,geladeira brastemp brm44hk,brastemp,,,,,880,25,0.29,1.00,164,Commercial,"Site Links, Image, Video Carousel, People Also Ask, Popular Products, Related Searches, AI Overview","0.36,0.27,0.36,0.36,0.24,0.20,0.27,0.20,0.27,0.13,0.13,0.10",20,,
br,geladeira brastemp carrefour,brastemp,,,,,880,27,0.20,1.00,163,"Informational, Transactional","Popular Products, Related Searches, Site Links, People Also Ask","0.30,0.24,0.24,0.24,0.24,0.20,0.44,0.30,0.34,0.30,0.20,0.24",20,,
br,geladeira brastemp em promoção,brastemp,,,,,880,24,0.19,1.00,207,Commercial,"Site Links, Reviews, People Also Ask, Popular Products, Related Searches","0.20,0.16,0.16,0.20,0.20,0.36,0.44,0.52,0.36,0.20,0.27,0.27",20,,
br,geladeira brastemp gourmand,brastemp,,,,,880,22,0.20,1.00,160,"Informational, Transactional","Video Carousel, Popular Products, Related Searches, Image Pack, Site Links, Reviews, Video","0.46,0.52,0.68,0.52,0.37,0.46,0.52,0.46,0.52,0.52,0.52,0.46",20,,
br,geladeira brastemp inverse 479 litros,brastemp,,,,,880,27,0.20,1.00,163,"Informational, Transactional","Knowledge Panel, Site Links, Video, Video Carousel, People Also Ask, Related Searches","0.24,0.24,0.41,0.30,0.36,0.30,1.00,0.54,0.66,0.30,0.08,0.05",20,,
br,geladeira brastemp inverse ative,brastemp,,,,,880,19,0.12,1.00,162,Informational,"Video Carousel, People Also Ask, Popular Products, Related Searches, Image Pack, Site Links","0.52,0.37,0.52,0.37,0.37,0.37,0.37,0.46,0.46,0.37,0.46,0.46",20,,
br,geladeira brastemp no carrefour,brastemp,,,,,880,27,0.20,1.00,163,"Informational, Transactional","Site Links, People Also Ask, Popular Products, Related Searches","0.24,0.20,0.20,0.10,0.16,0.08,0.44,0.36,0.27,0.24,0.20,0.20",20,,
br,geladeira brastemp tres portas,brastemp,,,,,880,21,0.21,1.00,174,"Informational, Transactional","Video Carousel, Popular Products, Related Searches, AI Overview, Image Pack, Site Links, Video","0.30,0.02,0.30,0.34,0.16,0.16,0.55,0.44,0.44,0.16,0.44,0.30",20,,
br,geladeira gourmand brastemp,brastemp,,,,,880,24,0.20,1.00,154,"Informational, Transactional","Video, Video Carousel, People Also Ask, Popular Products, Related Searches, Image Pack, Site Links, Reviews","0.37,0.52,0.52,0.52,0.25,0.37,0.31,0.52,0.52,0.68,0.68,0.52",20,,
br,geladeira grande brastemp,brastemp,,,,,880,41,0.20,1.00,189,"Informational, Transactional","Related Searches, Image Pack, Site Links, People Also Ask, Popular Products","0.55,0.55,0.55,0.55,0.67,0.45,0.76,0.76,0.76,0.45,0.76,0.55",20,,
br,geladeira inverse brastemp branca,brastemp,,,,,880,24,0.24,1.00,175,"Informational, Transactional","Related Searches, Image Pack, Site Links, Video, People Also Ask, Popular Products","0.34,0.30,0.34,0.24,0.30,0.30,0.44,0.20,0.34,0.20,0.24,0.24",20,,
br,geladeira pequena brastemp,brastemp,,,,,880,32,0.15,1.00,207,"Informational, Navigational","Site Links, People Also Ask, Popular Products, Related Searches, Image Pack","0.55,0.55,0.36,0.62,0.45,0.45,0.81,0.55,0.81,0.62,0.81,0.81",20,,
br,geladeira promoção brastemp,brastemp,,,,,880,39,0.19,1.00,195,"Informational, Transactional","Site Links, Popular Products, Related Searches, AI Overview","0.10,0.13,0.07,0.24,0.13,0.24,0.24,0.18,0.24,0.10,0.18,0.24",20,,
br,lava louca brastemp 10,brastemp,,,,,880,28,0.16,1.00,156,Informational,"Video, Video Carousel, People Also Ask, Popular Products, Related Searches, Knowledge Panel, Image Pack, Site Links","0.24,0.62,0.81,0.81,0.45,0.36,1.00,0.45,0.45,0.45,0.62,0.62",20,,
br,lava louça 12 serviços brastemp,brastemp,,,,,880,28,0.16,1.00,160,Informational,"Video, Video Carousel, People Also Ask, Popular Products, Related Searches, Image Pack, Site Links, Reviews","0.44,0.07,0.30,0.34,0.34,0.44,0.34,0.30,0.34,0.24,0.34,0.30",20,,
br,lava louça brastemp 8 serviços ative,brastemp,,,,,880,23,0.11,1.00,158,Informational,"People Also Ask, Popular Products, Related Searches, Image Pack, Site Links, Video, Adwords Bottom, Video Carousel","0.08,0.41,0.54,0.41,0.54,0.30,0.41,0.41,0.36,0.36,0.07,0.41",20,,
br,lava louças 12 serviços brastemp,brastemp,,,,,880,31,0.16,1.00,170,Transactional,"Video, Video Carousel, People Also Ask, Popular Products, Related Searches, Image Pack, Site Links, Reviews","0.11,0.08,0.55,0.34,0.34,0.44,0.44,0.30,0.34,0.08,0.34,0.34",20,,
br,lava louças 8 serviços brastemp cinza - blf08bs,brastemp,,,,,880,26,0.27,1.00,161,"Informational, Transactional","People Also Ask, Related Searches, Knowledge Panel, Site Links, Video, Video Carousel","1.00,0.54,0.13,0.03,0.10,0.10,0.20,0.16,0.20,0.16,0.30,0.30",20,,
br,lava louças brastemp 14,brastemp,,,,,880,24,0.25,1.00,164,Commercial,"Reviews, Video, Video Carousel, People Also Ask, Popular Products, Related Searches, AI Overview, Site Links","0.16,0.30,1.00,0.41,0.36,0.66,0.30,0.08,0.54,0.08,0.07,0.08",20,,
br,lava roupa brastemp,brastemp,,,,,880,27,0.27,1.00,175,Transactional,"Related Searches, Image Pack, Site Links, Video, Adwords Bottom, People Also Ask, Popular Products","0.27,0.27,0.20,0.20,0.24,0.20,0.27,0.24,0.27,0.24,0.24,0.36",20,,
br,mangueira da maquina de lavar brastemp,brastemp,,,,,880,23,0.07,1.00,167,"Informational, Transactional","Video, People Also Ask, Popular Products, Related Searches, AI Overview, Image Pack, Site Links, Reviews","0.55,0.55,0.30,0.45,0.55,0.36,0.62,0.62,0.62,0.62,0.62,0.62",20,,
br,mangueira maquina de lavar brastemp,brastemp,,,,,880,25,0.07,1.00,177,"Informational, Transactional","Image Pack, Site Links, Reviews, Video, People Also Ask, Popular Products, Related Searches","0.76,0.76,1.00,0.76,0.76,0.76,0.55,0.67,0.76,0.55,0.55,0.67",20,,
br,maquina brastemp 18kg,brastemp,,,,,880,17,0.25,1.00,168,Informational,"Related Searches, AI Overview, Site Links, Video, Video Carousel, People Also Ask","0.08,0.30,0.62,0.62,0.30,0.62,0.81,0.62,1.00,0.55,0.62,1.00",20,,
br,maquina brastemp lava e seca,brastemp,,,,,880,28,0.19,1.00,164,Commercial,"Site Links, Video, People Also Ask, Popular Products, Related Searches, Short Videos","0.16,0.24,0.16,0.27,0.24,0.24,0.36,0.16,0.24,0.20,0.27,0.27",20,,
br,maquina de lavar 10kg brastemp,brastemp,,,,,880,28,0.13,1.00,169,Commercial,"Popular Products, Related Searches, Site Links, Video, People Also Ask","0.24,0.13,0.55,0.44,0.13,0.16,0.24,0.13,0.65,0.16,0.30,0.44",20,,
br,maquina de lavar 12kg brastemp,brastemp,,,,,880,25,0.22,1.00,163,Commercial,"Video, People Also Ask, Popular Products, Related Searches, Site Links","0.41,0.41,0.36,0.41,0.20,0.36,0.54,0.30,0.36,0.30,0.36,0.36",20,,
br,maquina de lavar brastemp 17kg,brastemp,,,,,880,24,0.23,1.00,165,Informational,"Video, Video Carousel, People Also Ask, Popular Products, Related Searches, Short Videos, Site Links","0.28,0.36,0.08,0.24,0.07,0.08,0.08,0.07,0.07,0.05,0.07,0.05",20,,
br,maquina de lavar e secar brastemp,brastemp,,,,,880,25,0.17,1.00,170,Commercial,"Related Searches, Short Videos, Site Links, Reviews, Video, Adwords Bottom, People Also Ask, Popular Products","0.41,0.54,0.41,0.36,0.24,0.36,0.41,0.30,0.41,0.24,0.24,0.30",20,,
br,maquina de lavar roupa 12kg brastemp,brastemp,,,,,880,30,0.17,1.00,172,Informational,"Video, People Also Ask, Popular Products, Related Searches, AI Overview, Site Links","0.27,0.27,0.13,0.36,0.16,0.16,0.01,0.36,0.36,0.27,0.27,0.36",20,,
br,maquina lavar e secar brastemp,brastemp,,,,,880,26,0.19,1.00,163,Commercial,"Popular Products, Related Searches, Short Videos, Site Links, Reviews, Video, Video Carousel, People Also Ask","0.08,0.29,0.22,0.20,0.16,0.16,0.22,0.20,0.16,0.22,0.22,0.20",20,,
br,maquina lavar louça brastemp,brastemp,,,,,880,32,0.24,1.00,195,"Informational, Transactional","Image Pack, Site Links, Reviews, Video, Related Searches, Short Videos, Video Carousel, People Also Ask, Popular Products","0.41,0.41,0.54,0.41,0.24,0.36,0.54,0.24,0.36,0.36,0.24,0.30",20,,
br,maquinas de lavar 11kg brastemp,brastemp,,,,,880,21,0.18,1.00,164,"Informational, Commercial","Related Searches, AI Overview, Site Links, Video, Video Carousel, People Also Ask, Popular Products","0.00,0.00,0.54,0.29,0.07,0.13,0.00,0.00,0.54,0.65,0.00,0.00",20,,
br,maquinas de lavar brastemp 10kg,brastemp,,,,,880,25,0.12,1.00,165,"Informational, Commercial","Popular Products, Related Searches, AI Overview, Site Links, Video, Video Carousel, People Also Ask","0.00,0.29,0.35,0.24,0.00,0.00,0.00,0.24,0.24,0.29,0.00,0.00",20,,
br,micro-ondas brastemp 32l,brastemp,,,,,880,22,0.17,1.00,162,Transactional,"Related Searches, Site Links, Reviews, Video, Popular Products","0.00,0.00,0.00,0.00,0.13,0.29,0.00,0.24,0.44,0.24,0.24,0.29",20,,
br,microondas branco brastemp,brastemp,,,,,880,25,0.15,1.00,175,Informational,"Related Searches, Image Pack, Site Links, Video, People Also Ask, Popular Products","0.36,0.36,0.36,0.30,0.20,0.24,0.54,0.30,0.41,0.30,0.41,0.41",20,,
br,motor de geladeira brastemp,brastemp,,,,,880,24,0.08,0.99,160,Informational,"Related Searches, AI Overview, Image Pack, Site Links, Video, Video Carousel, People Also Ask, Popular Products","0.62,0.62,0.55,0.45,0.62,0.55,0.45,0.55,0.81,0.55,0.62,0.55",20,,
br,motor para geladeira brastemp,brastemp,,,,,880,24,0.07,0.99,159,"Informational, Transactional","Image Pack, Site Links, Video, People Also Ask, Popular Products, Related Searches","0.36,0.45,0.30,0.36,0.55,0.81,0.36,0.81,0.81,0.62,0.62,0.62",20,,
br,máquina brastemp 12 kg,brastemp,,,,,880,28,0.14,1.00,169,Commercial,"Site Links, Video, People Also Ask, Popular Products, Related Searches, AI Overview","0.31,0.31,1.00,0.37,0.68,0.46,0.46,0.52,0.52,0.31,0.52,0.84",20,,
br,máquina de lavar brastemp 12 kg,brastemp,,,,,880,24,0.22,1.00,161,Commercial,"Image Pack, Site Links, Video, Video Carousel, People Also Ask, Popular Products, Related Searches","0.66,0.24,0.20,0.20,0.16,0.16,0.20,0.16,0.16,0.16,0.20,0.44",20,,
br,máquina de lavar brastemp 12kg promoção,brastemp,,,,,880,26,0.16,1.00,179,Commercial,"Site Links, People Also Ask, Popular Products, Related Searches","0.24,0.24,0.18,0.13,0.10,0.13,0.18,0.13,0.08,0.13,0.13,0.16",20,,
br,máquina de lavar brastemp 13kg menor preço,brastemp,,,,,880,24,0.22,1.00,162,Commercial,"Site Links, People Also Ask, Popular Products, Related Searches, AI Overview","0.76,0.67,0.67,0.67,0.55,0.55,1.00,0.76,0.76,0.55,0.55,0.55",20,,
br,peças geladeira brastemp,brastemp,,,,,880,25,0.12,1.00,169,"Navigational, Transactional","Site Links, People Also Ask, Popular Products, Related Searches, Knowledge Panel, Image Pack","0.37,0.46,0.37,0.52,0.46,0.37,0.37,0.68,0.46,0.46,0.46,0.52",20,,
br,placa brastemp ative 11kg,brastemp,,,,,880,15,0.05,1.00,190,Commercial,"Popular Products, Related Searches, Site Links, Reviews, Video, People Also Ask","0.36,0.36,0.36,0.30,0.24,0.30,0.30,0.36,0.36,0.30,0.41,0.36",20,,
br,placa da geladeira brastemp,brastemp,,,,,880,24,0.04,1.00,164,"Informational, Transactional","People Also Ask, Related Searches, Image Pack, Site Links, Reviews, Video, Video Carousel","0.55,0.55,0.55,0.55,0.55,0.81,0.55,0.62,0.55,0.36,0.45,0.45",20,,
br,placa geladeira brastemp,brastemp,,,,,880,25,0.04,1.00,6430000,"Informational, Commercial","Image Pack, Site Links, Reviews, Video Carousel, People Also Ask, Popular Products, Related Searches","0.62,0.55,0.55,0.62,0.45,0.45,0.81,0.55,0.62,0.45,0.62,0.55",20,,
br,placa para geladeira brastemp,brastemp,,,,,880,23,0.04,1.00,183,Informational,"Site Links, Reviews, Video Carousel, People Also Ask, Popular Products, Related Searches, Image Pack","0.45,0.62,0.81,0.55,0.36,0.81,0.30,0.45,0.45,0.45,0.55,0.55",20,,
br,promoção geladeira brastemp,brastemp,,,,,880,37,0.19,1.00,201,Commercial,"Site Links, People Also Ask, Popular Products, Related Searches","0.30,0.24,0.13,0.24,0.30,0.20,0.34,0.44,0.34,0.24,0.34,0.34",20,,
br,purificadores brastemp,brastemp,,,,,880,25,0.29,1.00,163,"Informational, Transactional","People Also Ask, Related Searches, AI Overview, Site Links, Reviews, Video","1.00,0.31,0.68,0.25,0.31,0.31,0.37,0.52,0.46,0.84,0.37,0.31",20,,
br,refrigerador frost free brastemp,brastemp,,,,,880,30,0.23,1.00,170,"Informational, Transactional","Site Links, Video Carousel, People Also Ask, Popular Products, Related Searches, AI Overview","0.30,0.24,0.30,0.24,0.24,0.24,0.44,0.34,0.34,0.24,0.34,0.30",20,,
br,refrigerador inverse da brastemp,brastemp,,,,,880,21,0.23,1.00,162,"Informational, Transactional","Popular Products, Related Searches, AI Overview, Site Links, Reviews, Video, Video Carousel","0.36,0.27,0.36,0.24,0.16,0.27,0.16,0.05,0.10,0.13,0.24,0.24",20,,
br,secadora brastemp ative 10kg,brastemp,,,,,880,24,0.13,1.00,164,Informational,"Site Links, Reviews, Video, Video Carousel, People Also Ask, Popular Products, Related Searches, Image Pack","0.44,1.00,0.44,0.20,0.16,0.13,0.16,0.11,0.08,0.08,0.13,0.16",20,,
br,secadora brastemp suspensa,brastemp,,,,,880,21,0.34,1.00,163,Informational,"Popular Products, Related Searches, Image Pack, Site Links, Video, Video Carousel, People Also Ask","0.34,0.65,0.34,0.30,0.20,0.24,0.30,0.16,0.20,0.16,0.20,0.20",20,,
br,secadora de roupa brastemp,brastemp,,,,,880,25,0.22,1.00,173,Transactional,"People Also Ask, Popular Products, Related Searches, Short Videos, Image Pack, Site Links, Reviews, Video, Video Carousel","0.19,0.36,0.24,0.19,0.05,0.04,0.08,0.00,0.02,0.02,0.15,0.15",20,,
br,secadora de roupa brastemp 10kg,brastemp,,,,,880,21,0.18,1.00,170,Commercial,"Image Pack, Site Links, Video, Video Carousel, People Also Ask, Popular Products, Related Searches","0.44,0.44,0.55,0.34,0.16,0.24,0.24,0.11,0.11,0.03,0.24,0.30",20,,
br,www brastemp com br geladeira,brastemp,,,,,880,40,0.42,1.00,10,Navigational,"Site Links, Adwords Bottom, People Also Ask, Popular Products, Related Searches","1.00,1.00,0.76,0.55,0.45,0.55,0.76,0.36,0.45,0.55,0.76,0.36",20,,
br,adega brastemp dual zone 33 garrafas - bzb33be,brastemp,,,,,720,24,0.65,1.00,158,Informational,"Related Searches, Knowledge Panel, Site Links, Video, Video Carousel, People Also Ask","0.03,0.03,0.03,1.00,0.07,0.08,1.00,0.10,0.03,0.04,0.13,0.05",20,,
br,agitador brastemp 11kg,brastemp,,,,,720,25,0.05,1.00,205,"Informational, Transactional","Related Searches, Image Pack, Site Links, Reviews, Video, Video Carousel, People Also Ask, Popular Products","0.72,0.59,0.72,0.88,0.72,0.88,0.88,0.72,0.72,0.59,0.72,0.72",20,,
br,agitador da brastemp,brastemp,,,,,720,16,0.03,1.00,169,Transactional,"Image Pack, Site Links, Video, Video Carousel, Popular Products, Related Searches","0.72,0.48,0.72,0.72,0.59,0.32,0.72,0.48,0.59,0.72,0.72,0.72",20,,
br,assistencia tecnica brastemp venda peças,brastemp,,,,,720,37,0.12,0.43,171,Informational,"Site Links, People Also Ask, Related Searches, AI Overview","0.24,0.30,0.41,0.30,0.20,0.20,0.24,0.30,0.30,0.36,0.41,0.30",20,,
br,assistência técnica geladeira brastemp,brastemp,,,,,720,40,0.85,0.69,159,Navigational,"Local Pack, Site Links, Reviews, People Also Ask, Related Searches, Adwords Middle","0.45,0.45,0.36,0.36,0.45,0.36,0.36,0.45,0.45,0.62,0.36,0.20",20,,
br,ative 11kg brastemp,brastemp,,,,,720,25,0.08,1.00,169,Transactional,"Video, Video Carousel, People Also Ask, Popular Products, Related Searches, Image Pack, Site Links","0.00,0.00,0.03,0.08,0.44,0.65,0.30,0.34,0.02,0.24,0.44,0.01",20,,
br,autorizada brastemp fortaleza,brastemp,,,,,720,21,0.26,0.68,107,Navigational,"Local Pack, People Also Ask, Related Searches","0.55,0.55,0.36,0.45,0.45,0.45,0.36,0.36,0.45,0.45,0.55,0.55",90,,
br,borracha da geladeira brastemp,brastemp,,,,,720,22,0.04,1.00,162,"Informational, Transactional","Related Searches, AI Overview, Image Pack, Site Links, Reviews, Video, Video Carousel, People Also Ask","0.45,0.45,0.45,0.45,0.45,0.36,0.55,0.76,0.76,0.36,0.45,0.36",20,,
br,borracha geladeira brastemp,brastemp,,,,,720,20,0.04,1.00,208,Informational,"Site Links, Reviews, Video Carousel, People Also Ask, Popular Products, Related Searches, Image Pack","0.45,0.45,0.45,0.45,0.36,0.45,0.67,0.76,0.67,0.30,0.55,0.55",20,,
br,borracha para geladeira brastemp,brastemp,,,,,720,22,0.04,1.00,156,Commercial,"Site Links, Reviews, Video Carousel, People Also Ask, Popular Products, Related Searches","0.45,0.45,0.45,0.55,0.45,0.45,0.55,0.76,0.76,0.55,0.67,0.55",20,,
br,botão fogão brastemp,brastemp,,,,,720,29,0.07,1.00,198,Informational,"Popular Products, Related Searches, Image Pack, Site Links, Video","0.55,0.55,0.76,0.55,0.45,0.67,0.55,0.45,0.67,0.45,0.55,0.67",20,,
br,brastemp 11 kg ative,brastemp,,,,,720,28,0.10,1.00,166,"Informational, Transactional","Popular Products, Related Searches, Image Pack, Site Links, Video, Video Carousel, People Also Ask","0.16,0.20,0.16,0.16,0.20,0.20,0.27,0.20,0.20,0.13,0.44,0.44",20,,
br,brastemp 18kg,brastemp,,,,,720,26,0.31,1.00,165,Commercial,"Shopping Ads, Video Carousel, People Also Ask, Popular Products, Related Searches, Site Links, Video","0.16,0.45,0.45,0.45,0.55,0.30,1.00,0.62,0.55,0.36,0.55,0.55",20,,
br,brastemp 463 litros,brastemp,,,,,720,27,0.27,1.00,162,Transactional,"Image, Related Searches, Adwords Middle, Knowledge Panel, Site Links","0.45,0.36,0.55,0.55,0.36,0.36,1.00,0.76,0.76,0.45,0.67,0.36",20,,
br,brastemp ative fogao,brastemp,,,,,720,24,0.10,1.00,167,"Informational, Transactional","Image Pack, Site Links, Video, Video Carousel, People Also Ask, Popular Products, Related Searches","0.72,0.72,0.72,0.72,0.72,0.39,0.39,0.48,1.00,0.59,0.72,0.59",20,,
br,brastemp bre57fk,brastemp,,,,,720,28,0.33,1.00,163,Informational,"Video Carousel, People Also Ask, Related Searches, Knowledge Panel, Image Pack, Site Links, Reviews","0.36,0.30,0.45,0.55,0.36,0.36,1.00,0.67,0.76,0.55,0.67,0.45",20,,
br,brastemp consul,brastemp,,,,,720,33,0.20,0.89,162,Commercial,"Related Searches, Image Pack, Site Links, Video, Video Carousel, People Also Ask, Popular Products","0.72,0.59,0.72,0.72,0.72,0.72,0.72,0.72,0.88,0.72,0.72,1.00",20,,
br,brastemp depurador,brastemp,,,,,720,30,0.08,1.00,168,Informational,"Image Pack, Site Links, Video, People Also Ask, Popular Products, Related Searches","0.55,0.55,0.55,0.55,0.30,0.36,0.45,0.20,0.45,0.30,0.36,0.36",20,,
br,brastemp forno de embutir a gas,brastemp,,,,,720,27,0.15,1.00,164,"Informational, Commercial","People Also Ask, Popular Products, Related Searches, AI Overview, Site Links, Video, Video Carousel","0.29,0.16,0.08,0.13,0.13,0.24,0.13,0.08,0.08,0.08,0.08,0.16",20,,
br,brastemp geladeira gourmand,brastemp,,,,,720,24,0.20,1.00,162,"Informational, Transactional","Site Links, Reviews, Video, Video Carousel, People Also Ask, Popular Products, Related Searches, Image Pack","0.37,0.31,0.16,0.31,0.31,0.31,0.46,0.37,0.46,0.46,0.37,0.37",20,,
br,brastemp gourmand geladeira,brastemp,,,,,720,24,0.20,1.00,161,"Informational, Transactional","Reviews, Video, Adwords Bottom, People Also Ask, Popular Products, Related Searches, Image Pack, Site Links","0.55,0.45,0.55,0.55,0.36,0.45,0.55,0.36,0.62,0.45,0.45,0.36",20,,
br,brastemp lava louças ative,brastemp,,,,,720,24,0.10,1.00,162,Informational,"Reviews, Video, Video Carousel, People Also Ask, Popular Products, Related Searches, Image Pack, Site Links","0.81,0.13,0.81,0.00,0.45,0.45,0.45,0.30,0.55,0.24,0.62,0.62",20,,
br,brastemp maquina de lavar 8kg,brastemp,,,,,720,26,0.13,1.00,160,Transactional,"Image Pack, Site Links, Video, Video Carousel, People Also Ask, Related Searches","0.54,0.36,0.36,0.30,0.16,0.20,0.16,0.20,0.24,0.30,0.41,0.30",20,,
br,brastemp maquina de secar,brastemp,,,,,720,24,0.25,1.00,170,Transactional,"People Also Ask, Popular Products, Related Searches, Short Videos, Image Pack, Site Links, Video, Video Carousel","0.66,0.54,0.24,0.41,0.16,0.20,0.30,0.16,0.20,0.20,0.30,0.24",20,,
br,brastemp maquina lavar louça,brastemp,,,,,720,30,0.17,1.00,175,"Informational, Transactional","Image Pack, Site Links, Video, Video Carousel, Popular Products, Related Searches, Short Videos","0.37,0.37,0.20,0.25,0.25,0.25,0.52,0.20,0.37,0.25,0.37,0.37",20,,
br,brastemp microondas inox,brastemp,,,,,720,22,0.16,1.00,173,"Informational, Transactional","Site Links, Video, People Also Ask, Popular Products, Related Searches, AI Overview","0.36,0.36,0.36,0.36,0.24,0.24,0.36,0.30,0.36,0.24,0.24,0.24",20,,
br,brastemp oficial,brastemp,,,,,720,47,2.98,1.00,190,"Navigational, Commercial","Popular Products, Related Searches, Knowledge Panel, Site Links, Reviews, Video, People Also Ask","0.36,0.36,0.45,0.36,0.36,0.36,0.81,0.55,0.55,0.36,0.45,0.45",20,,
br,brastemp reclame aqui,brastemp,,,,,720,32,1.08,0.03,109,Navigational,"Site Links, People Also Ask, Related Searches","0.45,0.45,0.55,0.36,0.45,0.45,0.55,0.55,0.45,0.30,0.45,0.45",20,,
br,brastemp secadora suspensa,brastemp,,,,,720,17,0.34,1.00,174,"Informational, Commercial","Site Links, Video, Adwords Bottom, Video Carousel, Popular Products, Related Searches, Image Pack","0.54,0.66,0.54,0.16,0.24,0.24,0.30,0.16,0.20,0.20,0.24,0.24",20,,
br,carrefour geladeira brastemp,brastemp,,,,,720,27,0.20,1.00,166,"Informational, Transactional","Popular Products, Related Searches, Image Pack, Site Links, People Also Ask","0.36,0.30,0.24,0.24,0.24,0.24,0.54,0.36,0.36,0.24,0.24,0.24",20,,
br,coifa brastemp 90cm,brastemp,,,,,720,19,0.22,1.00,167,Informational,"Video, Video Carousel, People Also Ask, Popular Products, Related Searches, Image Pack, Site Links","0.37,0.31,0.37,0.25,0.31,0.46,0.52,0.31,0.31,0.31,0.25,0.25",20,,
br,compracerta brastemp,brastemp,,,,,720,31,0.34,1.00,162,"Navigational, Transactional","Adwords Top, People Also Ask, Popular Products, Related Searches, Adwords Middle, Knowledge Panel, Site Links, Video","0.00,0.12,0.35,0.08,0.00,0.05,0.08,0.00,0.02,0.04,0.04,0.05",20,,
br,consul brastemp,brastemp,,,,,720,36,0.20,0.89,160,Commercial,"Video, Video Carousel, People Also Ask, Popular Products, Related Searches, AI Overview, Site Links","0.72,0.48,0.88,0.72,0.59,0.88,1.00,0.88,0.88,0.59,0.59,0.88",20,,
br,consul e brastemp,brastemp,,,,,720,24,0.20,0.89,165,Navigational,"People Also Ask, Popular Products, Related Searches, AI Overview, Site Links, Video, Video Carousel","0.72,0.59,0.72,0.59,0.59,0.59,0.59,0.59,0.88,0.88,0.88,0.88",20,,
br,cooktop 5 bocas brastemp com quadrichama e timer touch,brastemp,,,,,720,22,0.11,1.00,162,Informational,"Reviews, Video, Video Carousel, People Also Ask, Popular Products, Related Searches, Site Links","0.30,0.36,0.36,0.36,0.30,0.41,0.41,0.24,0.24,0.24,0.36,0.24",20,,
br,cooktop brastemp 4 bocas ative,brastemp,,,,,720,24,0.09,1.00,164,Informational,"Video Carousel, People Also Ask, Popular Products, Related Searches, Image Pack, Site Links, Reviews, Video","0.55,0.67,0.36,0.76,0.45,0.55,0.67,0.55,0.55,0.45,0.45,0.36",20,,
br,filtro de agua da brastemp,brastemp,,,,,720,21,0.34,1.00,164,Informational,"Adwords Bottom, Popular Products, Related Searches, AI Overview, Image Pack, Site Links, Video","0.24,0.24,0.36,0.36,0.20,0.30,0.30,0.24,0.41,0.41,0.30,0.24",20,,
br,filtro de água da brastemp,brastemp,,,,,720,23,0.34,1.00,168,Informational,"Related Searches, AI Overview, Image Pack, Site Links, Video Carousel, People Also Ask, Popular Products","0.45,0.24,0.36,0.45,0.36,0.30,0.36,0.36,1.00,1.00,0.55,0.55",20,,
br,fogao ative 4 bocas brastemp,brastemp,,,,,720,24,0.08,1.00,177,Commercial,"Site Links, Video, People Also Ask, Popular Products, Related Searches, Image Pack","0.76,0.67,0.67,0.55,0.55,0.55,0.76,0.36,0.45,0.45,0.45,0.45",20,,
br,fogao brastemp 4 bocas inox,brastemp,,,,,720,25,0.11,1.00,171,"Informational, Transactional","Image Pack, Site Links, Image, Video Carousel, People Also Ask, Popular Products, Related Searches","0.07,0.08,0.10,0.08,0.07,0.04,0.12,0.10,0.23,0.05,0.07,0.07",20,,
br,fogao brastemp 5 bocas inox,brastemp,,,,,720,28,0.18,1.00,160,"Informational, Transactional","Popular Products, Related Searches, Knowledge Panel, Image Pack, Site Links, Video Carousel","0.10,0.10,0.16,0.10,0.10,0.08,0.18,0.08,0.10,0.44,0.08,0.08",20,,
br,fogao brastemp gourmand,brastemp,,,,,720,24,0.12,1.00,158,"Informational, Transactional","Image Pack, Site Links, Video, People Also Ask, Related Searches","0.45,0.45,0.62,0.45,0.36,0.36,0.45,0.30,0.45,0.36,0.36,0.36",20,,
br,fogoes brastemp de embutir 5 bocas,brastemp,,,,,720,21,0.16,1.00,172,Informational,"Site Links, Video, Popular Products, Related Searches","0.00,0.00,0.65,0.00,0.00,0.00,0.00,0.82,0.55,0.00,0.00,0.00",20,,
br,fogoes de embutir brastemp 5 bocas,brastemp,,,,,720,24,0.16,1.00,181,Informational,"Related Searches, Image Pack, Site Links, Video, Adwords Bottom, People Also Ask, Popular Products","0.00,0.00,0.65,0.00,0.00,0.00,0.00,0.82,0.55,0.00,0.00,0.00",20,,
br,fogão 4 bocas brastemp cooktop,brastemp,,,,,720,23,0.10,1.00,161,"Informational, Transactional","Site Links, Video, People Also Ask, Popular Products, Related Searches, Image Pack","0.24,0.24,0.30,0.24,0.13,0.16,0.20,0.30,0.30,0.30,0.30,0.24",20,,
br,fogão 4 bocas cooktop brastemp,brastemp,,,,,720,23,0.10,1.00,169,"Informational, Transactional","Site Links, Video, People Also Ask, Popular Products, Related Searches","0.24,0.30,0.20,0.24,0.20,0.30,0.36,0.30,0.30,0.30,0.36,0.36",20,,
br,fogão 4 bocas mesa de vidro brastemp,brastemp,,,,,720,23,0.13,1.00,165,"Informational, Transactional","Popular Products, Related Searches, Image Pack, Site Links, Video, Image, People Also Ask","0.36,0.24,0.24,0.36,0.30,0.30,0.30,0.24,0.41,0.24,0.24,0.24",20,,
br,fogão 5 bocas mesa de vidro brastemp,brastemp,,,,,720,23,0.19,1.00,172,"Informational, Transactional","Popular Products, Related Searches, Image Pack, Site Links, Image, Video Carousel, People Also Ask","0.30,0.24,0.30,0.24,0.20,0.24,0.34,0.20,0.24,0.16,0.24,0.16",20,,
br,fogão brastemp 4 bocas cooktop,brastemp,,,,,720,24,0.10,1.00,164,"Informational, Transactional","Popular Products, Related Searches, Image Pack, Site Links, Video, Video Carousel, People Also Ask","0.30,0.36,0.30,0.24,0.13,0.24,0.24,0.20,0.30,0.24,0.36,0.36",20,,
br,fogão brastemp 4 bocas mesa vidro,brastemp,,,,,720,23,0.16,1.00,160,"Informational, Transactional","Image Pack, Site Links, Video, People Also Ask, Popular Products, Related Searches","0.36,0.13,0.55,0.36,0.30,0.13,0.81,0.30,0.62,0.55,0.81,0.62",20,,
br,fogão brastemp 5 bocas com mesa de vidro,brastemp,,,,,720,21,0.15,1.00,170,Informational,"Video Carousel, People Also Ask, Popular Products, Related Searches, Image Pack, Site Links, Video","0.16,0.08,0.04,0.22,0.22,0.16,0.22,0.22,0.22,0.16,0.20,0.16",20,,
br,fogão brastemp branco 5 bocas,brastemp,,,,,720,24,0.18,1.00,173,"Informational, Transactional","Image Pack, Site Links, Video, People Also Ask, Popular Products, Related Searches","0.16,0.20,0.13,0.27,0.20,0.16,0.27,0.20,0.24,0.16,0.20,0.20",20,,
br,fogão brastemp clean 4 bocas,brastemp,,,,,720,23,0.08,1.00,159,Informational,"People Also Ask, Popular Products, Related Searches, Image Pack, Site Links, Reviews, Video","0.55,0.45,0.36,0.36,0.45,0.45,0.45,0.36,0.55,0.36,0.36,0.45",20,,
br,fogão cook brastemp,brastemp,,,,,720,30,0.12,1.00,176,"Informational, Transactional","Related Searches, Image Pack, Site Links, Video, People Also Ask, Popular Products","0.13,0.07,0.03,0.05,0.24,0.24,0.18,0.00,0.24,0.00,0.00,0.00",20,,
br,fogão cooktop brastemp 4 bocas,brastemp,,,,,720,23,0.10,1.00,162,Commercial,"Site Links, Video Carousel, People Also Ask, Popular Products, Related Searches, Image Pack","0.46,0.46,0.46,0.46,0.31,0.37,0.52,0.31,0.37,0.37,0.37,0.46",20,,
br,fogão de 6 bocas brastemp,brastemp,,,,,720,24,0.07,1.00,159,Informational,"Image Pack, Site Links, Video, Image, People Also Ask, Related Searches","0.45,0.45,0.55,0.55,0.36,0.45,0.55,0.45,0.45,0.45,0.36,0.36",20,,
br,fogão embutir brastemp,brastemp,,,,,720,24,0.17,1.00,166,"Informational, Transactional","People Also Ask, Popular Products, Related Searches, Image Pack, Site Links, Video","0.30,0.41,0.41,0.30,0.30,0.30,0.54,0.20,0.24,0.30,0.36,0.30",20,,
br,fogão retro brastemp,brastemp,,,,,720,25,0.08,0.99,163,Commercial,"Video, Image, People Also Ask, Popular Products, Related Searches, Adwords Middle, Image Pack, Site Links","0.72,0.88,0.88,0.88,0.88,0.72,0.48,0.72,1.00,0.59,0.72,0.72",20,,
br,gaveta geladeira brastemp,brastemp,,,,,720,24,0.10,1.00,175,"Informational, Transactional","Popular Products, Related Searches, Image Pack, Site Links, Video, People Also Ask","0.55,0.45,0.67,0.67,0.08,0.55,0.76,0.67,0.45,0.36,0.67,0.67",20,,
br,gaveta para geladeira brastemp,brastemp,,,,,720,24,0.10,1.00,166,"Informational, Transactional","Image Pack, Site Links, Video, People Also Ask, Popular Products, Related Searches","0.55,0.36,0.67,0.55,0.55,0.45,0.45,0.76,0.76,0.76,0.76,0.76",20,,
br,geladeira 375 litros brastemp,brastemp,,,,,720,19,0.28,1.00,165,Transactional,"People Also Ask, Popular Products, Related Searches, Site Links, Video","0.36,0.30,0.36,0.30,0.45,0.30,0.55,1.00,0.55,0.36,0.20,0.20",20,,
br,geladeira branca brastemp inverse,brastemp,,,,,720,24,0.24,1.00,189,Informational,"Video, People Also Ask, Popular Products, Related Searches, Adwords Middle, Image Pack, Site Links, Reviews","0.34,0.20,0.11,0.13,0.20,0.34,0.44,0.30,0.24,0.20,0.24,0.24",20,,
br,geladeira brastemp 375 l,brastemp,,,,,720,22,0.19,1.00,167,Transactional,"Site Links, Video Carousel, People Also Ask, Popular Products, Related Searches","0.59,0.72,0.72,0.72,0.48,0.48,0.88,0.59,0.88,0.59,0.48,0.39",20,,
br,geladeira brastemp 375 litros inox,brastemp,,,,,720,30,0.33,1.00,162,Transactional,"Related Searches, Knowledge Panel, Image Pack, Site Links, Video Carousel, People Also Ask, Popular Products","0.30,0.24,0.30,0.30,0.30,0.30,0.41,0.41,0.41,0.20,0.20,0.20",20,,
br,geladeira brastemp 588 litros inox,brastemp,,,,,720,25,0.20,1.00,165,"Informational, Transactional","Site Links, Image, Video Carousel, Popular Products, Related Searches, Knowledge Panel, Image Pack, Video, People Also Ask","0.45,0.24,0.36,0.36,0.36,0.30,0.81,1.00,0.55,0.24,0.20,0.13",20,,
br,geladeira brastemp 588 litros é boa,brastemp,,,,,720,26,0.20,1.00,162,Informational,"Site Links, Video, Video Carousel, People Also Ask, Popular Products, Related Searches, AI Overview, Image Pack","0.55,0.45,0.55,0.62,0.45,0.36,0.81,0.55,0.30,0.30,0.36,0.10",20,,
br,geladeira brastemp ative frost free antiga,brastemp,,,,,720,21,0.08,0.99,77500,Commercial,"Image Pack, Site Links, Video, Video Carousel, People Also Ask, Popular Products, Related Searches","0.45,0.45,0.55,0.45,0.45,0.36,0.36,0.36,0.30,0.36,0.30,0.30",20,,
br,geladeira brastemp ative inverse,brastemp,,,,,720,25,0.12,1.00,175,"Informational, Commercial","People Also Ask, Popular Products, Related Searches, Image Pack, Site Links, Video, Video Carousel","0.55,0.45,0.55,0.45,0.55,0.36,0.45,0.45,0.45,0.02,0.36,0.36",20,,
br,geladeira brastemp bre57fk,brastemp,,,,,720,25,0.33,1.00,7140,Informational,"Related Searches, AI Overview, Image Pack, Site Links, Video Carousel, People Also Ask, Popular Products","0.25,0.31,0.31,0.37,0.31,0.25,1.00,0.46,0.68,0.37,0.31,0.20",20,,
br,geladeira brastemp brm44hb,brastemp,,,,,720,32,0.27,1.00,167,Informational,"Related Searches, AI Overview, Knowledge Panel, Site Links, Video, Image, People Also Ask","0.55,0.45,0.55,0.55,0.55,0.45,0.76,0.20,0.55,0.45,0.45,0.36",20,,
br,geladeira brastemp clean antiga,brastemp,,,,,720,19,0.03,0.98,173,"Informational, Commercial","Site Links, Video, Video Carousel, People Also Ask, Popular Products, Related Searches, Image Pack","0.67,0.36,0.55,0.45,0.45,0.45,0.45,0.55,0.55,0.36,0.36,0.36",20,,
br,geladeira brastemp frost free 385 litros duplex inox - brm46mk,brastemp,,,,,720,17,0.49,1.00,172,Transactional,"Site Links, Video Carousel, People Also Ask, Popular Products, Related Searches","0.00,0.00,0.00,0.00,0.00,0.00,0.00,0.00,1.00,0.66,0.66,0.80",20,,
br,geladeira brastemp frost free inverse 591 litros inox - bre85mk,brastemp,,,,,720,18,0.58,1.00,168,"Informational, Transactional","People Also Ask, Related Searches, Knowledge Panel, Site Links, Video Carousel","0.00,0.00,0.00,0.00,0.00,0.00,0.00,0.04,0.80,0.80,0.66,1.00",20,,
br,geladeira brastemp invertida,brastemp,,,,,720,22,0.19,1.00,179,"Informational, Transactional","Related Searches, Short Videos, Image Pack, Site Links, Reviews, Video, Video Carousel, Popular Products","0.20,0.16,0.24,0.36,0.16,0.27,0.20,0.08,0.36,0.10,0.16,0.24",20,,
br,geladeira brastemp preta inverse,brastemp,,,,,720,24,0.23,1.00,185,"Informational, Commercial","Popular Products, Related Searches, Image Pack, Site Links, Reviews, Video, Video Carousel, People Also Ask","0.30,0.20,0.24,0.36,0.30,0.24,0.36,0.30,0.30,0.20,0.36,0.24",20,,
br,geladeira brastemp usada,brastemp,,,,,720,25,0.02,0.96,181,Informational,"Image Pack, Site Links, People Also Ask, Popular Products, Related Searches","0.45,0.45,0.55,0.45,0.45,0.67,0.55,0.45,0.45,0.45,0.45,0.36",20,,
br,geladeira by side brastemp,brastemp,,,,,720,19,0.17,1.00,181,"Informational, Transactional","People Also Ask, Popular Products, Related Searches, Image Pack, Site Links, Video","0.36,0.36,0.45,0.36,0.36,0.36,0.55,0.36,0.45,0.36,0.45,0.36",20,,
br,geladeira clean brastemp,brastemp,,,,,720,26,0.08,1.00,163,"Informational, Transactional","Popular Products, Related Searches, Image Pack, Site Links, Video, People Also Ask","0.36,0.24,0.20,0.30,0.36,0.16,0.30,0.54,0.41,0.24,0.36,0.36",20,,
br,geladeira em promoção brastemp,brastemp,,,,,720,37,0.19,1.00,194,Commercial,"Site Links, People Also Ask, Popular Products, Related Searches","0.08,0.04,0.13,0.13,0.04,0.10,0.35,0.08,0.24,0.10,0.10,0.13",20,,
br,geladeira frost free ative brastemp,brastemp,,,,,720,27,0.13,1.00,166,Informational,"Related Searches, Image Pack, Site Links, Video, People Also Ask, Popular Products","0.00,0.44,0.82,0.55,0.01,0.00,0.00,0.00,1.00,0.00,0.01,0.01",20,,
br,geladeira frost free brastemp inverse 447 litros inox bre57fk,brastemp,,,,,720,23,0.44,1.00,163,Informational,"Reviews, Video, People Also Ask, Popular Products, Related Searches, Site Links","0.24,0.16,0.16,0.20,0.05,0.03,1.00,0.11,0.05,0.20,0.24,0.08",20,,
br,geladeira frost free brastemp inverse 447 litros inox bre57fk 110v,brastemp,,,,,720,22,0.42,1.00,171,Commercial,"Site Links, Video Carousel, People Also Ask, Popular Products, Related Searches, Image Pack","0.31,0.46,0.20,0.46,0.31,0.52,0.68,0.31,0.31,0.13,0.11,0.08",20,,
br,geladeira frost free inverse brastemp,brastemp,,,,,720,23,0.24,1.00,169,Transactional,"Popular Products, Related Searches, Image Pack, Site Links, Video, People Also Ask","0.13,0.10,0.13,0.13,0.10,0.10,0.18,0.13,0.16,0.10,0.10,0.08",20,,
br,geladeira inverse branca brastemp,brastemp,,,,,720,24,0.24,1.00,169,"Informational, Transactional","Image Pack, Site Links, Video, People Also Ask, Popular Products, Related Searches","0.13,0.16,0.10,0.16,0.20,0.13,0.22,0.16,0.20,0.16,0.22,0.16",20,,
br,geladeira inverse preta brastemp,brastemp,,,,,720,29,0.23,1.00,172,"Informational, Transactional","Popular Products, Related Searches, Image Pack, Site Links, Reviews, Video, Video Carousel, People Also Ask","0.46,0.37,0.20,0.46,0.25,0.31,0.52,0.52,0.25,0.31,0.37,0.31",20,,
br,geladeira preta brastemp inverse,brastemp,,,,,720,27,0.23,1.00,1890000,"Informational, Transactional","Reviews, Video, Video Carousel, People Also Ask, Related Searches, Knowledge Panel, Image Pack, Site Links","0.24,0.24,0.13,0.30,0.16,0.20,0.34,0.34,0.44,0.20,0.24,0.20",20,,
br,geladeiras brastemp frost free,brastemp,,,,,720,19,0.26,1.00,185,"Informational, Transactional","People Also Ask, Popular Products, Related Searches, Image Pack, Site Links, Video","0.07,0.03,0.04,0.13,0.24,0.08,0.08,0.19,0.07,0.24,0.07,0.07",20,,
br,geladeiras brastemp inox,brastemp,,,,,720,28,0.28,1.00,179,"Informational, Transactional","Image Pack, Site Links, Reviews, People Also Ask, Popular Products, Related Searches","0.00,0.00,0.00,0.00,0.00,0.00,0.00,1.00,0.00,0.00,0.00,0.00",20,,
br,lava loucas 12 servicos brastemp,brastemp,,,,,720,22,0.16,1.00,154,"Informational, Transactional","Related Searches, AI Overview, Site Links, Reviews, Video, Adwords Bottom, Video Carousel, Popular Products","0.72,0.72,0.72,0.72,0.59,0.72,1.00,0.72,0.88,0.59,0.59,0.88",20,,
br,lava loucas brastemp 14 servicos,brastemp,,,,,720,23,0.26,1.00,154,Transactional,"People Also Ask, Popular Products, Related Searches, AI Overview, Site Links, Reviews, Video, Video Carousel","0.08,0.16,0.20,0.13,0.20,0.13,0.27,0.20,0.16,0.10,0.52,0.13",20,,
br,lava louça ative brastemp 8 serviços,brastemp,,,,,720,20,0.11,1.00,156,Informational,"Related Searches, Image Pack, Site Links, Video, Video Carousel, People Also Ask, Popular Products","0.03,0.68,0.52,0.52,0.46,0.37,0.46,0.46,0.52,0.03,0.03,0.46",20,,
br,lava louça brastemp 12 serviços,brastemp,,,,,720,28,0.07,1.00,167,"Informational, Transactional","Video Carousel, People Also Ask, Popular Products, Related Searches, Image Pack, Site Links, Video","0.20,0.24,0.36,0.24,0.24,0.24,0.41,0.36,0.54,0.36,0.41,0.20",20,,
br,lava louças ative brastemp 8 serviços,brastemp,,,,,720,23,0.11,1.00,162,Informational,"Site Links, Reviews, Video, Video Carousel, People Also Ask, Popular Products, Related Searches, Image Pack","0.20,0.16,0.13,0.30,0.41,0.54,0.36,0.41,0.41,0.30,0.41,0.41",20,,
br,lava louças brastemp ative,brastemp,,,,,720,24,0.10,1.00,174,Informational,"Video Carousel, People Also Ask, Popular Products, Related Searches, Image Pack, Site Links, Reviews, Video","0.55,0.55,0.55,0.36,0.36,0.36,0.36,0.36,0.30,0.36,0.45,0.55",20,,
br,lavadora brastemp 13 kg,brastemp,,,,,720,24,0.26,1.00,175,Commercial,"Related Searches, Image Pack, Site Links, Video, Video Carousel, People Also Ask, Popular Products","0.43,0.20,0.16,0.22,0.10,0.10,0.22,0.08,0.10,0.08,0.08,0.07",20,,
br,lavadora brastemp 17 kg,brastemp,,,,,720,24,0.24,1.00,166,Informational,"People Also Ask, Popular Products, Related Searches, Site Links, Video, Video Carousel","0.82,0.30,0.44,0.16,0.13,0.11,0.20,0.08,0.24,0.05,0.08,0.05",20,,
br,lavadora de roupas brastemp 13kg cesto inox,brastemp,,,,,720,28,0.27,1.00,163,Commercial,"Related Searches, Image Pack, Site Links, Video, Video Carousel, People Also Ask, Popular Products","0.46,0.52,0.52,0.37,0.25,0.20,0.52,0.31,0.25,0.16,0.13,0.08",20,,
br,lavar louca brastemp ative,brastemp,,,,,720,21,0.10,1.00,152,Informational,"AI Overview, Site Links, Reviews, Video, Video Carousel, People Also Ask, Popular Products, Related Searches","1.00,0.00,0.81,0.00,1.00,0.81,0.81,0.08,0.55,0.00,0.55,0.45",20,,
br,magnetron do microondas brastemp,brastemp,,,,,720,24,0.04,1.00,163,"Informational, Commercial","Related Searches, AI Overview, Image Pack, Site Links, Video, People Also Ask, Popular Products","0.67,1.00,0.45,0.45,0.55,0.76,0.67,0.67,0.05,0.55,0.55,0.55",20,,
br,mangueira para maquina de lavar brastemp,brastemp,,,,,720,23,0.07,1.00,191,"Informational, Commercial","Site Links, People Also Ask, Popular Products, Related Searches, AI Overview, Image Pack","0.67,0.67,0.76,0.67,0.67,0.67,0.45,0.67,0.55,0.36,0.45,0.45",20,,
br,maquina brastemp 14kg,brastemp,,,,,720,29,0.25,1.00,162,Informational,"Reviews, Video, Video Carousel, People Also Ask, Popular Products, Related Searches, Knowledge Panel, Site Links","0.24,0.16,0.20,0.13,0.10,0.20,0.20,0.30,0.41,0.41,0.79,1.00",20,,
br,maquina de lavar 8kg brastemp,brastemp,,,,,720,24,0.13,1.00,165,Commercial,"Image Pack, Site Links, Video, Video Carousel, People Also Ask, Related Searches","1.00,1.00,1.00,0.55,0.36,0.45,0.45,0.36,0.45,0.36,0.36,0.45",20,,
br,maquina de lavar brastemp 10 kg,brastemp,,,,,720,24,0.13,1.00,165,Commercial,"Related Searches, Image Pack, Site Links, Video, People Also Ask, Popular Products","0.10,0.10,0.10,0.08,0.10,0.10,0.10,0.10,0.13,0.08,0.28,0.10",20,,
br,maquina de lavar brastemp 12kg promoção,brastemp,,,,,720,26,0.16,1.00,163,Commercial,"Site Links, People Also Ask, Popular Products, Related Searches","0.10,0.19,0.15,0.13,0.07,0.10,0.13,0.10,0.04,0.10,0.13,0.10",20,,
br,maquina de lavar brastemp 8kg,brastemp,,,,,720,32,0.13,1.00,163,Informational,"Image Pack, Site Links, Video, People Also Ask, Popular Products, Related Searches","0.76,0.76,0.76,0.67,0.45,0.55,0.36,0.45,0.55,0.45,0.45,0.45",20,,
br,maquina de lavar brastemp ative 11kg menor preço,brastemp,,,,,720,17,0.09,1.00,180,Commercial,"Site Links, Popular Products, Related Searches, AI Overview","0.45,0.45,0.55,0.30,0.55,0.30,0.62,0.45,0.36,0.45,0.45,0.62",20,,
br,maquina de lavar da brastemp,brastemp,,,,,720,23,0.39,1.00,197,"Informational, Transactional","Image Pack, Site Links, People Also Ask, Popular Products, Related Searches, Short Videos, AI Overview","0.46,0.25,0.37,0.52,0.46,0.37,0.31,0.46,0.46,0.37,0.46,0.52",20,,
br,maquina de lavar louca brastemp,brastemp,,,,,720,30,0.20,1.00,173,"Informational, Transactional","Reviews, Video, Video Carousel, Short Videos, Site Links, People Also Ask, Popular Products, Related Searches, AI Overview, Image Pack","0.08,0.08,0.10,0.05,0.07,0.05,0.10,0.05,0.05,0.19,0.16,0.23",20,,
br,maquina de lavar roupa 15 kg brastemp,brastemp,,,,,720,23,0.29,1.00,170,Informational,"Video, Video Carousel, People Also Ask, Popular Products, Related Searches, Short Videos, Site Links","0.36,0.36,0.45,0.55,0.45,0.55,0.76,0.55,0.67,0.55,0.45,0.55",20,,
br,maquina de lavar roupa brastemp 13 kg,brastemp,,,,,720,23,0.22,1.00,174,Commercial,"People Also Ask, Popular Products, Related Searches, Image Pack, Site Links, Video, Video Carousel","0.37,0.37,0.37,0.37,0.37,0.46,0.52,0.37,0.52,0.46,0.37,0.31",20,,
br,maquina de lavar roupas 15kg brastemp,brastemp,,,,,720,23,0.29,1.00,171,Transactional,"Video Carousel, People Also Ask, Popular Products, Related Searches, AI Overview, Site Links, Video","0.36,0.55,0.55,0.55,0.45,0.67,1.00,0.55,0.67,0.45,0.55,0.67",20,,
br,maquina de lavar secar brastemp,brastemp,,,,,720,25,0.17,1.00,166,"Informational, Commercial","Site Links, Reviews, Video, People Also Ask, Popular Products, Related Searches, AI Overview","0.68,0.37,0.31,0.37,0.25,0.37,0.37,0.37,0.25,0.31,0.31,0.37",20,,
br,maquina de secar brastemp,brastemp,,,,,720,24,0.25,1.00,163,"Informational, Commercial","People Also Ask, Popular Products, Related Searches, Image Pack, Site Links, Reviews, Video, Video Carousel","0.41,0.79,0.36,0.30,0.20,0.20,0.24,0.16,0.24,0.20,0.20,0.16",20,,
br,maquina lavar brastemp 13kg,brastemp,,,,,720,24,0.31,1.00,164,Commercial,"Video, Video Carousel, People Also Ask, Popular Products, Related Searches, Site Links","0.76,0.55,0.55,0.45,0.36,0.36,0.67,0.55,0.55,0.36,0.36,0.36",20,,
br,maquinas de lavar 10kg brastemp,brastemp,,,,,720,28,0.13,1.00,174,Commercial,"People Also Ask, Popular Products, Related Searches, Site Links, Video","0.13,0.03,0.35,0.24,0.05,0.05,0.10,0.07,0.29,0.13,0.10,0.35",20,,
br,maquinas de lavar 12kg brastemp,brastemp,,,,,720,30,0.18,1.00,169,Commercial,"Related Searches, Site Links, Video, People Also Ask, Popular Products","0.10,0.03,0.35,0.02,0.00,0.08,0.44,0.08,0.29,0.13,0.13,0.13",20,,
br,maquinas de lavar roupa brastemp 11kg,brastemp,,,,,720,21,0.09,1.00,175,Commercial,"Site Links, Video, Video Carousel, People Also Ask, Popular Products, Related Searches, Short Videos","0.55,0.67,0.67,0.30,0.55,0.55,0.76,0.20,0.67,0.76,0.00,0.00",20,,
br,medidas geladeira brastemp,brastemp,,,,,720,23,0.11,1.00,162,Informational,"Related Searches, AI Overview, Image Pack, Site Links, Video, Video Carousel, People Also Ask, Popular Products","1.00,0.72,0.88,0.59,0.59,0.72,0.88,0.48,0.72,0.48,0.59,0.59",20,,
br,microondas 30 litros brastemp ative,brastemp,,,,,720,25,0.10,1.00,164,Informational,"Related Searches, Image Pack, Site Links, Video, People Also Ask, Popular Products","0.45,0.45,0.45,0.45,0.30,0.55,0.62,0.30,0.36,0.36,0.45,0.36",20,,
br,microondas 32l brastemp,brastemp,,,,,720,22,0.18,1.00,169,Transactional,"Video Carousel, People Also Ask, Popular Products, Related Searches, AI Overview, Site Links, Reviews","0.24,0.13,0.55,0.16,0.11,0.20,0.20,0.00,0.55,0.24,0.24,0.11",20,,
br,microondas ative brastemp 30 litros,brastemp,,,,,720,30,0.07,1.00,158,Commercial,"Image Pack, Site Links, Video, People Also Ask, Popular Products, Related Searches","0.45,0.45,0.24,0.45,0.36,0.45,0.45,0.20,0.36,0.24,0.30,0.30",20,,
br,microondas brastemp 32 litros inox grill 110v,brastemp,,,,,720,27,0.16,1.00,165,Informational,"Related Searches, Knowledge Panel, Site Links, Video, Video Carousel, People Also Ask, Popular Products","0.72,0.88,0.72,0.72,0.39,0.48,0.88,0.59,0.39,0.26,0.72,0.48",20,,
br,microondas brastemp ative 30 litros,brastemp,,,,,720,23,0.10,1.00,156,Informational,"Site Links, Video, People Also Ask, Popular Products, Related Searches, Image Pack","0.45,0.55,0.55,0.45,0.24,0.45,0.45,0.36,0.45,0.30,0.30,0.36",20,,
br,microondas brastemp branco,brastemp,,,,,720,24,0.15,1.00,163,Informational,"People Also Ask, Popular Products, Related Searches, Image Pack, Site Links, Video","0.46,0.52,0.46,0.37,0.31,0.37,0.68,0.37,0.52,0.31,0.37,0.46",20,,
br,microondas brastemp preto,brastemp,,,,,720,20,0.17,1.00,186,Informational,"Image Pack, Site Links, Video, People Also Ask, Popular Products, Related Searches","0.46,0.31,0.46,0.46,0.37,0.52,0.37,0.37,0.46,0.13,0.37,0.37",20,,
br,microondas inox brastemp,brastemp,,,,,720,25,0.16,1.00,188,"Informational, Transactional","Reviews, Video, People Also Ask, Popular Products, Related Searches, Image Pack, Site Links","0.22,0.20,0.22,0.22,0.16,0.16,0.13,0.16,0.13,0.13,0.13,0.13",20,,
br,máquina brastemp 15 kg,brastemp,,,,,720,21,0.17,1.00,168,Informational,"Popular Products, Related Searches, Image Pack, Site Links, Video Carousel, People Also Ask","0.30,0.30,0.20,0.30,0.36,0.24,1.00,0.36,0.81,0.55,0.45,1.00",20,,
br,máquina de lavar 18kg brastemp,brastemp,,,,,720,19,0.26,1.00,169,Informational,"Related Searches, AI Overview, Image Pack, Site Links, Reviews, Video Carousel, People Also Ask","0.16,0.36,0.55,0.55,0.55,0.45,1.00,0.45,0.55,0.30,0.45,0.45",20,,
br,máquina de lavar 9kg brastemp,brastemp,,,,,720,27,0.12,1.00,163,Informational,"Image Pack, Site Links, Reviews, Video, People Also Ask, Popular Products, Related Searches","0.41,0.36,0.36,0.30,0.30,0.30,0.30,0.24,0.30,0.20,0.30,0.30",20,,
br,máquina de lavar brastemp 11 kg,brastemp,,,,,720,23,0.13,1.00,179,"Informational, Transactional","Image Pack, Site Links, Video, Video Carousel, People Also Ask, Popular Products, Related Searches, Short Videos","0.16,0.08,0.13,0.36,0.16,0.16,0.36,0.16,0.16,0.10,0.16,0.20",20,,
br,máquina de lavar brastemp 12kg promocao,brastemp,,,,,720,19,0.16,1.00,166,"Informational, Commercial","Popular Products, Related Searches, AI Overview, Site Links, People Also Ask","0.76,0.76,0.76,0.67,0.55,0.55,0.67,0.55,0.36,0.24,0.05,0.05",20,,
br,máquina de lavar brastemp 13kg cesto inox,brastemp,,,,,720,24,0.15,1.00,167,Informational,"Site Links, Video, Video Carousel, People Also Ask, Popular Products, Related Searches, AI Overview, Image Pack","0.88,0.88,0.72,0.72,0.48,0.32,0.48,0.32,0.32,0.26,0.26,0.14",20,,
br,máquina de lavar brastemp 14kg,brastemp,,,,,720,21,0.24,1.00,168,Commercial,"Video Carousel, People Also Ask, Popular Products, Related Searches, Site Links, Video","0.07,0.04,0.05,0.05,0.08,0.08,0.13,0.16,0.24,0.24,0.29,0.35",20,,
br,máquina de lavar brastemp 17 kg,brastemp,,,,,720,23,0.23,1.00,160,Informational,"Site Links, Video, Video Carousel, People Also Ask, Popular Products, Related Searches","0.27,0.20,0.16,0.13,0.13,0.08,0.16,0.13,0.52,0.10,0.13,0.27",20,,
br,máquina de lavar louça brastemp 14 serviços,brastemp,,,,,720,24,0.18,1.00,162,Informational,"Video, Video Carousel, People Also Ask, Related Searches, AI Overview, Site Links, Reviews","0.76,0.55,0.45,0.55,0.45,0.30,0.67,0.45,0.55,0.67,0.67,1.00",20,,
br,máquina de lavar roupa 13kg brastemp,brastemp,,,,,720,27,0.27,1.00,171,Informational,"People Also Ask, Related Searches, Site Links, Video, Video Carousel","0.55,0.36,0.55,0.45,0.67,0.55,0.76,0.67,0.55,0.30,0.45,0.24",20,,
br,máquina de lavar roupa brastemp 11kg,brastemp,,,,,720,24,0.09,1.00,168,"Informational, Commercial","Video Carousel, People Also Ask, Popular Products, Related Searches, Image Pack, Site Links, Video","0.55,0.67,0.67,0.55,0.55,0.55,0.67,0.45,0.67,0.67,0.67,0.76",20,,
br,máquina de lavar roupa brastemp 12kg,brastemp,,,,,720,27,0.18,1.00,190,Commercial,"Video, Video Carousel, People Also Ask, Popular Products, Related Searches, Short Videos, Site Links","0.16,0.16,0.10,0.16,0.08,0.10,0.16,0.13,0.16,0.13,0.07,0.08",20,,
br,máquina de lavar roupa brastemp 18 kg,brastemp,,,,,720,21,0.20,1.00,166,Informational,"People Also Ask, Related Searches, AI Overview, Site Links, Reviews, Video, Video Carousel","0.06,0.20,0.36,0.55,0.36,0.30,1.00,0.55,0.62,0.36,0.55,0.62",20,,
br,máquina de secar roupa brastemp,brastemp,,,,,720,24,0.18,1.00,167,Commercial,"Related Searches, Adwords Middle, Image Pack, Adwords Top, Video Carousel, People Also Ask, Site Links, Video, Popular Products","0.36,0.66,0.36,0.24,0.24,0.24,0.30,0.16,0.24,0.24,0.24,0.20",20,,
br,máquina água com gás brastemp,brastemp,,,,,720,27,0.13,1.00,164,Informational,"Related Searches, Short Videos, Image Pack, Site Links, Video, Video Carousel, People Also Ask, Popular Products","0.12,0.07,0.10,0.05,0.05,0.07,0.12,0.12,0.12,0.08,0.08,0.10",20,,
br,outlet brastemp,brastemp,,,,,720,27,0.20,1.00,158,Navigational,"Site Links, Video, Video Carousel, People Also Ask, Popular Products, Related Searches","0.67,0.54,1.00,1.00,1.00,0.81,0.81,0.81,0.81,0.67,0.81,0.81",20,,
br,peça maquina de lavar brastemp,brastemp,,,,,720,26,0.08,1.00,165,Commercial,"Local Pack, Image Pack, Site Links, Video, People Also Ask, Popular Products, Related Searches","0.31,0.31,0.52,0.31,0.25,0.31,0.31,0.31,0.46,0.31,0.25,0.31",20,,
br,peças da geladeira brastemp,brastemp,,,,,720,19,0.12,1.00,164,"Informational, Commercial","Related Searches, Image Pack, Site Links, People Also Ask, Popular Products","0.25,0.37,0.31,0.37,0.52,0.31,0.37,0.31,0.37,0.46,0.46,0.37",20,,
br,peças da maquina de lavar brastemp,brastemp,,,,,720,16,0.08,1.00,166,Informational,"Video, People Also Ask, Popular Products, Related Searches, Image Pack, Site Links","0.46,0.37,0.25,0.46,0.20,0.37,0.52,0.46,0.46,0.25,0.37,0.31",20,,
br,peças maquinas de lavar brastemp,brastemp,,,,,720,26,0.08,1.00,165,Commercial,"Local Pack, Site Links, Video, Popular Products, Related Searches","0.20,0.52,0.03,0.68,0.25,0.31,0.20,0.52,0.25,0.31,0.37,0.31",20,,
br,peças para maquinas de lavar brastemp,brastemp,,,,,720,17,0.08,1.00,162,Navigational,"Site Links, Video, Popular Products, Related Searches","0.68,0.52,0.68,0.08,0.25,0.25,0.16,0.37,0.25,0.31,0.37,0.31",20,,
br,placa da brastemp ative 11kg,brastemp,,,,,720,15,0.05,1.00,168,"Informational, Commercial","Site Links, Video, People Also Ask, Popular Products, Related Searches","0.55,0.55,0.30,0.30,0.24,0.45,0.55,0.55,0.45,0.55,0.76,0.55",20,,
br,pés para geladeira brastemp,brastemp,,,,,720,24,0.12,1.00,174,Informational,"Image Pack, Site Links, Video Carousel, People Also Ask, Popular Products, Related Searches","0.36,0.30,0.20,0.36,0.24,0.24,0.20,0.30,0.36,0.36,0.24,0.30",20,,
br,reclame aqui brastemp,brastemp,,,,,720,25,1.50,0.07,104,Navigational,"People Also Ask, Related Searches","0.36,0.24,0.55,0.45,0.55,0.36,0.45,0.45,0.55,0.36,0.36,0.36",90,,
br,refrigerador brastemp 375 litros,brastemp,,,,,720,23,0.25,1.00,168,"Informational, Transactional","Related Searches, Knowledge Panel, Image Pack, Site Links, Video Carousel, People Also Ask, Popular Products","0.30,0.24,0.30,0.24,0.24,0.20,0.54,0.41,0.54,0.36,0.24,0.36",20,,
br,refrigerador inverse brastemp,brastemp,,,,,720,24,0.31,1.00,172,"Informational, Transactional","Video Carousel, People Also Ask, Popular Products, Related Searches, Image Pack, Site Links, Reviews, Video","0.10,0.05,0.07,0.02,0.10,0.07,0.07,0.03,0.08,0.04,0.08,0.54",20,,
br,secadora suspensa brastemp,brastemp,,,,,720,17,0.34,1.00,166,"Informational, Commercial","Popular Products, Related Searches, Image Pack, Site Links, Video, Video Carousel, People Also Ask","0.36,0.79,0.36,0.24,0.20,0.20,0.24,0.07,0.16,0.16,0.16,0.16",20,,
br,sensor de degelo brastemp,brastemp,,,,,720,24,0.05,1.00,172,"Informational, Transactional","People Also Ask, Popular Products, Related Searches, Image Pack, Site Links, Video, Video Carousel","0.59,0.59,0.72,0.88,0.72,0.72,0.59,1.00,1.00,0.59,0.72,0.59",20,,
br,tel assistencia tecnica brastemp,brastemp,,,,,720,28,0.27,0.46,105,Navigational,"Local Pack, Site Links, Reviews, People Also Ask, Related Searches, AI Overview","0.55,0.45,0.67,0.30,0.55,0.55,0.55,0.36,0.36,0.45,0.55,0.45",20,,
br,telefone brastemp,brastemp,,,,,720,38,0.21,0.21,149,Informational,"Related Searches, AI Overview, Site Links, Reviews, Video, Adwords Bottom, People Also Ask","0.55,0.67,0.67,0.67,0.36,0.55,0.67,0.55,0.45,0.55,0.67,0.55",20,,
br,termostato geladeira brastemp,brastemp,,,,,720,24,0.04,1.00,10,Informational,"Site Links, Video Carousel, People Also Ask, Popular Products, Related Searches, AI Overview, Image Pack","0.55,0.55,0.76,0.76,0.45,0.45,0.55,0.55,0.55,0.36,0.45,0.45",20,,
br,ventilador geladeira brastemp,brastemp,,,,,720,19,0.04,1.00,166,Informational,"People Also Ask, Popular Products, Related Searches, Image Pack, Site Links, Video, Video Carousel","0.59,0.48,0.59,0.59,0.59,0.72,0.72,0.72,1.00,0.88,0.72,0.72",20,,
br,adega brastemp 33 garrafas,brastemp,,,,,590,27,0.30,1.00,161,"Informational, Transactional","Image, Adwords Top, Adwords Bottom, Shopping Ads, Related Searches, Knowledge Panel, Image Pack, Video Carousel, Popular Products, Site Links, Video","0.25,0.31,0.37,0.31,0.31,0.31,0.84,0.31,0.20,0.20,0.46,0.25",20,,
br,agitador brastemp,brastemp,,,,,590,12,0.05,1.00,166,Informational,"Video Carousel, People Also Ask, Popular Products, Related Searches, Image Pack, Site Links, Reviews, Video","0.72,0.59,0.72,0.72,0.48,0.59,0.72,0.59,0.59,0.59,0.59,0.59",20,,
br,agitador brastemp ative 11kg,brastemp,,,,,590,15,0.05,1.00,189,Commercial,"People Also Ask, Popular Products, Related Searches, Image Pack, Site Links, Reviews, Video, Video Carousel","0.36,0.45,0.36,0.36,0.20,0.45,0.45,0.45,0.45,0.45,0.45,0.36",20,,
br,assistência técnica brastemp geladeira,brastemp,,,,,590,18,0.85,0.69,165,Navigational,"Related Searches, Local Pack, Site Links, People Also Ask","0.54,0.54,0.54,0.54,0.67,0.67,0.54,1.00,0.67,0.36,0.44,0.54",20,,
br,ative brastemp 11kg,brastemp,,,,,590,23,0.10,1.00,164,Commercial,"People Also Ask, Popular Products, Related Searches, Image Pack, Site Links, Video, Video Carousel","0.13,0.08,0.07,0.05,0.16,0.16,0.16,0.16,0.16,0.13,0.16,0.29",20,,
br,ative brastemp 9kg,brastemp,,,,,590,20,0.10,1.00,167,Commercial,"Popular Products, Related Searches, AI Overview, Site Links, Video, Video Carousel, People Also Ask","0.00,0.48,0.39,0.39,0.48,0.48,0.48,0.48,0.59,1.00,1.00,1.00",20,,
br,atuador de freio lavadoura brastemp bwh15,brastemp,,,,,590,19,0.00,0.00,173,Commercial,"Site Links, Video, Popular Products, Related Searches","1.00,0.00,0.00,0.00",20,,
br,autorizado brastemp,brastemp,,,,,590,23,0.35,0.58,177,Navigational,"Local Pack, People Also Ask, Related Searches","0.30,0.30,0.45,0.24,0.30,0.36,0.24,0.30,0.55,0.24,1.00,0.30",75,,
br,borracha de geladeira brastemp,brastemp,,,,,590,23,0.04,1.00,199,Commercial,"Site Links, Video, Adwords Top, Adwords Bottom, People Also Ask, Popular Products, Related Searches, Image Pack","0.48,0.48,0.39,0.39,0.39,0.39,0.48,0.59,0.59,0.48,0.48,0.39",20,,
br,botão para fogão brastemp,brastemp,,,,,590,29,0.07,1.00,189,Transactional,"Video, People Also Ask, Popular Products, Related Searches, AI Overview, Image Pack, Site Links","0.36,0.36,0.45,0.45,0.36,0.67,0.45,0.55,0.55,0.36,0.36,0.55",20,,
br,brastemp 10kg,brastemp,,,,,590,26,0.16,1.00,160,Informational,"Site Links, Video, Video Carousel, People Also Ask, Popular Products, Related Searches, Image Pack","0.55,0.55,0.45,0.45,0.36,0.45,0.20,0.45,0.45,0.36,0.36,0.36",20,,
br,brastemp 11kg lavadora,brastemp,,,,,590,24,0.16,1.00,176,"Informational, Transactional","Site Links, Video, Video Carousel, People Also Ask, Popular Products, Related Searches, Short Videos, Image Pack","0.00,0.55,0.44,0.44,0.00,0.00,0.00,0.00,0.34,0.00,0.00,0.00",20,,
br,brastemp 15 servicos,brastemp,,,,,590,35,0.30,1.00,163,Informational,"Site Links, Reviews, Video, People Also Ask, Adwords Middle, AI Overview, Knowledge Panel, Video Carousel, Related Searches","0.24,0.24,0.30,0.55,0.20,0.36,1.00,0.45,0.67,0.67,1.00,1.00",20,,
br,brastemp 16kg,brastemp,,,,,590,25,0.26,1.00,162,Informational,"Adwords Top, Adwords Bottom, People Also Ask, Popular Products, Site Links, Video Carousel, Related Searches, Image Pack, Reviews, Video","0.20,0.13,0.24,0.13,0.13,0.13,0.16,0.16,0.13,0.10,0.13,0.10",20,,
br,brastemp 554 litros,brastemp,,,,,590,25,0.29,1.00,169,Transactional,"Image Pack, Site Links, Video, Video Carousel, People Also Ask, Popular Products, Related Searches","0.30,0.24,0.36,0.45,0.45,0.45,1.00,0.45,0.36,0.24,0.20,0.16",20,,
br,brastemp 9kg,brastemp,,,,,590,25,0.15,1.00,158,Informational,"Popular Products, Related Searches, Image Pack, Site Links, Video, People Also Ask","0.45,0.36,0.45,0.36,0.36,0.36,0.30,0.24,0.36,0.24,0.36,0.30",20,,
br,brastemp ar condicionado,brastemp,,,,,590,24,0.17,1.00,159,"Informational, Transactional","Video, People Also Ask, Related Searches, Image Pack, Site Links","0.20,0.16,0.16,0.20,0.24,0.24,0.36,0.41,0.36,0.30,0.24,0.20",20,,
br,brastemp ative 11kg placa,brastemp,,,,,590,5,0.05,1.00,186,Commercial,"Site Links, People Also Ask, Popular Products, Related Searches","0.76,0.67,0.67,0.30,0.30,0.30,0.45,0.24,0.24,0.36,0.55,0.45",20,,
br,brastemp ative 4 bocas cooktop,brastemp,,,,,590,19,0.09,1.00,163,Commercial,"Site Links, Video, People Also Ask, Popular Products, Related Searches","0.81,0.00,0.81,0.00,0.81,0.81,0.81,0.00,0.00,0.00,0.00,0.00",20,,
br,brastemp ative 9kg,brastemp,,,,,590,23,0.10,1.00,162,Informational,"Related Searches, AI Overview, Image Pack, Site Links, Video, Video Carousel, People Also Ask, Popular Products","0.36,0.36,0.45,0.24,0.36,0.36,0.36,0.45,0.55,0.55,0.55,0.55",20,,
br,brastemp ative cooktop 5 bocas,brastemp,,,,,590,23,0.08,1.00,181,Informational,"Popular Products, Related Searches, Image Pack, Site Links, Reviews, Video, People Also Ask","0.62,0.30,0.01,0.45,0.01,0.01,0.81,0.81,0.81,0.62,0.02,0.02",20,,
br,brastemp ative secadora,brastemp,,,,,590,22,0.18,1.00,140,Transactional,"Related Searches, Short Videos, Image Pack, Site Links, Video, People Also Ask, Popular Products","0.20,0.34,0.16,0.13,0.16,0.13,0.16,0.20,0.20,0.20,0.20,0.24",20,,
br,brastemp autorizada em fortaleza,brastemp,,,,,590,27,0.26,0.68,170,Navigational,"Local Pack, Reviews, People Also Ask, Related Searches","0.55,0.55,0.30,0.36,0.45,0.45,0.36,0.36,0.36,0.45,0.45,0.45",90,,
br,brastemp b blend capsulas,brastemp,,,,,590,24,0.10,0.78,169,Commercial,"Image Pack, Site Links, Video, People Also Ask, Popular Products, Related Searches","0.07,0.05,0.04,0.04,0.05,0.04,0.04,0.04,0.04,0.03,0.03,0.03",20,,
br,brastemp bre57,brastemp,,,,,590,24,0.22,1.00,170,Commercial,"Reviews, Video Carousel, People Also Ask, Popular Products, Related Searches, Image Pack, Site Links","0.16,0.20,0.20,0.20,0.16,0.16,0.30,0.24,0.36,0.20,0.41,0.41",20,,
br,brastemp brm44,brastemp,,,,,590,25,0.17,1.00,163,Informational,"Video Carousel, People Also Ask, Popular Products, Related Searches, AI Overview, Site Links, Video","0.16,0.16,0.20,0.20,0.24,0.20,0.30,0.24,0.36,0.36,0.36,0.36",20,,
br,brastemp brm55,brastemp,,,,,590,29,0.14,1.00,169,Commercial,"People Also Ask, Popular Products, Related Searches, Image Pack, Site Links, Video, Video Carousel","0.72,0.72,0.72,0.72,0.48,0.72,0.88,0.72,1.00,0.39,0.48,0.32",20,,
br,brastemp e consul,brastemp,,,,,590,27,0.20,0.89,166,Informational,"Related Searches, AI Overview, Site Links, Video, Video Carousel, People Also Ask, Popular Products","0.45,0.36,0.45,0.45,0.36,0.45,0.45,0.45,0.45,0.36,0.45,0.55",20,,
br,brastemp eclipse collection,brastemp,,,,,590,24,0.23,1.00,166,Informational,"Image Pack, Reviews, Video, Image, People Also Ask, Related Searches, Short Videos, Site Links, Adwords Top, Adwords Bottom, Video Carousel, Popular Products","0.13,0.13,0.30,0.54,0.30,0.30,0.36,0.24,0.20,0.10,0.10,0.07",20,,
br,brastemp fogao ative,brastemp,,,,,590,24,0.08,1.00,163,"Informational, Transactional","Related Searches, Image Pack, Site Links, Video, Adwords Bottom, People Also Ask, Popular Products","0.45,0.67,0.24,0.55,0.36,0.30,0.55,0.36,0.76,0.45,0.55,0.45",20,,
br,brastemp fogão de embutir 4 bocas,brastemp,,,,,590,23,0.14,1.00,166,"Informational, Transactional","Image Pack, Site Links, Video, People Also Ask, Popular Products, Related Searches","0.00,0.24,0.13,0.44,0.01,0.00,0.02,0.00,0.00,0.00,0.00,0.00",20,,
br,brastemp forno de embutir a gás,brastemp,,,,,590,23,0.15,1.00,198,Commercial,"Site Links, Video, Video Carousel, People Also Ask, Popular Products, Related Searches, Image Pack","0.13,0.10,0.10,0.10,0.27,0.10,0.44,0.08,0.10,0.13,0.20,0.13",20,,
br,brastemp fortaleza autorizada,brastemp,,,,,590,21,0.26,0.68,108,Navigational,"Local Pack, Site Links, Reviews, People Also Ask, Related Searches","0.55,0.55,0.30,0.36,0.45,0.45,0.36,0.36,0.36,0.45,0.45,0.45",20,,
br,brastemp garantia,brastemp,,,,,590,33,0.13,0.19,167,Navigational,"Video, People Also Ask, Related Searches, Site Links, Reviews","1.00,0.81,1.00,0.66,1.00,0.81,0.66,1.00,0.81,0.66,0.66,0.66",20,,
br,brastemp geladeira ative 429 litros,brastemp,,,,,590,28,0.10,1.00,165,Informational,"Popular Products, Related Searches, AI Overview, Site Links, Video, People Also Ask","0.00,0.62,0.81,0.24,0.00,0.01,0.36,0.30,0.36,0.30,0.24,0.24",20,,
br,brastemp inverse inox,brastemp,,,,,590,24,0.34,1.00,186,Informational,"Popular Products, Related Searches, Image Pack, Site Links, Video, Video Carousel, People Also Ask","0.16,0.16,0.13,0.16,0.13,0.13,0.07,0.16,0.16,0.13,0.16,0.13",20,,
br,brastemp lava louças 10 serviços,brastemp,,,,,590,30,0.25,1.00,163,Informational,"Popular Products, Related Searches, Image Pack, Site Links, Reviews, Video, Video Carousel, People Also Ask","0.03,0.13,0.29,0.10,0.07,0.08,0.13,0.07,0.35,0.03,0.03,0.18",20,,
br,brastemp logo,brastemp,,,,,590,29,0.85,0.10,159,"Informational, Navigational","Image, People Also Ask, Popular Products, Related Searches, Image Pack, Site Links, Video","0.37,0.25,0.46,0.37,0.31,0.37,0.31,0.25,0.31,0.25,0.31,0.20",20,,
br,brastemp micro ondas gourmand,brastemp,,,,,590,21,0.16,1.00,201,"Informational, Transactional","Site Links, Reviews, Video, Video Carousel, Popular Products, Related Searches, AI Overview","1.00,0.81,0.01,0.00,0.01,0.01,0.00,0.01,0.00,0.62,0.62,0.62",20,,
br,brastemp máquina de lavar 11kg,brastemp,,,,,590,18,0.18,1.00,176,Commercial,"Video, Video Carousel, People Also Ask, Popular Products, Related Searches, Short Videos, Image Pack, Site Links","0.36,0.07,0.04,0.07,0.13,0.20,0.07,0.16,0.29,0.00,0.08,0.00",20,,
br,brastemp secadora 10kg,brastemp,,,,,590,16,0.25,1.00,171,"Informational, Transactional","Site Links, Image, People Also Ask, Adwords Middle, Knowledge Panel, Video, Video Carousel, Popular Products, Related Searches","0.01,1.00,0.08,0.08,0.02,0.03,0.13,0.13,0.16,0.20,0.04,0.13",20,,
br,brastemp top,brastemp,,,,,590,29,0.24,0.43,160,Commercial,"Reviews, Video, Popular Products, Related Searches, AI Overview, Site Links","0.54,0.20,0.36,0.30,0.20,0.54,0.20,0.08,0.07,0.08,0.10,0.08",20,,
br,como limpar a maquina de lavar brastemp,brastemp,,,,,590,27,0.02,0.48,105,Informational,"Video, Related Searches, Short Videos, AI Overview, Reviews","0.66,0.66,0.81,1.00,0.81,0.81,0.81,0.81,1.00,0.81,0.81,0.81",90,,
br,como limpar máquina de lavar brastemp,brastemp,,,,,590,26,0.01,0.66,103,Informational,"Video, People Also Ask, Related Searches, Short Videos","0.59,0.59,0.48,0.48,0.48,0.48,0.48,0.59,0.59,0.48,0.59,0.39",90,,
br,compressor geladeira brastemp,brastemp,,,,,590,31,0.10,0.99,415,Informational,"Popular Products, Related Searches, Image Pack, Site Links, Video, Video Carousel, People Also Ask","0.81,0.66,0.66,0.81,0.66,0.81,0.81,1.00,1.00,0.81,0.66,0.81",20,,
br,cooktop 4 bocas ative brastemp,brastemp,,,,,590,23,0.07,1.00,165,Commercial,"Popular Products, Related Searches, Image Pack, Site Links, Video, Video Carousel, People Also Ask","0.55,0.00,0.45,0.00,0.62,0.62,0.45,0.01,0.01,0.00,0.00,0.01",20,,
br,cooktop 4 bocas indução brastemp,brastemp,,,,,590,23,0.13,1.00,166,Informational,"Site Links, Reviews, Video Carousel, People Also Ask, Popular Products, Related Searches, Image Pack","0.45,0.36,0.67,0.67,0.76,0.55,0.67,0.36,0.45,0.36,0.45,0.36",20,,
br,cooktop 5 bocas brastemp gourmand,brastemp,,,,,590,22,0.17,1.00,164,Transactional,"Popular Products, Related Searches, Image Pack, Site Links, Video, Video Carousel, People Also Ask","0.25,0.31,0.37,0.31,0.31,0.25,0.46,0.20,0.31,0.31,0.37,0.37",20,,
br,cooktop 5 bocas brastemp inox,brastemp,,,,,590,23,0.15,1.00,169,Informational,"Image Pack, Site Links, Video, Video Carousel, People Also Ask, Popular Products, Related Searches","0.45,0.55,0.55,0.55,0.36,0.30,0.45,0.36,0.36,0.36,0.36,0.55",20,,
br,cooktop 5 bocas gourmand brastemp,brastemp,,,,,590,22,0.17,1.00,166,"Informational, Commercial","Image Pack, Site Links, Video Carousel, People Also Ask, Popular Products, Related Searches, AI Overview","0.25,0.25,0.31,0.25,0.37,0.16,0.52,0.20,0.25,0.31,0.37,0.37",20,,
br,cooktop 5 bocas inox brastemp,brastemp,,,,,590,22,0.10,1.00,170,Transactional,"Video, Video Carousel, People Also Ask, Popular Products, Related Searches, Site Links","0.25,0.37,0.37,0.37,0.31,0.25,0.37,0.20,0.20,0.20,0.20,0.25",20,,
br,cooktop 6 bocas brastemp,brastemp,,,,,590,24,0.09,1.00,162,Informational,"Image Pack, Site Links, Video, People Also Ask, Related Searches, AI Overview","0.81,0.67,0.67,0.67,0.54,0.54,0.67,0.54,0.67,0.54,0.54,0.54",20,,
br,cooktop brastemp 4 bocas indução,brastemp,,,,,590,23,0.13,1.00,163,"Informational, Transactional","Video, People Also Ask, Popular Products, Related Searches, Image Pack, Site Links","0.55,0.36,0.36,0.67,0.76,0.55,0.55,0.36,0.36,0.30,0.36,0.36",20,,
br,cooktop brastemp gourmet 5 bocas,brastemp,,,,,590,22,0.17,1.00,166,Informational,"Site Links, Video, Video Carousel, People Also Ask, Popular Products, Related Searches, Image Pack","0.30,0.36,0.30,0.36,0.45,0.24,0.76,0.30,0.36,0.45,0.55,0.55",20,,
br,cooktop brastemp inox 5 bocas,brastemp,,,,,590,23,0.15,1.00,165,Transactional,"Video Carousel, People Also Ask, Popular Products, Related Searches, Site Links, Video","0.36,0.55,0.55,0.55,0.45,0.36,0.55,0.30,0.30,0.30,0.30,0.36",20,,
br,cooktop de indução brastemp,brastemp,,,,,590,24,0.10,1.00,167,Informational,"People Also Ask, Popular Products, Related Searches, Image Pack, Site Links, Video, Video Carousel","0.36,0.30,0.45,0.45,0.45,0.45,0.36,0.24,0.30,0.30,0.30,0.24",20,,
br,filtro secadora brastemp,brastemp,,,,,590,22,0.12,1.00,162,"Informational, Transactional","Related Searches, Image Pack, Site Links, Video Carousel, People Also Ask, Popular Products","0.59,1.00,0.88,0.72,0.48,0.48,0.32,0.39,0.39,0.39,0.48,0.59",20,,
br,fogao 4 bocas mesa de vidro brastemp,brastemp,,,,,590,23,0.10,1.00,167,Transactional,"Image Pack, Site Links, Video, Image, People Also Ask, Popular Products, Related Searches","0.52,0.37,0.31,0.25,0.25,0.31,0.13,0.20,0.37,0.01,0.11,0.08",20,,
br,fogao 5 bocas brastemp inox,brastemp,,,,,590,26,0.18,1.00,165,Transactional,"Site Links, Video Carousel, Popular Products, Related Searches","0.03,0.03,0.05,0.04,1.00,0.04,0.07,0.29,0.07,0.03,0.05,0.05",20,,
br,fogao brastemp cooktop 5 bocas,brastemp,,,,,590,23,0.12,1.00,162,"Navigational, Transactional","Site Links, People Also Ask, Popular Products, Related Searches","0.30,0.36,0.36,0.45,0.55,0.55,0.67,0.45,0.67,0.36,0.55,0.55",20,,
br,fogao brastemp embutir,brastemp,,,,,590,22,0.21,1.00,167,"Informational, Transactional","Video, Related Searches, Image Pack, Site Links, Reviews","0.31,0.25,0.31,0.31,0.31,0.31,0.37,0.25,0.31,0.25,0.20,0.25",20,,
br,fogao brastemp retro,brastemp,,,,,590,23,0.06,0.96,362000,Informational,"Image Pack, Site Links, Video, Image, Popular Products, Related Searches","0.81,0.81,0.81,1.00,0.81,0.81,0.54,0.54,0.81,0.54,0.67,0.67",20,,
br,fogao de embutir brastemp,brastemp,,,,,590,24,0.10,1.00,170,"Informational, Transactional","Video, People Also Ask, Popular Products, Related Searches, Image Pack, Site Links","0.08,0.07,0.10,0.08,0.07,0.44,0.08,0.10,0.10,0.18,0.13,0.07",20,,
br,fogão 4 bocas brastemp clean,brastemp,,,,,590,23,0.08,1.00,164,Informational,"Image Pack, Site Links, Video, People Also Ask, Popular Products, Related Searches","0.31,0.31,0.31,0.31,0.31,0.37,0.37,0.25,0.37,0.25,0.37,0.31",20,,
br,fogão 4 bocas clean brastemp,brastemp,,,,,590,23,0.08,1.00,169,Informational,"Image Pack, Site Links, Video, People Also Ask, Popular Products, Related Searches","0.81,0.55,0.55,0.00,0.55,0.62,0.62,0.00,0.00,0.45,0.00,0.00",20,,
br,fogão brastemp 4 bocas clean,brastemp,,,,,590,23,0.08,1.00,172,"Informational, Transactional","Image Pack, Site Links, Video, People Also Ask, Popular Products, Related Searches","0.37,0.25,0.31,0.25,0.31,0.31,0.31,0.31,0.37,0.31,0.31,0.37",20,,
br,fogão brastemp 5 bocas 2 fornos,brastemp,,,,,590,24,0.09,1.00,163,Informational,"Image Pack, Site Links, Video, People Also Ask, Popular Products, Related Searches","0.36,0.45,0.55,0.45,0.45,0.45,0.55,0.45,0.45,0.36,0.36,0.36",20,,
br,fogão brastemp 5 bocas e 2 fornos,brastemp,,,,,590,23,0.09,1.00,176,Transactional,"Image Pack, Site Links, Video, Video Carousel, People Also Ask, Popular Products, Related Searches","0.48,0.39,0.88,0.59,0.32,0.48,0.48,0.48,0.48,0.32,0.48,0.48",20,,
br,fogão brastemp ative,brastemp,,,,,590,24,0.10,1.00,171,Informational,"Related Searches, Image Pack, Site Links, Video, People Also Ask, Popular Products","0.30,0.55,0.45,0.55,0.45,0.55,0.45,0.36,0.45,0.36,0.45,0.36",20,,
br,fogão brastemp ative 4 bocas,brastemp,,,,,590,25,0.08,1.00,167,Informational,"Video, People Also Ask, Popular Products, Related Searches, Image Pack, Site Links","0.59,0.32,0.59,0.59,0.72,0.59,0.72,0.39,0.59,0.39,0.39,0.48",20,,
br,fogão brastemp de 5 bocas,brastemp,,,,,590,21,0.07,1.00,193,"Informational, Transactional","People Also Ask, Popular Products, Related Searches, Image Pack, Site Links, Video","0.45,0.30,0.30,0.45,0.36,0.45,0.62,0.55,0.45,0.36,0.55,0.45",20,,
br,fogão brastemp de 6 bocas,brastemp,,,,,590,23,0.09,1.00,161,Informational,"Image Pack, Site Links, Video, People Also Ask, Related Searches","0.25,0.20,0.31,0.31,0.25,0.31,0.37,0.31,0.25,0.25,0.31,0.31",20,,
br,fogão clean 4 bocas brastemp,brastemp,,,,,590,22,0.08,1.00,171,"Informational, Transactional","Image Pack, Site Links, Video, People Also Ask, Popular Products, Related Searches","0.68,0.46,0.46,0.07,0.25,0.31,0.31,0.16,0.20,0.25,0.31,0.25",20,,
br,fogão de indução 5 bocas brastemp,brastemp,,,,,590,19,0.07,1.00,169,Transactional,"People Also Ask, Popular Products, Related Searches, Image Pack, Site Links, Video, Video Carousel","0.59,0.59,0.72,0.72,0.72,0.59,0.72,0.48,0.59,0.59,0.59,0.59",20,,
br,fogão indução 4 bocas brastemp,brastemp,,,,,590,16,0.11,1.00,163,"Informational, Transactional","Related Searches, Image Pack, Site Links, Video, Video Carousel, People Also Ask, Popular Products","0.48,0.59,0.72,0.59,0.72,0.59,0.72,0.39,0.59,0.48,0.48,0.39",20,,
br,forno a gás brastemp,brastemp,,,,,590,24,0.15,1.00,177,Transactional,"Image Pack, Site Links, Video, Video Carousel, People Also Ask, Popular Products, Related Searches","0.59,0.48,0.59,0.59,0.59,0.88,0.88,0.48,0.39,0.39,0.72,0.59",20,,
br,forno de embutir a gas 110v brastemp,brastemp,,,,,590,23,0.09,1.00,168,Commercial,"Site Links, Video, People Also Ask, Popular Products, Related Searches","0.45,0.45,0.45,0.36,0.36,0.36,0.30,0.13,0.16,0.20,0.24,0.24",20,,
br,forno eletrico de embutir brastemp 84 litros,brastemp,,,,,590,26,0.16,1.00,168,"Informational, Transactional","Site Links, Video, Video Carousel, People Also Ask, Popular Products, Knowledge Panel, Image Pack, Adwords Bottom, Related Searches","0.45,0.45,0.45,0.36,0.30,0.36,0.55,0.30,0.24,0.24,0.24,0.16",20,,
br,forno elétrico de embutir brastemp 84 litros,brastemp,,,,,590,22,0.16,1.00,169,Commercial,"Knowledge Panel, Image Pack, Site Links, Video, Video Carousel, People Also Ask, Popular Products, Related Searches","0.30,0.36,0.36,0.55,0.20,0.45,0.62,0.24,0.30,0.20,0.24,0.30",20,,
br,freezer brastemp flex,brastemp,,,,,590,24,0.17,1.00,167,"Informational, Transactional","Site Links, Video, Video Carousel, People Also Ask, Popular Products, Related Searches, Image Pack","0.36,0.36,0.36,0.45,0.36,0.45,0.55,0.45,0.55,0.45,0.45,0.36",20,,
br,freezer horizontal brastemp,brastemp,,,,,590,24,0.13,1.00,190,Transactional,"People Also Ask, Popular Products, Related Searches, Image Pack, Site Links","0.45,0.36,0.45,0.45,0.36,0.55,0.55,0.45,0.55,0.45,0.45,0.45",20,,
br,frigobar brastemp preto,brastemp,,,,,590,24,0.29,1.00,180,"Informational, Transactional","Image Pack, Site Links, People Also Ask, Popular Products, Related Searches","0.31,0.20,0.31,0.31,0.25,0.25,0.46,0.20,0.25,0.25,0.31,0.20",20,,
br,frost free brastemp,brastemp,,,,,590,33,0.27,1.00,176,"Informational, Transactional","Reviews, Video, Video Carousel, People Also Ask, Popular Products, Related Searches, Image Pack, Site Links","0.55,0.36,0.45,0.55,0.45,0.30,0.45,0.20,0.30,0.20,0.16,0.20",20,,
br,frost free geladeira brastemp,brastemp,,,,,590,33,0.21,1.00,175,"Informational, Transactional","Image Pack, Site Links, Video Carousel, People Also Ask, Popular Products, Related Searches","0.13,0.11,0.07,0.11,0.11,0.25,0.31,0.68,0.52,0.52,0.52,1.00",20,,
br,garantia brastemp,brastemp,,,,,590,36,0.13,0.19,167,Informational,"Site Links, Reviews, Video, People Also Ask, Related Searches, AI Overview","1.00,1.00,1.00,0.81,1.00,0.81,0.81,1.00,0.66,0.81,0.81,0.81",20,,
br,gaveta da geladeira brastemp,brastemp,,,,,590,24,0.10,1.00,168,Informational,"People Also Ask, Popular Products, Related Searches, Image Pack, Site Links, Video, Video Carousel","0.72,0.48,0.72,0.72,0.48,0.72,0.72,0.72,0.72,0.48,0.59,0.59",20,,
br,geladeira ative brastemp inverse,brastemp,,,,,590,25,0.09,1.00,181,Informational,"Image Pack, Site Links, Video Carousel, People Also Ask, Popular Products, Related Searches","0.72,0.59,0.48,0.72,0.39,0.48,0.88,0.09,0.88,0.72,0.07,0.11",20,,
br,geladeira brastemp 375,brastemp,,,,,590,19,0.33,1.00,169,Commercial,"Related Searches, Image Pack, Site Links, Video Carousel, People Also Ask, Popular Products","0.36,0.36,0.36,0.36,0.45,0.36,0.76,0.55,0.45,0.24,0.24,0.16",20,,
br,geladeira brastemp 447 litros frost free inverse,brastemp,,,,,590,26,0.25,1.00,167,"Informational, Transactional","Related Searches, AI Overview, Knowledge Panel, Image Pack, Site Links, Video, Video Carousel, People Also Ask","0.55,0.45,0.67,0.36,0.36,0.20,0.20,0.13,0.10,0.10,0.13,0.16",20,,
br,geladeira brastemp 450 litros,brastemp,,,,,590,29,0.13,1.00,180,Commercial,"Popular Products, Related Searches, Image Pack, Site Links, Video, People Also Ask","0.36,0.30,0.30,0.36,0.36,0.36,0.36,0.30,0.67,0.24,0.30,0.24",20,,
br,geladeira brastemp 461 litros inox,brastemp,,,,,590,27,0.20,1.00,161,Informational,"Popular Products, Related Searches, Knowledge Panel, Image Pack, Site Links, Video Carousel, People Also Ask","0.30,0.30,0.36,0.24,0.24,0.36,1.00,0.62,0.36,0.10,0.16,0.08",20,,
br,geladeira brastemp 591 litros,brastemp,,,,,590,0,0.32,1.00,169,Informational,"People Also Ask, Related Searches, AI Overview, Image Pack, Site Links, Video Carousel","0.00,0.00,0.00,0.00,0.00,0.00,0.00,0.03,0.52,0.80,0.80,1.00",,,
br,geladeira brastemp ative 429 litros,brastemp,,,,,590,28,0.10,1.00,153,Informational,"Image Pack, Site Links, Video, People Also Ask, Popular Products, Related Searches","0.37,0.52,0.46,0.25,0.25,0.31,0.25,0.31,0.37,0.20,0.16,0.16",20,,
br,geladeira brastemp com freezer embaixo,brastemp,,,,,590,27,0.10,1.00,184,Informational,"Related Searches, Image Pack, Site Links, Video, Video Carousel, People Also Ask, Popular Products","0.48,0.48,0.48,0.48,0.48,0.39,0.72,0.72,0.88,0.72,0.72,0.88",20,,
br,geladeira brastemp freezer embaixo,brastemp,,,,,590,34,0.20,1.00,179,Informational,"Site Links, People Also Ask, Related Searches, Short Videos, Image Pack, Reviews, Video, Video Carousel, Popular Products","0.48,0.48,0.59,0.21,0.48,0.48,0.59,0.72,0.72,0.72,0.88,0.39",20,,
br,geladeira brastemp inox 375 litros,brastemp,,,,,590,21,0.30,1.00,168,"Informational, Transactional","Video, Video Carousel, People Also Ask, Popular Products, Knowledge Panel, Image Pack, Site Links","0.45,0.30,0.36,0.30,0.30,0.36,0.45,0.36,0.45,0.24,0.30,0.20",20,,
br,geladeira brastemp medidas,brastemp,,,,,590,33,0.11,1.00,159,Informational,"Video, People Also Ask, Popular Products, Related Searches, Image Pack, Site Links, Reviews","0.59,0.72,0.72,0.72,0.59,0.72,0.72,0.48,0.59,0.72,0.48,0.59",20,,
br,geladeira brastemp mercado livre,brastemp,,,,,590,34,0.12,1.00,167,"Navigational, Transactional","Related Searches, Image Pack, Site Links","0.45,0.45,0.36,0.36,0.36,0.36,0.67,0.45,0.36,0.30,0.45,0.36",20,,
br,geladeira brastemp modelo antigo,brastemp,,,,,590,25,0.08,0.98,234,Informational,"Popular Products, Related Searches, Image Pack, Site Links, Video Carousel, People Also Ask","0.67,0.44,0.67,0.67,1.00,0.81,0.81,0.81,0.81,0.44,1.00,0.67",20,,
br,geladeira brastemp preço,brastemp,,,,,590,39,0.10,1.00,209,Transactional,"Image Pack, Site Links, People Also Ask, Popular Products, Related Searches, AI Overview","0.45,0.36,0.36,0.55,0.36,0.45,0.55,0.45,0.67,0.45,0.45,0.30",20,,
br,geladeira brastemp side by,brastemp,,,,,590,24,0.17,1.00,167,"Informational, Transactional","Image Pack, Site Links, Video, People Also Ask, Popular Products, Related Searches","0.24,0.36,0.24,0.55,0.24,0.30,0.62,0.30,0.36,0.36,0.45,0.36",20,,
br,geladeira com freezer embaixo brastemp,brastemp,,,,,590,30,0.17,1.00,183,Informational,"People Also Ask, Popular Products, Related Searches, Image Pack, Site Links, Reviews, Video, Video Carousel","0.48,0.48,0.48,0.48,0.48,0.48,0.72,0.72,0.88,0.72,0.88,0.72",20,,
br,geladeira duplex frost free 375l brm44hbana 127v branco - brastemp,brastemp,,,,,590,32,0.22,1.00,165,Transactional,"Related Searches, Site Links, People Also Ask, Popular Products","0.00,0.00,0.00,0.00,0.04,0.62,0.30,0.81,0.81,1.00,0.81,0.13",20,,
br,geladeira freezer embaixo brastemp,brastemp,,,,,590,35,0.15,1.00,185,Transactional,"People Also Ask, Popular Products, Related Searches, Image Pack, Site Links, Video, Video Carousel","0.48,0.48,0.72,0.88,0.39,0.48,0.72,0.72,0.88,0.88,1.00,1.00",20,,
br,geladeira frost free brastemp 375 litros,brastemp,,,,,590,27,0.26,1.00,165,Commercial,"Video Carousel, People Also Ask, Popular Products, Related Searches, AI Overview, Site Links, Video","0.20,0.16,0.16,0.16,0.20,0.20,0.16,0.30,0.34,0.24,0.16,0.24",20,,
br,geladeira inverse brastemp preta,brastemp,,,,,590,25,0.16,1.00,188,"Informational, Transactional","Popular Products, Related Searches, Image Pack, Site Links, Video, Video Carousel, People Also Ask","0.30,0.24,0.24,0.24,0.20,0.24,0.41,0.24,0.30,0.24,0.36,0.08",20,,
br,geladeira preta inverse brastemp,brastemp,,,,,590,21,0.23,1.00,163,Informational,"Video Carousel, People Also Ask, Related Searches, Knowledge Panel, Image Pack, Site Links, Reviews, Video","0.37,0.31,0.20,0.31,0.20,0.25,0.37,0.25,0.37,0.25,0.46,0.31",20,,
br,lava louca brastemp 12 servicos,brastemp,,,,,590,25,0.07,1.00,142,Commercial,"Site Links, Video, Video Carousel, People Also Ask, Popular Products, Related Searches","0.20,0.31,0.68,0.13,0.16,0.20,0.52,0.37,0.52,0.04,0.07,0.07",20,,
br,lava loucas 8 servicos brastemp,brastemp,,,,,590,36,0.25,1.00,158,Informational,"Related Searches, AI Overview, Knowledge Panel, Site Links, Video, Video Carousel, People Also Ask, Popular Products","0.35,0.02,0.03,0.04,0.03,0.44,0.05,0.03,0.03,0.04,0.05,0.07",20,,
br,lava louça 8 serviços brastemp ative,brastemp,,,,,590,21,0.11,1.00,164,Informational,"Video Carousel, Popular Products, Related Searches, Image Pack, Site Links, Reviews, Video","0.02,1.00,0.45,0.67,0.67,0.45,1.00,0.67,0.76,0.03,0.03,0.03",20,,
br,lava louça brastemp 14s,brastemp,,,,,590,24,0.25,1.00,163,"Informational, Transactional","Related Searches, AI Overview, Image Pack, Site Links, Video, Video Carousel, People Also Ask, Popular Products","0.13,0.13,0.13,0.13,0.10,0.07,0.08,0.04,0.04,0.03,0.03,0.04",20,,
br,lava louça brastemp 15 serviços blf62,brastemp,,,,,590,18,0.25,1.00,164,"Informational, Transactional","Popular Products, Related Searches, Image Pack, Site Links, Video, Video Carousel, People Also Ask","0.21,0.39,0.48,0.88,0.39,0.59,1.00,0.59,0.59,0.59,0.72,0.88",20,,
br,lava louça brastemp ative,brastemp,,,,,590,24,0.10,1.00,167,Informational,"Video Carousel, People Also Ask, Popular Products, Related Searches, Image Pack, Site Links, Reviews, Video","0.45,0.55,0.55,0.20,0.45,0.24,0.36,0.30,0.45,0.36,0.45,0.45",20,,
br,lava louças 8 serviços brastemp ative,brastemp,,,,,590,23,0.11,1.00,154,Informational,"People Also Ask, Popular Products, Related Searches, Image Pack, Site Links, Video, Video Carousel","0.06,0.67,0.55,0.45,0.67,1.00,0.55,0.55,0.67,0.10,0.10,0.10",20,,
br,lava louças ative 8 serviços brastemp,brastemp,,,,,590,21,0.11,1.00,159,Informational,"Site Links, Video, Video Carousel, People Also Ask, Popular Products, Related Searches, Image Pack","0.00,1.00,0.20,0.45,0.62,0.81,0.55,0.45,0.03,0.00,0.03,0.01",20,,
br,lava louças ative brastemp,brastemp,,,,,590,24,0.08,1.00,159,Informational,"Video Carousel, People Also Ask, Popular Products, Related Searches, Image Pack, Site Links, Video, Adwords Bottom","0.37,0.31,0.46,0.37,0.16,0.20,0.16,0.20,0.25,0.31,0.37,0.31",20,,
br,lava louças brastemp 10,brastemp,,,,,590,26,0.28,1.00,165,Informational,"People Also Ask, Popular Products, Related Searches, AI Overview, Site Links, Reviews, Video, Video Carousel","0.45,0.05,0.45,0.36,0.67,0.36,0.45,0.36,1.00,0.55,0.55,0.76",20,,
br,lava-louça brastemp,brastemp,,,,,590,33,0.25,1.00,166,"Navigational, Commercial","Short Videos, Site Links, Reviews, Video, Video Carousel, People Also Ask, Popular Products, Related Searches","0.00,0.00,0.00,0.00,0.36,0.00,0.00,0.15,0.00,0.00,0.00,0.10",20,,
br,lava-louças 15 serviços brastemp inox com smart sensor - blf61ar,brastemp,,,,,590,23,0.44,1.00,171,Informational,"Site Links, Video, Video Carousel, People Also Ask, Popular Products, Related Searches","0.00,0.08,0.10,1.00,0.55,0.67,0.55,0.76,0.67",20,,
br,lavadora 9kg brastemp,brastemp,,,,,590,24,0.11,1.00,165,"Informational, Transactional","Site Links, Video, People Also Ask, Popular Products, Related Searches","0.52,0.31,0.46,0.20,0.25,0.25,0.25,0.20,0.25,0.25,0.25,0.31",20,,
br,lavadora brastemp 14kg,brastemp,,,,,590,27,0.25,1.00,176,Informational,"Site Links, Reviews, Video, Video Carousel, People Also Ask, Popular Products, Related Searches","0.05,0.03,0.04,0.04,0.03,0.05,0.07,0.10,0.18,0.18,0.29,0.44",20,,
br,lavadora brastemp 9kg,brastemp,,,,,590,24,0.11,1.00,164,Commercial,"People Also Ask, Popular Products, Related Searches, Image Pack, Site Links, Video, Video Carousel","0.36,0.30,0.41,0.36,0.20,0.20,0.20,0.13,0.24,0.20,0.20,0.16",20,,
br,lavadora de louças brastemp,brastemp,,,,,590,30,0.18,1.00,172,"Navigational, Commercial","Short Videos, Image Pack, Site Links, Reviews, Video, People Also Ask, Popular Products, Related Searches","0.31,0.25,0.84,0.20,0.31,0.16,0.46,0.31,0.31,0.20,0.25,0.25",20,,
br,logo brastemp,brastemp,,,,,590,33,0.00,0.31,157,"Navigational, Commercial","Image, People Also Ask, Popular Products, Related Searches, Image Pack, Site Links","0.30,0.36,0.30,0.36,0.30,0.45,0.30,0.16,0.24,0.20,0.24,0.20",20,,
br,maquina 15kg brastemp,brastemp,,,,,590,24,0.27,1.00,181,"Informational, Transactional","People Also Ask, Popular Products, Related Searches, Image Pack, Site Links, Video, Video Carousel","0.00,0.01,0.08,0.00,0.00,0.00,0.00,0.00,0.54,0.00,0.81,0.81",20,,
br,maquina de agua com gas brastemp,brastemp,,,,,590,30,0.15,1.00,162,Informational,"Image Pack, Site Links, Video, Video Carousel, People Also Ask, Popular Products, Related Searches, Short Videos","0.10,0.07,0.08,0.07,0.07,0.07,0.08,0.08,0.07,0.04,0.05,0.05",20,,
br,maquina de lavar 11kg brastemp ative,brastemp,,,,,590,24,0.07,1.00,166,Transactional,"Video Carousel, People Also Ask, Popular Products, Related Searches, Image Pack, Site Links, Video","0.30,1.00,0.36,0.24,0.24,0.30,0.24,0.30,0.30,0.24,0.30,0.36",20,,
br,maquina de lavar 17kg brastemp,brastemp,,,,,590,23,0.22,1.00,166,Commercial,"Site Links, Video, Video Carousel, People Also Ask, Popular Products, Related Searches","0.34,0.34,0.30,0.24,0.08,0.16,0.16,0.13,0.16,0.11,0.13,0.16",20,,
br,maquina de lavar 8 kg brastemp,brastemp,,,,,590,30,0.13,1.00,162,Transactional,"People Also Ask, Related Searches, Site Links, Video","0.55,0.55,0.55,0.45,0.24,0.30,0.20,0.20,0.36,0.30,0.24,0.30",20,,
br,maquina de lavar brastemp 18 kg,brastemp,,,,,590,23,0.20,1.00,164,Commercial,"Popular Products, Related Searches, Site Links, Video, Adwords Top, Adwords Bottom, Video Carousel, People Also Ask","0.20,0.45,0.55,0.36,0.30,0.45,1.00,0.16,0.20,0.45,0.24,0.24",20,,
br,maquina de lavar brastemp 18kg,brastemp,,,,,590,20,0.25,1.00,172,Commercial,"Site Links, Video, Adwords Top, Video Carousel, Popular Products, Adwords Middle, People Also Ask, Related Searches, Image Pack","0.20,0.55,1.00,0.81,0.16,0.30,0.24,0.20,0.24,0.16,0.45,0.55",20,,
br,maquina de lavar brastemp 8 kg,brastemp,,,,,590,28,0.13,1.00,164,"Informational, Transactional","Video Carousel, People Also Ask, Related Searches, Image Pack, Site Links, Reviews, Video","0.52,0.46,0.46,0.46,0.25,0.31,0.13,0.25,0.37,0.25,0.16,0.31",20,,
br,maquina de lavar louça brastemp 15 serviços,brastemp,,,,,590,29,0.31,1.00,160,"Informational, Transactional","Knowledge Panel, Site Links, Video, Video Carousel, Popular Products, Short Videos, Reviews, People Also Ask, Related Searches","0.44,0.44,0.67,1.00,0.81,0.81,1.00,0.67,0.81,0.67,0.81,0.81",20,,
br,maquina de lavar roupa 15kg brastemp,brastemp,,,,,590,23,0.29,1.00,170,"Informational, Transactional","Site Links, Video, Video Carousel, People Also Ask, Popular Products, Related Searches","0.30,0.55,0.67,0.55,0.36,0.45,0.76,0.24,0.55,0.36,0.55,0.55",20,,
br,maquina de lavar roupas brastemp 11kg,brastemp,,,,,590,23,0.16,1.00,170,Commercial,"Adwords Middle, Site Links, People Also Ask, Related Searches, Short Videos, Image Pack, Video, Video Carousel, Popular Products","0.08,0.07,0.54,0.24,0.05,0.05,0.41,0.07,0.30,0.36,0.41,0.05",20,,
br,maquina de refrigerante brastemp,brastemp,,,,,590,24,0.05,0.78,165,Informational,"Site Links, Video, Video Carousel, People Also Ask, Related Searches, Image Pack","0.20,0.08,0.20,0.16,0.13,0.16,0.20,0.16,0.24,0.16,0.30,0.24",20,,
br,maquina lavar brastemp 12kg,brastemp,,,,,590,29,0.21,1.00,167,"Informational, Transactional","Related Searches, Site Links, Video, People Also Ask, Popular Products","0.30,0.24,0.20,0.24,0.16,0.16,0.20,0.13,0.20,0.16,0.11,0.20",20,,
br,maquina lavar brastemp 15kg,brastemp,,,,,590,24,0.28,1.00,168,Commercial,"People Also Ask, Related Searches, Site Links, Video, Adwords Bottom","0.72,0.48,0.59,0.48,0.59,0.48,0.72,0.59,0.39,0.39,0.59,0.48",20,,
br,maquina lavar roupas brastemp,brastemp,,,,,590,30,0.26,1.00,202,Transactional,"People Also Ask, Popular Products, Related Searches, Short Videos, Site Links, Reviews, Video","0.16,0.41,0.54,0.20,0.20,0.24,0.54,0.07,0.20,0.16,0.30,0.10",20,,
br,maquinas de lavar brastemp 12kg,brastemp,,,,,590,24,0.17,1.00,174,Commercial,"Related Searches, Site Links, Video, Video Carousel, People Also Ask, Popular Products","0.00,0.00,0.00,0.00,0.00,0.00,0.16,0.13,0.07,0.00,0.00,0.00",20,,
br,medidas da lava louças brastemp 8 serviços,brastemp,,,,,590,19,0.05,1.00,173,"Informational, Commercial","Video, Video Carousel, People Also Ask, Popular Products, Related Searches, AI Overview, Image Pack, Site Links","0.48,0.59,0.88,0.39,0.72,0.72,0.72,0.48,0.59,0.59,1.00,1.00",20,,
br,mercado livre geladeira brastemp,brastemp,,,,,590,42,0.12,1.00,171,"Informational, Transactional","People Also Ask, Popular Products, Related Searches, Image Pack, Site Links","0.36,0.30,0.30,0.30,0.30,0.30,0.55,0.45,0.45,0.36,0.45,0.30",20,,
br,microondas brastemp 30 litros ative,brastemp,,,,,590,32,0.10,1.00,159,Informational,"Reviews, Video, People Also Ask, Related Searches, Knowledge Panel, Image Pack, Site Links","0.55,0.55,0.55,0.55,0.45,0.45,0.45,0.24,0.45,0.30,0.36,0.45",20,,
br,microondas brastemp 32l,brastemp,,,,,590,24,0.17,1.00,165,Commercial,"Video, Shopping Ads, Video Carousel, People Also Ask, Adwords Middle, Site Links, Reviews, Popular Products, Related Searches","0.03,0.02,0.03,0.04,0.05,0.08,0.04,0.03,0.04,0.02,0.03,0.03",20,,
br,microondas brastemp espelhado,brastemp,,,,,590,24,0.13,1.00,173,"Informational, Transactional","Popular Products, Related Searches, Image Pack, Site Links, Reviews, Video, People Also Ask","0.45,0.45,0.45,0.36,0.45,0.30,0.45,0.30,0.24,0.30,0.30,0.36",20,,
br,microondas gourmand brastemp,brastemp,,,,,590,23,0.18,1.00,167,"Informational, Transactional","Image Pack, Site Links, Video, Video Carousel, People Also Ask, Popular Products, Related Searches","0.36,0.55,0.55,0.67,0.45,0.45,0.36,0.16,0.45,0.20,0.30,0.30",20,,
br,modelos de geladeira brastemp,brastemp,,,,,590,37,0.10,1.00,156,Informational,"People Also Ask, Popular Products, Related Searches, Image Pack, Site Links, Reviews, Video, Video Carousel","0.36,0.30,0.36,0.45,0.30,0.36,0.55,0.20,0.45,0.45,0.45,0.55",20,,
br,motor geladeira brastemp frost free,brastemp,,,,,590,20,0.09,0.99,171,Informational,"AI Overview, Image Pack, Site Links, Adwords Bottom, People Also Ask, Popular Products, Related Searches, Adwords Middle","0.72,0.59,0.59,0.59,0.48,0.48,0.32,0.59,0.59,0.59,0.59,0.59",20,,
br,máquina brastemp 11 kg,brastemp,,,,,590,24,0.10,1.00,162,Informational,"Video, Video Carousel, People Also Ask, Popular Products, Related Searches, Image Pack, Site Links","0.36,0.36,0.55,0.76,0.67,0.36,0.45,0.36,0.36,0.24,0.55,0.76",20,,
br,máquina de lavar 17kg brastemp,brastemp,,,,,590,23,0.22,1.00,164,Commercial,"Short Videos, Site Links, Video, Video Carousel, People Also Ask, Popular Products, Related Searches","0.36,0.13,0.13,0.08,0.13,0.08,0.16,0.07,0.07,0.08,0.07,0.08",20,,
br,máquina de lavar brastemp 11kg ative,brastemp,,,,,590,20,0.07,1.00,166,"Informational, Commercial","Video Carousel, People Also Ask, Popular Products, Related Searches, Image Pack, Site Links, Video","0.72,0.59,0.72,0.39,0.48,0.48,0.48,0.39,0.48,0.32,0.48,0.48",20,,
br,máquina de lavar brastemp liga mas não inicia,brastemp,,,,,590,30,0.00,0.19,98,Informational,"Related Searches, Short Videos, AI Overview, Video, People Also Ask","0.66,0.44,0.66,0.81,0.54,0.66,0.81,1.00,0.44,0.36,1.00,0.54",90,,
br,máquina de lavar frontal brastemp,brastemp,,,,,590,25,0.18,1.00,177,Transactional,"Site Links, Reviews, Video, People Also Ask, Popular Products, Related Searches, AI Overview, Image Pack","0.55,0.55,0.45,0.45,0.36,0.45,0.67,0.24,0.36,0.30,0.20,0.30",20,,
br,máquina de lavar roupa 11kg brastemp,brastemp,,,,,590,31,0.15,1.00,179,"Informational, Transactional","Site Links, Video, Video Carousel, Popular Products, Image Pack, Reviews, People Also Ask, Related Searches, Short Videos","0.45,0.45,0.45,0.45,0.36,0.36,0.36,0.36,0.67,0.55,0.45,0.36",20,,
br,máquinas de lavar roupas brastemp,brastemp,,,,,590,24,0.17,1.00,209,"Informational, Transactional","Popular Products, Related Searches, Short Videos, Site Links, Video, People Also Ask","1.00,0.08,0.13,0.25,0.37,0.31,0.20,0.20,0.16,0.25,0.20,0.20",20,,
br,nova geladeira brastemp,brastemp,,,,,590,35,0.15,1.00,169,"Informational, Transactional","Image Pack, Site Links, Reviews, Video, Video Carousel, People Also Ask, Popular Products, Related Searches","0.03,0.03,0.10,0.13,0.04,0.08,0.04,0.04,0.10,0.15,0.19,0.15",20,,
br,pe da geladeira brastemp,brastemp,,,,,590,15,0.05,1.00,174,"Informational, Transactional","People Also Ask, Popular Products, Related Searches, Image Pack, Site Links, Video Carousel","0.45,0.36,0.30,0.36,0.62,0.62,0.45,0.62,0.20,0.01,0.01,0.01",20,,
br,pecas da brastemp,brastemp,,,,,590,21,0.16,0.97,164,Navigational,"Related Searches, Knowledge Panel, Site Links, Reviews, People Also Ask","0.20,0.20,0.05,0.13,0.45,0.45,0.36,0.45,0.62,0.36,0.45,0.45",20,,
br,peças maquina de lavar brastemp,brastemp,,,,,590,20,0.06,1.00,165,"Informational, Transactional","Popular Products, Related Searches, Site Links, Video, People Also Ask","0.31,0.37,0.31,0.31,0.25,0.31,0.31,0.31,0.31,0.31,0.31,0.31",20,,
br,peças para maquina de lavar brastemp,brastemp,,,,,590,25,0.08,1.00,163,Navigational,"Popular Products, Related Searches, Local Pack, Site Links, Video, People Also Ask","0.25,0.31,0.46,0.37,0.31,0.37,0.31,0.31,0.31,0.31,0.31,0.37",20,,
br,placa brastemp 11kg ative,brastemp,,,,,590,15,0.05,1.00,191,Commercial,"Site Links, Video, People Also Ask, Popular Products, Related Searches","0.76,0.67,0.00,0.30,0.30,0.30,0.45,0.24,0.24,0.36,0.55,0.45",20,,
br,placa brastemp geladeira,brastemp,,,,,590,24,0.04,1.00,189,Informational,"Image Pack, Site Links, Reviews, Video, People Also Ask, Popular Products, Related Searches","0.16,0.13,0.05,0.08,0.36,0.62,0.36,0.45,0.62,0.36,0.45,0.45",20,,
br,placa de potencia brastemp,brastemp,,,,,590,21,0.04,1.00,170,"Informational, Commercial","Video, People Also Ask, Popular Products, Related Searches, AI Overview, Image Pack, Site Links","0.72,0.59,0.72,0.59,0.48,0.48,0.48,0.48,0.48,0.48,0.48,0.48",20,,
br,prateleira geladeira brastemp,brastemp,,,,,590,24,0.06,1.00,165,"Informational, Transactional","Popular Products, Related Searches, Image Pack, Site Links, Video, People Also Ask","0.59,0.48,0.48,0.72,0.48,0.48,0.59,0.72,0.59,0.48,0.39,0.48",20,,
br,pressostato da brastemp,brastemp,,,,,590,13,0.03,1.00,171,Commercial,"Site Links, Video Carousel, People Also Ask, Popular Products, Related Searches","0.48,0.48,0.88,0.59,0.39,0.39,0.48,0.32,0.48,0.39,0.39,0.39",20,,
br,preço de geladeira brastemp,brastemp,,,,,590,39,0.06,1.00,198,Transactional,"Site Links, People Also Ask, Popular Products, Related Searches, AI Overview, Image Pack","0.31,0.25,0.25,0.31,0.31,0.31,0.46,0.31,0.37,0.31,0.31,0.31",20,,
br,preço geladeira brastemp,brastemp,,,,,590,47,0.07,1.00,219,Transactional,"Image Pack, Site Links, People Also Ask, Popular Products, Related Searches","0.36,0.30,0.30,0.30,0.24,0.30,0.45,0.20,0.55,0.36,0.24,0.30",20,,
br,refrigerador brastemp frost free ative,brastemp,,,,,590,29,0.13,1.00,164,Informational,"Site Links, Video, People Also Ask, Popular Products, Related Searches, Image Pack","1.00,0.55,0.45,0.67,0.00,0.00,0.00,1.00,0.76,0.00,0.76,0.55",20,,
br,saca cesto da brastemp,brastemp,,,,,590,7,0.04,1.00,165,"Informational, Transactional","Video Carousel, People Also Ask, Related Searches, Image Pack, Site Links, Reviews, Video","0.72,0.48,0.39,0.48,0.48,0.48,0.48,0.48,0.48,0.48,0.59,0.59",20,,
br,saca mecanismo brastemp,brastemp,,,,,590,16,0.04,1.00,184,"Informational, Transactional","Video, Video Carousel, People Also Ask, Popular Products, Related Searches, Image Pack, Site Links","0.67,0.67,0.81,0.54,0.81,0.54,0.67,0.67,0.54,0.54,0.81,0.54",20,,
br,salva tanque brastemp,brastemp,,,,,590,23,0.04,1.00,167,"Informational, Transactional","People Also Ask, Related Searches, Image Pack, Site Links, Video, Video Carousel","0.81,0.81,0.81,0.81,0.66,0.81,0.81,1.00,0.81,0.66,0.81,0.66",20,,
br,secadora ative brastemp,brastemp,,,,,590,24,0.18,1.00,158,"Informational, Transactional","AI Overview, Image Pack, Site Links, Reviews, Video, People Also Ask, Popular Products, Related Searches","0.20,0.34,0.16,0.13,0.16,0.13,0.16,0.20,0.30,0.20,0.20,0.24",20,,
br,suporte cesto brastemp,brastemp,,,,,590,21,0.04,1.00,165,Informational,"Video Carousel, People Also Ask, Popular Products, Related Searches, Image Pack, Site Links, Video","0.54,0.81,0.81,0.67,0.54,0.54,0.54,0.54,0.54,0.54,0.54,0.54",20,,
br,suporte do cesto brastemp,brastemp,,,,,590,16,0.04,1.00,195,"Informational, Transactional","Site Links, Video, Image, Popular Products, Related Searches, Image Pack","0.67,0.67,0.81,0.81,0.67,0.67,0.67,0.67,0.67,0.81,0.81,0.81",20,,
br,tampa da maquina de lavar brastemp,brastemp,,,,,590,23,0.06,1.00,167,"Informational, Transactional","Video Carousel, People Also Ask, Related Searches, AI Overview, Image Pack, Site Links","0.55,0.67,0.45,0.55,0.45,0.36,0.45,0.45,0.45,0.30,0.30,0.30",20,,
br,tampa da máquina de lavar brastemp,brastemp,,,,,590,20,0.04,1.00,168,"Informational, Transactional","Related Searches, Image Pack, Site Links, Video, Video Carousel, Popular Products","0.72,0.48,0.48,0.59,0.48,0.59,0.59,0.59,0.59,0.39,0.39,0.48",20,,
br,tampa maquina de lavar brastemp,brastemp,,,,,590,21,0.06,1.00,167,"Informational, Transactional","People Also Ask, Popular Products, Related Searches, Image Pack, Site Links, Video","0.55,0.55,0.45,0.67,0.55,0.45,0.45,0.45,0.45,0.30,0.45,0.36",20,,
br,tampa para maquina de lavar brastemp,brastemp,,,,,590,21,0.06,1.00,169,Transactional,"Site Links, Video, Popular Products, Related Searches","0.55,0.55,0.45,0.55,0.45,0.55,0.45,0.55,0.45,0.30,0.30,0.30",20,,
br,telefone assistencia tecnica brastemp,brastemp,,,,,590,27,0.27,0.46,107,Transactional,"People Also Ask, Related Searches","0.45,0.36,0.55,0.30,0.36,0.45,0.55,0.36,0.36,0.45,0.55,0.45",90,,
br,termostato da geladeira brastemp,brastemp,,,,,590,22,0.04,1.00,164,Commercial,"Video Carousel, People Also Ask, Popular Products, Related Searches, Image Pack, Site Links, Video","0.72,0.48,0.59,0.88,0.72,0.59,0.48,0.59,0.72,0.39,0.59,0.59",20,,
br,top brastemp,brastemp,,,,,590,27,0.24,0.43,162,Commercial,"Reviews, Video, Popular Products, Image Pack, Site Links","0.30,0.13,0.20,0.30,0.20,0.41,0.24,0.20,0.13,0.08,0.08,0.07",20,,
br,top mais brastemp,brastemp,,,,,590,29,0.00,0.02,161,Commercial,"Image Pack, Site Links, Reviews, Video, People Also Ask, Related Searches","0.55,0.45,0.55,0.45,0.36,0.76,0.36,0.24,0.20,0.16,0.13,0.10",20,,
br,0800 brastemp,brastemp,,,,,480,36,0.21,0.20,158,Navigational,"Site Links, Reviews, People Also Ask, Related Searches, AI Overview","0.66,0.81,0.81,0.66,0.54,0.66,1.00,0.81,0.66,0.66,0.54,0.66",20,,
br,0800 da brastemp,brastemp,,,,,480,36,0.13,0.24,156,"Navigational, Transactional","Site Links, People Also Ask, Related Searches","0.54,0.54,0.54,0.54,0.36,0.54,0.54,0.54,0.44,0.44,0.44,0.67",20,,
br,adega climatizada brastemp,brastemp,,,,,480,28,0.26,1.00,162,Navigational,"Popular Products, Related Searches, Image Pack, Site Links, Reviews, Video, Video Carousel, People Also Ask","0.31,0.25,0.31,0.31,0.20,0.20,0.25,0.31,0.25,0.16,0.20,0.20",20,,
br,assistencia tecnica brastemp perto de mim,brastemp,,,,,480,11,0.39,0.65,108,Transactional,"Related Searches, People Also Ask","0.32,0.26,0.32,0.32,0.48,0.39,0.21,0.72,0.59,0.72,1.00,0.72",90,,
br,assistencia tecnica para maquina de lavar brastemp,brastemp,,,,,480,14,0.57,0.66,107,Navigational,"Related Searches, Local Pack, People Also Ask","0.66,0.66,0.54,0.66,0.54,0.66,0.44,0.81,1.00,0.66,0.81,0.66",90,,
br,assistência técnica brastemp perto de mim,brastemp,,,,,480,13,0.39,0.65,104,Transactional,"Reviews, Adwords Top, People Also Ask, Related Searches, Adwords Middle","0.26,0.26,0.32,0.32,0.32,0.48,0.48,0.72,0.88,1.00,0.88,0.88",90,,
br,assistência técnica máquina de lavar brastemp,brastemp,,,,,480,25,0.57,0.66,107,Navigational,"Local Pack, Reviews, People Also Ask, Related Searches","0.44,0.66,0.54,0.81,0.44,0.81,0.66,1.00,1.00,0.81,1.00,0.81",90,,
br,atuador de freio da brastemp,brastemp,,,,,480,17,0.02,1.00,165,Transactional,"Image Pack, Site Links, Video, Video Carousel, People Also Ask, Popular Products, Related Searches","0.36,0.36,0.30,0.30,0.30,0.36,0.30,0.45,0.55,0.45,0.55,0.55",20,,
br,atuador de freio lavadora de roupa brastemp bwh15,brastemp,,,,,480,18,0.00,0.00,172,Commercial,"Video, Adwords Bottom, Popular Products, Related Searches, Site Links","1.00,0.00,0.00,0.00",20,,
br,autorizada brastemp consul,brastemp,,,,,480,45,0.31,0.12,175,Navigational,"Related Searches, Local Pack, Video, People Also Ask","0.66,0.44,0.54,0.66,0.29,1.00,0.81,0.81,0.66,0.54,0.54,0.54",90,,
br,autorizada consul brastemp,brastemp,,,,,480,27,0.31,0.12,163,Navigational,"Reviews, Video, Related Searches, Local Pack","0.54,0.36,0.44,0.54,0.36,1.00,0.36,0.44,0.67,0.44,0.44,0.54",90,,
br,autorizada consul e brastemp,brastemp,,,,,480,34,0.31,0.12,165,Navigational,"Reviews, Video, People Also Ask, Related Searches, Local Pack","0.44,0.36,0.44,0.54,0.36,1.00,0.36,0.44,0.67,0.44,0.44,0.54",90,,
br,borrachas para geladeira brastemp,brastemp,,,,,480,24,0.04,1.00,161,Commercial,"Reviews, Video, People Also Ask, Popular Products, Related Searches, Site Links","0.30,0.03,0.30,0.05,0.30,0.30,0.45,0.67,0.67,0.45,0.45,0.45",20,,
br,botão do fogão brastemp,brastemp,,,,,480,25,0.05,1.00,182,Informational,"Site Links, Video, People Also Ask, Popular Products, Related Searches, Image Pack","0.45,0.36,0.55,0.45,0.36,0.45,0.36,0.36,0.45,0.36,0.55,0.55",20,,
br,brastemp 0800,brastemp,,,,,480,40,0.21,0.20,78,"Navigational, Transactional","Related Searches, Site Links, Reviews, Featured Snippet, Adwords Bottom, People Also Ask","0.66,0.66,0.66,0.66,0.66,0.66,0.66,0.66,0.54,0.54,0.54,0.66",20,,
br,brastemp 13kg maquina de lavar,brastemp,,,,,480,23,0.30,1.00,166,Informational,"People Also Ask, Popular Products, Related Searches, Short Videos, Site Links, Video, Video Carousel","0.23,0.44,0.67,0.36,0.15,0.54,1.00,0.67,0.54,0.54,0.67,0.54",20,,
br,brastemp 14 servicos,brastemp,,,,,480,21,0.24,1.00,170,"Informational, Transactional","Related Searches, AI Overview, Site Links, Reviews, Video, Video Carousel, Popular Products","0.54,0.67,0.81,0.54,0.44,0.67,0.67,0.44,0.44,0.29,0.36,0.54",20,,
br,brastemp 16 kg,brastemp,,,,,480,24,0.26,1.00,164,Transactional,"People Also Ask, Popular Products, Related Searches, Image Pack, Site Links, Reviews, Video, Video Carousel","0.46,0.16,0.20,0.13,0.11,0.25,0.52,0.16,0.16,0.16,0.31,0.25",20,,
br,brastemp 17 kg,brastemp,,,,,480,24,0.21,1.00,4800000,Informational,"Popular Products, Related Searches, Site Links, Video, Video Carousel, People Also Ask","0.27,0.07,0.04,0.04,0.24,0.07,0.07,0.03,0.27,0.03,0.16,0.04",20,,
br,brastemp 375 litros inox,brastemp,,,,,480,26,0.22,1.00,162,Informational,"Knowledge Panel, Image Pack, Site Links, Video, Image, Video Carousel, People Also Ask, Related Searches","0.54,0.54,0.54,0.54,0.66,0.54,0.81,0.44,0.66,0.44,0.29,0.29",20,,
br,brastemp 447 litros,brastemp,,,,,480,22,0.34,1.00,161,"Informational, Transactional","Popular Products, Related Searches, Site Links, Video Carousel","0.59,0.48,0.59,0.48,0.39,0.39,1.00,0.88,0.32,0.26,0.39,0.48",20,,
br,brastemp 5 bocas,brastemp,,,,,480,21,0.28,1.00,180,"Informational, Transactional","Image Pack, Site Links, People Also Ask, Popular Products, Related Searches","0.48,0.48,0.59,0.48,0.48,0.48,0.88,0.39,0.39,0.26,0.39,0.39",20,,
br,brastemp assistência,brastemp,,,,,480,35,0.35,0.54,108,Navigational,"Site Links, Adwords Bottom, People Also Ask, Related Searches, Local Pack","0.10,0.10,0.20,0.08,0.20,0.20,0.16,0.30,0.20,0.66,0.16,0.16",20,,
br,brastemp ative 8 serviços,brastemp,,,,,480,24,0.10,1.00,160,Informational,"Video, Video Carousel, People Also Ask, Popular Products, Related Searches, Image Pack, Site Links","0.66,0.66,0.81,0.81,0.66,0.81,0.44,0.44,0.66,0.44,0.44,0.44",20,,
br,brastemp ative cooktop,brastemp,,,,,480,24,0.11,1.00,162,Informational,"Video, Video Carousel, People Also Ask, Popular Products, Related Searches, Image Pack, Site Links","0.54,0.67,0.54,0.54,0.36,0.54,0.67,0.44,0.44,0.44,0.44,0.44",20,,
br,brastemp ative cooktop 4 bocas,brastemp,,,,,480,18,0.09,1.00,162,Informational,"Site Links, Video, People Also Ask, Popular Products, Related Searches, AI Overview","0.81,0.00,0.81,0.00,0.36,0.62,0.30,0.00,0.00,0.00,0.00,0.00",20,,
br,brastemp ative fogão 4 bocas,brastemp,,,,,480,23,0.08,1.00,180,Informational,"Related Searches, Image Pack, Site Links, People Also Ask, Popular Products","0.54,0.44,0.44,0.67,0.36,0.54,0.54,0.54,0.54,0.44,0.44,0.44",20,,
br,brastemp ative forno eletrico,brastemp,,,,,480,24,0.07,1.00,166,Transactional,"Site Links, Video, People Also Ask, Popular Products, Related Searches, Image Pack","0.39,0.48,0.39,0.48,0.39,0.48,0.26,0.39,0.21,0.26,0.39,0.39",20,,
br,brastemp ative lava louça,brastemp,,,,,480,21,0.10,1.00,166,Informational,"Site Links, Reviews, Video, Video Carousel, People Also Ask, Popular Products, Related Searches, Image Pack","0.55,0.30,0.36,0.13,0.36,0.45,0.30,0.30,0.55,0.36,0.45,0.55",20,,
br,brastemp b.blend,brastemp,,,,,480,32,0.14,1.00,166,"Navigational, Commercial","Site Links, Reviews, Video, Video Carousel, People Also Ask, Popular Products","0.00,0.00,0.00,0.00,0.00,0.53,0.00,0.18,0.00,0.00,0.44,0.00",20,,
br,brastemp bfs5ncr,brastemp,,,,,480,27,0.23,1.00,166,Informational,"Image Pack, Site Links, Video, Image, Video Carousel, People Also Ask, Related Searches, Knowledge Panel","0.54,0.81,1.00,0.36,0.29,0.23,0.81,0.44,0.44,0.44,0.44,0.67",20,,
br,brastemp blf08,brastemp,,,,,480,27,0.26,1.00,163,"Informational, Transactional","People Also Ask, Related Searches, AI Overview, Knowledge Panel, Image Pack, Site Links, Video, Video Carousel","0.39,0.48,0.59,0.72,0.48,0.48,0.88,0.39,0.39,0.39,0.48,0.39",20,,
br,brastemp blf61ar,brastemp,,,,,480,26,0.34,1.00,164,Informational,"Site Links, Video, Video Carousel, People Also Ask, Related Searches, Knowledge Panel, Image Pack","0.32,0.48,1.00,0.48,0.39,0.32,0.72,0.21,0.39,0.26,0.32,0.26",20,,
br,brastemp bwf15ab,brastemp,,,,,480,28,0.34,1.00,167,Informational,"AI Overview, Knowledge Panel, Reviews, People Also Ask, Related Searches, Site Links, Video, Image, Video Carousel","1.00,0.66,0.81,0.66,0.66,0.54,0.81,0.54,0.81,0.44,0.54,0.66",20,,
br,brastemp clean fogão 4 bocas,brastemp,,,,,480,22,0.08,1.00,164,"Informational, Transactional","People Also Ask, Popular Products, Related Searches, AI Overview, Image Pack, Site Links, Video","0.55,0.36,0.24,0.02,0.24,0.36,0.55,0.36,0.55,0.36,0.55,0.45",20,,
br,brastemp com br,brastemp,,,,,480,32,0.64,0.99,0,Navigational,"Site Links, Video, People Also Ask, Popular Products, Related Searches","0.24,0.27,0.27,0.04,0.16,0.00,0.27,0.01,0.16,0.00,0.00,0.00",20,,
br,brastemp cooktop,brastemp,,,,,480,20,0.17,1.00,170,"Informational, Transactional","Image Pack, Site Links, Image, People Also Ask, Popular Products, Related Searches","0.54,0.54,0.54,0.54,0.67,0.67,0.81,0.44,0.54,0.44,0.67,0.44",20,,
br,brastemp fogao clean,brastemp,,,,,480,27,0.07,1.00,167,Informational,"Video, Image, People Also Ask, Related Searches, Knowledge Panel, Image Pack, Site Links","0.36,0.36,0.24,0.30,0.30,0.36,0.24,0.16,0.16,0.24,0.30,0.36",20,,
br,brastemp forno a gas embutir,brastemp,,,,,480,31,0.16,1.00,168,Commercial,"Video Carousel, People Also Ask, Popular Products, Related Searches, AI Overview, Site Links, Video","0.66,0.66,0.54,0.66,0.81,0.81,1.00,0.66,0.66,0.66,0.81,0.81",20,,
br,brastemp forno a gás,brastemp,,,,,480,27,0.15,1.00,160,Commercial,"Popular Products, Related Searches, Adwords Middle, Site Links, Video, Video Carousel, People Also Ask","0.66,0.66,0.54,0.66,0.66,1.00,1.00,0.54,0.66,0.54,1.00,0.81",20,,
br,brastemp forno eletrico ative,brastemp,,,,,480,23,0.07,1.00,170,Transactional,"Image Pack, Site Links, Video, People Also Ask, Popular Products, Related Searches","0.48,0.48,0.59,0.48,0.39,0.48,0.26,0.39,0.21,0.26,0.39,0.39",20,,
br,brastemp forno eletrico gourmand,brastemp,,,,,480,24,0.13,1.00,166,Informational,"Image Pack, Site Links, Adwords Bottom, Video Carousel, People Also Ask, Popular Products, Related Searches, AI Overview","0.54,0.54,0.44,0.54,0.54,0.54,0.54,0.44,0.44,0.44,0.44,0.36",20,,
br,brastemp geladeiras,brastemp,,,,,480,42,0.48,1.00,159,Navigational,"People Also Ask, Related Searches, Adwords Middle, Image Pack, Site Links, Reviews, Video, Adwords Top","0.10,0.03,0.00,0.01,0.00,0.00,0.04,0.13,0.13,0.00,0.08,0.00",20,,
br,brastemp gourmand fogao,brastemp,,,,,480,17,0.12,1.00,159,"Informational, Transactional","Site Links, Video, Popular Products, Related Searches, Image Pack","0.30,0.55,0.67,0.30,0.24,0.20,0.30,0.30,0.30,0.24,0.24,0.36",20,,
br,brastemp gourmet cooktop,brastemp,,,,,480,32,0.16,1.00,165,"Informational, Transactional","Video, Video Carousel, People Also Ask, Popular Products, Related Searches, Image Pack, Site Links, Reviews","0.01,0.00,0.00,0.00,0.00,0.00,0.00,0.68,0.68,0.84,0.84,0.84",20,,
br,brastemp inox,brastemp,,,,,480,35,0.37,1.00,174,"Informational, Transactional","People Also Ask, Popular Products, Related Searches, Image Pack, Site Links","0.36,0.36,0.36,0.36,0.36,0.45,0.36,0.36,0.45,0.30,0.30,0.36",20,,
br,brastemp inverse 3,brastemp,,,,,480,31,0.19,1.00,159,Informational,"Video, Video Carousel, People Also Ask, Related Searches, Knowledge Panel, Image Pack, Site Links","0.08,0.05,0.04,0.03,0.04,0.07,0.07,0.03,0.05,0.05,0.04,0.04",20,,
br,brastemp inverse ative antiga,brastemp,,,,,480,21,0.06,0.96,170,Commercial,"Image Pack, Site Links, Video, People Also Ask, Popular Products, Related Searches","1.00,0.81,0.66,0.81,0.66,0.81,0.54,0.66,0.66,0.54,0.66,0.66",20,,
br,brastemp lava louça 10 serviços,brastemp,,,,,480,34,0.16,1.00,161,Informational,"Knowledge Panel, Image Pack, Site Links, Adwords Bottom, People Also Ask, Video, Video Carousel, Popular Products, Related Searches","0.04,0.05,0.35,0.08,0.10,0.05,0.13,0.05,0.35,0.13,0.07,0.07",20,,
br,brastemp microondas 20 litros,brastemp,,,,,480,23,0.14,1.00,166,Commercial,"Related Searches, Image Pack, Site Links, Reviews, Video, Adwords Bottom, Video Carousel, People Also Ask","0.00,0.07,0.34,0.00,0.00,0.11,0.44,0.00,1.00,0.00,0.00,0.00",20,,
br,brastemp máquina de lavar 15 kg,brastemp,,,,,480,0,0.28,1.00,167,Commercial,"Image Pack, Site Links, Video, People Also Ask, Popular Products, Related Searches","0.00,0.00,0.00,0.00,0.00,0.00,0.00,0.00,0.00,1.00,0.00,0.01",,,
br,brastemp ou electrolux,brastemp,,,,,480,21,0.24,1.00,149,Commercial,"Related Searches, Short Videos, AI Overview, Site Links, Video, Video Carousel, People Also Ask, Popular Products","0.54,0.67,0.54,0.44,0.54,0.54,0.81,0.29,0.36,0.29,0.36,0.54",20,,
br,brastempe,brastemp,,,,,480,46,4.86,1.00,197,"Navigational, Commercial","People Also Ask, Popular Products, Knowledge Panel, Site Links, Video, Video Carousel, Related Searches, Adwords Middle, Adwords Top","0.24,0.08,0.30,0.24,0.10,0.13,0.16,0.24,0.24,0.24,0.20,0.20",20,,
br,capacitor do motor lavadora de roupa brastemp bwh15,brastemp,,,,,480,17,0.00,0.00,169,Commercial,"Site Links, Video, People Also Ask, Popular Products, Related Searches","1.00,0.00,0.00,0.00",20,,
br,coifa 90cm brastemp,brastemp,,,,,480,21,0.22,1.00,163,Transactional,"Image Pack, Site Links, Video Carousel, People Also Ask, Popular Products, Related Searches","0.20,0.20,0.24,0.16,0.16,0.16,0.24,0.08,0.10,0.16,0.16,0.16",20,,
br,como limpar maquina de lavar roupa brastemp,brastemp,,,,,480,30,0.02,0.45,107,Informational,"Video, Adwords Bottom, People Also Ask, Related Searches, Short Videos, AI Overview, Reviews","0.32,0.32,0.48,0.39,0.39,0.59,0.59,0.39,0.88,0.59,0.59,0.72",90,,
br,como limpar máquina de lavar brastemp 12kg,brastemp,,,,,480,30,0.01,0.05,106,Informational,"Video, People Also Ask, Related Searches, Short Videos, AI Overview","0.81,0.66,0.81,0.81,0.81,0.66,0.66,0.44,1.00,0.54,0.81,0.66",90,,
br,como limpar máquina de lavar roupa brastemp,brastemp,,,,,480,30,0.05,0.50,102,Informational,"AI Overview, Image Pack, Video, People Also Ask, Related Searches, Short Videos","0.39,0.32,0.59,0.59,0.59,0.72,0.59,0.59,0.88,0.72,1.00,0.88",90,,
br,cook brastemp ative,brastemp,,,,,480,24,0.11,1.00,164,"Informational, Transactional","Video Carousel, People Also Ask, Popular Products, Related Searches, Image Pack, Site Links, Reviews, Video","0.00,0.54,0.44,0.54,0.54,0.67,0.67,0.54,0.54,0.54,0.67,0.67",20,,
br,cooktop ative brastemp,brastemp,,,,,480,25,0.08,1.00,169,"Informational, Transactional","Video Carousel, People Also Ask, Popular Products, Related Searches, Image Pack, Site Links, Video","0.44,0.54,0.54,0.54,0.29,0.36,0.44,0.54,0.54,0.54,0.67,0.67",20,,
br,cooktop brastemp 5 bocas gourmand,brastemp,,,,,480,21,0.17,1.00,162,"Informational, Transactional","Image Pack, Site Links, Video, Video Carousel, Popular Products, Related Searches","0.24,0.30,0.36,0.30,0.36,0.36,0.45,0.20,0.36,0.30,0.45,0.45",20,,
br,cooktop brastemp ative,brastemp,,,,,480,24,0.11,1.00,159,"Informational, Transactional","Video Carousel, People Also Ask, Popular Products, Related Searches, Image Pack, Site Links, Video, Adwords Middle, Reviews","0.54,0.54,0.67,0.54,0.36,0.54,0.54,0.36,0.44,0.44,0.54,0.54",20,,
br,cooktop brastemp gourmand 5 bocas,brastemp,,,,,480,22,0.17,1.00,168,Informational,"Site Links, Video, Video Carousel, People Also Ask, Popular Products, Related Searches, Image Pack","0.25,0.31,0.37,0.25,0.25,0.31,0.52,0.13,0.25,0.20,0.31,0.31",20,,
br,cooktop de inducao brastemp,brastemp,,,,,480,23,0.10,1.00,164,"Informational, Transactional","Site Links, Reviews, Video, People Also Ask, Popular Products, Related Searches, AI Overview, Image Pack","0.36,0.23,0.54,0.81,1.00,0.81,0.36,0.29,0.29,0.44,0.44,0.23",20,,
br,cooktop gourmand brastemp 5 bocas,brastemp,,,,,480,19,0.17,1.00,166,Informational,"Image Pack, Site Links, Video, Video Carousel, People Also Ask, Popular Products, Related Searches","0.20,0.25,0.31,0.25,0.31,0.25,0.37,0.08,0.20,0.20,0.25,0.25",20,,
br,cooktop inox brastemp 5 bocas,brastemp,,,,,480,21,0.15,1.00,163,Informational,"Site Links, Video, Video Carousel, Popular Products, Related Searches, AI Overview","0.24,0.36,0.16,0.30,0.45,0.30,0.36,0.24,0.20,0.24,0.24,0.36",20,,
br,cupom brastemp primeira compra,brastemp,,,,,480,30,0.56,1.00,166,Transactional,"Related Searches, AI Overview, Video, People Also Ask","0.20,0.13,0.11,0.11,0.07,0.08,0.30,0.08,0.20,0.16,0.24,0.16",90,,
br,damper geladeira brastemp,brastemp,,,,,480,17,0.00,0.00,165,Informational,"People Also Ask, Popular Products, Related Searches, AI Overview, Image Pack, Site Links, Video, Video Carousel","0.36,0.67,1.00,0.76,0.67,0.45,0.10,0.06,0.20,0.10,0.05,0.55",20,,
br,direto da loja brastemp,brastemp,,,,,480,35,0.13,1.00,166,"Navigational, Commercial","Video, Adwords Top, People Also Ask, Popular Products, Related Searches, Site Links","0.39,0.32,0.39,0.39,0.32,0.39,0.72,0.59,0.39,0.17,0.32,0.32",20,,
br,eletrobomba brastemp,brastemp,,,,,480,25,0.05,1.00,164,"Informational, Transactional","Image Pack, Site Links, Video Carousel, People Also Ask, Popular Products, Related Searches","0.81,0.54,0.81,0.67,0.81,0.44,0.54,0.44,0.54,0.44,0.44,0.54",20,,
br,eletrobomba da brastemp,brastemp,,,,,480,22,0.05,1.00,167,Informational,"Video Carousel, People Also Ask, Popular Products, Related Searches, Image Pack, Site Links","0.67,0.54,0.44,0.44,0.81,0.36,0.67,0.54,0.54,0.54,0.54,0.67",20,,
br,filtro da secadora brastemp,brastemp,,,,,480,19,0.12,1.00,173,"Informational, Transactional","People Also Ask, Popular Products, Related Searches, Image Pack, Site Links, Video, Video Carousel","0.36,0.67,0.55,0.45,0.36,0.30,0.30,0.30,0.24,0.20,0.30,0.30",20,,
br,fogao 4 bocas inox brastemp,brastemp,,,,,480,27,0.15,1.00,166,"Informational, Transactional","Related Searches, Site Links, Video, Video Carousel, People Also Ask, Popular Products","0.13,0.05,0.13,0.16,0.13,0.08,0.24,0.08,0.10,0.13,0.16,0.20",20,,
br,fogao 5 bocas inox brastemp,brastemp,,,,,480,28,0.18,1.00,167,"Informational, Transactional","Knowledge Panel, Site Links, Video, Popular Products, Related Searches","0.34,0.08,0.00,0.07,0.24,0.24,0.00,0.07,0.05,0.20,0.44,0.20",20,,
br,fogao 5 bocas mesa de vidro brastemp,brastemp,,,,,480,22,0.19,1.00,164,Transactional,"Popular Products, Related Searches, Image Pack, Site Links, Video, Video Carousel, People Also Ask","0.54,0.54,0.67,0.44,0.44,0.67,1.00,0.44,0.36,0.29,0.54,0.36",20,,
br,fogao brastemp 4 bocas mesa vidro,brastemp,,,,,480,16,0.16,1.00,163,Transactional,"Image Pack, Site Links, Video, Image, People Also Ask, Popular Products, Related Searches","0.52,0.31,0.46,0.37,0.05,0.46,0.01,0.04,0.04,0.37,0.20,1.00",20,,
br,fogao brastemp active 4 bocas,brastemp,,,,,480,24,0.08,1.00,170,Commercial,"Image Pack, Site Links, Video, People Also Ask, Popular Products, Related Searches","0.11,0.04,0.88,0.72,0.48,0.39,1.00,0.48,0.59,0.59,0.59,0.59",20,,
br,fogao brastemp gourmet,brastemp,,,,,480,21,0.12,1.00,160,"Informational, Transactional","Related Searches, AI Overview, Image Pack, Site Links, Reviews, Video, Popular Products","0.36,0.45,0.24,0.45,0.30,0.24,0.45,0.24,0.36,0.30,0.30,0.30",20,,
br,fogao brastemp mesa de vidro 4 bocas,brastemp,,,,,480,22,0.15,1.00,142,Transactional,"Site Links, People Also Ask, Popular Products, Related Searches","0.30,0.30,0.24,0.36,0.36,0.36,0.45,0.24,0.30,0.24,0.30,0.24",20,,
br,fogao cooktop brastemp,brastemp,,,,,480,24,0.12,1.00,167,"Navigational, Transactional","Related Searches, Image Pack, Site Links, Video, People Also Ask, Popular Products","0.24,0.24,1.00,0.30,0.24,0.30,0.36,0.24,0.45,0.67,0.30,0.36",20,,
br,fogão 2 fornos brastemp,brastemp,,,,,480,23,0.13,1.00,141,"Informational, Transactional","Image Pack, Site Links, Video, People Also Ask, Popular Products, Related Searches","0.36,0.36,0.36,0.45,0.36,0.36,0.45,0.36,0.45,0.24,0.30,0.30",20,,
br,fogão 4 bocas ative brastemp,brastemp,,,,,480,24,0.06,1.00,173,Informational,"Site Links, Video, People Also Ask, Popular Products, Related Searches, Image Pack","0.48,0.39,0.39,0.72,0.39,0.48,0.72,0.48,0.48,0.39,0.48,0.39",20,,
br,fogão 4 bocas brastemp ative,brastemp,,,,,480,23,0.08,1.00,156,Commercial,"Site Links, People Also Ask, Popular Products, Related Searches, Image Pack","0.44,0.44,0.54,0.67,0.54,0.67,0.81,0.44,0.54,0.44,0.44,0.44",20,,
br,fogão 5 bocas 2 fornos brastemp,brastemp,,,,,480,23,0.14,1.00,174,"Informational, Transactional","Image Pack, Site Links, Reviews, Video, People Also Ask, Popular Products, Related Searches","0.59,0.48,0.59,0.48,0.59,0.48,0.59,0.48,0.72,0.39,0.48,0.48",20,,
br,fogão 5 bocas brastemp 2 fornos,brastemp,,,,,480,21,0.14,1.00,164,Informational,"Video Carousel, People Also Ask, Popular Products, Related Searches, Image Pack, Site Links, Video","0.36,0.36,0.45,0.36,0.45,0.36,0.45,0.36,0.45,0.30,0.36,0.36",20,,
br,fogão ative brastemp,brastemp,,,,,480,24,0.10,1.00,166,Commercial,"Site Links, Video, People Also Ask, Popular Products, Related Searches, Image Pack","0.45,0.45,0.36,0.55,0.30,0.30,0.36,0.30,0.30,0.30,0.45,0.36",20,,
br,fogão ative brastemp 4 bocas,brastemp,,,,,480,28,0.08,1.00,160,Informational,"Image Pack, Site Links, People Also Ask, Popular Products, Related Searches","0.59,0.39,0.32,0.59,0.32,0.48,0.88,0.39,0.59,0.39,0.39,0.48",20,,
br,fogão brastemp 2 fornos,brastemp,,,,,480,19,0.13,1.00,163,Transactional,"People Also Ask, Popular Products, Related Searches, Image Pack, Site Links, Video, Video Carousel","0.48,0.39,0.59,0.59,0.59,0.48,0.48,0.48,0.72,0.32,0.39,0.39",20,,
br,fogão brastemp 2 fornos 5 bocas,brastemp,,,,,480,23,0.14,1.00,162,"Informational, Transactional","Related Searches, Image Pack, Site Links, Reviews, Video, Video Carousel, People Also Ask, Popular Products","0.30,0.30,0.36,0.24,0.36,0.45,0.45,0.24,0.36,0.36,0.30,0.36",20,,
br,fogão brastemp 4 bocas ative,brastemp,,,,,480,18,0.08,1.00,164,Commercial,"Image Pack, Site Links, People Also Ask, Popular Products, Related Searches","0.19,0.54,0.67,0.67,0.54,0.67,0.67,0.44,0.54,0.44,0.44,0.44",20,,
br,fogão brastemp 4 bocas mesa de vidro,brastemp,,,,,480,22,0.15,1.00,168,Informational,"People Also Ask, Popular Products, Related Searches, Image Pack, Site Links, Video, Image","0.31,0.25,0.37,0.25,0.25,0.25,0.37,0.20,0.25,0.20,0.20,0.20",20,,
br,fogão brastemp 4 bocas para embutir,brastemp,,,,,480,23,0.14,1.00,161,"Informational, Transactional","Site Links, Video, People Also Ask, Popular Products, Related Searches, AI Overview","0.00,0.00,0.05,0.07,0.00,0.00,0.00,0.07,0.22,0.00,0.00,0.29",20,,
br,fogão brastemp 5 bocas preto,brastemp,,,,,480,21,0.22,1.00,138,Commercial,"Site Links, Video, Shopping Ads, Popular Products, Related Searches","0.39,0.39,0.59,0.32,0.39,0.39,0.72,0.48,0.39,0.32,0.48,0.48",20,,
br,fogão brastemp 6 bocas promoção,brastemp,,,,,480,18,0.08,1.00,163,Commercial,"Image Pack, Site Links, People Also Ask, Related Searches","0.67,0.67,0.54,0.44,0.44,0.54,1.00,0.67,0.67,0.29,0.29,0.23",20,,
br,fogão brastemp clean,brastemp,,,,,480,19,0.10,1.00,165,"Informational, Commercial","Image Pack, Site Links, Video, People Also Ask, Popular Products, Related Searches","0.55,0.55,0.67,0.30,0.30,0.36,0.36,0.36,0.45,0.30,0.30,0.36",20,,
br,fogão brastemp cooktop 4 bocas,brastemp,,,,,480,21,0.10,1.00,165,"Informational, Transactional","Image Pack, Site Links, Video, Video Carousel, Popular Products, Related Searches","0.02,0.37,0.25,0.37,0.16,0.31,0.37,0.02,0.37,0.46,0.02,0.03",20,,
br,fogão brastemp duplo forno,brastemp,,,,,480,22,0.14,1.00,162,"Informational, Transactional","Image Pack, Site Links, Reviews, Video, Video Carousel, People Also Ask, Popular Products, Related Searches","0.24,0.30,0.36,0.36,0.30,0.45,0.55,0.36,0.55,0.24,0.30,0.30",20,,
br,fogão brastemp forno duplo,brastemp,,,,,480,23,0.14,1.00,172,Transactional,"Site Links, Video, Video Carousel, People Also Ask, Popular Products, Related Searches, Image Pack","0.59,0.39,0.39,0.48,0.48,0.59,0.88,0.48,1.00,0.26,0.39,0.48",20,,
br,fogão brastemp mesa de vidro,brastemp,,,,,480,23,0.14,1.00,169,Commercial,"Related Searches, Image Pack, Site Links, Reviews, Video, People Also Ask, Popular Products","0.36,0.04,0.05,0.07,0.16,0.08,0.20,0.07,0.07,0.05,0.27,0.08",20,,
br,fogão de indução 4 bocas brastemp,brastemp,,,,,480,23,0.10,1.00,164,"Informational, Transactional","Popular Products, Related Searches, Image Pack, Site Links, Video Carousel, People Also Ask","0.44,0.54,0.81,0.66,1.00,0.81,0.81,0.54,0.66,0.44,0.54,0.54",20,,
br,fogão duplo forno 5 bocas brastemp,brastemp,,,,,480,21,0.11,1.00,168,Transactional,"Image Pack, Site Links, Video, Video Carousel, Popular Products, Related Searches","0.36,0.24,0.16,0.24,0.24,0.36,0.55,0.36,0.36,0.24,0.30,0.30",20,,
br,fogão duplo forno brastemp,brastemp,,,,,480,23,0.14,1.00,165,Transactional,"Video, Video Carousel, People Also Ask, Popular Products, Related Searches, Image Pack, Site Links","0.30,0.16,0.20,0.24,0.30,0.45,0.62,0.20,0.45,0.16,0.24,0.30",20,,
br,fogão forno duplo brastemp,brastemp,,,,,480,24,0.10,1.00,175,Transactional,"People Also Ask, Popular Products, Related Searches, Image Pack, Site Links, Video, Video Carousel","0.48,0.26,0.39,0.39,0.39,0.72,1.00,0.32,0.88,0.26,0.39,0.48",20,,
br,fogão indução brastemp 4 bocas,brastemp,,,,,480,24,0.10,1.00,164,"Informational, Transactional","Video, Video Carousel, People Also Ask, Popular Products, Related Searches, Image Pack, Site Links","0.44,0.66,0.66,1.00,0.66,0.66,0.81,0.54,0.66,0.54,0.54,0.54",20,,
br,fogões brastemp,brastemp,,,,,480,25,0.18,1.00,187,"Navigational, Transactional","People Also Ask, Popular Products, Related Searches, Image Pack, Site Links","0.20,0.11,0.31,0.37,0.37,0.31,0.31,0.13,0.16,0.31,0.31,0.37",20,,
br,fogões embutidos brastemp,brastemp,,,,,480,28,0.17,1.00,166,Transactional,"Related Searches, AI Overview, Image Pack, Site Links, Video, People Also Ask, Popular Products","0.13,0.08,1.00,0.03,0.24,0.24,0.36,0.76,0.76,0.24,0.24,0.36",20,,
br,forno a gas brastemp embutir,brastemp,,,,,480,23,0.16,1.00,181,Commercial,"Site Links, Video, Video Carousel, People Also Ask, Popular Products, Related Searches, Image Pack","0.66,0.54,0.81,0.66,0.54,0.66,0.81,0.44,0.54,0.54,0.54,0.54",20,,
br,forno a gas de embutir 110v brastemp,brastemp,,,,,480,33,0.09,1.00,162,Transactional,"Site Links, Video, Video Carousel, People Also Ask, Popular Products, Related Searches","0.36,0.45,0.45,0.36,0.24,0.24,0.30,0.30,0.24,0.30,0.24,0.30",20,,
br,forno a gás brastemp de embutir,brastemp,,,,,480,26,0.15,1.00,194,"Informational, Transactional","Video Carousel, People Also Ask, Popular Products, Related Searches, Image Pack, Site Links, Video","0.11,0.05,0.13,0.13,0.34,0.20,0.13,0.16,0.13,0.20,0.16,0.24",20,,
br,forno brastemp a gas embutir,brastemp,,,,,480,29,0.16,1.00,171,Commercial,"Video Carousel, Popular Products, Related Searches, Site Links, Video","0.48,0.39,0.39,0.00,0.39,0.48,0.72,0.48,0.48,0.48,0.59,0.59",20,,
br,forno brastemp ative,brastemp,,,,,480,24,0.14,1.00,171,Informational,"Image Pack, Site Links, Reviews, Video, Video Carousel, People Also Ask, Popular Products, Related Searches","0.48,0.48,0.59,0.59,0.72,0.48,0.59,0.59,0.48,0.48,0.39,0.48",20,,
br,forno brastemp elétrico,brastemp,,,,,480,24,0.14,1.00,181,Informational,"Reviews, Video Carousel, AI Overview, Image Pack, Site Links, Video, People Also Ask, Popular Products, Related Searches","0.72,0.48,0.32,0.32,0.48,0.48,0.72,0.39,0.72,0.26,0.32,0.39",20,,
br,forno brastemp embutir a gas,brastemp,,,,,480,30,0.12,1.00,166,Transactional,"Adwords Bottom, Video Carousel, People Also Ask, Popular Products, Related Searches, Image Pack, Site Links, Video","0.44,0.54,0.81,0.66,0.54,0.66,0.81,0.44,0.54,0.54,0.54,0.54",20,,
br,forno de embutir a gás brastemp 110v,brastemp,,,,,480,17,0.09,1.00,164,Commercial,"Video, Video Carousel, People Also Ask, Popular Products, Related Searches, Site Links","0.59,0.59,0.48,0.39,0.48,0.39,0.59,0.32,0.39,0.26,0.39,0.32",20,,
br,forno de embutir a gás brastemp 78 litros,brastemp,,,,,480,23,0.19,1.00,160,Informational,"Knowledge Panel, Video, Video Carousel, People Also Ask, Popular Products, Related Searches, Image Pack, Site Links, Adwords Bottom","0.39,0.39,0.48,0.32,0.39,0.72,0.48,0.32,0.39,0.48,0.88,0.59",20,,
br,forno e microondas de embutir brastemp,brastemp,,,,,480,24,0.24,1.00,196,"Informational, Transactional","Image Pack, Site Links, Video, People Also Ask, Popular Products, Related Searches","0.59,0.48,0.48,0.72,0.48,0.59,0.72,0.39,0.39,0.26,0.39,0.48",20,,
br,forno eletrico brastemp ative,brastemp,,,,,480,21,0.09,1.00,166,Informational,"People Also Ask, Popular Products, Image Pack, Site Links, Video","0.16,0.36,0.55,0.36,0.36,0.36,0.36,0.36,0.30,0.24,0.30,0.24",20,,
br,forno elétrico brastemp embutir,brastemp,,,,,480,22,0.16,1.00,173,Commercial,"Site Links, Video, Video Carousel, People Also Ask, Popular Products, Related Searches, Image Pack","0.39,0.48,0.48,0.59,0.48,0.48,0.48,0.39,0.26,1.00,0.21,0.17",20,,
br,freezer brastemp horizontal,brastemp,,,,,480,22,0.11,1.00,184,Transactional,"Site Links, People Also Ask, Popular Products, Related Searches","0.54,0.44,0.44,0.54,0.29,0.54,0.44,0.81,0.67,0.54,0.67,0.67",20,,
br,freezer flex brastemp,brastemp,,,,,480,24,0.17,1.00,170,Commercial,"Video Carousel, People Also Ask, Popular Products, Related Searches, AI Overview, Image Pack, Site Links, Video","0.36,0.30,0.30,0.36,0.30,0.36,0.36,0.36,0.30,0.30,0.36,0.30",20,,
br,freezer vertical brastemp flex frost free 228 litros - bvr28nb,brastemp,,,,,480,24,0.30,1.00,166,Informational,"Knowledge Panel, Site Links, Video, People Also Ask, Related Searches","0.07,0.07,0.02,0.52,0.11,0.13,0.46,0.25,0.13,0.11,0.08,0.07",20,,
br,freezer vertical brastemp flex frost free 228 litros menor preço,brastemp,,,,,480,23,0.20,1.00,164,Transactional,"Site Links, Video, People Also Ask, Popular Products, Related Searches, AI Overview","0.36,0.36,0.30,0.16,0.24,0.36,0.67,0.45,0.45,0.45,0.45,0.20",20,,
br,freezer vertical brastemp inox,brastemp,,,,,480,21,0.24,1.00,161,Transactional,"Image Pack, Site Links, Video, Popular Products, Related Searches","0.36,0.36,0.30,0.30,0.24,0.36,0.55,0.67,0.55,0.30,0.30,0.30",20,,
br,freezer vertical inox brastemp,brastemp,,,,,480,21,0.24,1.00,162,"Informational, Transactional","People Also Ask, Popular Products, Related Searches, Image Pack, Site Links, Video, Adwords Bottom","0.36,0.36,0.36,0.36,0.20,0.36,0.67,0.55,0.55,0.30,0.30,0.30",20,,
br,frigobar brastemp branco,brastemp,,,,,480,24,0.18,1.00,165,"Informational, Transactional","Site Links, Image, People Also Ask, Popular Products, Related Searches, Image Pack","0.20,0.20,0.20,0.20,0.16,0.16,0.24,0.16,0.24,0.20,0.24,0.16",20,,
br,frigobar brastemp medidas,brastemp,,,,,480,24,0.09,1.00,157,"Informational, Commercial","Site Links, Reviews, People Also Ask, Related Searches, Image Pack","0.67,0.54,0.54,0.54,0.54,0.81,0.67,0.44,0.67,0.44,0.54,0.54",20,,
br,frigobar brastemp porta de vidro,brastemp,,,,,480,21,0.12,1.00,163,Informational,"Image Pack, Site Links, Popular Products, Related Searches","0.48,0.48,0.48,0.48,0.48,0.48,0.48,0.32,0.48,0.39,0.32,0.39",20,,
br,frigobar brastemp retro medidas,brastemp,,,,,480,22,0.10,1.00,162,"Informational, Transactional","Image Pack, Site Links, People Also Ask, Related Searches","0.54,0.66,0.66,0.81,0.66,0.66,0.66,0.54,0.66,0.66,0.81,0.81",20,,
br,frigobar preto brastemp,brastemp,,,,,480,24,0.24,1.00,168,Informational,"Related Searches, Image Pack, Site Links, People Also Ask, Popular Products","0.36,0.24,0.36,0.30,0.30,0.30,0.55,0.13,0.36,0.30,0.30,0.24",20,,
br,geladeira / refrigerador brastemp duplex frost free 500 litros,brastemp,,,,,480,23,0.18,1.00,166,Commercial,"Video, Popular Products, Related Searches, Knowledge Panel, Site Links","0.07,1.00,0.01,0.00,0.05,0.08,0.05,0.08,0.00,0.13,0.08",20,,
br,geladeira brastemp 3 portas inox,brastemp,,,,,480,26,0.32,1.00,174,Transactional,"Video, Video Carousel, People Also Ask, Popular Products, Related Searches, Image Pack, Site Links, Reviews","0.16,0.16,0.13,0.16,0.16,0.24,0.45,0.30,0.55,0.55,0.45,0.45",20,,
br,geladeira brastemp 375l,brastemp,,,,,480,28,0.36,1.00,165,Transactional,"Video, Video Carousel, People Also Ask, Popular Products, Related Searches, Image Pack, Site Links","0.24,0.24,0.24,0.24,0.24,0.30,0.55,0.30,0.45,0.20,0.16,0.16",20,,
br,geladeira brastemp 429 litros ative,brastemp,,,,,480,24,0.10,1.00,169,Commercial,"Popular Products, Related Searches, Image Pack, Site Links, Video, People Also Ask","0.00,0.62,0.81,0.36,0.00,0.00,0.30,0.30,0.30,0.01,0.20,0.20",20,,
br,geladeira brastemp 447 litros inox,brastemp,,,,,480,24,0.33,1.00,165,"Informational, Transactional","Popular Products, Related Searches, Image Pack, Site Links, Reviews, Video, Video Carousel, People Also Ask","0.23,0.23,0.29,0.23,0.36,0.36,1.00,0.81,1.00,0.81,1.00,0.81",20,,
br,geladeira brastemp 490 litros,brastemp,,,,,480,21,0.17,1.00,183,Commercial,"Site Links, Video, Popular Products, Related Searches","0.32,0.32,0.32,0.21,0.32,0.32,0.59,0.48,1.00,0.39,0.48,0.48",20,,
br,geladeira brastemp 588 litros branca,brastemp,,,,,480,27,0.19,1.00,160,Informational,"Popular Products, Related Searches, Knowledge Panel, Image Pack, Site Links, Reviews, Video, People Also Ask","0.30,0.20,0.16,0.24,0.36,0.30,1.00,0.76,0.30,0.16,0.13,0.06",20,,
br,geladeira brastemp branca frost free,brastemp,,,,,480,23,0.24,1.00,186,"Informational, Transactional","Popular Products, Related Searches, Image Pack, Site Links","0.31,0.25,0.20,0.25,0.20,0.25,0.46,0.25,0.37,0.16,0.31,0.31",20,,
br,geladeira brastemp by side,brastemp,,,,,480,28,0.17,1.00,187,"Informational, Transactional","Popular Products, Related Searches, Image Pack, Site Links, Video Carousel, People Also Ask","0.30,0.36,0.36,0.36,0.30,0.36,0.55,0.36,0.36,0.30,0.45,0.36",20,,
br,geladeira brastemp duas portas inox,brastemp,,,,,480,27,0.23,1.00,177,Informational,"Video, People Also Ask, Popular Products, Related Searches, Image Pack, Site Links, Reviews","0.44,0.36,0.54,0.54,0.54,0.54,0.67,0.44,0.67,0.44,0.54,0.54",20,,
br,geladeira brastemp frost free 400 litros,brastemp,,,,,480,27,0.21,1.00,165,Commercial,"Image Pack, Site Links, Video, People Also Ask, Popular Products, Related Searches","0.24,0.24,0.16,0.24,0.20,0.16,0.20,0.16,0.20,0.10,0.13,0.13",20,,
br,geladeira brastemp frost free branca,brastemp,,,,,480,24,0.27,1.00,194,"Informational, Transactional","Image Pack, Site Links, People Also Ask, Popular Products, Related Searches","0.31,0.25,0.20,0.31,0.25,0.25,0.37,0.25,0.25,0.16,0.16,0.25",20,,
br,geladeira brastemp frost free french door,brastemp,,,,,480,25,0.47,1.00,170,"Informational, Transactional","People Also Ask, Popular Products, Related Searches, Image Pack, Site Links, Reviews, Video, Video Carousel","0.13,0.13,0.20,0.45,0.20,0.24,0.81,0.20,0.55,0.81,0.24,0.16",20,,
br,geladeira brastemp frost free french door 554 litros,brastemp,,,,,480,22,0.35,1.00,165,Transactional,"Related Searches, Site Links, Video, People Also Ask, Popular Products","1.00,0.36,0.20,0.16,0.10,0.10,0.16,0.08,0.03,0.02,0.03,0.03",20,,
br,geladeira brastemp frost free inverse 447 litros,brastemp,,,,,480,22,0.26,1.00,163,"Informational, Transactional","AI Overview, Image Pack, Site Links, Video, Video Carousel, People Also Ask, Related Searches","0.05,0.13,0.06,0.08,0.30,0.55,0.76,0.67,1.00,0.45,0.55,0.30",20,,
br,geladeira brastemp frost free não gela parte de cima,brastemp,,,,,480,28,0.35,0.14,174,Informational,"Video, Video Carousel, People Also Ask, Related Searches, Short Videos, AI Overview, Reviews","0.44,0.44,0.54,0.54,0.54,0.54,0.66,1.00,0.81,0.66,0.81,0.66",90,,
br,geladeira brastemp inverse 3,brastemp,,,,,480,33,0.20,1.00,165,Informational,"Site Links, Video, People Also Ask, Related Searches, Knowledge Panel, Image Pack","0.30,0.24,0.24,0.16,0.24,0.30,0.67,0.36,0.45,0.36,0.36,0.30",20,,
br,geladeira brastemp mercadolivre,brastemp,,,,,480,36,0.10,1.00,169,"Informational, Transactional","Image Pack, Site Links, People Also Ask, Popular Products, Related Searches","0.55,0.00,0.30,0.00,0.00,0.00,1.00,0.00,0.45,0.00,0.00,0.00",20,,
br,geladeira brastemp valor,brastemp,,,,,480,45,0.05,1.00,211,Commercial,"Image Pack, Site Links, People Also Ask, Popular Products, Related Searches, AI Overview","0.48,0.39,0.48,0.48,0.39,0.39,0.39,0.48,0.48,0.59,0.59,0.59",20,,
br,geladeira duplex brastemp frost free,brastemp,,,,,480,31,0.25,1.00,177,Commercial,"Image Pack, Site Links, People Also Ask, Popular Products, Related Searches","0.30,0.24,0.24,0.24,0.30,0.24,0.30,0.36,0.36,0.24,0.30,0.30",20,,
br,geladeira duplex frost free brastemp,brastemp,,,,,480,32,0.16,1.00,178,Transactional,"People Also Ask, Popular Products, Related Searches, Site Links, Video Carousel","0.25,0.16,0.25,0.25,0.25,0.20,0.31,0.25,0.37,0.20,0.37,0.37",20,,
br,geladeira frost free brastemp duplex,brastemp,,,,,480,29,0.25,1.00,169,Transactional,"Site Links, Reviews, Related Searches, AI Overview","0.13,0.13,0.13,0.20,0.10,0.16,0.30,0.24,0.20,0.13,0.30,0.24",20,,
br,geladeira frost free duplex brastemp,brastemp,,,,,480,28,0.25,1.00,168,Transactional,"Related Searches, Site Links, Popular Products","0.30,0.24,0.24,0.24,0.24,0.30,0.36,0.30,0.45,0.30,0.36,0.36",20,,
br,geladeira usada brastemp,brastemp,,,,,480,23,0.02,0.96,192,Commercial,"Image Pack, Site Links, People Also Ask, Popular Products, Related Searches","0.36,0.36,0.55,0.36,0.30,0.45,0.55,0.45,0.30,0.30,0.30,0.36",20,,
br,geladeira/refrigerador brastemp frost free duplex prata 447l bre57fk,brastemp,,,,,480,20,0.51,1.00,164,Commercial,"Site Links, Video Carousel, People Also Ask, Popular Products, Related Searches","0.24,0.16,0.05,0.81,0.13,0.13,0.36,0.30,1.00,0.30,0.36,0.08",20,,
br,geladeiras casas bahia brastemp,brastemp,,,,,480,32,0.15,1.00,174,"Navigational, Transactional","Site Links, People Also Ask, Popular Products, Related Searches","0.00,0.00,0.79,0.54,0.00,0.00,0.00,0.00,1.00,0.00,0.00,0.00",20,,
br,geladeiras em promoção brastemp,brastemp,,,,,480,41,0.14,1.00,201,Transactional,"Site Links, People Also Ask, Popular Products, Related Searches","0.20,0.07,0.13,0.13,0.07,0.13,0.16,0.16,0.34,0.24,0.16,0.20",20,,
br,gelomaq peças brastemp electrolux e refrigeração em geral,brastemp,,,,,480,17,0.16,0.13,166,Navigational,"Site Links, Reviews, Video, Related Searches, Knowledge Panel","0.81,0.81,0.66,0.81,1.00,0.66,0.66,0.81,0.81,0.54,1.00,0.66",20,,
br,inverse brastemp inox,brastemp,,,,,480,24,0.34,1.00,182,"Informational, Transactional","Adwords Bottom, Video Carousel, People Also Ask, Popular Products, Related Searches, Image Pack, Site Links, Video","0.16,0.16,0.13,0.13,0.13,0.13,0.16,0.13,0.13,0.13,0.13,0.13",20,,
br,inverse inox brastemp,brastemp,,,,,480,29,0.34,1.00,164,"Informational, Transactional","Image Pack, Site Links, Video, Video Carousel, Popular Products, Related Searches","0.13,0.13,0.10,0.10,0.13,0.13,0.16,0.13,0.13,0.13,0.13,0.16",20,,
br,lava e seca brastemp 12kg,brastemp,,,,,480,26,0.14,1.00,173,Commercial,"Site Links, Video, People Also Ask, Popular Products, Related Searches, AI Overview","0.24,0.30,0.30,0.24,0.20,0.20,0.20,0.16,0.20,0.16,0.20,0.20",20,,
br,lava louca brastemp 8 servicos,brastemp,,,,,480,29,0.25,1.00,160,Informational,"Related Searches, AI Overview, Image Pack, Site Links, Video, Video Carousel, People Also Ask, Popular Products","0.04,0.03,0.05,0.08,0.04,0.05,0.05,0.04,0.04,0.03,0.04,0.05",20,,
br,lava loucas brastemp 12 servicos,brastemp,,,,,480,24,0.16,1.00,140,"Informational, Transactional","Popular Products, Related Searches, Image Pack, Site Links, Reviews, Video, Video Carousel, People Also Ask","0.11,0.16,0.25,0.08,0.07,0.11,0.46,0.46,0.46,0.46,0.03,0.03",20,,
br,lava loucas brastemp 8 servicos,brastemp,,,,,480,29,0.25,1.00,170,"Informational, Transactional","Video Carousel, People Also Ask, Related Searches, Knowledge Panel, Image Pack, Site Links, Reviews, Video","0.04,0.07,0.08,0.05,0.07,0.08,0.08,0.03,0.04,0.07,0.08,0.10",20,,
br,lava louça brastemp 6 serviços,brastemp,,,,,480,32,0.14,1.00,156,Informational,"Image Pack, Site Links, Reviews, Video, Popular Products, Related Searches","0.59,0.32,0.72,0.59,0.59,0.48,0.48,0.39,0.48,0.17,0.21,0.48",20,,
br,lava louça brastemp 8 serviços antiga,brastemp,,,,,480,17,0.08,0.98,155,Informational,"People Also Ask, Popular Products, Related Searches, Image Pack, Site Links, Video, Video Carousel","0.54,0.66,1.00,0.44,0.81,0.81,0.66,0.66,0.66,0.66,0.44,0.81",20,,
br,lava louça brastemp 8 serviços medidas,brastemp,,,,,480,27,0.08,1.00,156,Informational,"Popular Products, Related Searches, AI Overview, Image Pack, Site Links, Video, Video Carousel, People Also Ask","0.54,0.44,0.67,0.54,0.54,0.54,0.54,0.54,0.67,0.44,0.54,0.81",20,,
br,lava louças 6 serviços brastemp,brastemp,,,,,480,24,0.08,1.00,166,Informational,"Video, Video Carousel, Popular Products, Related Searches, Image Pack, Site Links","0.59,0.48,0.59,0.72,0.59,0.48,0.48,0.39,0.48,0.32,0.48,0.48",20,,
br,lava louças brastemp 10 serviço,brastemp,,,,,480,23,0.25,1.00,0,"Informational, Commercial","Popular Products, Related Searches, Image Pack, Site Links, Video, Shopping Ads, Video Carousel","0.00,0.00,0.29,0.00,0.00,0.00,0.00,0.00,1.00,0.00,0.00,0.00",20,,
br,lava louças brastemp 6 serviços,brastemp,,,,,480,26,0.08,1.00,162,Informational,"Image Pack, Site Links, Video, Video Carousel, Popular Products, Related Searches","0.59,0.59,0.72,0.59,0.59,0.48,0.39,0.32,0.59,0.39,0.48,0.59",20,,
br,lava louças brastemp 8 serviços antiga,brastemp,,,,,480,17,0.08,0.98,159,Informational,"People Also Ask, Popular Products, Image Pack, Site Links, Video, Video Carousel","0.81,0.66,1.00,0.81,0.81,0.81,1.00,0.66,0.81,0.66,0.66,1.00",20,,
br,lava louças brastemp 8 serviços manual,brastemp,,,,,480,21,0.10,0.25,109,Informational,"Reviews, Video, Video Carousel, Related Searches, Knowledge Panel, Site Links","0.54,0.66,1.00,0.81,1.00,0.81,0.81,0.66,0.81,0.66,0.54,0.44",20,,
br,lava louças brastemp 8 serviços medidas,brastemp,,,,,480,27,0.08,1.00,159,Informational,"Video, Video Carousel, People Also Ask, Popular Products, Related Searches, AI Overview, Image Pack, Site Links","0.66,0.66,0.81,0.66,0.81,0.66,0.81,0.66,0.66,0.66,1.00,1.00",20,,
br,lava-louças brastemp 15 serviços,brastemp,,,,,480,30,0.29,1.00,164,Informational,"Related Searches, AI Overview, Video, Short Videos, Site Links, Reviews, Video Carousel, People Also Ask, Popular Products","0.00,0.00,0.00,0.00,0.30,0.41,0.02,0.79,0.02,0.00,1.00,0.66",20,,
br,lavadora 10kg brastemp,brastemp,,,,,480,32,0.12,1.00,171,Commercial,"People Also Ask, Popular Products, Related Searches, Site Links, Video","0.39,0.39,0.48,0.48,0.39,0.32,0.32,0.32,0.39,0.39,0.39,0.39",20,,
br,lavadora brastemp 11 kg,brastemp,,,,,480,23,0.16,1.00,176,"Informational, Commercial","Related Searches, Short Videos, Image Pack, Site Links, Video, Video Carousel, People Also Ask, Popular Products","0.16,0.20,0.46,0.20,0.16,0.52,0.20,0.13,0.20,0.16,0.20,0.31",20,,
br,lavadora brastemp 11kg ative,brastemp,,,,,480,17,0.11,1.00,167,Informational,"People Also Ask, Popular Products, Related Searches, Short Videos, Image Pack, Site Links, Video, Video Carousel","0.36,0.36,0.30,0.30,0.30,0.30,0.36,0.30,0.36,0.36,0.45,0.45",20,,
br,lavadora brastemp 15 kg,brastemp,,,,,480,23,0.23,1.00,187,"Informational, Commercial","Video, Video Carousel, People Also Ask, Popular Products, Related Searches, Short Videos, Image Pack, Site Links","0.16,0.16,0.11,0.13,0.13,0.11,0.44,0.13,0.13,0.13,0.13,0.13",20,,
br,lavadora brastemp ative 11kg,brastemp,,,,,480,30,0.11,1.00,10,"Informational, Transactional","Image Pack, Site Links, Video, People Also Ask, Popular Products, Related Searches","0.45,0.36,0.45,0.45,0.36,0.45,0.36,0.36,0.45,0.36,0.36,0.36",20,,
br,lavadora brastemp frontal,brastemp,,,,,480,20,0.19,1.00,183,Commercial,"Image Pack, Site Links, Video Carousel, People Also Ask, Popular Products, Related Searches","0.59,0.48,0.59,0.39,0.48,0.39,0.59,0.17,0.39,0.26,0.39,0.39",20,,
br,lavadora frontal brastemp,brastemp,,,,,480,28,0.19,1.00,194,"Informational, Transactional","Reviews, Video, Video Carousel, People Also Ask, Popular Products, Related Searches, Image Pack, Site Links","0.59,0.59,0.48,0.48,0.48,0.48,0.72,0.39,0.48,0.39,0.39,0.59",20,,
br,lavadora lava e seca brastemp,brastemp,,,,,480,27,0.12,1.00,178,Commercial,"People Also Ask, Popular Products, Related Searches, Short Videos, Site Links, Video, Video Carousel","0.67,0.81,0.54,0.54,0.36,0.36,0.54,0.36,0.44,0.44,0.54,0.44",20,,
br,liquidificador brastemp,brastemp,,,,,480,25,0.11,1.00,164,Informational,"Image Pack, Site Links, Video, People Also Ask, Related Searches","0.66,0.66,0.66,0.66,0.66,0.54,0.66,0.54,0.81,0.54,0.66,0.66",20,,
br,mangueira para máquina de lavar brastemp,brastemp,,,,,480,23,0.07,1.00,194,"Informational, Transactional","Video, People Also Ask, Popular Products, Related Searches, Image Pack, Site Links","0.66,0.81,0.66,0.81,0.81,0.66,0.54,0.54,0.66,1.00,0.54,0.54",20,,
br,maquina brastemp 9kg,brastemp,,,,,480,19,0.11,1.00,162,Informational,"Image Pack, Site Links, Reviews, Video, Video Carousel, People Also Ask, Related Searches","0.45,0.45,0.45,0.45,0.36,0.36,0.45,0.30,0.30,0.30,0.24,0.24",20,,
br,maquina de lavar 12 kg brastemp,brastemp,,,,,480,25,0.13,1.00,167,Informational,"Popular Products, Site Links, Video, People Also Ask","0.11,0.08,0.37,0.16,0.20,0.13,0.46,0.13,0.16,0.11,0.20,0.31",20,,
br,maquina de lavar 12 kgs brastemp,brastemp,,,,,480,24,0.18,1.00,168,Commercial,"Site Links, Video, People Also Ask, Popular Products, Related Searches","0.00,0.00,0.52,0.00,0.00,0.00,0.66,0.00,0.44,0.00,0.00,0.00",20,,
br,maquina de lavar 13 kg brastemp,brastemp,,,,,480,18,0.25,1.00,166,Informational,"Image Pack, Site Links, Video, Video Carousel, People Also Ask, Popular Products, Related Searches","0.24,0.08,0.20,0.30,0.36,0.36,0.20,0.05,0.62,0.62,0.45,0.45",20,,
br,maquina de lavar 9 kg brastemp,brastemp,,,,,480,19,0.12,1.00,165,"Informational, Transactional","People Also Ask, Popular Products, Related Searches, Image Pack, Site Links, Video, Video Carousel","0.03,0.55,0.55,0.55,0.45,0.45,0.02,0.36,0.55,0.08,0.36,0.36",20,,
br,maquina de lavar ative 11kg brastemp,brastemp,,,,,480,25,0.09,1.00,164,Informational,"Image Pack, Site Links, Video, Video Carousel, Related Searches, AI Overview, Knowledge Panel","0.67,0.55,0.30,0.30,0.30,0.36,0.36,0.16,0.16,0.20,0.30,0.30",20,,
br,maquina de lavar brastemp 11kg ative,brastemp,,,,,480,23,0.09,1.00,168,"Informational, Transactional","Site Links, Video, Video Carousel, People Also Ask, Popular Products, Related Searches, Image Pack","0.72,0.59,0.72,0.39,0.48,0.59,0.48,0.48,0.48,0.39,0.39,0.48",20,,
br,maquina de lavar brastemp 12 kl,brastemp,,,,,480,27,0.22,1.00,169,Commercial,"Site Links, Video, People Also Ask, Popular Products, Related Searches","0.81,0.62,0.81,0.55,0.00,0.00,0.00,0.00,0.00,0.00,0.00,0.00",20,,
br,maquina de lavar brastemp 13kg menor preço,brastemp,,,,,480,19,0.13,1.00,167,Transactional,"Site Links, People Also Ask, Popular Products, Related Searches, AI Overview","0.32,0.21,0.32,0.26,0.39,0.48,0.72,0.72,0.59,0.39,0.48,0.39",20,,
br,maquina de lavar brastemp 14 kg,brastemp,,,,,480,21,0.32,1.00,164,"Informational, Transactional","People Also Ask, Popular Products, Related Searches, Site Links, Video, Video Carousel","0.16,0.36,0.16,0.45,0.16,0.13,0.24,0.45,1.00,0.55,1.00,0.55",20,,
br,maquina de lavar brastemp 16kg,brastemp,,,,,480,19,0.28,1.00,173,Informational,"People Also Ask, Popular Products, Related Searches, Site Links, Video","0.31,0.25,0.25,0.25,0.31,0.16,0.46,0.25,0.25,0.25,0.25,0.25",20,,
br,maquina de lavar brastemp antiga,brastemp,,,,,480,25,0.03,0.87,189,Informational,"Image Pack, Site Links, Video, Video Carousel, People Also Ask, Popular Products, Related Searches","0.81,0.66,0.81,0.66,0.54,0.66,0.66,0.54,0.66,0.66,0.66,0.66",20,,
br,maquina de lavar brastemp assistencia tecnica,brastemp,,,,,480,29,0.57,0.66,107,Navigational,"Local Pack, Reviews, People Also Ask, Related Searches","0.66,0.44,0.29,0.66,0.36,0.44,0.54,0.81,1.00,0.66,0.81,0.66",90,,
br,maquina de lavar brastemp ative,brastemp,,,,,480,24,0.10,1.00,216,Informational,"Adwords Bottom, Video Carousel, People Also Ask, Popular Products, Related Searches, Image Pack, Site Links, Video","0.81,0.54,0.54,0.44,0.36,0.36,0.36,0.36,0.36,0.44,0.36,0.29",20,,
br,maquina de lavar brastemp casas bahia,brastemp,,,,,480,30,0.15,1.00,133,Transactional,"Site Links, People Also Ask, Popular Products, Related Searches","0.45,0.36,0.45,0.36,0.45,0.36,0.55,0.30,0.30,0.30,0.08,0.30",20,,
br,maquina de lavar brastemp frontal,brastemp,,,,,480,28,0.13,1.00,186,Transactional,"Popular Products, Related Searches, Image Pack, Site Links, Video, Video Carousel, People Also Ask","0.59,0.59,0.59,0.59,0.39,0.48,0.72,0.26,0.39,0.21,0.26,0.32",20,,
br,maquina de lavar louça brastemp 10 serviços,brastemp,,,,,480,31,0.28,1.00,166,Informational,"Knowledge Panel, Reviews, Video, Related Searches, Image Pack, Site Links, Video Carousel, People Also Ask, Popular Products","0.81,1.00,1.00,0.81,0.66,0.66,1.00,0.54,0.81,0.54,0.66,0.66",20,,
br,maquina de lavar louças brastemp 8 serviços,brastemp,,,,,480,25,0.24,1.00,158,Informational,"Video Carousel, AI Overview, Image Pack, Site Links, Video, People Also Ask, Popular Products, Related Searches, Knowledge Panel","0.13,0.13,0.31,0.20,0.25,0.20,0.31,0.20,0.52,0.11,0.37,0.25",20,,
br,maquina de lavar roupa 13kg brastemp,brastemp,,,,,480,23,0.27,1.00,164,Informational,"AI Overview, Site Links, Video, Video Carousel, People Also Ask, Popular Products, Related Searches","0.02,0.04,0.30,0.03,0.05,0.36,0.62,0.62,0.45,0.30,0.04,0.30",20,,
br,maquina de lavar roupa brastemp 12 kg,brastemp,,,,,480,21,0.18,1.00,164,Informational,"People Also Ask, Popular Products, Related Searches, Site Links, Video","0.16,0.16,0.24,0.16,0.13,0.20,0.20,0.08,0.11,0.24,0.20,0.55",20,,
br,maquina de lavar roupa brastemp 14kg,brastemp,,,,,480,14,0.24,1.00,166,Informational,"Site Links, Video, Video Carousel, People Also Ask, Popular Products, Related Searches","0.16,0.16,0.16,0.20,0.20,0.24,0.24,0.30,0.55,0.62,0.81,1.00",20,,
br,maquina de lavar roupa brastemp 17 kg,brastemp,,,,,480,23,0.15,1.00,165,Commercial,"Popular Products, Related Searches, Short Videos, Site Links, Video, Video Carousel, People Also Ask","0.30,0.30,0.24,0.16,0.13,0.16,0.16,0.10,0.06,0.05,0.03,0.05",20,,
br,maquina lava louça brastemp,brastemp,,,,,480,33,0.17,1.00,201,Transactional,"Short Videos, Image Pack, Site Links, Video, Video Carousel, People Also Ask, Popular Products, Related Searches","0.24,0.34,0.34,0.13,0.13,0.11,0.16,0.05,0.20,0.16,0.20,0.11",20,,
br,maquina lavar 12kg brastemp,brastemp,,,,,480,28,0.21,1.00,161,"Informational, Transactional","Related Searches, Site Links, Video, People Also Ask, Popular Products","0.41,0.24,0.16,0.20,0.20,0.16,0.20,0.08,0.08,0.13,0.16,0.20",20,,
br,maquinas de lavar brastemp 15kg,brastemp,,,,,480,21,0.13,1.00,171,Informational,"Video, Video Carousel, Popular Products, Related Searches, Image Pack, Site Links","0.05,0.00,0.00,0.00,0.08,0.10,0.00,1.00,0.00,0.00,0.13,0.10",20,,
br,maquinas de lavar brastemp 8kg,brastemp,,,,,480,24,0.09,1.00,93,Commercial,"Site Links, Video, People Also Ask, Popular Products, Related Searches","0.37,0.00,0.20,0.20,0.25,0.25,0.25,0.20,0.25,0.20,0.20,0.05",20,,
br,maquinas de lavar louças brastemp,brastemp,,,,,480,26,0.22,1.00,171,Transactional,"Video Carousel, People Also Ask, Popular Products, Related Searches, Image Pack, Site Links, Reviews, Video","0.72,0.59,0.39,0.48,0.59,0.59,1.00,0.48,0.14,0.09,0.11,0.11",20,,
br,medidas da geladeira brastemp,brastemp,,,,,480,29,0.11,1.00,152,Informational,"Popular Products, Related Searches, Image Pack, Site Links, Reviews, Video, People Also Ask","0.48,0.48,0.59,0.48,0.48,0.59,0.48,0.39,0.48,0.48,0.59,0.59",20,,
br,medidas da lava louça brastemp 8 serviços,brastemp,,,,,480,27,0.08,1.00,159,Informational,"AI Overview, Image Pack, Site Links, Reviews, Video, Video Carousel, People Also Ask, Related Searches","0.54,0.44,0.67,0.54,0.54,0.54,0.54,0.54,0.67,0.44,0.54,0.81",20,,
br,medidas frigobar brastemp,brastemp,,,,,480,24,0.06,1.00,161,Informational,"Image Pack, Site Links, Video, People Also Ask, Related Searches","0.54,0.54,0.54,0.54,0.54,0.54,0.54,0.36,0.44,0.29,0.44,0.44",20,,
br,medidas lava louça brastemp 8 serviços,brastemp,,,,,480,36,0.08,1.00,161,Informational,"Popular Products, Related Searches, AI Overview, Image Pack, Video, People Also Ask, Site Links, Reviews, Video Carousel","0.54,0.44,0.67,0.54,0.54,0.54,0.54,0.54,0.67,0.44,0.54,0.81",20,,
br,medidas lava louças brastemp 8 serviços,brastemp,,,,,480,29,0.08,1.00,169,Informational,"Related Searches, AI Overview, Site Links, Video, Video Carousel, People Also Ask, Popular Products, Image Pack, Reviews","0.44,0.67,0.54,0.36,0.67,0.67,0.54,0.54,0.54,0.12,0.67,0.19",20,,
br,micro ondas de embutir brastemp,brastemp,,,,,480,26,0.22,1.00,10,"Informational, Transactional","Popular Products, AI Overview, Image Pack, Site Links, People Also Ask","0.24,0.20,0.24,0.30,0.20,0.20,0.36,0.16,0.30,0.76,1.00,0.30",20,,
br,micro ondas gourmand brastemp,brastemp,,,,,480,21,0.16,1.00,160,"Informational, Transactional","Image Pack, Site Links, Reviews, Video, Video Carousel, Popular Products, Related Searches, AI Overview","0.45,0.45,0.45,0.08,0.36,0.30,0.45,0.30,0.36,0.16,0.30,0.24",20,,
br,microondas 20 litros inox brastemp,brastemp,,,,,480,24,0.11,1.00,164,Commercial,"Image Pack, Site Links, Video, Video Carousel, People Also Ask, Related Searches","0.32,0.32,0.39,0.39,0.48,0.48,0.72,0.39,0.48,0.39,0.48,0.32",20,,
br,microondas airfryer brastemp,brastemp,,,,,480,28,0.16,1.00,167,"Informational, Transactional","Video, Video Carousel, People Also Ask, Popular Products, Related Searches, Short Videos, Site Links, Reviews","1.00,0.46,0.25,0.25,0.11,0.11,0.20,0.13,0.13,0.08,0.04,0.02",20,,
br,microondas de embutir brastemp inox,brastemp,,,,,480,23,0.26,1.00,165,Informational,"Video Carousel, People Also Ask, Popular Products, Related Searches, Image Pack, Site Links, Reviews, Video","0.66,0.66,0.66,0.66,0.81,0.81,0.81,0.44,0.54,0.36,0.36,0.36",20,,
br,microondas inox 30 litros brastemp,brastemp,,,,,480,30,0.14,1.00,173,Commercial,"Popular Products, Related Searches, Site Links, Reviews, Video, People Also Ask","0.48,0.48,0.48,0.48,0.39,0.48,0.39,0.39,0.48,0.48,0.48,0.59",20,,
br,microondas inox brastemp 30 litros,brastemp,,,,,480,25,0.14,1.00,165,Commercial,"Video, People Also Ask, Popular Products, AI Overview, Image Pack, Site Links","0.30,0.30,0.24,0.30,0.30,0.30,0.36,0.24,0.30,0.30,0.30,0.36",20,,
br,microondas preto brastemp,brastemp,,,,,480,25,0.16,1.00,174,"Informational, Transactional","Video, People Also Ask, Popular Products, Related Searches, Image Pack, Site Links","0.20,0.20,0.25,0.25,0.25,0.31,0.37,0.16,0.20,0.16,0.20,0.25",20,,
br,mini geladeira brastemp,brastemp,,,,,480,29,0.12,1.00,163,"Informational, Transactional","Video, Video Carousel, People Also Ask, Popular Products, Related Searches, Image Pack, Site Links","0.45,0.36,0.36,0.36,0.36,0.45,0.45,0.36,0.45,0.30,0.45,0.36",20,,
br,modelos de geladeira da brastemp,brastemp,,,,,480,36,0.10,1.00,175,Transactional,"Popular Products, Related Searches, Image Pack, Site Links, Reviews, Video, Video Carousel, People Also Ask","0.30,0.36,0.24,0.24,0.30,0.36,0.55,0.36,0.55,0.36,0.55,0.45",20,,
br,máquina brastemp 18 kg,brastemp,,,,,480,19,0.16,1.00,165,Commercial,"People Also Ask, Related Searches, AI Overview, Image Pack, Site Links, Video Carousel","0.00,0.11,0.59,0.88,0.32,0.59,1.00,0.59,0.72,0.59,0.72,1.00",20,,
br,máquina de lavar 14kg brastemp,brastemp,,,,,480,27,0.23,1.00,10,Transactional,"Site Links, People Also Ask, Popular Products, Related Searches","0.20,0.20,0.20,0.20,0.25,0.20,0.31,0.25,0.37,0.31,0.46,0.46",20,,
br,máquina de lavar 8kg brastemp,brastemp,,,,,480,25,0.10,1.00,166,Commercial,"People Also Ask, Related Searches, Image Pack, Site Links, Video, Video Carousel","0.36,0.24,0.45,0.45,0.30,0.24,0.20,0.20,0.24,0.24,0.24,0.24",20,,
br,máquina de lavar brastemp 16kg,brastemp,,,,,480,18,0.18,1.00,170,Commercial,"Video, Video Carousel, People Also Ask, Popular Products, Related Searches, Site Links","0.07,0.07,0.08,0.07,0.08,0.07,0.13,0.08,0.07,0.07,0.07,0.08",20,,
br,máquina de lavar brastemp 18 kg,brastemp,,,,,480,21,0.20,1.00,166,Commercial,"Video, Video Carousel, People Also Ask, Popular Products, Related Searches, Image Pack, Site Links","0.24,0.55,0.55,0.36,0.20,0.08,0.16,0.45,0.76,0.30,0.36,0.76",20,,
br,máquina de lavar brastemp 8 kg,brastemp,,,,,480,24,0.09,1.00,167,Commercial,"Site Links, Video, Video Carousel, People Also Ask, Popular Products, Related Searches, Image Pack","0.31,0.20,0.25,0.25,0.25,0.25,0.25,0.20,0.31,0.20,0.16,0.13",20,,
br,máquina de lavar brastemp 9 kg promoção,brastemp,,,,,480,27,0.06,1.00,163,Commercial,"Image Pack, Site Links, People Also Ask, Related Searches","0.45,0.45,0.36,0.30,0.20,0.20,0.20,0.16,0.20,0.24,0.24,0.24",20,,
br,máquina de lavar roupa 10kg brastemp,brastemp,,,,,480,24,0.13,1.00,162,Commercial,"Video Carousel, People Also Ask, Popular Products, Related Searches, Site Links, Video","1.00,0.13,0.10,0.10,0.08,0.08,0.16,0.13,0.16,0.20,0.13,0.16",20,,
br,máquina de lavar roupa 17kg brastemp,brastemp,,,,,480,23,0.22,1.00,165,Commercial,"People Also Ask, Popular Products, Related Searches, Short Videos, Site Links, Video, Video Carousel","0.52,0.46,0.25,0.25,0.20,0.20,0.25,0.13,0.16,0.13,0.13,0.07",20,,
br,máquina de lavar roupa 18kg brastemp,brastemp,,,,,480,23,0.23,1.00,165,"Informational, Commercial","People Also Ask, Popular Products, Related Searches, Site Links, Video, Video Carousel","0.29,0.44,0.67,0.81,0.44,0.67,1.00,0.44,0.44,0.29,0.36,0.36",20,,
br,máquina de lavar roupa brastemp 10kg,brastemp,,,,,480,24,0.11,1.00,174,Commercial,"Video, People Also Ask, Popular Products, Related Searches, Image Pack, Site Links","0.66,0.44,0.66,0.66,0.44,0.66,0.66,0.66,0.81,0.66,0.66,0.81",20,,
br,máquina de lavar roupa brastemp 13 kg,brastemp,,,,,480,23,0.22,1.00,175,Informational,"Video Carousel, People Also Ask, Popular Products, Related Searches, Short Videos, AI Overview, Site Links, Video","0.54,0.54,0.66,0.81,0.36,0.66,1.00,0.66,0.81,0.44,0.54,0.44",20,,
br,máquina de lavar roupa brastemp 17kg,brastemp,,,,,480,27,0.21,1.00,165,Commercial,"Adwords Bottom, Video Carousel, People Also Ask, Popular Products, Related Searches, Site Links, Video","0.16,0.20,0.22,0.08,0.10,0.07,0.10,0.07,0.13,0.03,0.04,0.04",20,,
br,máquina lava louças brastemp,brastemp,,,,,480,29,0.24,1.00,182,"Navigational, Transactional","Related Searches, Image Pack, Site Links, Reviews, Video, People Also Ask, Popular Products","0.10,0.08,1.00,0.03,0.24,0.24,0.30,0.24,0.67,0.76,0.45,0.20",20,,
br,máquina lavar brastemp 15kg,brastemp,,,,,480,21,0.28,1.00,163,Informational,"Video, Video Carousel, Popular Products, Related Searches, AI Overview, Site Links","0.30,0.24,0.24,0.36,0.36,0.36,0.55,0.30,0.36,0.36,0.45,0.36",20,,
br,máquinas de lavar brastemp 15kg,brastemp,,,,,480,18,0.19,1.00,169,Commercial,"Video, Video Carousel, People Also Ask, Popular Products, Related Searches, Image Pack, Site Links","0.00,0.00,0.00,0.00,0.00,0.00,0.00,0.00,0.00,0.54,0.00,0.00",20,,
br,onde fica o dreno da geladeira brastemp frost free,brastemp,,,,,480,29,0.00,0.00,161,Informational,"Related Searches, Short Videos, AI Overview, Image Pack, Video, People Also Ask","0.54,0.44,0.54,0.54,1.00,0.81,0.66,0.66,0.66,0.66,0.81,0.81",90,,
br,outlet da brastemp,brastemp,,,,,480,22,0.20,1.00,161,"Navigational, Commercial","Related Searches, Site Links, Video, Popular Products","0.48,0.48,0.72,0.48,0.59,0.59,0.59,0.48,0.48,0.48,0.48,0.59",20,,
br,painel da máquina de lavar brastemp,brastemp,,,,,480,9,0.04,1.00,171,"Informational, Transactional","People Also Ask, Popular Products, Related Searches, Image Pack, Site Links, Video Carousel","0.54,0.66,0.54,0.81,0.54,1.00,0.54,0.54,0.66,0.44,0.54,0.54",20,,
br,painel maquina de lavar brastemp,brastemp,,,,,480,21,0.04,1.00,6,"Informational, Transactional","Image Pack, Site Links, People Also Ask, Popular Products, Related Searches","0.54,0.67,0.67,0.67,0.54,0.81,0.54,0.54,0.54,0.44,0.54,0.54",20,,
br,pes para fogao brastemp,brastemp,,,,,480,26,0.06,1.00,168,Transactional,"Site Links, Video, People Also Ask, Popular Products, Related Searches","0.44,0.44,0.67,0.44,0.44,0.36,0.54,0.36,0.36,0.29,0.44,0.29",20,,
br,peças brastemp geladeira,brastemp,,,,,480,21,0.12,1.00,164,Commercial,"Knowledge Panel, Image Pack, Site Links, Related Searches","0.02,0.30,0.54,0.36,0.02,0.02,0.02,0.30,0.36,0.02,0.02,0.02",20,,
br,peças brastemp maquina de lavar,brastemp,,,,,480,12,0.08,1.00,165,Navigational,"Site Links, Reviews, Video, Popular Products, Related Searches","0.31,0.11,0.03,0.11,0.25,0.31,0.20,0.52,0.25,0.31,0.37,0.31",20,,
br,peças de geladeira brastemp,brastemp,,,,,480,22,0.10,1.00,162,Commercial,"Related Searches, Knowledge Panel, Image Pack, Site Links, Image, People Also Ask, Popular Products","0.54,0.54,0.67,0.67,0.54,0.67,0.67,0.67,0.67,0.54,0.44,0.44",20,,
br,placa da geladeira brastemp ative,brastemp,,,,,480,23,0.05,0.56,159,Informational,"People Also Ask, Popular Products, Related Searches, AI Overview, Image Pack, Site Links, Video Carousel","0.16,0.13,0.20,0.16,0.13,0.13,0.13,0.20,0.30,0.62,1.00,1.00",20,,
br,placa da máquina de lavar brastemp,brastemp,,,,,480,23,0.05,1.00,161,"Informational, Transactional","Video Carousel, People Also Ask, Popular Products, Related Searches, Image Pack, Site Links, Video","0.30,0.30,0.30,0.24,0.24,0.24,0.30,0.30,0.30,1.00,0.30,0.24",20,,
br,placa eletrônica lavadora de roupa brastemp bwh15,brastemp,,,,,480,18,0.00,0.00,169,Commercial,"Site Links, Video, Popular Products, Related Searches","1.00,0.00,0.00,0.00",20,,
br,placa geladeira brastemp ative,brastemp,,,,,480,24,0.05,0.56,204,"Informational, Transactional","Video, People Also Ask, Popular Products, Related Searches, Image Pack, Site Links","0.13,0.11,0.13,0.11,0.11,0.11,0.11,0.16,0.25,0.68,1.00,1.00",20,,
br,placas de maquinas de lavar brastemp,brastemp,,,,,480,17,0.05,1.00,163,Informational,"Popular Products, Related Searches, Image Pack, Site Links, Reviews, Video, People Also Ask","0.54,0.54,0.44,0.44,0.36,0.44,0.44,0.54,0.54,0.54,0.67,0.67",20,,
br,polia lavadora de roupa brastemp bwh15,brastemp,,,,,480,27,0.00,0.00,168,Commercial,"Related Searches, Site Links, Video, Popular Products","1.00,0.00,0.00,0.00",20,,
br,prateleira da geladeira brastemp,brastemp,,,,,480,23,0.06,1.00,163,"Informational, Transactional","Image Pack, Site Links, Video, Video Carousel, People Also Ask, Popular Products, Related Searches","0.48,0.39,0.39,0.59,0.48,0.48,0.48,0.72,0.72,0.59,0.48,0.59",20,,
br,pressostato brastemp,brastemp,,,,,480,22,0.05,1.00,170,Commercial,"Image Pack, Site Links, Video, Video Carousel, People Also Ask, Popular Products, Related Searches","0.48,0.48,0.88,0.59,0.48,0.39,0.48,0.32,0.32,0.48,0.39,0.39",20,,
br,pressostato lavadora de roupa brastemp bwh15,brastemp,,,,,480,16,0.00,0.00,169,Commercial,"Site Links, Video, Popular Products","1.00,0.00,0.00,0.00",20,,
br,preço b blend brastemp,brastemp,,,,,480,20,0.09,1.00,93,Transactional,"Site Links, Popular Products, Related Searches","0.46,0.11,0.05,0.02,0.25,0.16,0.20,0.16,0.52,0.52,0.16,0.16",20,,
br,pés fogão brastemp,brastemp,,,,,480,23,0.08,1.00,177,Transactional,"Related Searches, AI Overview, Site Links, Reviews, Video, Adwords Bottom, Popular Products","0.54,0.54,0.44,0.44,0.54,0.44,0.54,0.44,0.54,0.44,0.54,0.44",20,,
br,refrigerador brastemp ative frost free,brastemp,,,,,480,30,0.13,1.00,183,Informational,"Video, People Also Ask, Popular Products, Related Searches, Image Pack, Site Links","0.10,0.67,0.54,0.81,0.81,0.54,0.54,0.81,1.00,0.67,0.81,0.67",20,,
br,refrigerador brastemp clean frost free,brastemp,,,,,480,23,0.15,1.00,166,Informational,"Site Links, Video, People Also Ask, Popular Products, Related Searches, AI Overview, Image Pack","0.00,0.00,0.16,0.41,0.01,0.00,0.02,1.00,0.66,0.01,0.01,0.01",20,,
br,rolamento lavadora de roupa brastemp bwh15,brastemp,,,,,480,21,0.00,0.00,166,Commercial,"Site Links, Video, Popular Products","1.00,0.00,0.00,0.00",20,,
br,saca agitador brastemp,brastemp,,,,,480,25,0.03,1.00,169,"Informational, Transactional","Image Pack, Site Links, Video, Popular Products, Short Videos","0.66,0.66,0.81,0.81,0.66,0.66,0.54,0.54,0.66,0.54,0.66,0.66",20,,
br,saca agitador da brastemp,brastemp,,,,,480,30,0.04,1.00,164,"Informational, Transactional","Video, People Also Ask, Popular Products, Related Searches, Short Videos, Image Pack, Site Links, Reviews","0.66,0.81,0.54,0.54,0.66,0.66,0.54,0.54,0.81,0.54,0.66,0.81",20,,
br,saca cesto brastemp,brastemp,,,,,480,5,0.04,1.00,172,"Informational, Transactional","Reviews, Video, Video Carousel, Popular Products, Related Searches, Image Pack, Site Links","0.59,0.59,0.48,0.48,0.32,0.48,0.48,0.48,0.48,0.48,0.59,0.39",20,,
br,sacar cesto brastemp,brastemp,,,,,480,29,0.04,1.00,165,Informational,"People Also Ask, Related Searches, Short Videos, Image Pack, Video","0.72,0.48,0.39,0.48,0.48,0.48,0.48,0.48,0.48,0.00,0.59,0.59",90,,
br,secadora brastemp 10kg ative,brastemp,,,,,480,22,0.13,1.00,171,Informational,"Reviews, Video Carousel, Popular Products, Image Pack, Site Links, Video, People Also Ask, Related Searches, Short Videos","0.55,1.00,0.36,0.24,0.24,0.24,0.36,0.20,0.20,0.16,0.20,0.24",20,,
br,secadora brastemp antiga,brastemp,,,,,480,23,0.09,0.95,163,"Informational, Commercial","Image Pack, Site Links, Video, People Also Ask, Popular Products, Related Searches","0.45,0.76,0.45,0.45,0.30,0.24,0.30,0.20,0.20,0.20,0.30,0.24",20,,
br,secadora de roupas 10kg brastemp,brastemp,,,,,480,13,0.24,1.00,165,Transactional,"Related Searches, Image Pack, Site Links, Video Carousel, People Also Ask, Popular Products","0.20,0.66,0.20,0.20,0.16,0.16,0.16,0.10,0.10,0.16,0.16,0.20",20,,
br,sensor de desbalanceamento lavadora de roupa brastemp bwh15,brastemp,,,,,480,21,0.00,0.00,170,"Informational, Transactional","Site Links, Video, Video Carousel, Popular Products","1.00,0.00,0.00,0.00",20,,
br,sensor de nível de água lavadora de roupa brastemp bwh15,brastemp,,,,,480,24,0.00,0.00,170,Informational,"Site Links, Video, Popular Products, Related Searches","1.00,0.00,0.00,0.00",20,,
br,sensor geladeira brastemp,brastemp,,,,,480,20,0.04,1.00,165,"Informational, Transactional","Video Carousel, People Also Ask, Popular Products, Related Searches, AI Overview, Image Pack, Site Links, Video","0.81,0.81,0.81,1.00,0.81,0.66,0.81,1.00,1.00,0.66,0.66,0.54",20,,
br,telefone da assistência técnica da brastemp,brastemp,,,,,480,21,0.27,0.46,107,Navigational,"Site Links, Reviews, People Also Ask, Related Searches","0.24,0.30,0.36,0.24,0.36,0.45,0.30,0.30,0.36,0.30,0.45,0.30",20,,
br,valor da geladeira brastemp,brastemp,,,,,480,41,0.08,1.00,190,Commercial,"AI Overview, Image Pack, Site Links, Reviews, People Also Ask, Popular Products, Related Searches","0.39,0.39,0.48,0.48,0.48,0.48,0.48,0.59,0.48,0.48,0.48,0.48",20,,
br,valor geladeira brastemp,brastemp,,,,,480,44,0.08,1.00,205,Commercial,"Image Pack, Site Links, Reviews, People Also Ask, Popular Products, Related Searches","0.48,0.39,0.48,0.48,0.32,0.59,0.48,0.48,0.59,0.39,0.39,0.48",20,,
br,ventilador da geladeira brastemp,brastemp,,,,,480,17,0.04,1.00,161,"Informational, Commercial","Image Pack, Site Links, Video, Video Carousel, People Also Ask, Popular Products, Related Searches, AI Overview","0.54,0.54,0.66,0.66,0.44,0.54,0.66,1.00,0.66,0.66,0.66,0.66",20,,
br,ventilador para geladeira brastemp,brastemp,,,,,480,24,0.03,1.00,172,"Informational, Commercial","Site Links, Video, Video Carousel, People Also Ask, Popular Products, Related Searches, Image Pack","0.39,0.48,0.39,0.48,0.32,0.32,0.48,0.72,0.48,0.48,0.48,0.48",20,,
br,www brastemp com br,brastemp,,,,,480,32,0.55,1.00,0,Navigational,"Popular Products, Related Searches, Site Links, Video, People Also Ask","0.30,0.30,0.30,0.13,0.13,0.20,0.24,0.20,0.24,0.16,0.01,0.24",20,,
br,5 bocas brastemp,brastemp,,,,,390,19,0.28,1.00,196,Informational,"Image Pack, Site Links, Video, People Also Ask, Popular Products, Related Searches","0.44,0.54,0.44,0.44,0.44,0.44,0.81,0.44,0.44,0.36,0.44,0.44",20,,
br,adega brastemp 8 garrafas,brastemp,,,,,390,27,0.14,1.00,168,Commercial,"Related Searches, Image Pack, Site Links, Video, Image, People Also Ask, Popular Products","0.54,0.54,0.54,0.67,0.67,0.54,0.54,0.44,0.36,0.29,0.29,0.36",20,,
br,adega brastemp dual zone,brastemp,,,,,390,18,0.39,1.00,164,Commercial,"Site Links, Video, Video Carousel, People Also Ask, Popular Products, Related Searches","0.32,0.39,0.48,0.39,0.32,0.39,0.88,0.32,0.32,0.26,0.48,0.39",20,,
br,adega de vinho brastemp,brastemp,,,,,390,21,0.22,1.00,164,"Informational, Navigational","Reviews, Video, Video Carousel, People Also Ask, Popular Products, Related Searches, Image Pack, Site Links","0.36,0.30,0.45,0.36,0.36,0.24,0.24,0.30,0.30,0.20,0.24,0.36",20,,
br,adega para 8 garrafas brastemp,brastemp,,,,,390,26,0.14,1.00,168,"Informational, Commercial","Popular Products, Related Searches, Site Links, Reviews, Video","0.66,0.66,0.54,0.54,0.66,0.54,0.54,0.44,0.36,0.36,0.36,0.44",20,,
br,assistencia tecnica brastemp bh,brastemp,,,,,390,20,0.91,0.54,109,Navigational,"Related Searches, Local Pack, Reviews, People Also Ask","0.39,0.21,0.39,0.39,0.32,0.26,0.32,0.39,0.48,0.39,0.48,0.48",90,,
br,assistencia tecnica brastemp telefone,brastemp,,,,,390,14,0.27,0.46,106,Navigational,"People Also Ask, Related Searches, Reviews","0.01,0.01,0.55,0.45,0.45,0.55,0.45,0.45,0.30,0.30,0.36,0.30",90,,
br,assistencia tecnica fogão brastemp,brastemp,,,,,390,11,0.46,0.68,168,Navigational,"People Also Ask, Related Searches","0.66,0.44,0.54,0.66,0.66,0.36,0.66,0.66,0.66,0.54,0.54,0.29",90,,
br,assistencia tecnica maquina de lavar brastemp,brastemp,,,,,390,17,0.57,0.66,104,Navigational,"Local Pack, People Also Ask, Related Searches","0.66,0.44,0.54,0.66,0.54,0.66,0.66,1.00,0.81,0.81,0.66,0.66",90,,
br,ative 9kg brastemp,brastemp,,,,,390,21,0.10,1.00,166,Informational,"Video Carousel, People Also Ask, Related Searches, AI Overview, Knowledge Panel, Image Pack, Site Links, Video","0.17,0.21,0.59,0.17,0.39,0.39,0.26,0.39,0.48,0.59,0.59,0.72",20,,
br,autorizada brastemp e consul,brastemp,,,,,390,38,0.31,0.12,175,Navigational,"Local Pack, People Also Ask, Related Searches","0.44,0.36,0.44,0.54,0.54,1.00,0.54,0.66,0.54,0.54,0.54,0.54",90,,
br,autorizada brastemp em fortaleza,brastemp,,,,,390,27,0.26,0.68,168,Navigational,"People Also Ask, Related Searches, Local Pack, Reviews","0.39,0.32,0.26,0.39,0.26,0.39,0.39,0.32,0.48,0.39,0.39,0.48",90,,
br,autorizada brastemp rio de janeiro,brastemp,,,,,390,35,0.50,0.84,106,Navigational,"Local Pack, Reviews, Video, People Also Ask, Related Searches","0.66,0.44,0.36,0.36,0.44,0.36,0.66,0.66,0.66,0.54,0.66,0.36",90,,
br,autorizada da brastemp em fortaleza,brastemp,,,,,390,20,0.26,0.68,106,Navigational,"Local Pack, Reviews, Video, People Also Ask, Related Searches","0.48,0.39,0.21,0.39,0.32,0.32,0.32,0.48,0.32,0.39,0.39,0.48",90,,
br,autorizada da brastemp no rio de janeiro,brastemp,,,,,390,23,0.50,0.84,104,Navigational,"Local Pack, Video, People Also Ask, Related Searches","0.66,0.44,0.54,0.54,0.44,0.44,0.66,0.66,0.66,0.54,0.66,0.36",90,,
br,aço inox geladeira brastemp,brastemp,,,,,390,33,0.21,1.00,188,Transactional,"Adwords Middle, Image Pack, Site Links, Video, Adwords Top, People Also Ask, Popular Products, Related Searches","0.01,0.00,0.00,0.26,0.11,0.11,1.00,1.00,0.88,0.72,1.00,1.00",20,,
br,boca de fogão brastemp,brastemp,,,,,390,22,0.05,1.00,193,"Informational, Transactional","Site Links, Reviews, People Also Ask, Popular Products, Related Searches, Image Pack","0.54,0.54,0.66,0.66,0.54,0.44,0.44,0.36,0.44,0.36,0.44,0.44",20,,
br,bomba de drenagem lavadora de roupa brastemp bwh15,brastemp,,,,,390,23,0.00,0.00,156,Informational,"People Also Ask, Popular Products, Site Links, Video","1.00,0.00,0.00,0.00",20,,
br,botao fogao brastemp,brastemp,,,,,390,21,0.07,1.00,185,"Informational, Transactional","Related Searches, AI Overview, Image Pack, Site Links, Video Carousel, Popular Products","0.81,0.81,1.00,0.54,0.54,0.81,0.66,0.66,0.81,1.00,0.66,0.81",20,,
br,brastemp 14 kg,brastemp,,,,,390,29,0.28,1.00,169,Transactional,"Popular Products, Related Searches, Adwords Middle, Site Links, Video, Adwords Top, Video Carousel, People Also Ask","0.35,0.44,0.66,0.81,0.81,0.54,0.54,1.00,0.54,0.66,1.00,0.81",20,,
br,brastemp 15kg maquina de lavar,brastemp,,,,,390,23,0.28,1.00,166,Informational,"Popular Products, Related Searches, Short Videos, Image Pack, Site Links, Adwords Bottom, Video Carousel, People Also Ask","0.54,0.66,0.23,0.54,0.23,0.66,0.81,0.66,0.66,0.81,1.00,1.00",20,,
br,brastemp 400 litros,brastemp,,,,,390,21,0.24,1.00,160,Transactional,"Site Links, Video, People Also Ask, Popular Products, Related Searches","0.20,0.20,0.20,0.16,0.16,0.16,0.31,0.20,0.25,0.11,0.13,0.11",20,,
br,brastemp 8 kg,brastemp,,,,,390,25,0.12,1.00,163,Informational,"Video Carousel, People Also Ask, Popular Products, Related Searches, Image Pack, Site Links, Video","0.48,0.48,0.48,0.48,0.48,0.39,0.32,0.32,0.39,0.26,0.39,0.32",20,,
br,brastemp 8 servicos,brastemp,,,,,390,37,0.25,1.00,166,Informational,"Related Searches, AI Overview, Knowledge Panel, Site Links, Reviews, Video, Video Carousel, People Also Ask","0.20,0.24,0.30,0.20,0.16,0.20,0.45,0.13,0.16,0.55,0.10,0.13",20,,
br,brastemp 8 serviços ative,brastemp,,,,,390,23,0.13,1.00,174,Informational,"Image Pack, Site Links, Reviews, Video, Video Carousel, People Also Ask, Popular Products, Related Searches","0.20,0.20,0.20,0.25,0.20,0.16,0.25,0.16,0.16,0.13,0.16,0.13",20,,
br,brastemp 9kg ative,brastemp,,,,,390,22,0.06,1.00,159,Informational,"Image Pack, Site Links, Video, Video Carousel, People Also Ask, Popular Products","0.48,0.32,0.48,0.48,0.48,0.39,0.32,0.48,0.48,0.72,0.48,0.72",20,,
br,brastemp assistencia tecnica maquina de lavar,brastemp,,,,,390,27,0.57,0.66,106,Navigational,"People Also Ask, Related Searches, Local Pack","0.36,0.23,0.29,0.66,0.54,0.66,0.66,1.00,0.66,0.66,0.66,0.66",90,,
br,brastemp ative lava loucas,brastemp,,,,,390,24,0.10,1.00,155,Informational,"Popular Products, Related Searches, Image Pack, Site Links, Reviews, Video, Video Carousel","0.81,0.30,0.36,0.24,0.01,0.01,0.01,0.01,0.01,0.01,0.62,0.62",20,,
br,brastemp ative maquina de lavar,brastemp,,,,,390,24,0.14,1.00,167,"Informational, Transactional","Video, Video Carousel, People Also Ask, Related Searches, Short Videos, Image Pack, Site Links","0.81,0.66,0.66,0.54,0.44,0.44,0.44,0.44,0.44,0.44,0.44,0.36",20,,
br,brastemp autorizada rio de janeiro,brastemp,,,,,390,22,0.50,0.84,108,Navigational,"Local Pack, Video, People Also Ask, Related Searches","0.66,0.44,0.54,0.54,0.44,0.44,0.66,0.66,0.66,0.54,0.66,0.36",90,,
br,brastemp b blend valor,brastemp,,,,,390,23,0.05,0.54,162,Commercial,"Adwords Middle, Image Pack, Site Links, Adwords Top, People Also Ask, Popular Products, Related Searches","0.27,0.16,0.08,0.10,0.08,0.04,0.08,0.03,0.07,0.05,0.05,0.05",20,,
br,brastemp b blend água com gás,brastemp,,,,,390,30,0.11,1.00,165,Informational,"Image Pack, Reviews, Video, Video Carousel, People Also Ask, Popular Products, Short Videos, Site Links, Related Searches","0.20,0.16,0.10,0.16,0.16,0.16,0.16,0.10,0.16,0.13,0.13,0.10",20,,
br,brastemp bdt85ae,brastemp,,,,,390,25,0.11,1.00,164,Informational,"Video Carousel, People Also Ask, Popular Products, Related Searches, AI Overview, Image Pack, Site Links, Video","0.72,0.72,0.59,0.32,0.11,0.09,0.39,0.26,0.59,0.59,0.48,0.32",20,,
br,brastemp blf08bs,brastemp,,,,,390,27,0.27,1.00,98,"Informational, Transactional","Video Carousel, People Also Ask, Related Searches, Knowledge Panel, Image Pack, Site Links","0.39,0.59,0.48,0.32,0.26,0.26,0.72,0.39,0.39,0.26,0.39,0.39",20,,
br,brastemp bre58fk,brastemp,,,,,390,34,0.26,1.00,167,Informational,"Image Pack, Site Links, Video, Image, Video Carousel, Related Searches, Knowledge Panel","0.13,0.10,0.13,0.13,0.13,0.10,1.00,0.55,0.36,0.20,0.16,0.10",20,,
br,brastemp brm57ak,brastemp,,,,,390,25,0.20,1.00,167,Commercial,"Site Links, Video, People Also Ask, Related Searches","0.01,0.01,0.01,0.01,0.01,0.01,0.76,0.67,0.67,0.45,0.55,0.45",20,,
br,brastemp clean fogao,brastemp,,,,,390,19,0.10,1.00,177,Informational,"Related Searches, Image Pack, Site Links, Video, People Also Ask, Popular Products","0.30,0.30,0.36,0.30,0.36,0.30,0.36,0.36,0.30,0.30,0.30,0.30",20,,
br,brastemp coifa gourmand,brastemp,,,,,390,16,0.18,1.00,173,"Informational, Transactional","Popular Products, Related Searches, Image Pack, Site Links, Video, Adwords Bottom","0.66,0.44,0.54,0.54,0.66,0.66,0.66,0.44,0.44,0.36,0.44,0.44",20,,
br,brastemp cooktop ative,brastemp,,,,,390,25,0.11,1.00,167,Informational,"Video Carousel, People Also Ask, Popular Products, Related Searches, AI Overview, Image Pack, Site Links, Video","0.00,0.44,0.67,0.54,0.29,0.36,0.54,0.44,0.44,0.44,0.44,0.44",20,,
br,brastemp fogao retro,brastemp,,,,,390,26,0.06,0.96,162,Informational,"Image Pack, Site Links, Video, Adwords Bottom, Popular Products, Related Searches","0.59,1.00,0.32,0.72,0.00,0.00,0.00,0.00,0.00,0.00,0.00,0.00",20,,
br,brastemp fogão de embutir 5 bocas,brastemp,,,,,390,22,0.16,1.00,139,Transactional,"Image Pack, Site Links, Video, People Also Ask, Popular Products, Related Searches","0.00,0.00,0.10,0.01,0.00,0.00,0.08,0.36,0.27,0.01,0.01,0.01",20,,
br,brastemp forno ative,brastemp,,,,,390,24,0.09,1.00,166,Transactional,"Image Pack, Site Links, Video, Popular Products, Related Searches","0.44,0.44,0.44,0.54,0.44,0.44,0.29,0.44,0.29,0.29,0.36,0.44",20,,
br,brastemp freezer flex,brastemp,,,,,390,26,0.17,1.00,166,"Informational, Transactional","Video Carousel, People Also Ask, Related Searches, AI Overview, Knowledge Panel, Image Pack, Site Links, Video","0.32,0.39,0.32,0.48,0.32,0.39,0.48,0.48,0.48,0.32,0.39,0.39",20,,
br,brastemp frigobar porta de vidro,brastemp,,,,,390,25,0.14,1.00,167,Informational,"Popular Products, Related Searches, Image Pack, Site Links, Reviews, Video","0.39,0.32,0.32,0.39,0.26,0.32,0.48,0.32,0.48,0.39,0.39,0.39",20,,
br,brastemp frigobar retro medidas,brastemp,,,,,390,23,0.10,1.00,98,Informational,"Popular Products, Related Searches, Image Pack, Site Links, People Also Ask","0.23,0.54,0.36,0.44,0.66,0.54,0.66,0.44,0.44,0.54,0.66,0.54",20,,
br,brastemp gourmand cooktop 5 bocas,brastemp,,,,,390,21,0.17,1.00,167,Informational,"Image Pack, Site Links, Video, Video Carousel, People Also Ask, Popular Products, Related Searches","0.20,0.45,0.30,0.24,0.24,0.30,0.30,0.13,0.36,0.45,0.30,0.36",20,,
br,brastemp inox inverse,brastemp,,,,,390,26,0.20,1.00,184,Transactional,"Image Pack, Site Links, Video, Video Carousel, Popular Products, Related Searches","0.13,0.16,0.10,0.13,0.10,0.16,0.20,0.16,0.20,0.16,0.13,0.16",20,,
br,brastemp invert,brastemp,,,,,390,31,0.31,1.00,174,Informational,"Reviews, Video Carousel, Site Links, Video, People Also Ask, Popular Products, Related Searches, AI Overview, Image Pack","0.65,0.00,0.00,0.82,0.00,0.00,0.13,0.00,0.00,0.00,0.00,0.00",20,,
br,brastemp lava louça 15 serviços,brastemp,,,,,390,33,0.31,1.00,159,Informational,"Site Links, Reviews, Video Carousel, Popular Products, Related Searches, Short Videos, Knowledge Panel","0.28,0.54,0.81,0.81,0.54,0.66,0.66,0.66,0.54,0.66,0.81,1.00",20,,
br,brastemp lava louça 6 serviços,brastemp,,,,,390,23,0.14,1.00,157,Transactional,"Site Links, Reviews, Video, Video Carousel, Related Searches, Image Pack","0.39,0.48,0.32,0.32,0.48,0.32,0.48,0.32,0.32,0.39,0.21,0.48",20,,
br,brastemp lava louça ative,brastemp,,,,,390,23,0.10,1.00,163,"Informational, Transactional","Related Searches, AI Overview, Image Pack, Site Links, Video, Video Carousel, People Also Ask, Popular Products","0.13,0.11,0.11,0.07,0.31,0.31,0.16,0.20,0.20,0.08,0.31,0.25",20,,
br,brastemp lava roupas 11kg,brastemp,,,,,390,24,0.20,1.00,161,Transactional,"Popular Products, Related Searches, AI Overview, Site Links, Video, Video Carousel, People Also Ask","0.66,0.81,0.35,0.54,0.66,0.66,0.81,0.66,0.81,0.66,0.66,1.00",20,,
br,brastemp lavadora 9kg,brastemp,,,,,390,24,0.11,1.00,170,Informational,"Video Carousel, People Also Ask, Popular Products, Related Searches, Site Links, Reviews, Video","0.36,0.36,0.20,0.24,0.24,0.24,0.30,0.10,0.16,0.20,0.24,0.24",20,,
br,brastemp liquidificador,brastemp,,,,,390,31,0.11,1.00,163,Commercial,"Image Pack, Site Links, Video, People Also Ask, Popular Products, Related Searches","0.81,0.66,0.28,0.66,0.54,0.44,0.81,0.66,0.81,0.66,0.81,1.00",20,,
br,brastemp loja online,brastemp,,,,,390,33,0.36,1.00,161,Navigational,"Adwords Middle, Site Links, Video, Adwords Top, People Also Ask, Related Searches","0.16,0.20,0.11,0.13,0.16,0.13,0.31,0.20,0.25,0.20,0.31,0.16",20,,
br,brastemp maquina de lavar 13 kg,brastemp,,,,,390,23,0.32,1.00,164,Commercial,"Video, Video Carousel, People Also Ask, Popular Products, Related Searches, Site Links","0.81,0.54,0.54,0.81,0.81,0.54,1.00,0.35,0.66,0.35,0.44,0.35",20,,
br,brastemp maquina de lavar roupa,brastemp,,,,,390,29,0.23,1.00,184,Transactional,"Reviews, Video, People Also Ask, Popular Products, Related Searches, Image Pack, Site Links","0.04,0.02,0.03,0.03,0.03,0.04,0.08,0.07,0.08,0.05,0.07,0.05",20,,
br,brastemp maquina lavar 11kg,brastemp,,,,,390,24,0.16,1.00,169,Transactional,"People Also Ask, Popular Products, Related Searches, Image Pack, Site Links, Video, Video Carousel","0.66,0.66,0.54,0.54,0.44,0.54,0.66,0.54,0.54,0.66,0.54,0.54",20,,
br,brastemp maxi inverse,brastemp,,,,,390,24,0.11,1.00,178,Informational,"People Also Ask, Popular Products, Related Searches, Image Pack, Site Links, Video","0.32,0.26,0.39,0.32,0.32,0.26,0.48,0.48,0.48,0.39,0.39,0.39",20,,
br,brastemp peças de geladeira,brastemp,,,,,390,26,0.10,1.00,172,Transactional,"Site Links, Popular Products, Related Searches, Knowledge Panel","0.00,0.00,0.54,0.66,0.66,0.81,0.81,0.66,0.66,0.66,0.66,0.54",20,,
br,brastemp retro frigobar medidas,brastemp,,,,,390,27,0.10,1.00,161,Informational,"Image, People Also Ask, Popular Products, Related Searches, Image Pack, Site Links","0.44,0.54,0.54,0.54,0.54,0.54,0.66,0.54,0.66,0.66,0.81,0.81",20,,
br,brastemp venda de peças,brastemp,,,,,390,29,0.09,0.99,165,"Navigational, Commercial","Local Pack, Site Links, Video, Adwords Top, Related Searches, Adwords Middle","0.66,0.66,0.54,0.44,0.36,0.44,0.36,0.44,0.36,0.36,0.54,0.44",20,,
br,capacitor maquina de lavar brastemp,brastemp,,,,,390,21,0.03,1.00,172,Informational,"People Also Ask, Popular Products, Related Searches, AI Overview, Image Pack, Site Links, Video, Video Carousel","0.54,0.44,0.44,0.54,0.36,0.29,0.36,0.36,0.66,0.66,1.00,1.00",20,,
br,capacitor microondas brastemp,brastemp,,,,,390,28,0.04,1.00,166,"Informational, Transactional","Video, Video Carousel, People Also Ask, Popular Products, Related Searches, Image Pack, Site Links, Reviews","1.00,1.00,1.00,0.54,0.66,0.66,0.81,0.66,0.81,0.66,0.66,0.66",20,,
br,capacitor para microondas brastemp,brastemp,,,,,390,24,0.03,1.00,197,"Informational, Commercial","Popular Products, Related Searches, AI Overview, Image Pack, Site Links, Video, Video Carousel, People Also Ask","1.00,0.81,0.81,0.43,0.66,0.66,0.66,0.81,1.00,0.81,0.81,0.81",20,,
br,casas bahia geladeira brastemp frost free,brastemp,,,,,390,28,0.13,1.00,124,"Navigational, Transactional","Related Searches, Image Pack, Site Links, Popular Products","0.36,0.24,0.16,0.24,0.24,0.30,0.45,0.30,0.36,0.30,0.30,0.20",20,,
br,casas bahia maquina de lavar brastemp,brastemp,,,,,390,30,0.15,1.00,167,"Informational, Transactional","Image Pack, Site Links, People Also Ask, Popular Products, Related Searches","0.44,0.23,0.81,0.44,0.19,0.54,1.00,0.44,0.81,0.54,0.81,0.66",20,,
br,coifa brastemp gourmand,brastemp,,,,,390,21,0.18,1.00,132,"Informational, Transactional","Video, Popular Products, Related Searches, Image Pack, Site Links, Reviews","0.66,0.66,1.00,0.81,0.81,0.81,0.81,0.54,0.54,0.44,0.54,0.54",20,,
br,coifa de ilha brastemp,brastemp,,,,,390,23,0.18,1.00,167,Informational,"Related Searches, Image Pack, Site Links, Video, Video Carousel, People Also Ask, Popular Products","0.36,0.30,0.36,0.45,0.30,0.30,0.36,0.24,0.24,0.13,0.13,0.13",20,,
br,coifa ilha brastemp,brastemp,,,,,390,24,0.22,1.00,165,"Navigational, Transactional","Popular Products, Related Searches, Image Pack, Site Links, Video, Video Carousel, People Also Ask","0.30,0.30,0.45,0.30,0.36,0.36,0.55,0.20,0.30,0.20,0.24,0.24",20,,
br,como lavar maquina de lavar brastemp,brastemp,,,,,390,23,0.02,0.21,106,Informational,"Short Videos, AI Overview, Reviews, Video, People Also Ask, Related Searches","0.66,0.44,0.66,1.00,0.81,0.81,0.81,0.81,0.54,0.44,0.54,0.54",90,,
br,compra direta brastemp,brastemp,,,,,390,26,0.37,1.00,157,Commercial,"Site Links, Video, People Also Ask, Popular Products, Related Searches","0.54,0.81,0.81,0.54,0.81,0.66,0.81,0.54,0.66,0.54,0.54,0.44",20,,
br,compressor de geladeira brastemp,brastemp,,,,,390,30,0.08,1.00,184,Informational,"Related Searches, Image Pack, Site Links, Video, People Also Ask, Popular Products","0.66,0.54,0.54,0.54,0.54,0.54,0.54,0.66,0.81,0.54,0.54,0.44",20,,
br,compressor para geladeira brastemp,brastemp,,,,,390,24,0.10,0.99,168,Commercial,"Site Links, Video Carousel, People Also Ask, Popular Products, Related Searches, AI Overview","0.66,0.54,0.54,0.54,0.36,0.44,0.44,0.66,0.66,0.66,0.66,0.81",20,,
br,conjunto came brastemp bwk14abana00,brastemp,,,,,390,10,0.00,0.00,482,Informational,"Site Links, Popular Products, Related Searches","1.00,0.00,0.00,0.00",20,,
br,conserto de geladeira brastemp,brastemp,,,,,390,10,0.90,0.51,161,Navigational,"Reviews, People Also Ask, Related Searches, AI Overview","0.66,0.44,0.44,0.44,0.66,0.81,0.81,0.66,0.54,0.44,0.36,0.54",90,,
br,cooktop 2 bocas brastemp,brastemp,,,,,390,23,0.12,1.00,163,"Navigational, Transactional","Popular Products, Related Searches, Image Pack, Site Links, Video, People Also Ask","0.54,0.54,0.81,0.66,0.66,0.66,0.54,0.36,0.44,0.29,0.36,0.36",20,,
br,cooktop 4 bocas inox brastemp,brastemp,,,,,390,23,0.13,1.00,164,"Informational, Transactional","Site Links, Video, People Also Ask, Popular Products, Related Searches","0.29,0.29,0.54,0.54,0.66,0.66,0.81,0.29,0.44,0.36,0.44,0.44",20,,
br,cooktop 5 bocas brastemp bdd75ae,brastemp,,,,,390,24,0.13,1.00,162,Commercial,"Popular Products, Related Searches, Image Pack, Site Links, Reviews, Video, People Also Ask","0.44,0.54,1.00,0.66,0.81,0.66,0.66,0.23,0.29,0.29,0.23,0.15",20,,
br,cooktop ative 5 bocas brastemp,brastemp,,,,,390,23,0.08,1.00,169,Commercial,"Image Pack, Site Links, Video, People Also Ask, Popular Products, Related Searches","0.00,0.00,0.00,0.17,0.02,0.00,1.00,0.59,1.00,0.72,0.02,0.01",20,,
br,cooktop brastemp 4 bocas inox,brastemp,,,,,390,23,0.14,1.00,165,"Informational, Transactional","Image Pack, Site Links, People Also Ask, Popular Products, Related Searches","0.54,0.44,0.19,0.54,0.44,0.44,0.81,0.36,0.44,0.36,0.44,0.44",20,,
br,cooktop brastemp inox,brastemp,,,,,390,22,0.17,1.00,164,Informational,"Site Links, Video, Video Carousel, People Also Ask, Popular Products, Related Searches, Image Pack","0.54,0.54,0.54,0.54,0.54,0.44,0.67,0.36,0.44,0.29,0.36,0.36",20,,
br,cooktop brastemp inox 4 bocas,brastemp,,,,,390,21,0.14,1.00,161,Informational,"Site Links, Video, People Also Ask, Related Searches","0.03,0.00,0.67,0.54,0.44,0.44,0.81,0.36,0.44,0.36,0.44,0.44",20,,
br,cooktop gourmand 5 bocas brastemp,brastemp,,,,,390,21,0.17,1.00,169,Informational,"Popular Products, Related Searches, AI Overview, Image Pack, Site Links, Video, Video Carousel, People Also Ask","0.20,0.20,0.20,0.25,0.25,0.31,0.31,0.07,0.20,0.20,0.31,0.25",20,,
br,cooktop inducao brastemp,brastemp,,,,,390,24,0.12,1.00,159,"Informational, Transactional","Image Pack, Site Links, Reviews, Video, Popular Products, Adwords Bottom, Video Carousel, People Also Ask, Related Searches","0.11,0.13,0.13,0.16,0.16,0.11,0.13,0.13,0.07,0.24,0.13,0.08",20,,
br,cooktop indução brastemp 4 bocas,brastemp,,,,,390,23,0.10,1.00,164,Informational,"Image Pack, Site Links, Video, People Also Ask, Popular Products, Related Searches","0.39,0.39,0.39,0.59,0.72,0.39,0.39,0.26,0.32,0.26,0.26,0.21",20,,
br,cooktop inox brastemp,brastemp,,,,,390,24,0.17,1.00,144,"Informational, Transactional","People Also Ask, Popular Products, Related Searches, Image Pack, Site Links, Video","0.54,0.54,0.54,0.54,0.44,0.44,0.67,0.23,0.19,0.23,0.36,0.36",20,,
br,correia lavadora de roupa brastemp bwh15,brastemp,,,,,390,15,0.00,0.00,177,"Informational, Transactional","Popular Products, Site Links","1.00,0.00,0.00,0.00",20,,
br,cupom primeira compra brastemp,brastemp,,,,,390,28,0.71,1.00,167,Transactional,"Video, Adwords Bottom, People Also Ask, Related Searches, Adwords Middle, AI Overview","0.24,0.30,0.24,0.24,0.24,0.24,0.45,0.13,0.24,0.24,0.24,0.24",90,,
br,depurador de ar brastemp,brastemp,,,,,390,19,0.09,1.00,169,Informational,"Image Pack, Site Links, Video, People Also Ask, Related Searches","0.39,0.39,0.48,0.39,0.32,0.32,0.39,0.26,0.32,0.26,0.32,0.26",20,,
br,electrolux ou brastemp,brastemp,,,,,390,20,0.24,1.00,152,Commercial,"People Also Ask, Popular Products, Related Searches, AI Overview, Image Pack, Site Links, Video, Video Carousel","0.66,0.66,0.36,0.66,0.66,0.54,0.54,0.36,0.54,0.44,0.54,0.54",20,,
br,filtro brastemp b blend,brastemp,,,,,390,21,0.22,1.00,161,Informational,"Related Searches, Image Pack, Site Links, Video, Video Carousel, People Also Ask, Popular Products","0.36,0.36,0.30,0.36,0.24,0.30,0.24,0.24,0.30,0.20,0.16,0.20",20,,
br,filtro de água brastemp,brastemp,,,,,390,31,0.16,1.00,163,Informational,"Popular Products, Related Searches, Image Pack, Site Links, Video, Adwords Top, Adwords Bottom, People Also Ask","0.44,0.44,0.44,0.54,0.66,0.44,0.54,0.54,0.54,0.66,0.44,0.44",20,,
br,filtro para secadora brastemp,brastemp,,,,,390,23,0.12,1.00,174,Transactional,"Related Searches, Image Pack, Site Links, Video, People Also Ask, Popular Products","0.39,0.59,0.59,0.39,0.48,0.39,0.32,0.32,0.32,0.26,0.39,0.48",20,,
br,fogao 5 bocas e 2 fornos brastemp,brastemp,,,,,390,22,0.14,1.00,178,"Informational, Transactional","Related Searches, Image Pack, Site Links, Video, Video Carousel, People Also Ask, Popular Products","0.00,0.67,1.00,0.44,0.54,0.44,0.54,0.23,0.54,0.44,0.00,0.54",20,,
br,fogao brastemp 5 bocas branco,brastemp,,,,,390,16,0.18,1.00,170,"Informational, Transactional","Related Searches, Image Pack, Site Links, People Also Ask, Popular Products","0.68,0.07,0.68,0.08,0.07,0.05,0.07,0.05,0.46,0.31,0.05,0.05",20,,
br,fogao brastemp 6 bocas clean,brastemp,,,,,390,29,0.06,1.00,161,Informational,"Related Searches, Knowledge Panel, Image Pack, Site Links, Video, Image, Video Carousel, People Also Ask","0.66,0.66,0.66,0.66,0.66,0.66,0.54,0.54,0.54,0.44,0.54,0.54",20,,
br,fogao brastemp ative 5 bocas,brastemp,,,,,390,23,0.11,1.00,162,Commercial,"Image Pack, Site Links, Video, People Also Ask, Popular Products, Related Searches","0.36,0.36,0.66,0.66,0.54,0.54,0.54,0.36,0.44,0.36,0.44,0.36",20,,
br,fogao brastemp cooktop,brastemp,,,,,390,25,0.12,1.00,192,"Informational, Transactional","Image Pack, Site Links, People Also Ask, Popular Products, Related Searches","0.01,0.02,0.82,0.02,0.01,0.02,0.03,0.01,0.02,0.02,0.55,0.03",20,,
br,fogao brastemp quatro bocas,brastemp,,,,,390,24,0.11,1.00,191,Commercial,"People Also Ask, Popular Products, Related Searches, Image Pack, Site Links, Video","0.54,0.44,0.19,0.44,0.29,0.36,0.54,0.44,0.54,0.00,0.54,0.00",20,,
br,fogao de 4 bocas brastemp,brastemp,,,,,390,23,0.09,1.00,178,Transactional,"Reviews, Video, Adwords Bottom, People Also Ask, Popular Products, Related Searches, Site Links","0.36,0.30,0.30,0.45,0.30,0.30,0.36,0.30,0.36,0.13,0.30,0.16",20,,
br,fogão 4 bocas brastemp embutir inox,brastemp,,,,,390,21,0.12,1.00,170,Transactional,"Reviews, Video, Video Carousel, Popular Products, Related Searches, Site Links","0.54,0.44,0.54,0.44,0.66,0.44,0.81,0.36,0.66,0.44,0.44,0.44",20,,
br,fogão 4 bocas brastemp menor preço,brastemp,,,,,390,23,0.05,1.00,221,Transactional,"Popular Products, Related Searches, Image Pack, Site Links, Image, People Also Ask","0.39,0.32,0.39,0.32,0.21,0.26,0.32,0.26,0.21,0.14,0.14,0.14",20,,
br,fogão 4 bocas brastemp mesa de vidro,brastemp,,,,,390,25,0.15,1.00,160,"Informational, Transactional","Popular Products, Related Searches, Image Pack, Site Links, Video, Image, People Also Ask","0.20,0.16,0.20,0.20,0.13,0.20,0.31,0.13,0.20,0.16,0.25,0.20",20,,
br,fogão 4 bocas embutir brastemp inox,brastemp,,,,,390,22,0.12,1.00,173,Informational,"Video, Popular Products, Related Searches, AI Overview, Knowledge Panel, Site Links, Reviews","0.54,0.44,0.54,0.44,0.66,0.44,0.81,0.36,0.66,0.44,0.44,0.44",20,,
br,fogão 4 bocas embutir inox brastemp,brastemp,,,,,390,20,0.12,1.00,169,Informational,"Popular Products, Related Searches, Site Links, Video","0.54,0.44,0.54,0.44,0.66,0.44,0.81,0.36,0.66,0.44,0.44,0.44",20,,
br,fogão 4 bocas inox brastemp embutir,brastemp,,,,,390,25,0.12,1.00,162,"Informational, Transactional","Knowledge Panel, Site Links, Video, People Also Ask, Popular Products, Related Searches","0.54,0.44,0.54,0.44,0.66,0.44,0.81,0.36,0.66,0.44,0.44,0.44",20,,
br,fogão 4 bocas inox embutir brastemp,brastemp,,,,,390,24,0.12,1.00,165,"Informational, Transactional","Popular Products, Related Searches, Knowledge Panel, Site Links, Reviews, Video","0.54,0.44,0.54,0.44,0.66,0.44,0.81,0.36,0.66,0.44,0.44,0.44",20,,
br,fogão 5 bocas brastemp preto,brastemp,,,,,390,23,0.14,1.00,176,Transactional,"Image Pack, Site Links, Video Carousel, People Also Ask, Popular Products, Related Searches","0.39,0.48,0.48,0.32,0.39,0.39,0.59,0.48,0.39,0.32,0.48,0.39",20,,
br,fogão 6 bocas branco brastemp,brastemp,,,,,390,23,0.16,1.00,162,Informational,"People Also Ask, Popular Products, Related Searches, Image Pack, Site Links, Video","0.20,0.30,0.20,0.24,0.16,0.24,0.45,0.24,0.24,0.20,0.24,0.30",20,,
br,fogão 6 bocas brastemp branco,brastemp,,,,,390,23,0.16,1.00,163,"Informational, Transactional","Image Pack, Site Links, Video, People Also Ask, Popular Products, Related Searches","0.30,0.30,0.36,0.36,0.24,0.30,0.36,0.20,0.36,0.16,0.24,0.30",20,,
br,fogão brastemp 4 bocas com grill e timer digital,brastemp,,,,,390,22,0.05,1.00,164,Informational,"Video, People Also Ask, Popular Products, Related Searches, Site Links","0.66,0.66,0.66,0.66,0.66,0.66,0.66,0.35,0.44,0.35,0.44,0.35",20,,
br,fogão brastemp 4 bocas embutir inox,brastemp,,,,,390,24,0.12,1.00,160,"Informational, Transactional","Popular Products, Related Searches, Site Links, Reviews, Video, Knowledge Panel, Image Pack, Video Carousel, People Also Ask","0.54,0.44,0.54,0.44,0.66,0.44,0.81,0.36,0.66,0.44,0.44,0.44",20,,
br,fogão brastemp 4 bocas inox com timer e grill,brastemp,,,,,390,22,0.08,1.00,167,Informational,"Image Pack, Site Links, Video, People Also Ask, Popular Products, Related Searches","0.30,0.36,0.30,0.30,0.30,0.36,0.30,0.20,0.24,0.20,0.24,0.20",20,,
br,fogão brastemp 5 bocas com grill e timer digital,brastemp,,,,,390,22,0.07,1.00,166,Informational,"Image Pack, Site Links, Video, Video Carousel, People Also Ask, Popular Products, Related Searches","0.35,0.81,0.81,1.00,0.66,1.00,0.66,0.44,0.44,0.54,0.66,0.66",20,,
br,fogão brastemp 6 bocas branco,brastemp,,,,,390,19,0.16,1.00,159,Informational,"Knowledge Panel, Image Pack, Site Links, Video, Image, People Also Ask, Related Searches","0.44,0.44,0.81,0.44,0.36,0.36,0.67,0.36,0.44,0.44,0.44,0.54",20,,
br,fogão brastemp branco,brastemp,,,,,390,27,0.18,1.00,165,Informational,"Video Carousel, People Also Ask, Popular Products, Related Searches, Image Pack, Site Links","0.48,0.32,0.39,0.39,0.39,0.39,0.48,0.32,0.26,0.26,0.32,0.32",20,,
br,fogão brastemp branco 6 bocas,brastemp,,,,,390,23,0.16,1.00,162,"Informational, Commercial","Site Links, Video, People Also Ask, Popular Products, Related Searches, AI Overview, Image Pack","0.24,0.30,0.30,0.30,0.20,0.30,0.45,0.24,0.24,0.24,0.36,0.45",20,,
br,fogão brastemp dois fornos,brastemp,,,,,390,23,0.10,1.00,160,Transactional,"Image Pack, Site Links, Video, Video Carousel, People Also Ask, Popular Products, Related Searches","0.44,0.44,0.54,0.44,0.54,0.54,0.66,0.44,0.81,0.36,0.44,0.54",20,,
br,fogão brastemp embutir 4 bocas inox,brastemp,,,,,390,24,0.12,1.00,165,Informational,"Site Links, Reviews, Video, Popular Products, Related Searches, Knowledge Panel","0.54,0.44,0.54,0.44,0.66,0.44,0.81,0.36,0.66,0.44,0.44,0.44",20,,
br,fogão brastemp gourmand 5 bocas,brastemp,,,,,390,23,0.11,1.00,157,Informational,"Site Links, Video, Video Carousel, People Also Ask, Popular Products, Related Searches, AI Overview, Image Pack","0.66,1.00,1.00,0.81,0.66,0.81,0.81,0.66,0.81,0.66,0.66,0.54",20,,
br,fogão brastemp inox 4 bocas embutir,brastemp,,,,,390,24,0.12,1.00,162,Informational,"Related Searches, AI Overview, Knowledge Panel, Image Pack, Site Links, Video, Adwords Bottom, Popular Products","0.54,0.44,0.54,0.44,0.66,0.44,0.81,0.36,0.66,0.44,0.44,0.44",20,,
br,fogão brastemp peças,brastemp,,,,,390,21,0.08,1.00,169,Transactional,"Related Searches, Site Links, Reviews","0.66,0.66,0.54,0.54,0.66,0.54,0.66,0.54,0.66,0.54,0.66,0.54",20,,
br,fogão brastemp por indução,brastemp,,,,,390,26,0.13,1.00,165,"Informational, Transactional","Video, Video Carousel, People Also Ask, Related Searches, Image Pack, Site Links, Reviews, Popular Products, AI Overview","0.00,0.00,0.66,0.41,0.01,0.04,0.00,0.01,0.30,0.00,0.00,0.00",20,,
br,fogão brastemp quatro bocas,brastemp,,,,,390,23,0.11,1.00,191,"Informational, Transactional","Related Searches, Image Pack, Site Links, Reviews, Video, Video Carousel, People Also Ask, Popular Products","0.39,0.39,0.48,0.39,0.32,0.32,0.48,0.39,0.39,0.32,0.32,0.32",20,,
br,fogão clean brastemp,brastemp,,,,,390,24,0.10,1.00,165,Informational,"Popular Products, Related Searches, AI Overview, Image Pack, Site Links, Reviews, Video, People Also Ask","0.36,0.30,0.24,0.36,0.24,0.24,0.45,0.45,0.36,0.30,0.24,0.30",20,,
br,fogão de indução brastemp 4 bocas,brastemp,,,,,390,22,0.09,1.00,166,Informational,"Image Pack, Site Links, Video Carousel, People Also Ask, Popular Products, Related Searches","0.54,0.54,0.81,0.81,1.00,0.81,0.66,0.44,0.54,0.54,0.54,0.54",20,,
br,fogão embutir 4 bocas inox brastemp,brastemp,,,,,390,24,0.12,1.00,164,Informational,"Video, Popular Products, Related Searches, Knowledge Panel, Image Pack, Site Links, Reviews","0.54,0.44,0.54,0.44,0.66,0.44,0.81,0.36,0.66,0.44,0.44,0.44",20,,
br,fogão embutir inox 4 bocas brastemp,brastemp,,,,,390,20,0.12,1.00,169,Informational,"Site Links, Reviews, Video, Popular Products, Related Searches","0.54,0.44,0.54,0.44,0.66,0.44,0.81,0.36,0.66,0.44,0.44,0.44",20,,
br,fogão gourmand brastemp,brastemp,,,,,390,24,0.12,1.00,160,"Informational, Transactional","Image Pack, Site Links, Reviews, Video, Adwords Bottom, People Also Ask, Popular Products, Related Searches","0.26,0.26,0.59,0.32,0.26,0.26,0.26,0.48,0.48,0.26,0.48,0.48",20,,
br,fogão gourmand brastemp 5 bocas,brastemp,,,,,390,21,0.11,1.00,163,Informational,"People Also Ask, Popular Products, Related Searches, Image Pack, Site Links, Video, Video Carousel","0.81,1.00,0.81,0.66,0.66,0.81,0.81,0.66,0.81,0.66,0.66,0.54",20,,
br,fogão indução 5 bocas brastemp,brastemp,,,,,390,27,0.09,1.00,181,Transactional,"Popular Products, Related Searches, Image Pack, Site Links, Video, People Also Ask","0.39,0.48,0.48,0.48,0.39,0.39,0.39,0.32,0.59,0.39,0.39,0.48",20,,
br,fogão por indução brastemp 4 bocas,brastemp,,,,,390,22,0.11,1.00,195,Informational,"AI Overview, Image Pack, Site Links, Video, Video Carousel, People Also Ask, Related Searches","0.29,0.66,0.54,0.54,1.00,0.81,1.00,0.54,0.66,0.00,0.81,0.81",20,,
br,fogão quatro bocas brastemp,brastemp,,,,,390,24,0.07,1.00,167,Commercial,"Related Searches, Image Pack, Site Links, Video, People Also Ask, Popular Products","0.48,0.39,0.48,0.39,0.39,0.39,0.48,0.32,0.48,0.32,0.39,0.32",20,,
br,forno a gas de embutir brastemp 110v,brastemp,,,,,390,23,0.11,1.00,166,Commercial,"Site Links, Video, People Also Ask, Popular Products, Related Searches","0.30,0.36,0.24,0.30,0.24,0.24,0.30,0.24,0.30,0.20,0.30,0.30",20,,
br,forno ative brastemp,brastemp,,,,,390,24,0.14,1.00,164,Informational,"Related Searches, Image Pack, Site Links, Reviews, Video, Video Carousel, People Also Ask, Popular Products","0.54,0.44,0.54,0.54,0.54,0.44,0.29,0.54,0.54,0.44,0.44,0.67",20,,
br,forno brastemp 84 litros,brastemp,,,,,390,24,0.18,1.00,167,Informational,"Video Carousel, People Also Ask, Popular Products, Related Searches, Knowledge Panel, Image Pack, Site Links, Video","0.24,0.24,0.36,0.36,0.36,0.30,0.55,0.30,0.30,0.20,0.24,0.20",20,,
br,forno brastemp a gás,brastemp,,,,,390,23,0.11,1.00,172,Commercial,"Video Carousel, People Also Ask, Popular Products, Related Searches, Site Links, Video","0.54,0.44,0.44,0.66,0.54,0.81,0.66,0.54,0.44,0.36,0.54,0.54",20,,
br,forno brastemp ative eletrico,brastemp,,,,,390,25,0.09,1.00,144,Informational,"Site Links, Reviews, Video, People Also Ask, Popular Products, Related Searches, Image Pack","0.32,0.39,0.39,0.39,0.26,0.48,0.48,0.39,0.32,0.26,0.32,0.26",20,,
br,forno brastemp de embutir elétrico,brastemp,,,,,390,21,0.14,1.00,174,"Informational, Transactional","Video, Video Carousel, Popular Products, Related Searches, Image Pack, Site Links","0.11,0.04,0.07,0.11,0.20,0.13,0.11,0.08,0.20,0.20,0.24,0.34",20,,
br,forno de embutir a gas brastemp 110v,brastemp,,,,,390,31,0.09,1.00,164,Informational,"Popular Products, Related Searches, AI Overview, Image Pack, Site Links, Video, Video Carousel, People Also Ask","0.16,0.07,0.04,0.20,0.20,0.25,0.16,0.07,0.07,0.13,0.13,0.16",20,,
br,forno eletrico ative brastemp,brastemp,,,,,390,25,0.07,1.00,157,Commercial,"Image Pack, Site Links, Video, People Also Ask, Popular Products, Related Searches","0.36,0.44,0.44,0.44,0.36,0.36,0.54,0.67,0.36,0.29,0.36,0.36",20,,
br,forno eletrico brastemp gourmand,brastemp,,,,,390,23,0.12,1.00,164,Transactional,"Related Searches, Image Pack, Site Links, Reviews, Video, Video Carousel, People Also Ask, Popular Products","0.48,0.48,0.48,0.48,0.32,0.48,0.48,0.39,0.32,0.32,0.32,0.26",20,,
br,forno eletrico gourmand brastemp,brastemp,,,,,390,22,0.12,1.00,161,Transactional,"Popular Products, Related Searches, Image Pack, Site Links, Video, Adwords Bottom, Video Carousel, People Also Ask","0.54,0.54,0.19,0.67,0.36,0.44,0.54,0.44,0.44,0.44,0.44,0.36",20,,
br,forno elétrico brastemp bancada,brastemp,,,,,390,19,0.06,1.00,168,Informational,"Site Links, Video, People Also Ask, Popular Products, Related Searches, Image Pack","0.54,0.54,0.54,0.54,0.36,0.36,0.44,0.44,0.29,0.23,0.29,0.29",20,,
br,forno embutir a gás brastemp,brastemp,,,,,390,23,0.15,1.00,181,Transactional,"Image Pack, Site Links, Video, Video Carousel, People Also Ask, Popular Products, Related Searches","0.54,0.81,0.81,0.29,0.29,0.23,0.44,0.29,0.54,0.19,0.29,0.23",20,,
br,forno microondas de embutir brastemp,brastemp,,,,,390,23,0.24,1.00,176,Informational,"Video Carousel, People Also Ask, Popular Products, Related Searches, Image Pack, Site Links, Video","0.54,0.44,0.44,0.54,0.44,0.54,0.54,0.36,0.44,0.23,0.36,0.36",20,,
br,freezer vertical brastemp 280 litros,brastemp,,,,,390,22,0.13,1.00,161,"Informational, Commercial","Video, People Also Ask, Related Searches, AI Overview, Image Pack, Site Links","0.44,0.54,0.44,0.36,0.44,0.36,0.54,0.54,0.66,0.54,0.54,0.54",20,,
br,french door brastemp,brastemp,,,,,390,24,0.34,1.00,173,Informational,"Video, People Also Ask, Popular Products, Related Searches, Image Pack, Image, Video Carousel, Site Links, Reviews","0.16,0.13,0.25,0.13,0.13,0.20,0.31,0.20,0.20,0.20,0.16,0.16",20,,
br,frigobar brastemp medida,brastemp,,,,,390,23,0.09,1.00,167,Informational,"Related Searches, Image Pack, Site Links, People Also Ask, Popular Products","0.54,0.44,0.44,0.44,0.44,0.54,0.36,0.36,0.54,0.00,0.54,0.00",20,,
br,frigobar brastemp retro branco,brastemp,,,,,390,21,0.26,1.00,163,Informational,"Image Pack, Site Links, Image, Popular Products, Related Searches","0.11,0.11,0.16,0.11,0.11,0.11,0.13,0.08,0.11,0.11,0.11,0.07",20,,
br,frigobar brastemp retrô 76 litros,brastemp,,,,,390,30,0.24,1.00,162,"Informational, Transactional","Image Pack, Site Links, Image, Related Searches, Knowledge Panel","0.66,0.54,0.54,1.00,0.66,0.66,0.81,0.54,0.66,0.66,0.66,0.81",20,,
br,frigobar com porta de vidro brastemp,brastemp,,,,,390,27,0.14,1.00,162,Informational,"Image Pack, Site Links, Video, People Also Ask, Related Searches","0.48,0.39,0.39,0.39,0.39,0.39,0.48,0.21,0.48,0.26,0.32,0.26",20,,
br,frost free brastemp ative,brastemp,,,,,390,33,0.13,1.00,166,Informational,"People Also Ask, Popular Products, Related Searches, Image Pack, Site Links, Video","0.14,0.59,1.00,1.00,0.03,0.04,0.00,1.00,0.59,0.01,0.00,0.01",20,,
br,geladeira 450 litros brastemp,brastemp,,,,,390,24,0.19,1.00,175,Transactional,"Site Links, Video, Popular Products, Related Searches","0.36,0.24,0.24,0.30,0.30,0.30,0.36,0.24,0.24,0.20,0.20,0.20",20,,
br,geladeira 490 litros brastemp,brastemp,,,,,390,18,0.17,1.00,180,Commercial,"Popular Products, Related Searches, Image Pack, Site Links, Video","0.32,0.32,0.26,0.26,0.39,0.39,0.59,0.59,0.59,0.39,0.39,0.32",20,,
br,geladeira brastemp 220v,brastemp,,,,,390,25,0.37,1.00,196,Commercial,"Popular Products, Related Searches, Adwords Middle, Image Pack, Site Links, People Also Ask","0.36,0.36,0.36,0.36,0.66,0.66,0.81,0.54,1.00,0.44,0.54,0.36",20,,
br,geladeira brastemp 4 portas,brastemp,,,,,390,26,0.24,1.00,159,"Informational, Transactional","Image Pack, Site Links, Video, Video Carousel, People Also Ask, Popular Products, Related Searches","0.44,0.44,0.36,0.44,0.36,0.44,0.54,0.44,0.44,0.29,0.36,0.36",20,,
br,geladeira brastemp 461 l,brastemp,,,,,390,21,0.20,1.00,165,Informational,"Site Links, Video Carousel, Popular Products, Related Searches, Knowledge Panel, Image Pack","0.81,0.05,0.67,0.07,0.07,1.00,0.23,0.15,1.00,0.36,0.44,0.29",20,,
br,geladeira brastemp 479 litros inox,brastemp,,,,,390,30,0.11,1.00,165,Informational,"People Also Ask, Popular Products, Related Searches, Knowledge Panel, Site Links, Video, Image, Video Carousel","0.20,0.20,0.20,0.45,0.20,0.45,1.00,0.36,0.36,0.20,0.16,0.16",20,,
br,geladeira brastemp 512 litros,brastemp,,,,,390,24,0.21,1.00,163,Commercial,"Video, Video Carousel, People Also Ask, Popular Products, Related Searches, Site Links","0.00,0.00,0.00,0.00,0.00,0.00,0.00,0.00,0.00,0.22,0.81,1.00",20,,
br,geladeira brastemp active,brastemp,,,,,390,25,0.12,1.00,183,Informational,"Image Pack, Site Links, Video, Video Carousel, People Also Ask, Popular Products, Related Searches","0.11,0.26,0.32,0.32,0.32,0.39,0.32,0.17,0.17,1.00,1.00,0.26",20,,
br,geladeira brastemp ative inox,brastemp,,,,,390,24,0.11,1.00,154,Commercial,"Site Links, Video, Adwords Top, Adwords Bottom, People Also Ask, Popular Products, Related Searches, Image Pack","0.20,0.16,0.20,0.16,0.16,0.16,0.16,0.16,0.16,0.13,0.13,0.10",20,,
br,geladeira brastemp black inox,brastemp,,,,,390,23,0.33,1.00,175,Informational,"Related Searches, Short Videos, Image Pack, Video, Site Links, Reviews, Video Carousel, People Also Ask, Popular Products","0.17,0.17,0.32,1.00,0.26,0.39,0.48,0.39,0.48,0.21,0.26,0.21",20,,
br,geladeira brastemp brm44,brastemp,,,,,390,21,0.18,1.00,167,Informational,"AI Overview, Site Links, Video, Video Carousel, People Also Ask, Popular Products, Related Searches","0.24,0.20,0.30,0.30,0.24,0.24,0.45,0.36,0.45,0.20,0.36,0.30",20,,
br,geladeira brastemp brm55fk,brastemp,,,,,390,27,0.31,1.00,167,Informational,"Site Links, Video, Video Carousel, People Also Ask, Related Searches, Knowledge Panel, Image Pack","0.66,0.29,0.44,0.44,0.44,0.36,0.81,0.66,1.00,0.44,0.44,0.29",20,,
br,geladeira brastemp brm56fk,brastemp,,,,,390,22,0.28,1.00,163,Commercial,"People Also Ask, Popular Products, Image Pack, Site Links, Reviews, Video, Video Carousel","0.29,0.44,0.36,0.44,0.44,0.44,1.00,0.67,0.81,0.23,0.23,0.12",20,,
br,geladeira brastemp cinza,brastemp,,,,,390,27,0.28,1.00,174,Informational,"People Also Ask, Popular Products, Related Searches, Image Pack, Site Links, Reviews","0.66,0.44,0.66,0.66,0.66,0.66,0.81,0.66,0.66,0.54,0.66,0.81",20,,
br,geladeira brastemp eclipse collection,brastemp,,,,,390,18,0.32,1.00,161,Informational,"Related Searches, Adwords Middle, Image Pack, Site Links, Video, Adwords Top, Video Carousel, People Also Ask, Popular Products","0.28,0.28,0.54,1.00,0.66,1.00,1.00,0.66,1.00,0.66,0.44,0.28",20,,
br,geladeira brastemp frost free 2 portas,brastemp,,,,,390,24,0.25,1.00,184,"Informational, Transactional","Related Searches, Image Pack, Site Links, People Also Ask, Popular Products","0.54,0.44,0.66,0.66,0.54,0.66,0.81,0.66,0.81,0.81,0.66,0.66",20,,
br,geladeira brastemp frost free casas bahia,brastemp,,,,,390,28,0.17,1.00,169,"Informational, Transactional","Image Pack, Site Links, People Also Ask, Popular Products, Related Searches","0.36,0.24,0.24,0.24,0.24,0.24,0.45,0.24,0.24,0.16,0.24,0.20",20,,
br,geladeira brastemp frost free duplex 375 litros cor inox,brastemp,,,,,390,24,0.44,1.00,162,Informational,"Site Links, Video, Video Carousel, People Also Ask, Popular Products, Related Searches, Knowledge Panel","0.13,0.36,0.30,0.45,0.20,0.24,1.00,0.30,0.30,0.10,0.06,0.05",20,,
br,geladeira brastemp frost free inverse a+++ 479 litros cor,brastemp,,,,,390,26,0.19,1.00,164,Informational,"Video, Video Carousel, People Also Ask, Related Searches, AI Overview, Knowledge Panel, Site Links","0.66,0.54,0.66,0.81,1.00,0.81,0.00,0.36,0.29,0.29,0.06,0.02",20,,
br,geladeira brastemp inox 3 portas,brastemp,,,,,390,23,0.32,1.00,176,Transactional,"Reviews, Video, Video Carousel, People Also Ask, Popular Products, Related Searches, Site Links","0.16,0.16,0.16,0.20,0.20,0.24,0.45,0.30,0.55,0.45,0.45,0.36",20,,
br,geladeira brastemp inox 375 litros menor preço,brastemp,,,,,390,24,0.16,1.00,166,Transactional,"Related Searches, AI Overview, Site Links, People Also Ask, Popular Products","0.44,0.36,0.44,0.54,0.44,0.44,0.81,0.54,0.44,0.29,0.36,0.29",20,,
br,geladeira brastemp inox 400 litros,brastemp,,,,,390,23,0.15,1.00,167,Commercial,"Image Pack, Site Links, Video, Image, Video Carousel, People Also Ask, Popular Products, Related Searches","0.16,0.16,0.13,0.20,0.16,0.20,0.36,0.16,0.20,0.10,0.10,0.10",20,,
br,geladeira brastemp inox duas portas,brastemp,,,,,390,32,0.23,1.00,186,"Informational, Transactional","Image Pack, Site Links, People Also Ask, Popular Products, Related Searches","0.44,0.29,0.44,0.44,0.44,0.44,0.67,0.44,0.54,0.54,0.67,0.67",20,,
br,geladeira brastemp nova,brastemp,,,,,390,26,0.15,1.00,172,Transactional,"Video Carousel, People Also Ask, Popular Products, Related Searches, AI Overview, Image Pack, Site Links, Video","0.02,0.03,0.08,0.07,0.04,0.07,0.07,0.03,0.07,0.13,0.18,0.16",20,,
br,geladeira brastemp ou electrolux,brastemp,,,,,390,21,0.14,1.00,166,Commercial,"People Also Ask, Popular Products, Related Searches, Image Pack, Site Links, Video, Video Carousel","0.44,0.36,0.54,0.54,0.36,0.44,1.00,0.36,0.66,0.29,0.44,0.44",20,,
br,geladeira brastemp usada frost free,brastemp,,,,,390,24,0.03,1.00,196,Commercial,"Related Searches, Image Pack, Site Links, Video, People Also Ask, Popular Products","0.54,0.54,0.54,0.54,0.54,0.54,0.66,0.54,0.66,0.44,0.54,0.54",20,,
br,geladeira de duas portas brastemp,brastemp,,,,,390,26,0.14,1.00,194,Informational,"Image Pack, Site Links, Reviews, People Also Ask, Popular Products, Related Searches","0.44,0.36,0.44,0.54,0.44,0.44,0.54,0.54,0.66,0.54,0.54,0.54",20,,
br,geladeira de inox brastemp,brastemp,,,,,390,27,0.19,1.00,175,"Informational, Transactional","Image Pack, Site Links, Video, Image, Adwords Bottom, People Also Ask, Popular Products, Related Searches","0.39,0.32,0.32,0.32,0.48,0.39,0.48,0.32,0.39,0.32,0.39,0.32",20,,
br,geladeira duas portas inox brastemp,brastemp,,,,,390,22,0.15,1.00,170,"Informational, Transactional","Image Pack, Site Links, Popular Products, Related Searches","0.54,0.36,0.44,0.44,0.29,0.36,0.67,0.44,0.54,0.54,0.67,0.67",20,,
br,geladeira frost free branca brastemp,brastemp,,,,,390,23,0.24,1.00,191,Transactional,"Site Links, Popular Products, Related Searches","0.16,0.16,0.10,0.16,0.13,0.16,0.24,0.16,0.20,0.10,0.16,0.20",20,,
br,geladeira frost free brastemp 400 litros,brastemp,,,,,390,23,0.14,1.00,170,Commercial,"Video, People Also Ask, Popular Products, Related Searches, Site Links","0.16,0.16,0.20,0.11,0.13,0.16,0.20,0.20,0.25,0.13,0.16,0.16",20,,
br,geladeira frost free brastemp branca,brastemp,,,,,390,23,0.24,1.00,197,Commercial,"Image Pack, Site Links, Adwords Top, Adwords Bottom, People Also Ask, Popular Products, Related Searches","0.36,0.30,0.24,0.24,0.24,0.30,0.55,0.30,0.45,0.24,0.36,0.36",20,,
br,geladeira frost free clean brastemp,brastemp,,,,,390,25,0.15,1.00,185,Informational,"People Also Ask, Popular Products, Related Searches, Image Pack, Site Links, Video","0.00,0.01,0.24,0.44,0.00,0.01,0.01,0.00,0.82,0.01,0.00,0.20",20,,
br,geladeira inox ative brastemp,brastemp,,,,,390,25,0.11,1.00,178,"Informational, Transactional","Image Pack, Site Links, Video, Image, Popular Products, Related Searches","0.30,0.20,0.24,0.20,0.20,0.24,0.24,0.24,0.16,0.20,0.20,0.16",20,,
br,geladeira inox duas portas brastemp,brastemp,,,,,390,25,0.15,1.00,183,"Informational, Transactional","Image Pack, Site Links, Image, Popular Products, Related Searches","0.44,0.23,0.54,0.44,0.44,0.44,0.44,0.44,0.54,0.54,0.67,0.67",20,,
br,geladeira inverse brastemp ative,brastemp,,,,,390,21,0.11,1.00,184,"Informational, Commercial","Image Pack, Site Links, Video, Video Carousel, People Also Ask, Popular Products, Related Searches","0.62,0.45,0.36,0.55,0.20,0.01,0.06,0.04,0.03,0.03,0.03,0.04",20,,
br,geladeira inverse maxi brastemp,brastemp,,,,,390,30,0.15,1.00,167,"Informational, Transactional","Image Pack, Site Links, Video, People Also Ask, Popular Products, Related Searches, AI Overview","0.54,0.44,0.54,0.35,0.35,0.54,1.00,0.81,0.81,0.66,0.81,0.66",20,,
br,geladeira medidas brastemp,brastemp,,,,,390,36,0.11,1.00,163,Informational,"Site Links, Reviews, Video, People Also Ask, Popular Products, Related Searches, AI Overview, Image Pack","0.00,0.48,0.32,0.39,0.48,0.88,0.14,0.21,0.48,0.01,0.59,0.59",20,,
br,geladeira mini brastemp,brastemp,,,,,390,30,0.12,1.00,164,"Informational, Transactional","Video, Video Carousel, People Also Ask, Popular Products, Related Searches, Image Pack, Site Links","0.20,0.24,0.24,0.30,0.30,0.24,0.30,0.36,0.30,0.30,0.30,0.30",20,,
br,geladeira nova brastemp,brastemp,,,,,390,29,0.11,1.00,167,Transactional,"Related Searches, Site Links, Video, Video Carousel, People Also Ask, Popular Products","0.03,0.02,0.07,0.05,0.03,0.05,0.05,0.03,0.05,0.10,0.15,0.13",20,,
br,geladeira usada frost free brastemp,brastemp,,,,,390,22,0.03,1.00,198,"Informational, Transactional","Image Pack, Site Links, People Also Ask, Popular Products, Related Searches","0.54,0.44,0.29,0.44,0.44,0.54,0.66,0.54,0.66,0.44,0.54,0.54",20,,
br,geladeira/refrigerador brastemp frost free duplex prata 463l brm55fk,brastemp,,,,,390,22,0.46,1.00,158,Commercial,"Site Links, Video, Video Carousel, Popular Products, Related Searches","0.08,1.00,1.00,0.54",20,,
br,geladeira/refrigerador brastemp frost free french door 554l bro85,brastemp,,,,,390,26,0.40,1.00,168,Commercial,"Video Carousel, People Also Ask, Popular Products, Related Searches, Site Links, Reviews, Video","0.24,0.81,0.16,0.20,0.13,0.13,0.30,0.36,0.20,0.00,0.06,0.00",20,,
br,geladeiras brastemp medidas,brastemp,,,,,390,28,0.11,1.00,163,"Informational, Transactional","Popular Products, Related Searches, AI Overview, Site Links, Video, People Also Ask","0.00,0.59,0.88,0.39,0.48,0.88,0.00,0.21,0.48,0.00,0.59,0.59",20,,
br,lava louca brastemp 6 servicos,brastemp,,,,,390,26,0.14,1.00,146,Informational,"Image Pack, Site Links, Reviews, Video, Video Carousel, Related Searches, AI Overview","0.06,0.81,1.00,1.00,1.00,0.54,0.81,0.44,0.54,0.44,0.54,0.66",20,,
br,lava loucas brastemp ative 8,brastemp,,,,,390,23,0.11,1.00,159,Informational,"Video Carousel, People Also Ask, Popular Products, Related Searches, Image Pack, Site Links, Video, Adwords Bottom","1.00,0.54,0.44,0.29,0.54,0.36,0.67,0.15,0.23,0.23,0.23,0.15",20,,
br,lava louça 14 serviço brastemp,brastemp,,,,,390,21,0.26,1.00,171,Transactional,"Site Links, Video, Video Carousel, People Also Ask, Popular Products, Related Searches","0.10,0.04,0.81,0.04,0.04,0.55,0.08,0.03,1.00,0.03,0.03,0.04",20,,
br,lava louça 6 serviços brastemp,brastemp,,,,,390,24,0.14,1.00,163,"Informational, Transactional","Site Links, Reviews, Video Carousel, People Also Ask, Popular Products, Related Searches, AI Overview, Image Pack, Video","0.39,0.39,0.59,0.59,0.48,0.32,0.48,0.39,0.48,0.39,0.17,0.39",20,,
br,lava louça ative brastemp,brastemp,,,,,390,23,0.10,1.00,159,Informational,"Video, Video Carousel, People Also Ask, Popular Products, Related Searches, Image Pack, Site Links, Reviews","0.45,0.08,0.36,0.03,0.20,0.24,0.24,0.30,0.36,0.03,0.36,0.36",20,,
br,lava louça brastemp 15 serviços 220v,brastemp,,,,,390,32,0.36,1.00,164,"Informational, Transactional","Site Links, Reviews, Video, Video Carousel, Popular Products, Related Searches, Short Videos, Knowledge Panel","0.32,0.32,0.26,0.21,0.11,0.14,0.59,0.72,0.72,0.48,0.88,1.00",20,,
br,lava louça brastemp antiga,brastemp,,,,,390,23,0.04,0.92,175,Informational,"Video, Video Carousel, People Also Ask, Popular Products, Related Searches, AI Overview, Image Pack, Site Links","0.44,0.35,1.00,0.54,0.66,0.81,0.81,0.44,0.81,0.66,0.54,0.44",20,,
br,lava louças 8 serviços brastemp cinza blf08bs 110v,brastemp,,,,,390,24,0.39,1.00,161,"Informational, Transactional","Image Pack, Site Links, Video, Adwords Bottom, Video Carousel, People Also Ask, Related Searches, Knowledge Panel","0.81,0.81,1.00,1.00,0.81,1.00,1.00,0.00,0.00,0.00,0.44,0.00",20,,
br,lava louças brastemp 14s,brastemp,,,,,390,24,0.25,1.00,161,Informational,"Video, Video Carousel, People Also Ask, Popular Products, Related Searches, Site Links","0.04,0.03,0.04,0.04,0.05,0.04,0.01,0.02,0.01,0.02,0.03,0.01",20,,
br,lava louças brastemp 8,brastemp,,,,,390,19,0.15,1.00,167,"Informational, Transactional","Video, Video Carousel, People Also Ask, Popular Products, Related Searches, Image Pack, Site Links","0.81,1.00,1.00,0.66,0.44,0.66,0.66,0.54,0.54,0.28,0.54,0.66",20,,
br,lava roupas brastemp 15kg,brastemp,,,,,390,23,0.19,1.00,196,Commercial,"Video Carousel, People Also Ask, Popular Products, Related Searches, Short Videos, Image Pack, Site Links","0.66,0.54,0.54,0.44,0.44,0.54,0.81,0.44,0.54,0.54,0.54,0.66",20,,
br,lava-louças 15 serviços brastemp,brastemp,,,,,390,29,0.28,1.00,161,Informational,"Knowledge Panel, Site Links, Reviews, People Also Ask, Popular Products, Video, Video Carousel, Related Searches, Short Videos","0.00,0.00,0.01,0.00,0.36,0.00,0.36,0.00,0.30,0.30,0.79,0.00",20,,
br,lavadora brastemp 10kg,brastemp,,,,,390,28,0.15,1.00,166,Commercial,"Site Links, Reviews, Video, People Also Ask, Popular Products, Related Searches, Image Pack","0.36,0.36,0.45,0.36,0.36,0.24,0.36,0.24,0.24,0.24,0.24,0.24",20,,
br,lavadora brastemp 12 kg,brastemp,,,,,390,24,0.15,1.00,160,Commercial,"Site Links, Video, Video Carousel, People Also Ask, Popular Products, Related Searches, Short Videos","0.10,0.04,0.08,0.03,0.03,0.03,0.05,0.05,0.02,0.02,0.04,0.03",20,,
br,lavadora brastemp 13kg bwk13ab,brastemp,,,,,390,34,0.21,1.00,171,Informational,"Video Carousel, People Also Ask, Related Searches, AI Overview, Knowledge Panel, Image Pack, Site Links, Video","0.39,0.32,0.26,0.21,0.21,0.17,0.26,0.17,0.17,0.09,0.14,0.14",20,,
br,lavadora brastemp 8 serviços,brastemp,,,,,390,20,0.13,1.00,166,"Informational, Transactional","Site Links, Video, Video Carousel, People Also Ask, Popular Products, Related Searches, Image Pack","0.66,0.54,0.66,0.54,0.44,0.54,1.00,0.66,0.54,0.54,0.66,0.66",20,,
br,lavadora brastemp 9 kg,brastemp,,,,,390,23,0.08,1.00,169,"Informational, Transactional","People Also Ask, Popular Products, Related Searches, Image Pack, Site Links, Video, Video Carousel","0.55,0.55,0.67,0.55,0.10,0.08,0.08,0.08,0.10,0.06,0.08,0.06",20,,
br,lavadora brastemp e secadora,brastemp,,,,,390,23,0.13,1.00,169,"Informational, Commercial","Site Links, Reviews, Video Carousel, Video, People Also Ask, Popular Products, Related Searches, Short Videos, AI Overview","1.00,1.00,0.81,0.66,0.66,0.66,0.81,0.54,0.54,0.66,0.81,0.54",20,,
br,lavadora brastemp lava e seca,brastemp,,,,,390,23,0.12,1.00,171,Commercial,"Reviews, Video, Video Carousel, People Also Ask, Popular Products, Related Searches, Site Links, Short Videos, AI Overview","0.67,0.67,0.54,0.54,0.36,0.36,0.54,0.36,0.36,0.36,0.44,0.44",20,,
br,lavadora de louça brastemp 8 serviços,brastemp,,,,,390,21,0.22,1.00,168,Informational,"Site Links, Video, Video Carousel, People Also Ask, Popular Products, Related Searches, AI Overview, Image Pack","0.44,0.44,0.66,0.54,0.44,0.54,1.00,0.44,0.54,0.44,0.44,0.66",20,,
br,lavadora que lava e seca brastemp,brastemp,,,,,390,26,0.12,1.00,169,Commercial,"Popular Products, Related Searches, Site Links, Reviews, Video, Video Carousel, People Also Ask","0.00,0.67,0.44,0.54,0.36,0.44,0.67,0.44,0.54,0.54,0.67,0.67",20,,
br,loja brastemp online,brastemp,,,,,390,34,0.36,1.00,0,"Navigational, Commercial","Site Links, Reviews, Video, Adwords Top, Adwords Bottom, People Also Ask, Popular Products, Related Searches","0.16,0.20,0.13,0.16,0.13,0.13,0.37,0.20,0.25,0.16,0.31,0.16",20,,
br,loja online brastemp,brastemp,,,,,390,33,0.36,1.00,166,"Navigational, Commercial","Site Links, Video, People Also Ask, Popular Products, Related Searches","0.20,0.20,0.13,0.13,0.16,0.16,0.45,0.30,0.30,0.30,0.45,0.24",20,,
br,loja online da brastemp,brastemp,,,,,390,33,0.36,1.00,0,"Navigational, Commercial","Site Links, Reviews, Video, Adwords Bottom, People Also Ask, Popular Products, Related Searches","0.24,0.20,0.13,0.13,0.20,0.20,0.45,0.30,0.30,0.30,0.45,0.24",20,,
br,mais top consul brastemp,brastemp,,,,,390,21,0.00,0.02,155,Informational,"Related Searches, Image Pack, Site Links, Reviews, Video","0.20,0.10,0.10,0.10,0.10,1.00,0.36,0.30,0.16,0.13,0.16,0.13",20,,
br,mangueira de maquina de lavar brastemp,brastemp,,,,,390,24,0.06,1.00,166,"Informational, Transactional","Popular Products, Related Searches, Image Pack, Site Links, Video, People Also Ask","0.54,0.54,0.81,0.66,0.66,0.66,0.66,0.66,0.66,0.66,0.54,0.54",20,,
br,manual geladeira brastemp frost free,brastemp,,,,,390,13,0.20,0.02,106,Informational,"Site Links, Video, People Also Ask, Related Searches, AI Overview, Image Pack","0.44,0.44,0.44,0.44,0.44,0.54,0.44,1.00,0.81,0.54,0.44,0.54",20,,
br,manual lava louça brastemp 8 serviços,brastemp,,,,,390,18,0.10,0.25,158,Informational,"Site Links, Reviews, Video, People Also Ask, Related Searches","0.66,0.54,0.81,0.66,1.00,1.00,0.66,0.66,1.00,0.44,0.66,0.54",20,,
br,manual lava louças brastemp 8 serviços,brastemp,,,,,390,16,0.10,0.25,168,Informational,"Site Links, Reviews, Video, Related Searches","0.44,0.44,0.66,0.54,1.00,0.66,0.54,0.54,0.66,0.29,0.54,0.44",20,,
br,maquina de lavar 10 kg brastemp,brastemp,,,,,390,20,0.13,1.00,169,Commercial,"Site Links, Video, People Also Ask, Related Searches","0.30,0.20,0.24,0.36,0.30,0.24,0.30,0.24,0.55,0.24,0.24,0.24",20,,
br,maquina de lavar 15 kilos brastemp,brastemp,,,,,390,20,0.22,1.00,168,Commercial,"Video, Adwords Bottom, People Also Ask, Popular Products, Related Searches, Site Links","0.19,0.54,0.67,0.54,0.36,0.44,0.81,0.19,0.44,0.29,0.44,0.44",20,,
br,maquina de lavar ative brastemp,brastemp,,,,,390,25,0.14,1.00,207,Transactional,"Popular Products, Related Searches, AI Overview, Image Pack, Site Links, Video, Video Carousel, People Also Ask","1.00,0.66,0.66,0.54,0.44,0.36,0.44,0.19,0.19,0.36,0.44,0.44",20,,
br,maquina de lavar ative brastemp 11kg,brastemp,,,,,390,26,0.09,1.00,170,"Informational, Commercial","Image Pack, Site Links, Video, Video Carousel, Popular Products, Related Searches, AI Overview","0.44,0.81,0.81,0.81,0.81,1.00,0.81,0.66,0.66,0.44,0.66,0.66",20,,
br,maquina de lavar brastemp 15 kilos,brastemp,,,,,390,18,0.22,1.00,198,Commercial,"People Also Ask, Popular Products, Related Searches, Short Videos, Site Links, Video, Video Carousel","0.54,0.23,0.54,0.44,0.36,0.54,0.81,0.36,0.44,0.36,0.54,0.54",20,,
br,maquina de lavar brastemp lava e seca,brastemp,,,,,390,26,0.17,1.00,167,Commercial,"Site Links, Video, Video Carousel, People Also Ask, Popular Products, Related Searches, Short Videos","0.54,0.54,0.54,0.44,0.54,0.44,0.66,0.44,0.54,0.44,0.44,0.36",20,,
br,maquina de lavar brastemp preta,brastemp,,,,,390,19,0.25,1.00,192,Informational,"Image Pack, Site Links, Video, People Also Ask, Popular Products, Related Searches","0.32,0.39,0.39,0.39,0.39,0.32,0.59,0.32,0.39,0.32,0.26,0.39",20,,
br,maquina de lavar preta brastemp,brastemp,,,,,390,24,0.25,1.00,177,Informational,"Popular Products, Related Searches, Image Pack, Site Links, Reviews, Video, People Also Ask","0.44,0.54,0.44,0.44,0.44,0.44,0.67,0.36,0.44,0.44,0.44,0.44",20,,
br,maquina de lavar roupa 11kg brastemp,brastemp,,,,,390,25,0.15,1.00,186,"Informational, Transactional","Popular Products, Related Searches, Image Pack, Site Links, Video, Video Carousel, People Also Ask","0.20,0.20,0.20,0.20,0.20,0.20,0.20,0.16,0.00,0.00,0.13,0.07",20,,
br,maquina de lavar roupa 12 kg brastemp,brastemp,,,,,390,30,0.12,1.00,165,Transactional,"Site Links, Video, People Also Ask, Popular Products, Related Searches","0.03,0.02,0.02,0.10,0.03,0.05,0.36,0.08,0.01,0.01,0.04,0.13",20,,
br,maquina de lavar roupa brastemp 9kg,brastemp,,,,,390,18,0.12,1.00,166,Commercial,"AI Overview, Image Pack, Site Links, Reviews, Video, Video Carousel, People Also Ask, Related Searches","0.32,0.39,0.48,0.39,0.39,0.39,0.48,0.32,0.59,0.32,0.26,0.26",20,,
br,maquina de secar roupa brastemp,brastemp,,,,,390,23,0.21,1.00,202,Commercial,"Site Links, Reviews, Video Carousel, Popular Products, Related Searches, Image Pack, Video, People Also Ask, Short Videos","0.20,0.30,0.20,0.11,0.07,0.08,0.08,0.05,0.11,0.13,0.13,0.13",20,,
br,maquina lavar 11kg brastemp,brastemp,,,,,390,18,0.16,1.00,169,Transactional,"Image Pack, Site Links, Video, Video Carousel, People Also Ask, Popular Products, Related Searches","0.66,0.54,0.66,0.54,0.44,0.44,0.66,0.54,0.54,0.66,0.54,0.54",20,,
br,maquina lavar brastemp 11kg,brastemp,,,,,390,25,0.14,1.00,166,Transactional,"Video Carousel, People Also Ask, Popular Products, Related Searches, Image Pack, Site Links, Video","0.66,0.54,0.66,0.54,0.44,0.44,0.66,0.54,0.36,0.54,0.44,0.54",20,,
br,mecanismo brastemp 11kg,brastemp,,,,,390,5,0.05,1.00,184,Informational,"Site Links, Video Carousel, People Also Ask, Popular Products, Related Searches, Image Pack","0.44,0.66,0.66,0.66,0.81,0.66,0.66,0.66,0.66,0.54,0.54,0.54",20,,
br,medida da lava louça brastemp 8 serviços,brastemp,,,,,390,19,0.08,1.00,157,Informational,"People Also Ask, Related Searches, AI Overview, Image Pack, Site Links, Reviews, Video, Video Carousel","0.66,0.66,0.81,0.18,0.81,0.81,0.66,1.00,0.54,0.66,1.00,0.81",20,,
br,medida frigobar retro brastemp,brastemp,,,,,390,21,0.07,1.00,159,Informational,"Image Pack, Site Links, People Also Ask, Related Searches, AI Overview","0.66,0.81,0.66,0.66,0.00,0.00,0.81,0.54,0.54,0.01,0.81,0.01",20,,
br,medida lava louça brastemp 8 serviços,brastemp,,,,,390,27,0.08,1.00,159,Informational,"Image Pack, Adwords Bottom, Popular Products, Site Links, Video, Video Carousel, People Also Ask, Related Searches, AI Overview","0.36,0.54,0.36,0.44,0.44,0.44,0.44,0.54,0.54,0.54,0.81,0.67",20,,
br,medidas cooktop 5 bocas brastemp,brastemp,,,,,390,23,0.07,1.00,166,Informational,"Image Pack, Site Links, Video, People Also Ask, Popular Products, Related Searches, AI Overview","0.66,0.44,0.66,0.54,0.66,0.54,0.44,0.36,0.36,0.36,0.36,0.36",20,,
br,medidas do frigobar brastemp retro,brastemp,,,,,390,23,0.10,1.00,160,Informational,"Related Searches, AI Overview, Image Pack, Site Links, Reviews, People Also Ask","0.66,0.66,0.66,0.66,0.66,0.66,0.44,0.28,0.66,0.66,0.66,0.66",20,,
br,medidas frigobar retro brastemp,brastemp,,,,,390,17,0.10,1.00,160,Informational,"Image Pack, Site Links, People Also Ask, Related Searches","0.54,0.66,0.81,0.66,0.81,0.66,0.66,0.54,0.66,0.66,0.66,0.81",20,,
br,microondas 20 litros brastemp inox,brastemp,,,,,390,21,0.16,1.00,169,Informational,"People Also Ask, Popular Products, Related Searches, Knowledge Panel, Site Links, Video, Video Carousel","0.29,0.36,0.44,0.44,0.29,0.36,0.81,0.44,0.54,0.44,0.54,0.36",20,,
br,microondas 27 litros brastemp,brastemp,,,,,390,22,0.12,1.00,169,Commercial,"Video, People Also Ask, Popular Products, Related Searches, AI Overview, Site Links, Reviews","0.36,0.30,0.45,0.30,0.24,0.30,0.36,0.16,0.36,0.24,0.30,0.24",20,,
br,microondas 30 litros inox brastemp,brastemp,,,,,390,30,0.14,1.00,9,Commercial,"AI Overview, Site Links, People Also Ask, Popular Products, Related Searches","0.30,0.36,0.36,0.36,0.24,0.30,0.36,0.24,0.30,0.30,0.30,0.30",20,,
br,microondas brastemp 20 litros inox,brastemp,,,,,390,21,0.16,1.00,169,Informational,"Knowledge Panel, Image Pack, Video Carousel, Related Searches, Site Links, Video, Image, People Also Ask, Popular Products","0.26,0.32,0.39,0.39,0.39,0.48,0.72,0.48,0.39,0.26,0.48,0.26",20,,
br,microondas brastemp 27 litros,brastemp,,,,,390,29,0.12,1.00,167,Commercial,"Related Searches, Image Pack, Site Links, Reviews, Video, People Also Ask, Popular Products","0.59,0.32,0.59,0.39,0.39,0.48,0.48,0.32,0.48,0.26,0.21,0.32",20,,
br,microondas brastemp 30 litros inox,brastemp,,,,,390,30,0.14,1.00,165,Transactional,"Image Pack, Site Links, Reviews, Video, People Also Ask, Popular Products, Related Searches","0.36,0.36,0.36,0.36,0.36,0.30,0.36,0.13,0.30,0.30,0.30,0.30",20,,
br,microondas brastemp 32 litros espelhado,brastemp,,,,,390,25,0.21,1.00,168,"Informational, Transactional","Popular Products, Related Searches, Knowledge Panel, Site Links, Reviews, Video","0.44,0.67,0.81,0.44,0.29,0.29,0.67,0.29,0.44,0.36,0.36,0.23",20,,
br,microondas brastemp 32 litros inox,brastemp,,,,,390,18,0.20,1.00,168,Informational,"People Also Ask, Popular Products, Related Searches, Site Links, Video, Video Carousel","0.30,0.30,0.30,0.30,0.30,0.24,0.36,0.30,0.45,0.16,0.20,0.20",20,,
br,microondas brastemp inox de embutir,brastemp,,,,,390,21,0.26,1.00,166,Transactional,"Image Pack, Site Links, Video, Video Carousel, Popular Products, Related Searches","0.66,0.54,0.54,0.66,0.66,0.81,1.00,0.44,0.44,0.44,0.44,0.44",20,,
br,microondas inox 20 litros brastemp,brastemp,,,,,390,24,0.16,1.00,161,Transactional,"Video Carousel, People Also Ask, Related Searches, Image Pack, Site Links, Video","0.29,0.36,0.44,0.44,0.44,0.44,0.81,0.44,0.54,0.44,0.54,0.36",20,,
br,minha geladeira brastemp frost free não está gelando embaixo,brastemp,,,,,390,29,0.22,0.14,102,Informational,"Site Links, Video, People Also Ask, Related Searches, Short Videos, AI Overview","0.36,0.44,0.54,0.54,0.44,0.44,0.54,1.00,0.66,0.66,0.66,0.66",20,,
br,minha geladeira brastemp frost free parou de gelar,brastemp,,,,,390,26,0.38,0.19,181,Informational,"Video, People Also Ask, Related Searches, Short Videos, AI Overview","0.54,0.44,0.54,0.66,0.66,0.66,0.66,0.81,0.81,0.66,0.66,0.66",90,,
br,máquina brastemp 17kg,brastemp,,,,,390,27,0.15,1.00,164,Informational,"Knowledge Panel, Site Links, Video, Video Carousel, People Also Ask, Popular Products, Related Searches","0.55,0.36,0.36,0.30,0.30,0.30,0.24,0.24,0.20,0.20,0.24,0.20",20,,
br,máquina de lavar 15kg brastemp preço,brastemp,,,,,390,25,0.10,0.42,168,Transactional,"Knowledge Panel, Image Pack, Site Links, People Also Ask, Popular Products, Related Searches, AI Overview","0.44,0.54,0.44,0.29,0.29,0.29,0.29,0.23,0.23,0.23,0.29,0.29",20,,
br,máquina de lavar 8 kg brastemp,brastemp,,,,,390,27,0.10,1.00,166,Commercial,"Site Links, Video, Video Carousel, People Also Ask, Popular Products, Related Searches","1.00,0.81,0.81,0.66,0.44,0.29,0.44,0.36,0.29,0.44,0.29,0.29",20,,
br,máquina de lavar 9 kg brastemp,brastemp,,,,,390,18,0.12,1.00,165,Commercial,"People Also Ask, Popular Products, Related Searches, Image Pack, Site Links, Video, Video Carousel","0.46,0.20,0.31,0.13,0.13,0.13,0.37,0.13,0.13,0.08,0.13,0.16",20,,
br,máquina de lavar brastemp 10kg menor preço,brastemp,,,,,390,19,0.10,1.00,167,Commercial,"Site Links, People Also Ask, Popular Products, Related Searches, AI Overview","0.36,0.30,0.24,0.24,0.20,0.16,0.24,0.24,0.30,0.24,0.30,0.24",20,,
br,máquina de lavar brastemp 14 kg,brastemp,,,,,390,21,0.32,1.00,161,"Informational, Commercial","Video Carousel, People Also Ask, Popular Products, Related Searches, AI Overview, Site Links, Video","0.21,0.17,0.21,0.21,0.26,0.21,0.32,0.59,0.88,0.72,1.00,1.00",20,,
br,máquina de lavar brastemp 14kg menor preço,brastemp,,,,,390,23,0.20,1.00,181,Transactional,"People Also Ask, Popular Products, Related Searches, AI Overview, Site Links, Image","0.32,0.21,0.21,0.26,0.17,0.26,0.48,0.39,0.59,0.48,0.59,0.59",20,,
br,máquina de lavar brastemp 15kg 220v,brastemp,,,,,390,21,0.25,1.00,164,"Informational, Transactional","People Also Ask, Popular Products, Related Searches, Short Videos, Image Pack, Site Links, Video, Video Carousel","0.66,0.66,0.54,0.81,0.66,0.44,0.81,0.44,0.54,0.35,0.81,0.66",20,,
br,máquina de lavar brastemp 15kg titânio com ciclo edredom,brastemp,,,,,390,25,0.16,1.00,172,Informational,"Video, People Also Ask, Popular Products, Related Searches, Image Pack, Site Links, Reviews","0.48,0.48,0.39,0.39,0.39,0.32,0.48,0.32,0.32,0.26,0.32,0.32",20,,
br,máquina de lavar brastemp 8kg,brastemp,,,,,390,19,0.09,1.00,174,Commercial,"Video, Video Carousel, People Also Ask, Popular Products, Related Searches, Image Pack, Site Links","0.36,0.16,0.36,0.30,0.24,0.30,0.30,0.24,0.30,0.20,0.20,0.13",20,,
br,máquina de lavar brastemp 9 kg,brastemp,,,,,390,18,0.10,1.00,171,Commercial,"Video, Video Carousel, People Also Ask, Related Searches, Image Pack, Site Links","0.30,0.16,0.30,0.24,0.24,0.20,0.20,0.20,0.24,0.20,0.30,0.30",20,,
br,máquina de lavar brastemp ative 11kg,brastemp,,,,,390,18,0.10,1.00,167,Commercial,"People Also Ask, Popular Products, Related Searches, Short Videos, Image Pack, Site Links, Video, Video Carousel","0.25,0.20,0.25,0.16,0.16,0.20,0.16,0.13,0.20,0.20,0.25,0.16",20,,
br,máquina de lavar brastemp lava e seca,brastemp,,,,,390,27,0.11,1.00,167,Commercial,"People Also Ask, Popular Products, Related Searches, Short Videos, Site Links, Video, Video Carousel","0.81,0.54,0.66,0.54,0.66,0.66,0.81,0.54,0.66,0.54,0.54,0.44",20,,
br,máquina de lavar e secar brastemp,brastemp,,,,,390,25,0.14,1.00,170,Transactional,"Video Carousel, People Also Ask, Popular Products, Related Searches, Short Videos, Site Links, Video","0.45,0.36,0.30,0.24,0.24,0.30,0.30,0.30,0.36,0.24,0.30,0.24",20,,
br,máquina de lavar louça brastemp 8 serviços,brastemp,,,,,390,30,0.24,1.00,157,Informational,"Image Pack, Site Links, Video, Video Carousel, People Also Ask, Related Searches, AI Overview, Knowledge Panel","0.81,0.81,0.66,0.81,0.81,0.54,0.81,0.66,0.66,0.44,0.54,0.66",20,,
br,máquina de lavar roupa brastemp 15 kg,brastemp,,,,,390,17,0.18,1.00,174,Commercial,"Site Links, Video Carousel, People Also Ask, Popular Products, Related Searches, Short Videos","0.81,0.81,0.66,0.81,0.66,0.66,1.00,0.81,0.81,0.66,0.81,1.00",20,,
br,máquina de lavar roupas brastemp 10kg,brastemp,,,,,390,17,0.11,1.00,168,Commercial,"Related Searches, Image Pack, Site Links, Video, Video Carousel, People Also Ask, Popular Products","0.66,0.66,0.54,0.54,0.44,0.66,0.66,0.66,0.66,0.00,0.81,0.00",20,,
br,máquinas de lavar brastemp,brastemp,,,,,390,25,0.26,1.00,202,Transactional,"Video, People Also Ask, Popular Products, Related Searches, Image Pack, Site Links","0.08,0.10,0.07,0.08,0.10,0.08,0.10,0.07,0.07,0.13,0.10,0.13",20,,
br,nova geladeira da brastemp,brastemp,,,,,390,30,0.15,1.00,169,Commercial,"People Also Ask, Related Searches, AI Overview, Image Pack, Site Links, Reviews, Video, Video Carousel","0.03,0.01,0.08,0.16,0.05,0.10,0.10,0.05,0.13,0.20,0.24,0.24",20,,
br,pecas para fogoes brastemp,brastemp,,,,,390,21,0.08,1.00,164,Transactional,"Site Links, Reviews, Adwords Bottom, Popular Products, Related Searches","0.54,0.44,0.44,0.44,0.44,0.29,0.54,0.19,0.23,0.29,0.44,0.44",20,,
br,peças fogão brastemp,brastemp,,,,,390,21,0.08,1.00,166,Commercial,"Site Links, Reviews, Adwords Top, Adwords Bottom, People Also Ask, Popular Products, Related Searches, Image Pack","0.54,0.44,0.67,0.36,0.44,0.36,0.54,0.44,0.44,0.36,0.36,0.36",20,,
br,peças geladeira brastemp frost free,brastemp,,,,,390,22,0.05,1.00,163,Transactional,"Image Pack, Site Links, People Also Ask, Popular Products, Related Searches, AI Overview","0.48,0.32,0.21,0.39,0.32,0.32,0.26,0.32,0.39,0.32,0.39,0.26",20,,
br,peças para fogão brastemp,brastemp,,,,,390,20,0.06,1.00,170,Commercial,"Site Links, Adwords Bottom, People Also Ask, Popular Products, Related Searches","0.23,0.44,0.54,0.36,0.44,0.36,0.54,0.44,0.44,0.36,0.36,0.36",20,,
br,peças para geladeira brastemp frost free,brastemp,,,,,390,22,0.07,0.99,165,"Informational, Transactional","Site Links, Reviews, People Also Ask, Popular Products, Related Searches, AI Overview, Image Pack","0.59,0.39,0.39,0.59,0.48,0.39,0.32,0.32,0.48,0.39,0.39,0.26",20,,
br,placa da geladeira brastemp frost free,brastemp,,,,,390,21,0.04,1.00,164,Informational,"Site Links, Reviews, Video, People Also Ask, Popular Products, Related Searches, AI Overview, Image Pack","0.66,0.54,0.54,0.54,0.54,0.44,0.66,0.81,1.00,0.81,0.81,1.00",20,,
br,placa de geladeira brastemp,brastemp,,,,,390,23,0.04,1.00,167,Informational,"Reviews, Video, People Also Ask, Popular Products, Related Searches, AI Overview, Image Pack, Site Links","0.54,0.36,0.44,0.36,0.36,0.36,0.44,0.54,0.66,0.54,0.54,0.29",20,,
br,placa de maquina de lavar brastemp,brastemp,,,,,390,22,0.05,1.00,161,Informational,"People Also Ask, Popular Products, Related Searches, Image Pack, Site Links, Video, Video Carousel","0.54,0.67,0.54,0.44,0.44,0.36,0.36,0.44,0.44,0.44,0.67,0.44",20,,
br,placa geladeira brastemp frost free,brastemp,,,,,390,21,0.04,1.00,161,Informational,"Adwords Bottom, Video Carousel, People Also Ask, Related Searches, Image Pack, Reviews, Popular Products, AI Overview, Site Links, Video","0.54,0.54,0.54,0.54,0.66,0.54,0.54,0.81,0.81,0.81,0.81,1.00",20,,
br,placa interface brastemp,brastemp,,,,,390,17,0.06,1.00,165,"Informational, Transactional","People Also Ask, Popular Products, Related Searches, Image Pack, Site Links, Video","0.48,0.39,0.48,0.39,0.39,0.32,0.39,0.48,0.48,0.48,0.39,0.48",20,,
br,placa maquina de lavar brastemp ative 11kg,brastemp,,,,,390,4,0.05,1.00,191,Commercial,"Site Links, Video, People Also Ask, Popular Products, Related Searches","0.16,0.30,0.24,0.30,0.24,0.24,0.30,0.30,0.30,0.36,0.45,0.45",20,,
br,placa para lavadora brastemp,brastemp,,,,,390,23,0.05,1.00,160,Informational,"Related Searches, Site Links, Video, Adwords Bottom, People Also Ask, Popular Products","0.66,0.54,0.35,0.35,0.54,0.66,0.66,0.66,0.81,0.66,0.81,1.00",20,,
br,placas lavadora brastemp,brastemp,,,,,390,21,0.05,1.00,171,Informational,"Popular Products, Related Searches, AI Overview, Site Links, Reviews, Video, People Also Ask","0.66,0.35,0.35,0.35,0.54,0.66,0.66,0.66,0.81,0.66,0.81,1.00",20,,
br,prateleira para geladeira brastemp,brastemp,,,,,390,23,0.06,1.00,167,Informational,"Popular Products, Related Searches, Image Pack, Site Links, People Also Ask","0.59,0.48,0.05,0.59,0.05,0.03,0.59,0.72,0.59,0.05,0.39,0.48",20,,
br,pé de geladeira brastemp,brastemp,,,,,390,23,0.10,1.00,172,Informational,"Image Pack, Site Links, Video Carousel, People Also Ask, Popular Products, Related Searches","0.39,0.39,0.39,0.39,0.39,0.48,0.48,0.48,0.48,0.39,0.39,0.39",20,,
br,pé para máquina de lavar brastemp,brastemp,,,,,390,23,0.08,1.00,171,"Informational, Transactional","People Also Ask, Popular Products, Related Searches, Image Pack, Site Links","0.24,0.45,0.45,0.10,0.16,0.13,0.13,0.10,0.45,0.08,0.45,0.36",20,,
br,refrigerador brastemp 3 portas,brastemp,,,,,390,21,0.29,1.00,193,"Informational, Transactional","Related Searches, Image Pack, Site Links, Video, Video Carousel, Popular Products","0.29,0.29,0.36,0.54,0.36,0.54,0.67,0.44,0.54,0.44,0.44,0.54",20,,
br,refrigerador brastemp 400 litros inox,brastemp,,,,,390,23,0.13,1.00,166,Commercial,"Related Searches, Image Pack, Site Links, Video, Image, Video Carousel, People Also Ask, Popular Products","0.54,0.44,0.44,0.36,0.36,0.44,0.54,0.36,0.44,0.23,0.23,0.23",20,,
br,refrigerador brastemp frost free inverse,brastemp,,,,,390,26,0.24,1.00,166,"Informational, Transactional","Video Carousel, People Also Ask, Popular Products, Related Searches, AI Overview, Image Pack, Site Links, Video","0.32,0.48,0.39,0.48,0.17,0.39,0.48,0.39,0.72,0.39,0.39,0.39",20,,
br,refrigerador brastemp inverse maxi,brastemp,,,,,390,23,0.17,1.00,165,"Informational, Transactional","People Also Ask, Popular Products, Related Searches, Image Pack, Site Links, Video, Video Carousel","0.81,0.66,0.43,0.66,0.66,0.81,1.00,1.00,1.00,0.81,0.81,0.81",20,,
br,refrigerador brastemp maxi inverse,brastemp,,,,,390,23,0.17,1.00,126,Transactional,"Site Links, Video, People Also Ask, Popular Products, Related Searches","0.81,0.66,0.43,0.66,0.66,0.81,1.00,1.00,1.00,0.81,0.81,0.81",20,,
br,refrigerador inverse maxi brastemp,brastemp,,,,,390,21,0.17,1.00,171,Transactional,"Related Searches, Site Links, Video, Video Carousel, Popular Products","0.81,0.66,0.43,0.66,0.66,0.81,1.00,1.00,1.00,0.81,0.81,0.81",20,,
br,rele geladeira brastemp,brastemp,,,,,390,24,0.06,1.00,171,Transactional,"Site Links, Video, People Also Ask, Popular Products, Related Searches, Image Pack","0.20,0.16,0.20,0.16,0.24,0.30,0.20,0.24,0.30,0.24,0.30,0.30",20,,
br,sac brastemp telefone,brastemp,,,,,390,27,0.08,0.27,100,Informational,"AI Overview, Site Links, Reviews, Video, People Also Ask, Related Searches","0.44,0.36,0.54,0.54,0.44,0.54,0.36,0.81,0.81,0.81,1.00,0.81",20,,
br,sac da brastemp telefone,brastemp,,,,,390,50,0.08,0.27,103,Informational,"People Also Ask, Related Searches, Adwords Middle, Site Links, Featured Snippet, Adwords Bottom","0.36,0.29,0.29,0.29,0.36,0.54,0.29,0.66,0.66,0.66,1.00,0.81",20,,
br,sacador cesto brastemp,brastemp,,,,,390,7,0.04,1.00,168,Transactional,"Site Links, Video, Video Carousel, People Also Ask, Popular Products, Related Searches","0.72,0.48,0.39,0.48,0.39,0.39,0.26,0.39,0.39,0.00,0.48,0.39",20,,
br,secadora brastemp 10 kg,brastemp,,,,,390,21,0.25,1.00,167,"Informational, Transactional","Image Pack, Site Links, Video, Video Carousel, People Also Ask, Popular Products, Related Searches, Knowledge Panel","0.13,0.31,1.00,0.13,0.11,0.13,0.25,0.05,0.08,0.07,0.11,0.20",20,,
br,secadora de roupas brastemp 15kg,brastemp,,,,,390,21,0.15,1.00,171,Commercial,"People Also Ask, Related Searches, Image Pack, Site Links, Video","0.30,1.00,0.45,0.20,0.13,0.13,0.13,0.13,0.16,0.16,0.20,0.16",20,,
br,secadora e lavadora brastemp,brastemp,,,,,390,24,0.13,1.00,170,Transactional,"Video, People Also Ask, Popular Products, Related Searches, Short Videos, AI Overview, Site Links, Reviews","1.00,1.00,0.81,0.66,0.66,0.66,0.81,0.54,0.54,0.66,0.81,0.54",20,,
br,secadora lavadora brastemp,brastemp,,,,,390,27,0.13,1.00,171,Transactional,"Reviews, Video Carousel, Popular Products, Related Searches, Short Videos, Adwords Bottom, People Also Ask, AI Overview, Site Links","1.00,1.00,0.81,0.66,0.66,0.66,0.81,0.54,0.54,0.66,0.81,0.54",20,,
br,sensor da geladeira brastemp,brastemp,,,,,390,23,0.04,1.00,165,"Informational, Commercial","Related Searches, AI Overview, Image Pack, Site Links, Video, Video Carousel, People Also Ask, Popular Products","0.81,0.81,0.66,0.81,0.44,0.54,0.81,0.81,0.66,0.66,0.66,0.44",20,,
br,sensor degelo brastemp,brastemp,,,,,390,24,0.05,1.00,174,"Informational, Commercial","Popular Products, Related Searches, Image Pack, Site Links, Video, Video Carousel, People Also Ask","0.54,0.54,0.66,0.81,0.54,0.66,0.54,0.81,0.66,0.54,0.66,0.54",20,,
br,sugar brastemp,brastemp,,,,,390,30,0.08,1.00,191,"Informational, Transactional","People Also Ask, Popular Products, Related Searches, Image Pack, Site Links","0.66,0.54,0.66,0.81,0.54,0.54,0.66,0.54,0.54,0.66,0.54,0.54",20,,
br,tabela de erros lava louça brastemp ative 8 serviços,brastemp,,,,,390,18,0.00,0.01,137,Informational,"AI Overview, Image Pack, Video, Video Carousel, People Also Ask, Related Searches","0.66,0.66,0.66,0.66,0.54,0.54,0.54,0.44,0.54,0.54,0.66,0.81",90,,
br,tanquinho brastemp,brastemp,,,,,390,27,0.09,1.00,186,Commercial,"Site Links, Reviews, Video, People Also Ask, Popular Products, Related Searches, Image Pack","0.81,0.54,0.54,0.66,0.44,0.66,0.81,0.54,0.66,0.54,0.54,0.54",20,,
br,telefone da brastemp,brastemp,,,,,390,32,0.21,0.25,154,Navigational,"Video, People Also Ask, Related Searches, AI Overview, Site Links, Reviews","0.66,0.44,0.66,0.54,0.66,0.54,0.66,0.66,0.54,0.44,0.54,0.66",20,,
br,telefone do sac brastemp,brastemp,,,,,390,42,0.08,0.27,92,Informational,"Adwords Bottom, People Also Ask, Related Searches, Site Links, Featured Snippet","0.36,0.29,0.29,0.29,0.36,0.54,0.29,0.66,0.66,0.66,1.00,0.81",20,,
br,termostato da geladeira brastemp frost free,brastemp,,,,,390,23,0.06,1.00,162,"Informational, Transactional","Video Carousel, People Also Ask, Popular Products, Related Searches, Image Pack, Site Links","0.81,0.66,0.81,0.81,0.66,0.81,0.81,1.00,1.00,0.81,0.81,0.66",20,,
br,termostato geladeira brastemp frost free,brastemp,,,,,390,22,0.06,1.00,164,Commercial,"Popular Products, Related Searches, AI Overview, Image Pack, Site Links, Video, Video Carousel, People Also Ask","0.81,0.81,1.00,1.00,0.66,0.81,0.81,1.00,1.00,0.66,0.66,0.66",20,,
br,venda de peças brastemp,brastemp,,,,,390,29,0.09,0.99,162,"Navigational, Commercial","People Also Ask, Related Searches, Local Pack, Site Links, Video","0.54,0.54,0.54,0.44,0.29,0.44,0.36,0.36,0.36,0.29,0.44,0.44",20,,
br,válvula maquina de lavar brastemp ative 11kg original,brastemp,,,,,390,23,0.04,1.00,113,"Informational, Transactional","Site Links, Video, People Also Ask, Popular Products, Related Searches, AI Overview","1.00,0.81,0.81,1.00,1.00,1.00,0.29,0.04,0.02,0.00,0.00,0.06",20,,
br,www brastemp com br geladeiras,brastemp,,,,,390,37,0.28,1.00,180,"Navigational, Transactional","Popular Products, Related Searches, Site Links, People Also Ask","0.88,0.17,0.17,0.17,0.14,0.11,0.21,0.14,0.11,0.32,0.14,0.11",20,,
br,adega 24 garrafas brastemp,brastemp,,,,,320,28,0.19,1.00,161,"Informational, Transactional","Site Links, Video, People Also Ask, Popular Products, Related Searches, Image Pack","0.44,0.54,0.54,0.54,0.44,0.54,0.66,0.36,0.44,0.29,0.36,0.29",20,,
br,adega 8 garrafas brastemp,brastemp,,,,,320,28,0.14,1.00,166,"Informational, Transactional","Popular Products, Related Searches, Image Pack, Site Links, Reviews, Video, Image, People Also Ask","0.66,0.54,0.54,0.54,0.66,0.44,0.54,0.36,0.36,0.23,0.36,0.36",20,,
br,adega brastemp 24 garrafas,brastemp,,,,,320,28,0.19,1.00,162,"Informational, Transactional","Image Pack, Site Links, Video, People Also Ask, Popular Products, Related Searches, Adwords Middle","0.44,0.54,0.54,0.44,0.54,0.54,0.44,0.44,0.36,0.29,0.36,0.36",20,,
br,adega brastemp gourmand,brastemp,,,,,320,23,0.27,1.00,164,"Informational, Commercial","Reviews, Video, People Also Ask, Popular Products, Related Searches, Image Pack, Site Links","0.66,0.81,0.81,0.81,0.66,0.81,1.00,0.66,0.54,0.66,0.35,0.66",20,,
br,adega climatizada 12 garrafas brastemp,brastemp,,,,,320,21,0.17,1.00,167,Informational,"Related Searches, Knowledge Panel, Site Links, AI Overview, Video, Image, Video Carousel, People Also Ask, Popular Products","0.36,0.29,0.54,0.44,0.36,0.36,0.66,0.44,0.44,0.29,0.36,0.36",20,,
br,adega climatizada brastemp 12 garrafas,brastemp,,,,,320,24,0.17,1.00,163,"Informational, Transactional","Knowledge Panel, Video, Image, Image Pack, Site Links, Video Carousel, People Also Ask, Popular Products, Related Searches","0.44,0.29,0.66,0.36,0.44,0.36,0.54,0.54,0.44,0.29,0.36,0.36",20,,
br,adega dual zone brastemp,brastemp,,,,,320,26,0.39,1.00,128,Transactional,"Image Pack, Site Links, Image, People Also Ask, Popular Products, Related Searches","0.32,0.32,0.48,0.39,0.32,0.39,0.59,0.21,0.21,0.21,0.32,0.32",20,,
br,assistencia tecnica brastemp fogao,brastemp,,,,,320,21,0.38,0.72,167,Navigational,"Local Pack, Adwords Bottom, People Also Ask, Related Searches","0.44,0.35,0.18,0.44,0.28,0.54,1.00,0.81,0.54,0.54,0.54,0.44",90,,
br,assistencia tecnica brastemp salvador,brastemp,,,,,320,7,0.40,0.73,109,Commercial,"Local Pack, People Also Ask, Related Searches","0.81,0.44,0.66,0.44,0.54,0.44,0.44,0.44,0.66,0.35,0.54,0.44",90,,
br,assistencia tecnica microondas brastemp,brastemp,,,,,320,28,0.34,0.67,168,Navigational,"Local Pack, Site Links, People Also Ask, Related Searches","0.54,0.44,0.54,0.44,0.44,0.54,0.54,0.35,0.66,0.44,0.44,0.35",20,,
br,assitencia brastemp,brastemp,,,,,320,39,0.35,0.54,165,Navigational,"People Also Ask, Related Searches, Local Pack, Site Links, Reviews","0.30,0.02,0.03,0.04,0.02,0.02,0.01,0.02,1.00,0.02,0.02,0.02",20,,
br,atendimento brastemp,brastemp,,,,,320,37,0.20,0.27,163,"Navigational, Commercial","Site Links, People Also Ask, Related Searches, AI Overview","0.66,0.66,0.82,0.66,0.66,0.66,0.66,0.82,1.00,0.66,0.66,0.66",20,,
br,atuador brastemp,brastemp,,,,,320,25,0.04,1.00,170,"Informational, Commercial","Image Pack, Site Links, Video, Video Carousel, People Also Ask, Popular Products, Related Searches","0.54,0.81,0.81,0.54,0.54,0.66,0.66,0.54,0.66,0.54,0.81,0.66",20,,
br,autorizada da brastemp df,brastemp,,,,,320,29,0.56,0.96,171,Navigational,"Related Searches, Local Pack, Video Carousel, People Also Ask","0.44,0.29,0.36,0.29,0.36,0.44,0.36,0.44,0.36,0.36,0.44,0.36",90,,
br,b blend brastemp valor,brastemp,,,,,320,25,0.07,0.95,169,Informational,"AI Overview, Image Pack, Site Links, People Also Ask, Popular Products, Related Searches","0.46,0.25,0.13,0.16,0.11,0.07,0.16,0.08,0.11,0.11,0.11,0.11",20,,
br,bblend da brastemp,brastemp,,,,,320,23,0.14,1.00,172,"Navigational, Commercial","Site Links, Video, Video Carousel, People Also Ask, Popular Products, Related Searches, Adwords Middle","0.00,1.00,0.00,0.00,0.00,0.00,0.00,0.00,0.00,0.00,0.00,0.52",20,,
br,botão de fogão brastemp,brastemp,,,,,320,24,0.05,1.00,193,"Informational, Transactional","Video, People Also Ask, Popular Products, Related Searches, Image Pack, Site Links","0.66,0.66,0.54,0.54,0.44,0.44,0.54,0.44,0.35,0.44,0.54,0.44",20,,
br,brastemp 15 kgs,brastemp,,,,,320,14,0.28,1.00,169,"Informational, Commercial","Video, Popular Products, Related Searches, AI Overview, Site Links","0.00,0.00,0.00,0.00,0.00,0.00,0.00,0.00,0.80,0.00,0.00,0.00",20,,
br,brastemp 479 litros,brastemp,,,,,320,27,0.27,1.00,170,Informational,"Related Searches, Knowledge Panel, Image Pack, Site Links, Video, Image, Video Carousel","0.29,0.23,0.36,0.36,0.29,0.36,1.00,0.36,0.29,0.10,0.05,0.07",20,,
br,brastemp 8kg,brastemp,,,,,320,26,0.12,1.00,163,"Informational, Commercial","Image Pack, Site Links, Video, Video Carousel, People Also Ask, Popular Products, Related Searches","0.48,0.48,0.48,0.48,0.21,0.09,0.39,0.11,0.32,0.26,0.09,0.26",20,,
br,brastemp active,brastemp,,,,,320,24,0.21,1.00,157,Informational,"Related Searches, Image Pack, Site Links, Video, Video Carousel, People Also Ask","0.05,0.30,0.30,0.30,0.30,0.36,0.36,0.20,0.30,0.24,0.24,0.20",20,,
br,brastemp adega gourmand,brastemp,,,,,320,24,0.27,1.00,166,Informational,"Site Links, Video, People Also Ask, Popular Products, Related Searches, Image Pack","0.54,0.54,0.66,0.66,0.54,0.54,1.00,0.54,0.54,0.66,0.66,0.66",20,,
br,brastemp assistencia tecnica salvador,brastemp,,,,,320,14,0.40,0.73,107,Commercial,"Related Searches, Local Pack, People Also Ask","0.54,0.36,0.44,0.23,0.29,0.29,0.23,0.23,0.19,0.19,0.36,0.29",90,,
br,brastemp ative forno,brastemp,,,,,320,24,0.14,1.00,160,Informational,"Related Searches, Image Pack, Site Links, Reviews, Video, Video Carousel, People Also Ask, Popular Products","0.29,0.44,0.36,0.54,0.44,0.29,0.44,0.36,0.44,0.36,0.36,0.44",20,,
br,brastemp ative geladeira inox,brastemp,,,,,320,24,0.11,1.00,129,Informational,"Video, Image, People Also Ask, Popular Products, Related Searches, Image Pack, Site Links","0.30,0.24,0.30,0.24,0.24,0.24,0.24,0.30,0.20,0.16,0.20,0.20",20,,
br,brastemp autorizada df,brastemp,,,,,320,35,0.56,0.96,161,Navigational,"Local Pack, Site Links, Video, People Also Ask, Related Searches","0.36,0.29,0.36,0.29,0.36,0.36,0.36,0.44,0.36,0.36,0.44,0.36",20,,
br,brastemp b bland,brastemp,,,,,320,32,0.14,1.00,167,"Navigational, Commercial","People Also Ask, Popular Products, Related Searches, Image Pack, Site Links, Reviews, Video, Video Carousel","0.24,0.08,0.13,0.24,0.20,0.13,0.13,0.13,0.16,0.16,0.16,0.24",20,,
br,brastemp blf14,brastemp,,,,,320,24,0.19,1.00,165,Informational,"Video, Video Carousel, People Also Ask, Popular Products, Related Searches, Site Links","0.13,0.20,0.16,0.11,0.08,0.08,0.20,0.16,0.20,0.16,0.16,0.16",20,,
br,brastemp blf62,brastemp,,,,,320,23,0.17,1.00,164,Informational,"Video, Video Carousel, Popular Products, Related Searches, Site Links","0.26,0.32,0.48,0.48,0.21,0.32,0.88,0.48,0.59,0.48,1.00,0.88",20,,
br,brastemp bnc10ab,brastemp,,,,,320,27,0.21,1.00,168,Informational,"Related Searches, Knowledge Panel, Image Pack, Site Links, Video, Video Carousel, People Also Ask","0.66,1.00,1.00,1.00,1.00,0.66,1.00,0.54,0.54,0.29,0.54,0.18",20,,
br,brastemp bre85ak,brastemp,,,,,320,25,0.35,1.00,168,"Informational, Transactional","Popular Products, Related Searches, AI Overview, Image Pack, Site Links, Reviews, Video Carousel, People Also Ask","0.44,0.29,0.36,0.44,0.36,0.44,1.00,0.54,0.44,0.36,0.36,0.19",20,,
br,brastemp brm44h,brastemp,,,,,320,28,0.22,1.00,159,Commercial,"Popular Products, Related Searches, AI Overview, Site Links, Video, Adwords Top, Adwords Bottom, People Also Ask","0.29,0.29,0.23,0.29,0.23,0.29,0.36,0.36,0.44,0.29,0.44,0.36",20,,
br,brastemp brm55fk,brastemp,,,,,320,26,0.35,1.00,163,Informational,"Related Searches, Image Pack, Site Links, Video, People Also Ask","0.54,0.66,0.54,0.35,0.44,0.35,1.00,0.66,0.81,0.44,0.44,0.35",20,,
br,brastemp brm56,brastemp,,,,,320,25,0.16,1.00,167,Commercial,"Site Links, Video, Video Carousel, People Also Ask, Related Searches","0.21,0.26,0.39,0.26,0.26,0.32,0.48,0.21,0.39,0.21,0.21,0.17",20,,
br,brastemp brm56fk,brastemp,,,,,320,26,0.27,1.00,168,"Informational, Commercial","Reviews, Video, Video Carousel, People Also Ask, Popular Products, Related Searches, Image Pack, Site Links","0.15,0.23,0.23,0.19,0.10,0.19,1.00,0.67,0.81,0.36,0.36,0.29",20,,
br,brastemp bwk,brastemp,,,,,320,25,0.18,1.00,207,Commercial,"Image Pack, Site Links, Video, Adwords Bottom, Video Carousel, People Also Ask, Popular Products, Related Searches","0.43,0.54,0.81,1.00,0.81,0.66,1.00,0.66,0.66,1.00,0.66,0.54",20,,
br,brastemp bwk12,brastemp,,,,,320,22,0.22,1.00,174,Commercial,"Popular Products, Related Searches, AI Overview, Image Pack, Site Links, Video, Video Carousel, People Also Ask","0.16,0.11,0.11,0.13,0.05,0.05,0.11,0.07,0.08,0.07,0.11,0.11",20,,
br,brastemp bwk12ab,brastemp,,,,,320,15,0.21,1.00,165,Informational,"Video Carousel, People Also Ask, Popular Products, Related Searches, AI Overview, Site Links, Reviews, Video","0.07,0.08,0.16,0.13,0.13,0.11,0.16,0.08,0.05,0.08,0.08,0.13",20,,
br,brastemp bwk13,brastemp,,,,,320,33,0.32,1.00,168,Commercial,"Related Searches, AI Overview, Image Pack, Site Links, Video, Video Carousel, People Also Ask, Popular Products","0.54,0.54,0.54,0.66,0.35,0.44,1.00,0.66,0.66,0.66,0.54,0.28",20,,
br,brastemp bwk16ab,brastemp,,,,,320,27,0.21,1.00,164,Informational,"Image Pack, Site Links, Reviews, Video, Related Searches, Knowledge Panel, Adwords Bottom, Shopping Ads, Video Carousel, People Also Ask","0.45,0.24,0.24,0.16,0.13,0.06,0.16,0.10,0.24,0.20,0.20,0.30",20,,
br,brastemp clean 10kg,brastemp,,,,,320,31,0.11,0.97,170,Informational,"Video, Video Carousel, People Also Ask, Popular Products, Related Searches, Image Pack, Site Links, Reviews","0.44,0.54,0.54,0.44,0.44,0.54,0.44,0.44,0.54,0.66,0.66,0.54",20,,
br,brastemp clean 8kg,brastemp,,,,,320,35,0.09,0.99,159,Informational,"Site Links, Reviews, Video, Video Carousel, People Also Ask, Related Searches, Knowledge Panel, Image Pack","0.54,0.54,0.54,0.44,0.36,0.36,0.44,0.23,0.54,0.36,0.23,0.29",20,,
br,brastemp clean microondas,brastemp,,,,,320,25,0.08,1.00,193,"Informational, Commercial","Popular Products, Related Searches, AI Overview, Image Pack, Site Links, Reviews, Video, People Also Ask","0.66,0.66,0.66,0.66,0.43,0.54,0.66,0.54,0.54,0.54,0.66,0.43",20,,
br,brastemp coifa ilha,brastemp,,,,,320,23,0.22,1.00,165,"Informational, Transactional","Video, People Also Ask, Popular Products, Related Searches, Image Pack, Site Links","0.44,0.36,0.44,0.36,0.23,0.36,0.44,0.23,0.29,0.29,0.36,0.36",20,,
br,brastemp compra direta,brastemp,,,,,320,25,0.36,1.00,169,Transactional,"Adwords Bottom, People Also Ask, Popular Products, Related Searches, Site Links, Video, Adwords Top","0.66,1.00,0.81,0.66,1.00,0.66,1.00,0.66,0.54,0.66,0.66,0.54",20,,
br,brastemp conserto geladeira,brastemp,,,,,320,35,1.07,0.66,83,Navigational,"Local Pack, People Also Ask, Related Searches","0.54,0.54,0.44,0.35,0.44,0.44,0.44,0.54,0.44,0.44,0.44,0.35",90,,
br,brastemp contato,brastemp,,,,,320,36,0.24,0.24,157,"Informational, Navigational","Reviews, Video, Adwords Bottom, People Also Ask, Related Searches, Adwords Middle, AI Overview, Site Links","0.82,0.66,0.82,0.66,0.82,0.82,0.82,1.00,0.82,0.66,1.00,0.66",20,,
br,brastemp cooktop 2 bocas,brastemp,,,,,320,23,0.12,1.00,165,"Informational, Transactional","Related Searches, Image Pack, Site Links, Video, People Also Ask","0.36,0.44,0.44,0.44,0.36,0.36,0.36,0.23,0.29,0.23,0.29,0.29",20,,
br,brastemp cooktop gourmand 5 bocas,brastemp,,,,,320,15,0.17,1.00,165,"Informational, Transactional","Site Links, Video, Video Carousel, Popular Products, Related Searches","0.20,0.16,0.30,0.24,0.24,0.30,0.30,0.13,0.36,0.45,0.30,0.36",20,,
br,brastemp depurador de ar,brastemp,,,,,320,23,0.09,1.00,162,Informational,"Image Pack, Site Links, People Also Ask, Popular Products, Related Searches","0.54,0.54,0.66,0.54,0.35,0.44,0.66,0.44,0.44,0.44,0.54,0.44",20,,
br,brastemp duas portas,brastemp,,,,,320,28,0.29,1.00,185,"Informational, Transactional","Image Pack, Site Links, Video, People Also Ask, Popular Products, Related Searches","0.54,0.35,0.66,0.54,0.44,0.66,0.81,0.28,0.54,0.35,0.44,0.44",20,,
br,brastemp duplex,brastemp,,,,,320,33,0.27,1.00,184,"Informational, Transactional","Related Searches, AI Overview, Image Pack, Site Links, Reviews, Video, People Also Ask, Popular Products","0.54,0.54,0.66,0.54,0.66,0.66,0.66,0.66,0.81,0.54,0.54,0.43",20,,
br,brastemp eggo,brastemp,,,,,320,24,0.13,1.00,166,Informational,"Image Pack, Site Links, Video, Video Carousel, Popular Products, Related Searches","0.54,0.66,0.54,0.81,0.28,0.35,0.28,0.44,0.35,0.28,0.81,0.44",20,,
br,brastemp fogão assistencia tecnica,brastemp,,,,,320,31,0.46,0.68,166,Navigational,"Local Pack, Site Links, Reviews, Adwords Top, People Also Ask, Related Searches, Adwords Middle","0.36,0.36,0.29,0.44,0.54,0.36,0.54,0.66,0.44,0.44,0.36,0.44",20,,
br,brastemp forno a gás de embutir,brastemp,,,,,320,33,0.15,1.00,170,Commercial,"Related Searches, AI Overview, Site Links, Video Carousel, People Also Ask, Popular Products","0.06,0.06,0.08,0.04,0.36,0.36,0.20,0.16,0.06,0.36,0.36,0.55",20,,
br,brastemp freezer horizontal,brastemp,,,,,320,21,0.13,1.00,174,Transactional,"Site Links, Video, People Also Ask, Popular Products, Related Searches","0.05,0.05,0.30,0.36,0.13,0.05,0.30,0.45,0.36,0.30,0.30,0.36",20,,
br,brastemp frost free duplex,brastemp,,,,,320,32,0.20,1.00,187,Transactional,"Site Links, Video Carousel, People Also Ask, Popular Products, Related Searches","0.54,0.44,0.36,0.36,0.36,0.36,0.36,0.44,0.54,0.44,0.36,0.23",20,,
br,brastemp frost free inverse 443l bre57ak,brastemp,,,,,320,21,0.23,1.00,169,Informational,"People Also Ask, Related Searches, Adwords Middle, AI Overview, Knowledge Panel, Site Links, Video, Video Carousel","0.66,1.00,0.81,0.66,0.36,0.29,0.44,0.19,0.19,0.12,0.09,0.05",20,,
br,brastemp geladeira 3 portas,brastemp,,,,,320,23,0.45,1.00,163,"Informational, Transactional","Video Carousel, People Also Ask, Popular Products, Related Searches, Image Pack, Site Links, Video","0.35,0.44,0.54,0.54,0.44,0.44,0.81,0.54,0.66,0.54,0.54,0.66",20,,
br,brastemp geladeira 375 litros,brastemp,,,,,320,32,0.25,1.00,434000,"Informational, Transactional","People Also Ask, Popular Products, Related Searches, Knowledge Panel, Site Links, Image, Video Carousel","0.36,0.29,0.44,0.54,0.54,0.44,0.81,0.66,0.66,0.44,0.36,0.23",20,,
br,brastemp geladeira 463 litros,brastemp,,,,,320,19,0.30,1.00,167,"Informational, Transactional","Popular Products, Related Searches, Image Pack, Site Links, Video, People Also Ask","0.23,0.23,0.35,0.44,0.35,0.54,1.00,0.66,1.00,0.54,0.81,0.54",20,,
br,brastemp geladeira clean,brastemp,,,,,320,23,0.12,1.00,141,Informational,"Site Links, Video, Video Carousel, People Also Ask, Popular Products, Image Pack","0.02,0.01,0.30,0.55,0.03,0.03,0.36,0.16,0.62,0.02,0.03,0.04",20,,
br,brastemp geladeira side by side,brastemp,,,,,320,32,0.18,1.00,161,Informational,"Site Links, Video, People Also Ask, Related Searches, Adwords Middle, Image Pack","0.03,0.02,0.02,0.03,0.02,0.02,0.04,0.02,0.52,0.03,0.03,0.02",20,,
br,brastemp gourmand coifa,brastemp,,,,,320,21,0.18,1.00,168,"Informational, Transactional","Image Pack, Site Links, Reviews, Video, Popular Products, Related Searches","0.81,0.43,0.81,0.81,0.81,0.81,0.66,0.66,0.66,0.54,0.66,0.66",20,,
br,brastemp gourmand forno eletrico,brastemp,,,,,320,23,0.13,1.00,165,Transactional,"People Also Ask, Popular Products, Related Searches, Image Pack, Site Links, Video, Video Carousel","0.23,0.54,0.54,0.44,0.54,0.44,0.36,0.44,0.36,0.29,0.44,0.36",20,,
br,brastemp gourmand lava louças,brastemp,,,,,320,23,0.20,1.00,167,"Informational, Transactional","Site Links, Video, People Also Ask, Popular Products, Related Searches","0.36,0.44,0.54,0.44,0.44,0.44,0.66,0.36,0.29,0.29,0.36,0.36",20,,
br,brastemp gourmet fogao,brastemp,,,,,320,16,0.12,1.00,164,"Informational, Transactional","Site Links, Video, Popular Products, Related Searches, Image Pack","0.00,0.00,0.88,0.00,0.00,0.00,0.00,0.48,1.00,0.00,0.59,0.59",20,,
br,brastemp gourmet forno,brastemp,,,,,320,19,0.12,1.00,171,Transactional,"Video Carousel, People Also Ask, Popular Products, Related Searches, Site Links, Video","0.00,0.00,0.36,0.00,0.00,0.00,0.45,0.24,1.00,0.00,0.76,1.00",20,,
br,brastemp inverse 447 l,brastemp,,,,,320,23,0.29,1.00,159,"Informational, Commercial","Site Links, Video, Video Carousel, People Also Ask, Popular Products, Related Searches","0.26,0.17,0.02,0.32,0.32,0.32,0.39,0.32,0.59,0.39,0.32,0.26",20,,
br,brastemp lava e seca 10kg,brastemp,,,,,320,30,0.20,1.00,165,"Informational, Transactional","Video Carousel, People Also Ask, Popular Products, Related Searches, Site Links, Video","0.00,0.00,0.15,0.00,0.08,0.00,0.05,0.00,0.13,0.00,0.05,0.00",20,,
br,brastemp lava loucas 14 servicos,brastemp,,,,,320,23,0.33,1.00,168,"Informational, Commercial","Site Links, Video, Video Carousel, People Also Ask, Popular Products, Related Searches","0.29,0.29,0.36,0.44,0.44,0.44,1.00,0.44,0.44,0.36,0.44,0.44",20,,
br,brastemp lava louça 14 serviços,brastemp,,,,,320,22,0.33,1.00,160,Transactional,"Video, Video Carousel, People Also Ask, Popular Products, Site Links, Reviews, Adwords Top, Related Searches, Adwords Middle","0.44,0.36,0.54,0.66,0.36,0.29,0.81,0.54,0.66,0.44,0.29,0.36",20,,
br,brastemp lava louças 12 serviços,brastemp,,,,,320,23,0.16,1.00,171,"Informational, Transactional","Video, Video Carousel, People Also Ask, Popular Products, Related Searches, Image Pack, Site Links","0.00,0.00,0.24,0.00,0.06,0.03,1.00,0.76,0.76,0.00,0.03,0.20",20,,
br,brastemp lava louças 14 serviços,brastemp,,,,,320,22,0.33,1.00,165,Informational,"People Also Ask, Popular Products, Related Searches, Site Links, Reviews, Video, Adwords Bottom, Video Carousel","0.36,0.44,0.54,0.29,0.36,0.44,0.67,0.23,0.44,0.36,0.36,0.23",20,,
br,brastemp lavadora 15 kg,brastemp,,,,,320,23,0.23,1.00,164,Commercial,"Short Videos, Site Links, Video Carousel, People Also Ask, Popular Products, Related Searches","0.07,0.01,0.16,0.02,0.00,0.05,0.00,0.03,0.13,0.13,0.07,0.13",20,,
br,brastemp lavadora ative 11kg,brastemp,,,,,320,23,0.11,1.00,171,Transactional,"Adwords Bottom, Video Carousel, People Also Ask, Popular Products, Related Searches, Image Pack, Site Links, Video","0.00,0.00,0.66,0.66,0.81,0.81,0.81,0.66,0.81,0.44,1.00,0.54",20,,
br,brastemp lavadora secadora,brastemp,,,,,320,27,0.12,1.00,174,Transactional,"People Also Ask, Popular Products, Related Searches, Site Links, Video, Video Carousel","0.54,0.54,0.44,0.36,0.29,0.29,0.23,0.15,0.19,0.23,0.36,0.29",20,,
br,brastemp microondas 38 litros,brastemp,,,,,320,13,0.19,1.00,167,Commercial,"Popular Products, Related Searches, Site Links, Video, People Also Ask","0.06,0.06,0.36,0.06,0.10,0.06,0.10,0.10,1.00,0.05,0.06,0.08",20,,
br,brastemp microondas de embutir,brastemp,,,,,320,21,0.20,1.00,166,"Informational, Commercial","Image Pack, Site Links, Video, Video Carousel, People Also Ask, Popular Products, Related Searches, AI Overview","0.01,0.01,0.66,0.02,0.01,0.01,0.02,0.10,0.44,0.01,0.01,0.01",20,,
br,brastemp mini geladeira,brastemp,,,,,320,26,0.12,1.00,167,Informational,"Site Links, Video, Video Carousel, People Also Ask, Popular Products, Related Searches, Image Pack","0.24,0.24,0.16,0.24,0.20,0.30,0.30,0.30,0.30,0.24,0.36,0.30",20,,
br,brastemp ou electrolux geladeira,brastemp,,,,,320,18,0.14,1.00,163,Commercial,"Site Links, People Also Ask, Short Videos, Reviews, Video, Video Carousel, Popular Products, Related Searches, AI Overview","0.66,0.36,0.44,0.44,0.44,0.44,0.81,0.23,0.54,0.29,0.54,0.44",20,,
br,brastemp peças fogao,brastemp,,,,,320,20,0.08,1.00,166,Transactional,"Popular Products, Related Searches, Site Links, Adwords Top, Adwords Bottom","0.36,0.36,0.44,0.36,0.36,0.23,0.44,0.44,0.36,0.29,0.36,0.05",20,,
br,brastemp placa,brastemp,,,,,320,19,0.05,1.00,165,"Informational, Transactional","Site Links, Video, Video Carousel, People Also Ask, Popular Products, Related Searches, Image Pack","0.81,0.66,0.66,0.43,0.54,0.54,0.54,0.66,0.54,0.66,0.81,0.66",20,,
br,brastemp purificador de agua preço,brastemp,,,,,320,25,0.14,1.00,169,Transactional,"People Also Ask, Related Searches, AI Overview, Site Links, Reviews, Video","0.39,0.32,0.26,0.21,0.26,0.32,0.32,0.32,0.39,0.32,0.26,0.21",20,,
br,brastemp retro fogao,brastemp,,,,,320,16,0.08,0.99,163,Informational,"Popular Products, Related Searches, Image Pack, Site Links, Video, Image","0.44,0.81,0.44,0.81,0.10,0.12,0.00,0.02,0.81,0.00,0.01,0.00",20,,
br,brastemp tecnico,brastemp,,,,,320,25,0.64,0.69,169,Navigational,"Local Pack, Site Links, Video, People Also Ask, Related Searches","0.66,0.54,0.81,0.43,0.54,0.54,0.81,0.81,1.00,0.54,0.66,0.54",20,,
br,brastemp telefone sac,brastemp,,,,,320,33,0.08,0.27,103,Informational,"Site Links, Video, Featured Snippet, People Also Ask, Related Searches","0.29,0.29,0.44,0.29,0.36,0.44,0.36,0.66,0.66,0.66,1.00,0.81",20,,
br,brastemp whirlpool,brastemp,,,,,320,26,0.28,0.83,170,Commercial,"AI Overview, Local Pack, Site Links, Video Carousel, People Also Ask, Popular Products, Image Pack, Video, Related Searches","0.54,0.44,0.44,0.36,0.36,0.36,0.44,0.29,0.44,0.36,0.36,0.44",20,,
br,cafeteira brastemp,brastemp,,,,,320,33,0.18,1.00,166,"Informational, Transactional","Image Pack, Site Links, Video, Video Carousel, People Also Ask, Related Searches","0.54,0.36,0.44,0.54,0.44,0.36,0.44,0.36,0.36,0.29,0.44,0.36",20,,
br,casas bahia fogoes brastemp,brastemp,,,,,320,29,0.09,1.00,171,"Informational, Transactional","Site Links, Popular Products, Related Searches","0.54,0.44,0.36,0.29,0.44,0.44,0.66,0.36,0.36,0.36,0.44,0.36",20,,
br,coifa brastemp de ilha,brastemp,,,,,320,25,0.18,1.00,190,"Navigational, Commercial","Related Searches, Image Pack, Site Links, Video, People Also Ask, Popular Products","0.54,0.44,0.54,0.54,0.44,0.36,0.66,0.36,0.36,0.36,0.36,0.36",20,,
br,coifa brastemp ilha,brastemp,,,,,320,23,0.22,1.00,160,"Informational, Transactional","Image Pack, Site Links, Video, Video Carousel, People Also Ask, Popular Products, Related Searches","0.44,0.36,0.44,0.36,0.36,0.36,0.67,0.15,0.19,0.19,0.36,0.29",20,,
br,coifa gourmand brastemp,brastemp,,,,,320,24,0.14,1.00,166,Transactional,"Image Pack, Site Links, Video, People Also Ask, Popular Products, Related Searches","0.66,0.54,0.66,0.81,0.66,0.81,0.81,0.54,0.54,0.35,0.54,0.54",20,,
br,como tirar o agitador da maquina de lavar brastemp,brastemp,,,,,320,29,0.00,0.12,109,Informational,"Related Searches, Short Videos, Video, People Also Ask","0.44,0.66,0.54,0.00,0.54,0.54,0.36,0.54,0.66,0.66,0.66,0.81",90,,
br,comprar direto da brastemp,brastemp,,,,,320,25,0.36,1.00,170,Commercial,"Related Searches, Adwords Middle, AI Overview, Site Links, Video, People Also Ask, Popular Products","0.23,0.66,0.66,0.09,0.66,0.44,0.66,0.36,0.36,0.29,0.36,0.36",20,,
br,conserto de maquina de lavar brastemp,brastemp,,,,,320,13,0.60,0.64,104,Navigational,"Video Carousel, People Also Ask, Related Searches, Short Videos, Local Pack, Reviews, Video","0.54,0.66,1.00,0.81,0.66,0.81,0.54,0.66,0.66,0.43,0.43,0.29",90,,
br,conserto geladeira brastemp,brastemp,,,,,320,27,0.75,0.65,156,Transactional,"People Also Ask, Related Searches","0.54,0.54,0.54,0.54,0.44,0.44,0.44,0.66,0.54,0.35,0.44,0.35",90,,
br,consul é da brastemp,brastemp,,,,,320,26,0.20,0.89,157,Informational,"Site Links, Video, Video Carousel, People Also Ask, Popular Products, Related Searches, AI Overview","0.35,0.44,0.44,0.35,0.35,0.44,0.66,0.44,1.00,0.44,0.66,0.81",20,,
br,cooktop 4 bocas brastemp inox,brastemp,,,,,320,23,0.13,1.00,163,Commercial,"Video, People Also Ask, Popular Products, Related Searches, Image Pack, Site Links","0.09,0.12,0.44,0.54,0.54,0.54,0.81,0.36,0.44,0.29,0.44,0.36",20,,
br,cooktop 5 bocas brastemp medidas,brastemp,,,,,320,22,0.07,1.00,163,"Informational, Commercial","People Also Ask, Popular Products, Related Searches, Image Pack, Site Links, Video","0.81,0.54,0.81,0.66,0.81,0.54,0.44,0.44,0.44,0.44,0.44,0.44",20,,
br,cooktop brastemp 2 bocas,brastemp,,,,,320,23,0.12,1.00,160,Informational,"Image Pack, Site Links, Video, People Also Ask, Related Searches","0.44,0.44,0.66,0.66,0.44,0.44,0.44,0.19,0.23,0.19,0.29,0.29",20,,
br,cooktop brastemp 5 bocas bdd75ae,brastemp,,,,,320,23,0.13,1.00,164,Commercial,"Site Links, Reviews, Video, People Also Ask, Popular Products, Related Searches","0.35,0.54,0.66,0.81,0.66,0.54,0.81,0.35,0.28,0.28,0.28,0.15",20,,
br,cooktop brastemp 5 bocas medidas,brastemp,,,,,320,21,0.07,1.00,158,Informational,"Related Searches, AI Overview, Image Pack, Site Links, Video, People Also Ask, Popular Products","0.81,0.54,0.28,0.66,0.54,0.54,0.54,0.28,0.28,0.35,0.35,0.35",20,,
br,cooktop brastemp 6 bocas,brastemp,,,,,320,23,0.09,1.00,165,"Informational, Transactional","Site Links, Video, People Also Ask, Related Searches, Image Pack","0.44,0.36,0.23,0.36,0.36,0.29,0.44,0.29,0.36,0.36,0.44,0.44",20,,
br,cooktop brastemp gourmand 4 bocas,brastemp,,,,,320,25,0.16,1.00,162,Informational,"Video, People Also Ask, Related Searches, Knowledge Panel, Image Pack, Site Links","0.54,0.54,0.81,0.81,0.81,0.66,1.00,0.35,0.54,0.43,0.81,0.54",20,,
br,cooktop inox 4 bocas brastemp,brastemp,,,,,320,18,0.14,1.00,163,"Informational, Transactional","People Also Ask, Popular Products, Related Searches, Image Pack, Site Links, Video","0.07,0.10,0.44,0.44,0.44,0.44,0.54,0.29,0.36,0.23,0.36,0.29",20,,
br,cooktop inox 5 bocas brastemp,brastemp,,,,,320,25,0.15,1.00,163,"Informational, Transactional","Popular Products, Related Searches, Image Pack, Site Links, Video, Video Carousel, People Also Ask","0.04,0.29,0.81,0.81,0.01,0.01,1.00,0.54,0.54,0.03,0.05,0.05",20,,
br,cupons brastemp,brastemp,,,,,320,31,0.67,1.00,158,Transactional,"Reviews, Video, Adwords Top, People Also Ask, Related Searches, Adwords Middle","0.24,0.36,0.13,0.36,0.16,0.45,0.24,0.13,0.16,0.36,0.13,0.13",75,,
br,depurador de ar da brastemp,brastemp,,,,,320,23,0.09,1.00,182,Informational,"Image Pack, Site Links, People Also Ask, Popular Products, Related Searches, AI Overview","0.54,0.44,0.54,0.44,0.44,0.44,0.54,0.36,0.36,0.36,0.44,0.36",20,,
br,depuradores de ar brastemp,brastemp,,,,,320,25,0.09,1.00,171,Transactional,"Site Links, People Also Ask, Popular Products, Related Searches","0.54,0.44,0.54,0.44,0.44,0.44,0.12,0.36,0.36,0.36,0.44,0.15",20,,
br,filtro brastemp agua com gas,brastemp,,,,,320,32,0.32,1.00,166,Informational,"People Also Ask, Popular Products, Related Searches, Short Videos, Image Pack, Site Links, Video, Video Carousel","0.54,0.29,0.19,0.36,0.29,0.36,0.44,0.44,0.54,0.29,0.36,0.36",20,,
br,filtro de água com gás brastemp,brastemp,,,,,320,30,0.24,1.00,159,Informational,"Short Videos, Image Pack, Site Links, Video, People Also Ask, Popular Products, Related Searches","0.48,0.32,0.39,0.32,0.32,0.32,0.39,0.39,0.32,0.26,0.21,0.21",20,,
br,fogao 4 bocas brastemp inox,brastemp,,,,,320,23,0.11,1.00,170,Transactional,"Video Carousel, People Also Ask, Related Searches, Image Pack, Site Links, Video, Image, Adwords Bottom, Popular Products","0.05,0.04,0.05,0.05,0.07,0.05,0.13,0.07,0.07,0.04,0.05,0.05",20,,
br,fogao brastemp 6 bocas branco,brastemp,,,,,320,20,0.16,1.00,168,"Informational, Transactional","Image, People Also Ask, Related Searches, Knowledge Panel, Image Pack, Site Links, Video","0.21,0.48,0.72,0.17,0.14,0.17,0.39,0.21,0.39,0.32,0.32,0.39",20,,
br,fogao brastemp forno duplo 5 bocas,brastemp,,,,,320,21,0.15,1.00,174,Transactional,"Site Links, Video, Popular Products, Related Searches","0.21,0.21,0.21,0.11,0.17,0.26,0.72,0.48,0.48,0.17,0.21,0.26",20,,
br,fogao brastemp pecas,brastemp,,,,,320,21,0.08,1.00,163,Transactional,"Related Searches, Site Links, Reviews, Popular Products","0.00,0.00,0.00,0.00,0.54,0.44,0.54,0.44,0.54,0.44,0.54,0.44",20,,
br,fogao clean brastemp 6 bocas,brastemp,,,,,320,21,0.09,1.00,170,Informational,"Video, Video Carousel, Related Searches, AI Overview, Site Links, Reviews","0.66,0.54,0.35,0.35,0.54,0.54,0.44,0.44,0.44,0.44,0.54,0.54",20,,
br,fogao duplo forno brastemp 5 bocas,brastemp,,,,,320,22,0.15,1.00,168,"Informational, Transactional","Image Pack, Site Links, Video, Video Carousel, People Also Ask, Popular Products, Related Searches","0.48,0.32,0.21,0.32,0.32,0.39,0.39,0.39,0.26,0.21,0.32,0.32",20,,
br,fogao embutir brastemp,brastemp,,,,,320,24,0.17,1.00,163,"Informational, Transactional","Image Pack, Site Links, Video, People Also Ask, Popular Products, Related Searches","0.13,0.13,0.20,0.13,0.13,0.07,0.13,0.03,0.37,0.37,0.11,0.31",20,,
br,fogao gourmand brastemp,brastemp,,,,,320,16,0.12,1.00,166,Transactional,"Video, Video Carousel, Popular Products, Related Searches, Image Pack, Site Links","0.17,0.39,0.88,0.14,0.21,0.21,0.26,0.39,0.39,0.21,0.32,0.48",20,,
br,fogao inducao brastemp,brastemp,,,,,320,23,0.13,1.00,164,"Informational, Transactional","Video, Video Carousel, People Also Ask, Popular Products, Related Searches, AI Overview, Image Pack, Site Links","0.13,0.16,0.20,0.25,0.20,0.16,0.16,0.07,0.13,0.16,0.16,0.20",20,,
br,fogão 4 bocas 2 fornos brastemp,brastemp,,,,,320,22,0.08,1.00,156,"Informational, Transactional","Image Pack, Site Links, Video, People Also Ask, Popular Products, Related Searches","0.66,0.44,0.36,0.44,0.29,0.54,0.44,0.36,0.44,0.23,0.29,0.29",20,,
br,fogão 4 bocas brastemp branco bfo4nbb,brastemp,,,,,320,23,0.23,1.00,162,Informational,"AI Overview, Image Pack, Site Links, Video Carousel, People Also Ask, Related Searches, Reviews, Video, Image","0.29,1.00,0.81,0.66,0.36,0.29,0.54,0.29,0.23,0.19,0.23,0.23",20,,
br,fogão 5 bocas ative brastemp,brastemp,,,,,320,26,0.11,1.00,174,"Informational, Transactional","Image Pack, Site Links, Video, Popular Products, Related Searches","0.66,0.54,0.66,0.54,0.54,0.54,0.44,0.28,0.44,0.28,0.44,0.44",20,,
br,fogão 5 bocas brastemp ative,brastemp,,,,,320,22,0.11,1.00,158,Commercial,"Popular Products, Related Searches, Image Pack, Site Links, Video, People Also Ask","0.44,0.54,0.66,0.66,0.54,0.54,0.54,0.35,0.44,0.35,0.44,0.35",20,,
br,fogão 5 bocas brastemp casas bahia,brastemp,,,,,320,31,0.10,1.00,135,"Navigational, Commercial","Related Searches, Image Pack, Site Links, People Also Ask, Popular Products","0.20,0.30,0.16,0.24,0.20,0.16,0.30,0.20,0.16,0.16,0.16,0.16",20,,
br,fogão 5 bocas brastemp forno duplo,brastemp,,,,,320,23,0.11,1.00,177,"Informational, Commercial","Image Pack, Site Links, Video, Video Carousel, People Also Ask, Popular Products, Related Searches","0.16,0.24,0.30,0.16,0.20,0.24,0.30,0.24,0.30,0.16,0.24,0.24",20,,
br,fogão 5 bocas duplo forno brastemp,brastemp,,,,,320,23,0.11,1.00,164,Transactional,"Image Pack, Site Links, Video, Video Carousel, People Also Ask, Popular Products, Related Searches","0.30,0.24,0.24,0.20,0.20,0.24,0.30,0.24,0.24,0.20,0.24,0.30",20,,
br,fogão 5 bocas forno duplo brastemp,brastemp,,,,,320,22,0.15,1.00,167,"Informational, Transactional","Related Searches, Image Pack, Site Links, Video, People Also Ask, Popular Products","0.20,0.24,0.16,0.16,0.20,0.30,0.30,0.30,0.30,0.16,0.24,0.24",20,,
br,fogão 5 bocas mesa vidro brastemp,brastemp,,,,,320,22,0.20,1.00,165,Transactional,"Popular Products, Related Searches, Image Pack, Site Links, Reviews, Video, People Also Ask","0.35,0.35,0.54,0.66,0.44,0.66,0.81,0.54,0.54,0.35,0.66,0.44",20,,
br,fogão 5 bocas preto brastemp,brastemp,,,,,320,21,0.22,1.00,162,Commercial,"Related Searches, Site Links, Video Carousel, People Also Ask, Popular Products","0.08,0.06,0.24,0.30,0.36,0.30,0.45,0.36,0.30,0.24,0.30,0.30",20,,
br,fogão brastemp 4 bocas inox embutir,brastemp,,,,,320,23,0.12,1.00,168,Informational,"Related Searches, Knowledge Panel, Image Pack, Site Links, Reviews, Video, People Also Ask, Popular Products","0.36,0.36,0.54,0.44,0.54,0.44,0.66,0.23,0.54,0.29,0.29,0.36",20,,
br,fogão brastemp 5 bocas ative,brastemp,,,,,320,22,0.11,1.00,164,Informational,"Video, People Also Ask, Popular Products, Related Searches, Image Pack, Site Links","0.54,0.54,0.81,0.66,0.66,0.66,0.54,0.44,0.44,0.35,0.44,0.35",20,,
br,fogão brastemp 5 bocas duplo forno,brastemp,,,,,320,21,0.15,1.00,178,"Informational, Transactional","Image Pack, Site Links, Video, Video Carousel, Popular Products, Related Searches","0.39,0.32,0.26,0.32,0.17,0.32,0.59,0.39,0.39,0.26,0.32,0.32",20,,
br,fogão brastemp 5 bocas forno duplo,brastemp,,,,,320,22,0.15,1.00,163,"Informational, Transactional","Image Pack, Site Links, Video, Video Carousel, Popular Products, Related Searches","0.39,0.26,0.32,0.32,0.32,0.39,0.48,0.48,0.39,0.26,0.32,0.32",20,,
br,fogão brastemp 6 bocas em promoção,brastemp,,,,,320,22,0.08,1.00,167,Commercial,"Image Pack, Site Links, People Also Ask, Related Searches","0.48,0.48,0.21,0.11,0.26,0.32,0.48,0.26,0.32,0.17,0.21,0.21",20,,
br,fogão brastemp assistencia tecnica,brastemp,,,,,320,11,0.46,0.68,170,Navigational,"Site Links, People Also Ask, Related Searches, Local Pack","0.44,0.44,0.29,0.44,0.54,0.36,0.54,0.66,0.44,0.44,0.36,0.44",20,,
br,fogão brastemp ative 5 bocas,brastemp,,,,,320,22,0.10,1.00,166,Informational,"People Also Ask, Popular Products, Related Searches, Image Pack, Site Links, Video","0.48,0.39,0.39,0.32,0.32,0.26,0.32,0.39,0.32,0.26,0.26,0.21",20,,
br,fogão brastemp bfs5xar,brastemp,,,,,320,19,0.00,1.00,165,Informational,"Video Carousel, Related Searches, Knowledge Panel, Image Pack, Site Links, Video, Image","0.23,0.23,0.29,1.00,0.29,0.29,0.44,0.29,0.29,0.23,0.44,0.29",20,,
br,fogão brastemp cinco bocas,brastemp,,,,,320,21,0.12,1.00,199,Commercial,"Image Pack, Site Links, Popular Products, Related Searches","0.24,0.30,0.20,0.24,0.20,0.20,0.30,0.24,0.13,0.20,0.20,0.24",20,,
br,fogão brastemp clean 4 bocas antigo,brastemp,,,,,320,21,0.05,1.00,191,"Informational, Commercial","Popular Products, Related Searches, Image Pack, Site Links, Video, People Also Ask","0.54,0.54,0.54,0.54,0.66,0.36,0.44,0.29,0.36,0.23,0.23,0.29",20,,
br,fogão brastemp duplo forno 5 bocas,brastemp,,,,,320,21,0.11,1.00,164,"Informational, Transactional","Image Pack, Site Links, Video, Video Carousel, Popular Products, Related Searches","0.24,0.16,0.13,0.13,0.16,0.24,0.24,0.24,0.24,0.13,0.20,0.20",20,,
br,fogão brastemp embutir inox 4 bocas,brastemp,,,,,320,23,0.12,1.00,168,Informational,"Knowledge Panel, Site Links, Video, Popular Products, Related Searches, AI Overview","0.66,0.54,0.66,0.54,0.44,0.28,0.54,0.44,0.81,0.54,0.18,0.54",20,,
br,fogão brastemp inox embutir 4 bocas,brastemp,,,,,320,29,0.12,1.00,169,Navigational,"Site Links, Video, Popular Products, Related Searches, AI Overview, Knowledge Panel","0.66,0.54,0.66,0.54,0.44,0.28,0.54,0.44,0.81,0.54,0.18,0.54",20,,
br,fogão brastemp preto,brastemp,,,,,320,28,0.18,1.00,175,Informational,"People Also Ask, Popular Products, Related Searches, Image Pack, Site Links, Video","0.54,0.44,0.44,0.44,0.44,0.44,0.54,0.44,0.44,0.44,0.44,0.54",20,,
br,fogão cinco bocas brastemp,brastemp,,,,,320,28,0.12,1.00,198,"Informational, Transactional","Popular Products, Related Searches, Image Pack, Site Links, People Also Ask","0.24,0.24,0.24,0.24,0.24,0.20,0.24,0.20,0.16,0.16,0.20,0.20",20,,
br,fogão de 4 bocas brastemp,brastemp,,,,,320,26,0.09,1.00,170,Commercial,"Popular Products, Related Searches, Image Pack, Site Links, Reviews, Video, People Also Ask","0.36,0.24,0.24,0.30,0.30,0.30,0.30,0.20,0.24,0.16,0.24,0.16",20,,
br,fogão dois fornos brastemp,brastemp,,,,,320,22,0.10,1.00,161,"Informational, Transactional","Image Pack, Site Links, Video, Video Carousel, People Also Ask, Popular Products, Related Searches","0.36,0.44,0.44,0.36,0.44,0.44,0.66,0.36,0.66,0.36,0.44,0.54",20,,
br,fogão embutir brastemp 4 bocas inox,brastemp,,,,,320,25,0.12,1.00,162,"Informational, Transactional","People Also Ask, Popular Products, Related Searches, Knowledge Panel, Image Pack, Site Links, Reviews, Video","0.44,0.44,0.66,0.44,0.66,0.36,0.66,0.36,0.66,0.36,0.36,0.36",20,,
br,fogão preto 5 bocas brastemp,brastemp,,,,,320,21,0.22,1.00,174,"Informational, Transactional","Video Carousel, People Also Ask, Popular Products, Related Searches, Image Pack, Site Links, Image","0.44,0.66,0.11,0.11,0.54,0.66,1.00,0.81,0.54,0.54,0.66,0.66",20,,
br,fogão preto brastemp 5 bocas,brastemp,,,,,320,22,0.22,1.00,168,"Informational, Transactional","Image Pack, Site Links, Video, People Also Ask, Popular Products, Related Searches","0.54,0.66,0.54,0.08,0.44,0.44,0.81,0.66,0.54,0.44,1.00,0.54",20,,
br,forno a gás da brastemp,brastemp,,,,,320,22,0.11,1.00,178,"Informational, Commercial","Popular Products, Related Searches, AI Overview, Image Pack, Site Links, Video, Video Carousel, People Also Ask","0.54,0.54,0.35,0.66,0.54,0.66,0.66,0.44,0.44,0.54,0.66,0.54",20,,
br,forno e microondas brastemp gourmand,brastemp,,,,,320,22,0.14,1.00,160,Informational,"Related Searches, Image Pack, Site Links, Reviews, Video Carousel, People Also Ask, Popular Products","0.66,0.81,1.00,0.66,0.81,0.54,0.54,0.44,0.44,0.35,0.35,0.28",20,,
br,forno microondas brastemp de embutir,brastemp,,,,,320,22,0.24,1.00,168,"Informational, Transactional","Video, Video Carousel, People Also Ask, Popular Products, Related Searches, Image Pack, Site Links","0.44,0.36,0.44,0.36,0.36,0.29,0.44,0.29,0.36,0.29,0.36,0.36",20,,
br,freezer brastemp inox,brastemp,,,,,320,23,0.28,1.00,168,"Informational, Transactional","Related Searches, Image Pack, Site Links, Video, People Also Ask, Popular Products","0.23,0.29,0.23,0.29,0.36,0.36,0.67,0.36,0.36,0.29,0.29,0.29",20,,
br,frigobar brastemp retro preto,brastemp,,,,,320,24,0.39,1.00,164,"Informational, Transactional","Site Links, People Also Ask, Popular Products, Related Searches, Image Pack","0.24,0.20,0.24,0.20,0.24,0.30,0.30,0.24,0.24,0.24,0.30,0.20",20,,
br,frigobar porta de vidro brastemp,brastemp,,,,,320,26,0.14,1.00,159,"Informational, Transactional","People Also Ask, Popular Products, Related Searches, Image Pack, Site Links, Video","0.29,0.29,0.54,0.23,0.66,0.54,0.66,0.36,0.54,0.44,0.44,0.44",20,,
br,fusivel microondas brastemp,brastemp,,,,,320,21,0.03,1.00,163,Informational,"Video, Video Carousel, People Also Ask, AI Overview, Image Pack, Site Links","0.54,0.81,0.66,0.66,0.54,0.44,0.44,0.54,0.54,0.44,0.35,0.35",20,,
br,gaveta da geladeira brastemp inverse,brastemp,,,,,320,22,0.11,1.00,176,"Informational, Transactional","Video, Video Carousel, People Also Ask, Popular Products, Related Searches, Image Pack, Site Links","0.54,0.54,0.54,0.54,0.35,0.54,0.54,0.66,0.81,0.54,0.66,0.66",20,,
br,gaveta de geladeira brastemp,brastemp,,,,,320,21,0.08,1.00,170,"Informational, Transactional","Site Links, Video, Popular Products, Related Searches, Image Pack","0.81,0.66,0.66,0.81,0.81,0.54,0.66,0.81,0.81,0.66,0.66,0.54",20,,
br,gaveta geladeira brastemp inverse,brastemp,,,,,320,23,0.11,1.00,201,"Informational, Transactional","Popular Products, Related Searches, Image Pack, Site Links, Video, People Also Ask","0.54,0.54,0.54,0.54,0.66,0.54,0.54,0.66,0.66,0.35,0.44,0.54",20,,
br,gaveta para geladeira brastemp inverse,brastemp,,,,,320,21,0.11,1.00,171,Commercial,"Adwords Top, People Also Ask, Popular Products, Related Searches, Adwords Middle, Image Pack, Site Links, Video","0.54,0.44,0.54,0.54,0.54,0.54,0.54,0.66,0.66,0.35,0.44,0.54",20,,
br,geladeira 410 litros brastemp,brastemp,,,,,320,30,0.20,1.00,173,Commercial,"Image Pack, Site Links, Video, People Also Ask, Popular Products, Related Searches","0.36,0.36,0.29,0.44,0.36,0.54,0.44,0.36,0.36,0.23,0.29,0.29",20,,
br,geladeira ative brastemp inox,brastemp,,,,,320,21,0.11,1.00,172,Informational,"Related Searches, Image Pack, Site Links, Video, People Also Ask, Popular Products","0.45,0.30,0.36,0.24,0.24,0.24,0.20,0.30,0.20,0.20,0.20,0.16",20,,
br,geladeira ative inverse brastemp,brastemp,,,,,320,27,0.12,1.00,185,Commercial,"Image Pack, Site Links, Video, People Also Ask, Popular Products, Related Searches","0.30,0.16,0.06,0.16,0.36,0.45,0.36,0.01,0.67,0.00,0.00,0.00",20,,
br,geladeira brastemp 2 portas frost free,brastemp,,,,,320,27,0.25,1.00,190,"Informational, Transactional","Image Pack, Site Links, People Also Ask, Popular Products, Related Searches","0.81,0.43,0.66,0.66,0.43,0.54,0.66,0.81,0.81,0.81,0.81,1.00",20,,
br,geladeira brastemp 375 litros promoção,brastemp,,,,,320,21,0.23,1.00,186,"Informational, Transactional","Image, Adwords Bottom, People Also Ask, Popular Products, Related Searches, AI Overview, Site Links","0.36,0.36,0.24,0.24,0.20,0.36,0.36,0.20,0.24,0.20,0.16,0.10",20,,
br,geladeira brastemp 410 litros,brastemp,,,,,320,22,0.20,1.00,167,Commercial,"Image Pack, Site Links, Video, Adwords Bottom, People Also Ask, Popular Products, Related Searches","0.36,0.24,0.30,0.30,0.30,0.36,0.30,0.24,0.20,0.13,0.20,0.20",20,,
br,geladeira brastemp 479 l,brastemp,,,,,320,26,0.17,1.00,159,Informational,"Video Carousel, Related Searches, Site Links, Video, Image, Popular Products, AI Overview, Knowledge Panel, Image Pack","0.45,0.03,0.05,0.45,0.05,0.05,0.76,0.10,0.45,0.24,0.20,0.16",20,,
br,geladeira brastemp 479 l inox,brastemp,,,,,320,26,0.11,1.00,165,Informational,"Popular Products, Related Searches, Knowledge Panel, Site Links, Video, Video Carousel","0.00,0.00,0.20,0.00,0.36,0.00,1.00,0.36,0.36,0.24,0.24,0.16",20,,
br,geladeira brastemp 554 l,brastemp,,,,,320,21,0.34,1.00,165,Commercial,"Popular Products, Related Searches, AI Overview, Site Links, Reviews, Video, Video Carousel","0.00,0.00,0.76,0.00,0.00,0.67,0.00,0.00,0.00,1.00,0.76,0.01",20,,
br,geladeira brastemp 590 litros,brastemp,,,,,320,23,0.20,1.00,174,"Informational, Transactional","Video Carousel, People Also Ask, Popular Products, Related Searches, AI Overview, Image Pack, Site Links, Video","0.36,0.29,0.29,0.23,0.29,0.23,0.44,0.44,0.81,1.00,1.00,0.81",20,,
br,geladeira brastemp black,brastemp,,,,,320,23,0.28,1.00,167,Commercial,"Adwords Bottom, Video Carousel, People Also Ask, Popular Products, Related Searches, Image Pack, Site Links, Adwords Top","0.26,0.21,0.32,1.00,0.26,0.26,0.39,0.32,0.26,0.14,0.32,0.26",20,,
br,geladeira brastemp bre58fk,brastemp,,,,,320,25,0.35,1.00,170,Informational,"Image Pack, Site Links, Video, Video Carousel, People Also Ask, Related Searches","0.21,0.21,0.32,0.32,0.26,0.21,1.00,0.39,0.32,0.11,0.11,0.09",20,,
br,geladeira brastemp bre85ak,brastemp,,,,,320,21,0.31,1.00,163,"Informational, Transactional","Image Pack, Site Links, Video, Video Carousel, People Also Ask, Related Searches, Knowledge Panel","0.23,0.23,0.36,0.36,0.36,0.29,0.81,0.44,0.29,0.19,0.19,0.07",20,,
br,geladeira brastemp brm45jk,brastemp,,,,,320,30,0.22,1.00,75,Informational,"Site Links, Reviews, People Also Ask, Related Searches, AI Overview","0.36,0.29,0.44,0.36,0.54,0.36,0.81,0.23,0.15,0.07,0.07,0.12",20,,
br,geladeira brastemp brm55,brastemp,,,,,320,25,0.16,1.00,165,Commercial,"Popular Products, Related Searches, Image Pack, Site Links, Video, Video Carousel, People Also Ask","0.44,0.44,0.44,0.66,0.44,0.66,0.81,0.66,0.66,0.54,0.44,0.35",20,,
br,geladeira brastemp clean frost free 378 l,brastemp,,,,,320,30,0.12,1.00,165,"Informational, Commercial","Popular Products, Related Searches, AI Overview, Site Links, Video, People Also Ask","0.00,0.00,0.02,0.02,0.09,0.32,0.72,1.00,0.72,0.39,0.48,0.48",20,,
br,geladeira brastemp conserto,brastemp,,,,,320,7,1.07,0.66,167,Navigational,"Local Pack, People Also Ask, Related Searches","0.66,0.66,0.66,0.66,0.54,0.54,0.54,0.66,0.66,0.54,0.43,0.43",90,,
br,geladeira brastemp de duas portas,brastemp,,,,,320,20,0.14,1.00,200,Informational,"Site Links, Video, People Also Ask, Popular Products, Related Searches, Image Pack","0.54,0.44,0.54,0.66,0.66,0.66,0.54,0.54,0.66,0.54,0.54,0.44",20,,
br,geladeira brastemp de inox,brastemp,,,,,320,27,0.12,1.00,178,"Informational, Transactional","Related Searches, Image Pack, Site Links, Video Carousel, People Also Ask, Popular Products","0.32,0.26,0.26,0.26,0.39,0.32,0.39,0.26,0.39,0.26,0.32,0.26",20,,
br,geladeira brastemp duplex antiga,brastemp,,,,,320,21,0.12,0.97,211,Informational,"Image Pack, Site Links, People Also Ask, Popular Products, Related Searches","1.00,0.54,0.54,0.35,0.35,0.44,0.44,0.44,0.44,0.35,0.35,0.28",20,,
br,geladeira brastemp frost free 443 litros,brastemp,,,,,320,21,0.18,1.00,189,Commercial,"People Also Ask, Popular Products, Related Searches, Image Pack, Site Links, Video, Video Carousel","0.20,0.16,0.16,0.16,0.11,0.08,0.07,0.08,0.08,0.05,0.04,0.03",20,,
br,geladeira brastemp frost free 588 litros,brastemp,,,,,320,24,0.23,1.00,166,"Informational, Transactional","Related Searches, Site Links, Popular Products, AI Overview, Image Pack, Video, Image, Video Carousel, People Also Ask","0.44,0.54,0.36,0.36,0.44,0.54,1.00,0.54,0.44,0.29,0.19,0.23",20,,
br,geladeira brastemp frost free duplex 400 litros,brastemp,,,,,320,22,0.26,1.00,164,"Informational, Commercial","Site Links, Video, People Also Ask, Popular Products, Related Searches, AI Overview","0.54,0.35,0.66,0.81,0.44,0.44,0.54,0.54,0.66,0.44,0.44,0.44",20,,
br,geladeira brastemp frost free usada,brastemp,,,,,320,24,0.03,1.00,195,"Informational, Transactional","Popular Products, Related Searches, Image Pack, Site Links, People Also Ask","0.44,0.44,0.44,0.54,0.54,0.54,0.54,0.54,0.54,0.36,0.36,0.36",20,,
br,geladeira brastemp inox ative,brastemp,,,,,320,24,0.11,1.00,183,"Informational, Commercial","Related Searches, Image Pack, Site Links, Video, Image, People Also Ask, Popular Products","0.36,0.24,0.30,0.24,0.24,0.24,0.24,0.30,0.20,0.24,0.24,0.20",20,,
br,geladeira brastemp inverse 3 portas,brastemp,,,,,320,22,0.24,1.00,213,Informational,"Related Searches, Image Pack, Site Links, Video, Video Carousel, People Also Ask, Popular Products","0.26,0.26,0.32,0.32,0.32,0.26,0.39,0.39,0.48,0.32,0.26,0.32",20,,
br,geladeira brastemp inverse 479 litros inox,brastemp,,,,,320,27,0.12,1.00,159,Informational,"Video Carousel, Related Searches, Knowledge Panel, Site Links, Video","0.23,0.15,0.23,0.36,0.36,0.44,1.00,0.54,0.54,0.23,0.19,0.29",20,,
br,geladeira brastemp inverse maxi,brastemp,,,,,320,27,0.15,1.00,163,Informational,"People Also Ask, Popular Products, Related Searches, Image Pack, Site Links, Video, Video Carousel","0.54,0.06,0.54,0.54,0.44,0.66,1.00,0.81,0.66,0.35,0.44,0.54",20,,
br,geladeira brastemp maxi inverse,brastemp,,,,,320,23,0.15,1.00,180,"Informational, Commercial","Video Carousel, People Also Ask, Popular Products, Related Searches, AI Overview, Image Pack, Site Links, Video","0.44,0.44,0.35,0.35,0.44,0.35,0.66,0.81,0.66,0.54,0.66,0.44",20,,
br,geladeira brastemp mini,brastemp,,,,,320,31,0.12,1.00,165,Informational,"Image Pack, Site Links, Video, Video Carousel, People Also Ask, Popular Products, Related Searches","0.03,0.39,0.39,0.39,0.39,0.39,0.48,0.39,0.32,0.39,0.48,0.39",20,,
br,geladeira brastemp modelos,brastemp,,,,,320,39,0.14,1.00,174,Commercial,"Video, Video Carousel, People Also Ask, Popular Products, Related Searches, AI Overview, Image Pack, Site Links","0.54,0.43,0.66,0.66,0.66,0.54,0.81,0.54,0.66,0.43,0.66,0.54",20,,
br,geladeira brastemp nao gela em baixo,brastemp,,,,,320,30,0.37,0.19,45,Informational,"Video, People Also Ask, Related Searches","0.81,0.66,0.81,0.81,0.66,0.66,0.54,1.00,0.66,0.43,0.43,0.35",90,,
br,geladeira brastemp não gela,brastemp,,,,,320,20,0.43,0.22,173,Informational,"People Also Ask, Related Searches, Short Videos, AI Overview, Video","0.26,0.26,0.26,0.32,0.32,0.32,0.26,0.48,0.39,0.39,0.26,0.26",90,,
br,geladeira brastemp não gela a parte de baixo,brastemp,,,,,320,29,0.23,0.15,107,Informational,"Related Searches, Short Videos, AI Overview, Video, People Also Ask","0.43,0.54,0.54,0.66,0.66,0.43,0.66,1.00,0.81,0.54,0.66,0.66",90,,
br,geladeira brastemp promocao,brastemp,,,,,320,32,0.19,1.00,187,Commercial,"Site Links, Adwords Bottom, Popular Products, Related Searches","0.54,0.36,0.41,0.01,0.01,0.02,0.07,0.02,0.02,0.02,0.02,0.02",20,,
br,geladeira brastemp retira rapido,brastemp,,,,,320,24,0.00,0.00,169,Commercial,"People Also Ask, Popular Products, Related Searches, Site Links, Reviews, Video","1.00,0.00,0.00,0.00,0.00",20,,
br,geladeira brastempo,brastemp,,,,,320,38,0.29,1.00,180,Informational,"Image Pack, Site Links, Reviews, People Also Ask, Popular Products, Related Searches, Short Videos","0.05,0.00,0.05,0.00,0.04,0.07,0.07,0.00,0.20,0.52,0.00,0.00",20,,
br,geladeira e freezer brastemp,brastemp,,,,,320,36,0.21,1.00,173,"Informational, Navigational","Popular Products, Related Searches, AI Overview, Image Pack, Site Links, Reviews, Video Carousel, People Also Ask","0.66,0.44,0.54,0.54,0.54,0.54,0.44,0.54,0.54,0.35,0.44,0.35",20,,
br,geladeira electrolux ou brastemp,brastemp,,,,,320,19,0.14,1.00,155,Commercial,"Image Pack, Site Links, Video Carousel, Popular Products, Related Searches, AI Overview, Reviews, Video, People Also Ask","0.66,0.36,0.44,0.54,0.44,0.36,0.81,0.23,0.54,0.29,0.54,0.44",20,,
br,geladeira frost free brastemp 2 portas,brastemp,,,,,320,29,0.25,1.00,168,Transactional,"Site Links, Video, Popular Products, Related Searches, AI Overview","0.66,0.43,0.66,0.66,0.54,0.66,0.66,0.81,0.66,0.54,0.54,0.66",20,,
br,geladeira inox brastemp duas portas,brastemp,,,,,320,25,0.23,1.00,171,"Informational, Transactional","Image Pack, Site Links, Popular Products, Related Searches","0.44,0.29,0.23,0.36,0.29,0.36,0.44,0.29,0.44,0.44,0.44,0.44",20,,
br,geladeira inverse ative brastemp,brastemp,,,,,320,27,0.12,1.00,182,"Informational, Commercial","Related Searches, Image Pack, Site Links, Video, Video Carousel, People Also Ask, Popular Products","0.00,0.00,1.00,0.55,0.36,0.67,0.30,0.00,0.30,0.00,0.00,0.00",20,,
br,geladeira maxi inverse brastemp,brastemp,,,,,320,21,0.15,1.00,173,Transactional,"Site Links, Video Carousel, People Also Ask, Popular Products, Related Searches","0.44,0.44,0.35,0.35,0.35,0.35,0.66,0.81,0.66,0.44,0.66,0.54",20,,
br,geladeira retrô brastemp,brastemp,,,,,320,23,0.18,1.00,160,Informational,"Image Pack, Site Links, Video, Shopping Ads, Popular Products, Related Searches","0.23,0.29,0.23,0.29,0.23,0.36,0.29,0.29,0.29,1.00,0.23,0.23",20,,
br,geladeira usada brastemp frost free,brastemp,,,,,320,25,0.03,1.00,204,"Informational, Transactional","Site Links, Video, People Also Ask, Popular Products, Related Searches, Image Pack","0.54,0.44,0.29,0.44,0.44,0.36,0.36,0.23,0.54,0.29,0.44,0.44",20,,
br,geladeira/refrigerador brastemp frost free duplex - prata 463l brm55fk,brastemp,,,,,320,23,0.46,1.00,160,Commercial,"Popular Products, Related Searches, Site Links, Video Carousel, People Also Ask","0.05,0.54,0.08,0.00,0.03,0.04,0.54,0.10,0.24,0.00,0.00,0.00",20,,
br,gold service autorizada brastemp consul e kitchenaid,brastemp,,,,,320,33,0.38,0.25,107,Navigational,"Knowledge Panel, Site Links, Video, People Also Ask, Related Searches","0.66,0.66,0.35,0.43,0.54,0.66,0.81,0.81,0.66,0.81,1.00,0.81",20,,
br,inverse brastemp branca,brastemp,,,,,320,22,0.18,1.00,182,"Informational, Transactional","Related Searches, Image Pack, Site Links, Popular Products","0.24,0.16,0.20,0.16,0.16,0.16,0.24,0.20,0.20,0.16,0.16,0.16",20,,
br,isopor geladeira brastemp frost free,brastemp,,,,,320,8,0.02,0.99,170,Informational,"Video Carousel, People Also Ask, Popular Products, Related Searches, AI Overview, Image Pack, Site Links","0.66,0.82,0.66,0.82,0.82,1.00,0.66,0.82,1.00,0.82,0.53,0.43",20,,
br,kit forno e microondas de embutir brastemp,brastemp,,,,,320,23,0.18,1.00,173,"Informational, Commercial","People Also Ask, Popular Products, Related Searches, Image Pack, Site Links, Video","1.00,0.66,0.81,0.66,0.54,0.54,0.66,0.22,0.35,0.43,0.43,0.54",20,,
br,lampada geladeira brastemp,brastemp,,,,,320,21,0.05,1.00,166,"Informational, Commercial","Image Pack, Site Links, Video, Video Carousel, People Also Ask, Popular Products, Related Searches","0.44,0.44,0.44,0.44,0.54,0.54,0.44,0.54,0.44,0.36,0.44,0.36",20,,
br,lampada para geladeira brastemp,brastemp,,,,,320,23,0.05,1.00,173,Informational,"Popular Products, Related Searches, AI Overview, Image Pack, Site Links, Video, Video Carousel, People Also Ask","0.66,0.66,0.66,0.66,0.66,0.66,0.66,0.81,0.66,0.66,0.54,0.54",20,,
br,lava e seca brastemp 13kg,brastemp,,,,,320,24,0.15,1.00,166,"Informational, Commercial","Popular Products, Related Searches, AI Overview, Site Links, Video, Video Carousel, People Also Ask","0.32,0.39,0.39,0.39,0.26,0.21,0.26,0.21,0.26,0.21,0.32,0.26",20,,
br,lava louca brastemp ative 8,brastemp,,,,,320,21,0.11,1.00,150,"Informational, Transactional","Video, Video Carousel, People Also Ask, Popular Products, Related Searches, Image Pack, Site Links","0.55,0.30,0.24,0.24,0.16,0.16,0.20,0.03,0.16,0.13,0.13,0.10",20,,
br,lava loucas 10 servicos brastemp,brastemp,,,,,320,28,0.16,1.00,161,Informational,"Knowledge Panel, Video, Video Carousel, People Also Ask, Popular Products, AI Overview, Image Pack, Site Links, Adwords Bottom, Related Searches","0.55,0.05,0.08,0.05,0.08,0.07,0.08,0.08,0.05,0.05,0.07,0.07",20,,
br,lava louça 15 serviços brastemp blf62,brastemp,,,,,320,15,0.25,1.00,164,Commercial,"Site Links, Video, Video Carousel, People Also Ask, Popular Products, Related Searches, Image Pack","0.18,0.81,1.00,0.81,0.54,0.44,1.00,0.35,0.44,0.28,0.35,0.28",20,,
br,lava louça brastemp 8 serviços 220v,brastemp,,,,,320,28,0.39,1.00,162,Informational,"Related Searches, AI Overview, Knowledge Panel, Site Links, Video, Video Carousel, Popular Products","1.00,0.54,0.44,0.23,0.36,0.36,0.36,0.19,0.29,0.23,0.29,0.29",20,,
br,lava louça gourmand brastemp,brastemp,,,,,320,23,0.20,1.00,162,Informational,"Image Pack, Site Links, Video, People Also Ask, Popular Products, Related Searches, AI Overview","0.54,0.44,0.29,0.44,0.44,0.54,0.81,0.36,0.36,0.29,0.44,0.44",20,,
br,lava louças 15 serviços brastemp blf62,brastemp,,,,,320,22,0.25,1.00,165,"Informational, Transactional","Image Pack, Site Links, Video, Video Carousel, People Also Ask, Popular Products, Related Searches","0.12,0.12,1.00,0.67,0.54,0.44,0.44,0.29,0.15,0.29,0.36,0.23",20,,
br,lava louças 8 serviços brastemp cinza - blf08bs 110v,brastemp,,,,,320,19,0.39,1.00,164,"Informational, Transactional","Knowledge Panel, Site Links, Video, Video Carousel, People Also Ask, Related Searches","0.10,0.13,0.06,1.00,0.03,0.55,0.55,0.16,0.03,0.16,0.01,0.13",20,,
br,lava louças brastemp 15 serviços blf62,brastemp,,,,,320,24,0.25,1.00,170,"Informational, Commercial","Related Searches, Site Links, Video, Shopping Ads, Video Carousel, People Also Ask, Popular Products","0.15,0.15,0.09,0.29,0.44,0.66,0.66,1.00,0.66,0.29,1.00,0.44",20,,
br,lava louças brastemp 8 servicos,brastemp,,,,,320,30,0.25,1.00,166,"Informational, Transactional","Image Pack, Site Links, Video, Video Carousel, Popular Products, Related Searches, AI Overview","0.10,0.05,0.10,0.13,0.08,0.13,0.36,0.08,0.10,0.16,0.10,0.13",20,,
br,lava louças brastemp 8 serviços cinza - blf08bs,brastemp,,,,,320,25,0.30,1.00,160,"Informational, Transactional","Video, Video Carousel, People Also Ask, Related Searches, Knowledge Panel, Site Links, Reviews","0.00,0.00,1.00,0.00,0.05,0.05,0.00,0.04,0.00,0.04,0.03,0.02",20,,
br,lava louças brastemp 8 serviços preta - blf08ae,brastemp,,,,,320,23,0.43,1.00,166,"Informational, Transactional","Related Searches, Knowledge Panel, Site Links, Video, Video Carousel, People Also Ask","0.35,0.35,0.66,0.44,0.23,0.54,1.00,0.66,0.15,0.44,1.00,0.66",20,,
br,lava louças brastemp antiga,brastemp,,,,,320,24,0.04,0.92,169,"Informational, Commercial","Video, Video Carousel, People Also Ask, Popular Products, Related Searches, Image Pack, Site Links","0.54,1.00,1.00,0.54,0.54,0.81,0.22,0.43,1.00,0.81,0.22,0.81",20,,
br,lava louças gourmand brastemp,brastemp,,,,,320,23,0.20,1.00,143,Informational,"People Also Ask, Popular Products, Related Searches, Image Pack, Site Links, Video","0.54,0.44,0.29,0.44,0.44,0.54,0.81,0.36,0.36,0.29,0.44,0.44",20,,
br,lava-louças brastemp 15 serviços inox com power clean - blf62ar,brastemp,,,,,320,24,0.38,1.00,172,Informational,"Related Searches, Knowledge Panel, Site Links, Video, Video Carousel, People Also Ask, Popular Products","0.05,0.23,0.18,0.81,0.54,0.66,0.81,0.81,1.00",20,,
br,lava-louças brastemp 8 serviços,brastemp,,,,,320,21,0.25,1.00,172,Informational,"Popular Products, Related Searches, AI Overview, Knowledge Panel, Site Links, Video, Video Carousel, People Also Ask","0.00,0.00,0.00,0.08,0.00,0.00,0.00,0.05,0.00,0.08,0.00,0.00",20,,
br,lavadora brastemp 16kg,brastemp,,,,,320,24,0.27,1.00,169,Commercial,"Image Pack, Site Links, Video, Video Carousel, People Also Ask, Popular Products, Related Searches","0.08,0.05,0.07,0.05,0.05,0.04,0.08,0.05,0.05,0.04,0.04,0.04",20,,
br,lavadora brastemp 18 kg,brastemp,,,,,320,18,0.21,1.00,166,Informational,"Site Links, Video, Video Carousel, People Also Ask, Popular Products, Related Searches, Image Pack","0.22,0.66,1.00,1.00,0.66,0.81,1.00,0.66,1.00,0.54,0.81,0.54",20,,
br,lavadora brastemp w10446925 serve para 9k,brastemp,,,,,320,6,0.00,0.00,494,Informational,"Site Links, Reviews, People Also Ask, AI Overview","1.00,0.00,0.00,0.00,0.00,0.00",20,,
br,lavadora de loucas brastemp,brastemp,,,,,320,27,0.18,1.00,172,"Navigational, Transactional","Video Carousel, Popular Products, Related Searches, Image Pack, Site Links, Reviews, Video","0.13,0.08,0.16,0.08,0.11,0.11,0.13,0.11,0.08,0.68,0.07,0.07",20,,
br,lavadora de roupas brastemp 13kg,brastemp,,,,,320,23,0.31,1.00,167,Informational,"Popular Products, Related Searches, AI Overview, Site Links, Video, Video Carousel, People Also Ask","0.32,0.39,0.39,0.39,0.14,0.26,0.48,0.26,0.39,0.17,0.17,0.09",20,,
br,lavadora e secadora brastemp,brastemp,,,,,320,27,0.13,1.00,175,Transactional,"Site Links, Reviews, Video, Video Carousel, People Also Ask, Popular Products, Related Searches, Short Videos, Image Pack","0.36,0.36,0.36,0.24,0.13,0.10,0.24,0.20,0.24,0.24,0.24,0.20",20,,
br,lavadora loucas brastemp 14 servicos,brastemp,,,,,320,24,0.24,1.00,160,"Informational, Transactional","Site Links, Video, Video Carousel, People Also Ask, Popular Products, Related Searches","0.00,0.00,0.00,0.00,0.00,0.00,0.00,0.00,1.00,0.00,0.00,0.00",20,,
br,lavadora secadora brastemp,brastemp,,,,,320,21,0.13,1.00,168,Transactional,"Popular Products, Related Searches, Short Videos, Image Pack, Site Links, Video, Video Carousel, People Also Ask","0.54,0.66,0.54,0.44,0.29,0.36,0.54,0.36,0.36,0.44,0.54,0.36",20,,
br,limpeza máquina de lavar brastemp 13kg,brastemp,,,,,320,29,0.29,0.19,174,Informational,"Video, People Also Ask, Related Searches, Short Videos, AI Overview, Image Pack, Site Links, Reviews","0.66,0.54,0.66,0.81,0.81,0.81,0.81,0.54,1.00,0.66,0.66,0.66",20,,
br,linha gourmand brastemp,brastemp,,,,,320,23,0.14,1.00,164,"Informational, Transactional","Site Links, Reviews, Video, People Also Ask, Popular Products, Related Searches, Image Pack","0.66,0.66,0.66,0.54,0.54,0.81,0.81,0.54,0.81,0.54,0.66,0.66",20,,
br,linha gourmand da brastemp,brastemp,,,,,320,18,0.14,1.00,170,"Navigational, Transactional","AI Overview, Image Pack, Site Links, Video, Adwords Bottom, People Also Ask, Popular Products, Related Searches","0.66,0.66,0.54,0.43,0.66,0.81,0.81,0.54,0.81,0.66,0.81,0.66",20,,
br,loja da brastemp online,brastemp,,,,,320,32,0.36,1.00,164,"Navigational, Commercial","Site Links, Reviews, Video, Related Searches","0.20,0.20,0.16,0.16,0.16,0.20,0.36,0.20,0.24,0.24,0.30,0.20",20,,
br,lojas brastemp online,brastemp,,,,,320,41,0.36,1.00,174,"Navigational, Transactional","Adwords Top, People Also Ask, Popular Products, Related Searches, Site Links, Video","0.44,0.44,0.23,0.44,0.29,0.36,1.00,0.36,0.44,0.44,0.66,0.36",20,,
br,mais top brastemp consul,brastemp,,,,,320,21,0.00,0.02,102,Informational,"Image Pack, Site Links, Video, Related Searches, AI Overview","0.20,0.20,0.20,0.16,0.20,0.55,0.36,0.24,0.16,0.20,0.30,0.24",20,,
br,manual da geladeira brastemp frost free,brastemp,,,,,320,22,0.20,0.02,107,Informational,"Image Pack, Site Links, Reviews, Video, People Also Ask, Related Searches","0.54,0.44,0.54,0.54,0.54,0.54,0.54,0.66,0.54,0.54,0.44,0.54",20,,
br,manual maquina de lavar brastemp,brastemp,,,,,320,17,0.07,0.28,163,Informational,"Reviews, Video, Video Carousel, People Also Ask, Related Searches, AI Overview, Image Pack, Site Links","0.81,0.81,0.66,0.66,0.66,0.81,0.66,0.81,0.66,0.43,0.54,0.43",20,,
br,maquina 15 kg brastemp,brastemp,,,,,320,23,0.27,1.00,166,Informational,"Video Carousel, People Also Ask, Popular Products, Related Searches, Site Links, Video","0.01,0.01,0.03,0.24,1.00,0.01,0.02,0.02,0.01,0.01,0.01,0.01",20,,
br,maquina antiga brastemp,brastemp,,,,,320,26,0.00,0.81,205,Informational,"Video, Video Carousel, People Also Ask, Popular Products, Related Searches, Short Videos, Image Pack, Site Links","0.66,0.81,0.81,0.66,0.54,0.43,0.54,0.54,0.54,0.54,0.66,0.54",20,,
br,maquina b blend brastemp,brastemp,,,,,320,29,0.11,1.00,167,Informational,"Knowledge Panel, Site Links, Video, Video Carousel, Image Pack, Reviews, Adwords Bottom, People Also Ask, Related Searches","0.13,0.13,0.13,0.13,0.16,0.25,0.25,0.20,0.20,0.20,0.16,0.20",20,,
br,maquina brastemp 10kg,brastemp,,,,,320,23,0.14,1.00,167,Informational,"Image Pack, Site Links, Video Carousel, People Also Ask, Popular Products, Related Searches","0.48,0.32,0.48,0.32,0.26,0.21,0.32,0.21,0.32,0.32,0.32,0.26",20,,
br,maquina brastemp 12 kg,brastemp,,,,,320,23,0.15,1.00,167,Commercial,"Related Searches, AI Overview, Site Links, Video, Video Carousel, People Also Ask, Popular Products","0.06,0.24,0.36,0.30,0.20,0.20,0.24,0.36,0.24,0.24,0.36,0.30",20,,
br,maquina brastemp antiga,brastemp,,,,,320,25,0.00,0.81,201,Informational,"Video, Video Carousel, People Also Ask, Popular Products, Related Searches, Image Pack, Site Links","0.66,0.81,0.81,0.81,0.54,0.43,0.35,0.54,0.54,0.54,0.66,0.54",20,,
br,maquina de lavar 10kg brastemp menor preço,brastemp,,,,,320,19,0.10,1.00,170,Commercial,"Related Searches, Site Links, People Also Ask, Popular Products","0.44,0.36,0.29,0.23,0.29,0.23,0.36,0.29,0.29,0.29,0.36,0.29",20,,
br,maquina de lavar 15kg brastemp preço,brastemp,,,,,320,22,0.14,0.32,166,Transactional,"People Also Ask, Popular Products, Related Searches, AI Overview, Site Links, Reviews","0.54,0.66,0.44,0.54,0.44,0.36,0.44,0.29,0.29,0.23,0.29,0.29",20,,
br,maquina de lavar 18 kilos brastemp,brastemp,,,,,320,24,0.22,1.00,164,Commercial,"Site Links, Video, Video Carousel, People Also Ask, Popular Products, Related Searches","0.28,0.81,1.00,0.66,0.44,0.44,0.23,0.54,0.81,0.66,0.66,0.81",20,,
br,maquina de lavar brastemp 13kg cesto inox,brastemp,,,,,320,27,0.19,1.00,164,Commercial,"Related Searches, AI Overview, Image Pack, Site Links, Video, Video Carousel, People Also Ask, Popular Products","0.81,0.54,0.36,0.44,0.54,0.54,0.29,0.36,0.19,0.23,0.23,0.15",20,,
br,maquina de lavar brastemp 16 kg,brastemp,,,,,320,21,0.28,1.00,167,Commercial,"Related Searches, Image Pack, Site Links, Reviews, Video, Video Carousel, People Also Ask, Popular Products","0.35,0.35,1.00,0.35,0.28,0.23,0.66,0.35,0.81,0.81,0.81,0.66",20,,
br,maquina de lavar brastemp 9 kg promoção,brastemp,,,,,320,16,0.10,1.00,163,Commercial,"Site Links, Related Searches","0.00,0.36,0.30,0.24,0.20,0.20,0.24,0.20,0.20,0.24,0.30,0.20",20,,
br,maquina de lavar e secar da brastemp,brastemp,,,,,320,26,0.17,1.00,177,Commercial,"Reviews, Video Carousel, People Also Ask, Popular Products, Related Searches, Short Videos, AI Overview, Site Links, Video","0.25,0.25,0.13,0.04,0.16,0.11,0.07,0.13,0.08,0.31,0.20,0.16",20,,
br,maquina de lavar lava e seca brastemp,brastemp,,,,,320,23,0.17,1.00,169,Commercial,"Image Pack, Site Links, Video, Video Carousel, People Also Ask, Popular Products, Related Searches","0.81,0.66,0.66,0.54,0.54,0.54,0.81,0.35,0.54,0.44,0.44,0.44",20,,
br,maquina de lavar louça 14 serviços brastemp,brastemp,,,,,320,22,0.28,1.00,155,Transactional,"Video Carousel, People Also Ask, Popular Products, Related Searches, Site Links, Reviews, Video","0.44,0.54,0.54,0.66,0.44,0.44,0.81,0.36,0.36,0.29,0.36,0.44",20,,
br,maquina de lavar manual brastemp,brastemp,,,,,320,25,0.07,0.28,166,Informational,"Site Links, Reviews, Video, People Also Ask, AI Overview, Adwords Bottom, Video Carousel, Popular Products, Related Searches","0.81,0.66,0.54,0.43,0.54,0.66,0.54,0.66,0.54,0.43,0.54,0.43",20,,
br,maquina de lavar roupa 9kg brastemp,brastemp,,,,,320,25,0.12,1.00,165,Commercial,"People Also Ask, Related Searches, Image Pack, Site Links, Video, Video Carousel","0.26,0.39,0.39,0.39,0.48,0.39,0.39,0.32,0.39,0.21,0.26,0.26",20,,
br,maquina de lavar roupas brastemp 17kg,brastemp,,,,,320,27,0.21,1.00,167,Commercial,"People Also Ask, Popular Products, Related Searches, Short Videos, Site Links, Reviews, Video, Video Carousel","0.36,0.36,0.55,0.30,0.16,0.10,0.24,0.08,0.16,0.00,0.08,0.24",20,,
br,maquina lava e seca brastemp 10kg,brastemp,,,,,320,27,0.11,1.00,165,Commercial,"Site Links, Video, Video Carousel, People Also Ask, Popular Products, Related Searches","1.00,0.81,0.66,0.54,0.35,0.43,0.54,0.29,0.35,0.43,0.66,0.54",20,,
br,maquina lavar louca brastemp,brastemp,,,,,320,35,0.24,1.00,194,"Informational, Navigational","Image Pack, Site Links, Video, Video Carousel, People Also Ask, Popular Products, Related Searches, Short Videos, AI Overview","0.13,0.08,0.24,0.13,0.10,0.10,0.13,0.08,0.30,0.13,0.10,0.10",20,,
br,maquina lavar louça 8 serviços brastemp,brastemp,,,,,320,30,0.24,1.00,165,Informational,"Image Pack, Video, Adwords Bottom, Site Links, Video Carousel, People Also Ask, Popular Products, Related Searches, Adwords Middle","0.20,0.30,0.24,0.36,0.30,0.20,0.36,0.24,0.24,0.16,0.24,0.24",20,,
br,maquina lavar louça brastemp 8 serviços,brastemp,,,,,320,30,0.24,1.00,125,Informational,"Image Pack, Site Links, Reviews, Video Carousel, People Also Ask, Popular Products, Related Searches","0.66,0.66,0.81,0.81,0.66,0.66,0.66,0.66,0.81,0.54,0.43,0.54",20,,
br,maquina secadora brastemp,brastemp,,,,,320,23,0.23,1.00,176,Commercial,"People Also Ask, Popular Products, Related Searches, Short Videos, Image Pack, Site Links, Reviews, Video","0.54,0.81,0.67,0.29,0.23,0.19,0.19,0.12,0.19,0.15,0.19,0.23",20,,
br,maquinas de lavar e secar brastemp,brastemp,,,,,320,27,0.14,1.00,165,Transactional,"Reviews, Video, Video Carousel, People Also Ask, Popular Products, Related Searches, Short Videos, Site Links","0.30,0.24,0.24,0.16,0.20,0.20,0.24,0.24,0.30,0.24,0.30,0.24",20,,
br,maquinas de lavar roupa brastemp 9 kg,brastemp,,,,,320,26,0.10,1.00,175,Commercial,"Video, Video Carousel, People Also Ask, Popular Products, Related Searches, Site Links, Reviews","0.66,0.66,0.43,0.43,0.66,0.54,0.66,0.66,0.81,0.66,0.81,0.81",20,,
br,mecanismo maquina de lavar brastemp,brastemp,,,,,320,7,0.05,1.00,163,"Informational, Transactional","Image Pack, Site Links, Video, Video Carousel, People Also Ask, Popular Products, Related Searches","0.82,1.00,1.00,1.00,1.00,0.82,1.00,0.82,1.00,0.66,1.00,0.66",20,,
br,medida cooktop 5 bocas brastemp,brastemp,,,,,320,21,0.07,1.00,163,Informational,"Image Pack, Site Links, Video, People Also Ask, Popular Products, Related Searches, AI Overview","0.66,0.44,0.54,0.66,0.66,0.54,0.66,0.44,0.44,0.44,0.44,0.44",20,,
br,medida frigobar brastemp,brastemp,,,,,320,23,0.09,1.00,161,"Informational, Transactional","Reviews, People Also Ask, Popular Products, Related Searches, Image Pack, Site Links","0.66,0.54,0.54,0.54,0.54,0.66,0.02,0.29,0.44,0.01,0.54,0.01",20,,
br,medidas frigobar brastemp retro,brastemp,,,,,320,22,0.07,1.00,162,Informational,"Image Pack, Site Links, People Also Ask, Related Searches","0.44,0.54,0.44,0.66,0.44,0.54,0.66,0.44,0.66,0.54,0.66,0.81",20,,
br,membrana microondas brastemp,brastemp,,,,,320,23,0.04,1.00,165,"Informational, Transactional","Image Pack, Site Links, Video, People Also Ask, Popular Products, Related Searches","0.66,0.44,0.44,0.66,0.44,0.44,0.54,0.44,0.54,0.66,0.66,0.54",20,,
br,micro ondas 32 litros brastemp,brastemp,,,,,320,21,0.18,1.00,165,Informational,"Video, Popular Products, Related Searches, AI Overview, Site Links","0.16,0.13,0.20,0.20,0.13,0.16,0.24,0.45,0.16,0.67,0.20,0.16",20,,
br,microondas brastemp antigo,brastemp,,,,,320,24,0.03,0.85,174,Informational,"People Also Ask, Popular Products, Related Searches, Image Pack, Site Links, Video, Video Carousel","0.54,0.81,1.00,0.66,0.54,0.54,0.81,0.81,0.81,0.66,0.54,0.54",20,,
br,microondas brastemp clean,brastemp,,,,,320,24,0.08,1.00,196,Commercial,"Popular Products, Related Searches, Image Pack, Site Links, Video, People Also Ask","0.44,0.54,0.36,0.44,0.44,0.44,0.44,0.36,0.44,0.29,0.36,0.29",20,,
br,microondas brastemp grill,brastemp,,,,,320,23,0.15,1.00,172,Informational,"People Also Ask, Popular Products, Related Searches, Image Pack, Site Links, Video, Video Carousel","0.66,0.54,0.54,0.54,0.66,0.54,0.81,0.54,0.44,0.35,0.35,0.44",20,,
br,microondas brastemp inox 20 litros,brastemp,,,,,320,24,0.16,1.00,1210000,Commercial,"Video, Video Carousel, People Also Ask, Related Searches, AI Overview, Site Links","0.12,0.12,0.15,0.54,0.44,0.54,0.54,0.54,0.66,0.54,0.66,0.44",20,,
