Database,Keyword,Seed keyword,Page,Topic,Page type,Tags,Volume,Keyword Difficulty,CPC (USD),Competitive Density,Number of Results,Intent,SERP Features,Trend,Click potential,Content references,Competitors
br,adega climatizada fazendo barulho,,,,,,,,,,,,,,,,
br,adega climatizada não gela,,,,,,20,0,0.00,0.33,,,,"0.14,0.00,0.14,0.14,0.00,0.14,0.14,0.14,0.14,0.14,0.14,0.14",,,
br,air fryer com cheiro de queimado,,,,,,30,0,0.00,0.33,,,,"0.18,0.18,0.45,0.18,0.18,0.18,0.45,0.36,0.27,0.27,0.18,0.36",,,
br,air fryer com cheiro de queimado o que fazer,,,,,,,,,,,,,,,,
br,air fryer desligando sozinha,,,,,,70,0,0.00,0.33,,,,"0.65,0.43,0.34,0.43,0.34,0.34,0.12,0.00,0.06,0.06,0.06,0.06",,,
br,air fryer desligando sozinha o que fazer,,,,,,,,,,,,,,,,
br,air fryer econômica,,,,,,20,0,0.05,1.00,,,,"0.40,0.40,0.40,0.40,0.40,0.40,0.40,0.20,0.40,0.40,0.40,0.40",,,
br,air fryer electrolux nao liga,,,,,,20,0,0.00,0.33,,,,"0.28,0.28,0.28,0.28,0.28,0.28,0.28,0.28,0.28,0.28,0.28,0.28",,,
br,air fryer gasta muita energia,,,,,,2900,20,0.01,0.04,168,Informational,"People Also Ask, Related Searches, Short Videos, AI Overview, Video, Video Carousel","0.80,0.66,0.80,0.66,0.80,0.80,1.00,0.80,1.00,0.66,0.80,0.66",90,,
br,air fryer não esquenta,,,,,,70,0,0.00,0.33,,,,"0.15,0.15,0.15,0.19,0.19,0.53,0.34,0.19,0.15,0.11,0.11,0.65",,,
br,air fryer não esquenta o que fazer,,,,,,,,,,,,,,,,
br,air fryer não liga,,,,,,140,29,0.00,0.33,169,Informational,"Video, People Also Ask, Related Searches, Short Videos, AI Overview","0.53,0.65,0.65,0.21,0.43,0.65,0.65,0.53,0.65,0.12,0.15,0.53",90,,
br,air fryer não liga o que fazer,,,,,,,,,,,,,,,,
br,airfryer com cheiro de queimado,,,,,,20,0,0.00,0.33,,,,"0.11,0.11,0.11,0.11,0.11,0.11,0.11,0.11,0.11,0.11,0.11,0.11",,,
br,airfryer desligando sozinha,,,,,,20,0,0.00,0.33,,,,"0.11,0.11,0.11,0.11,0.11,0.11,0.17,0.11,0.11,0.11,0.11,0.11",,,
br,airfryer não esquenta,,,,,,50,0,0.00,0.01,,,,"0.09,0.09,0.09,0.09,0.33,0.42,0.42,0.42,1.00,0.00,0.00,0.00",,,
br,airfryer não liga,,,,,,70,0,0.00,0.33,,,,"0.64,0.64,0.07,0.21,0.50,0.50,0.35,0.50,0.50,0.50,0.64,0.50",,,
br,ar condicionado com cheiro,,,,,,30,0,0.00,0.44,,,,"0.14,0.14,0.21,0.14,0.21,0.21,0.14,0.21,0.14,0.21,0.21,0.21",,,
br,ar condicionado com cheiro o que fazer,,,,,,,,,,,,,,,,
br,ar condicionado desligando sozinho,,,,,,720,19,0.42,0.02,103,Informational,"Video Carousel, People Also Ask, Related Searches, Short Videos, AI Overview, Video","0.25,0.20,0.16,0.25,0.37,0.37,0.37,0.84,0.68,0.52,0.37,0.31",90,,
br,ar condicionado desligando sozinho o que fazer,,,,,,,,,,,,,,,,
br,ar condicionado econômica,,,,,,20,0,0.11,0.92,,,,"0.44,0.00,0.00,0.00,0.11,0.11,0.22,0.55,1.00,0.22,0.11,0.11",,,
br,ar condicionado electrolux nao liga,,,,,,70,0,0.44,0.05,,,,"0.06,0.00,0.21,0.21,0.21,0.28,0.28,0.53,0.43,0.34,0.15,0.28",,,
br,ar condicionado fazendo barulho,,,,,,1000,22,0.16,0.05,102,Informational,"Related Searches, Short Videos, AI Overview, Reviews, Video, Video Carousel, People Also Ask","0.30,0.30,0.30,0.30,0.41,0.41,0.41,0.79,0.79,0.66,0.41,0.41",90,,
br,ar condicionado fazendo barulho o que fazer,,,,,,,,,,,,,,,,
br,ar condicionado gasta muita energia,,,,,,1600,26,0.01,0.07,107,Informational,"Reviews, Video, Video Carousel, People Also Ask, Related Searches, AI Overview","0.07,0.07,0.08,0.08,0.15,0.19,0.24,0.66,0.54,0.24,0.19,0.13",90,,
br,ar condicionado luz piscando,,,,,,30,0,0.00,0.02,,,,"0.06,0.06,0.06,0.06,0.09,0.09,0.06,0.12,0.12,0.12,0.06,0.09",,,
br,ar condicionado luz piscando o que fazer,,,,,,,,,,,,,,,,
br,ar condicionado não gela,,,,,,1900,24,0.15,0.10,107,Informational,"Reviews, Video, Video Carousel, People Also Ask, Related Searches, AI Overview","0.13,0.08,0.08,0.13,0.28,0.28,0.24,0.81,0.54,0.36,0.19,0.15",90,,
br,ar condicionado não gela o que fazer,,,,,,20,0,0.07,0.15,,,,"0.01,0.01,0.01,0.01,0.01,0.01,0.01,0.01,0.01,0.01,0.01,0.01",,,
br,ar condicionado não liga,,,,,,880,15,0.30,0.06,108,Informational,"Reviews, Video, Video Carousel, People Also Ask, Related Searches, Short Videos, AI Overview","0.24,0.20,0.24,0.24,0.36,0.30,0.41,0.79,0.41,0.54,0.41,0.30",90,,
br,ar condicionado não liga o que fazer,,,,,,0,0,0.00,0.00,,,,"0.00,0.00,0.00,0.00,0.00,0.00,0.00,0.00,0.00,0.00,0.00,0.00",,,
br,ar condicionado pingando agua,,,,,,2900,34,0.11,0.22,106,Informational,"People Also Ask, Related Searches, Short Videos, AI Overview, Reviews, Video, Adwords Bottom, Video Carousel","0.24,0.15,0.13,0.19,0.28,0.36,0.43,0.81,0.66,0.66,0.66,0.43",90,,
br,ar condicionado pingando agua o que fazer,,,,,,70,0,0.17,0.19,,,,"0.19,0.07,0.07,0.07,0.07,0.11,0.15,0.80,0.42,0.42,0.42,0.26",,,
br,aspirador com pouca forca,,,,,,,,,,,,,,,,
br,aspirador de pó com pouca forca,,,,,,,,,,,,,,,,
br,aspirador de pó com pouca forca o que fazer,,,,,,,,,,,,,,,,
br,aspirador de pó econômica,,,,,,,,,,,,,,,,
br,aspirador de pó electrolux nao liga,,,,,,,,,,,,,,,,
br,aspirador de pó gasta muita energia,,,,,,170,20,0.00,0.01,162,Informational,"AI Overview, Video, Video Carousel, People Also Ask, Related Searches","0.66,0.52,0.80,0.66,1.00,1.00,1.00,0.80,1.00,0.66,0.80,0.80",90,,
br,aspirador de pó não liga,,,,,,20,0,0.00,0.33,,,,"0.27,0.27,0.18,0.18,0.18,0.18,0.18,0.18,0.18,0.18,0.18,0.36",,,
br,aspirador de pó não liga o que fazer,,,,,,,,,,,,,,,,
br,aspirador de pó não puxa,,,,,,10,0,0.00,0.33,,,,"0.00,0.00,0.00,0.00,1.00,1.00,1.00,1.00,1.00,0.00,0.00,0.00",,,
br,aspirador de pó não puxa o que fazer,,,,,,,,,,,,,,,,
br,aspirador de pó perdeu sucção,,,,,,,,,,,,,,,,
br,aspirador de pó perdeu sucção o que fazer,,,,,,,,,,,,,,,,
br,aspirador não liga,,,,,,0,0,0.00,0.33,,,,"0.00,0.00,0.00,0.00,0.00,0.00,0.00,0.00,0.00,0.00,0.00,1.00",,,
br,aspirador não puxa,,,,,,0,0,0.00,0.00,,,,"0.00,0.00,0.00,0.00,0.00,0.00,0.00,0.00,0.00,0.00,0.00,0.00",,,
br,aspirador perdeu sucção,,,,,,,,,,,,,,,,
br,assistência técnica adega climatizada 24 horas,,,,,,,,,,,,,,,,
br,assistência técnica air fryer,,,,,,260,7,0.21,0.22,193,Transactional,"Local Pack, Video, Video Carousel, People Also Ask, Related Searches","0.44,0.44,0.44,0.44,0.44,0.54,0.44,0.44,0.28,0.35,0.35,0.23",90,,
br,assistência técnica air fryer 24 horas,,,,,,,,,,,,,,,,
br,assistência técnica air fryer electrolux,,,,,,20,0,0.18,0.44,,,,"0.18,0.18,0.18,0.18,0.18,0.18,0.18,0.18,0.18,0.18,0.18,0.27",,,
br,assistência técnica air fryer perto de mim,,,,,,30,0,0.26,0.25,,,,"0.00,0.09,0.00,0.27,0.27,0.27,0.27,0.00,0.18,1.00,0.27,0.18",,,
br,assistência técnica airfryer,,,,,,40,0,0.31,0.20,,,,"0.71,0.00,0.57,0.42,0.28,0.57,0.42,0.28,0.71,1.00,0.57,0.57",,,
br,assistência técnica ar condicionado,,,,,,210,9,0.38,0.57,119,Commercial,"Video, Adwords Bottom, People Also Ask, Related Searches, Local Pack","0.02,0.02,0.03,0.02,0.03,0.07,0.04,0.24,0.08,0.05,0.04,0.03",90,,
br,assistência técnica ar condicionado 24 horas,,,,,,,,,,,,,,,,
br,assistência técnica ar condicionado belo horizonte,,,,,,,,,,,,,,,,
br,assistência técnica ar condicionado belém,,,,,,,,,,,,,,,,
br,assistência técnica ar condicionado brasília,,,,,,,,,,,,,,,,
br,assistência técnica ar condicionado campinas,,,,,,,,,,,,,,,,
br,assistência técnica ar condicionado campo grande,,,,,,,,,,,,,,,,
br,assistência técnica ar condicionado caxias do sul,,,,,,,,,,,,,,,,
br,assistência técnica ar condicionado contagem,,,,,,,,,,,,,,,,
br,assistência técnica ar condicionado cuiabá,,,,,,0,0,0.00,0.00,,,,"0.00,0.00,0.00,0.00,0.00,0.00,0.00,0.00,0.00,0.00,0.00,0.00",,,
br,assistência técnica ar condicionado curitiba,,,,,,0,0,0.00,0.00,,,,"0.00,0.00,0.00,0.00,0.00,0.00,0.00,0.00,0.00,0.00,0.00,0.00",,,
br,assistência técnica ar condicionado duque de caxias,,,,,,,,,,,,,,,,
br,assistência técnica ar condicionado electrolux,,,,,,10,0,0.41,0.77,,,,"0.00,0.00,0.01,0.01,0.02,0.01,0.00,0.04,0.02,0.01,0.01,0.01",,,
br,assistência técnica ar condicionado florianópolis,,,,,,,,,,,,,,,,
br,assistência técnica ar condicionado fortaleza,,,,,,,,,,,,,,,,
br,assistência técnica ar condicionado goiânia,,,,,,0,0,0.00,0.00,,,,"0.00,0.00,0.00,0.00,0.00,0.00,0.00,0.00,0.00,0.00,0.00,0.00",,,
br,assistência técnica ar condicionado guarulhos,,,,,,,,,,,,,,,,
br,assistência técnica ar condicionado joinville,,,,,,,,,,,,,,,,
br,assistência técnica ar condicionado joão pessoa,,,,,,,,,,,,,,,,
br,assistência técnica ar condicionado londrina,,,,,,,,,,,,,,,,
br,assistência técnica ar condicionado maceió,,,,,,0,0,0.00,0.00,,,,"0.00,0.00,0.00,0.00,0.00,0.00,0.00,0.00,0.00,0.00,0.00,0.00",,,
br,assistência técnica ar condicionado manaus,,,,,,0,0,0.00,0.00,,,,"0.00,0.00,0.00,0.00,0.00,0.00,0.00,0.00,0.00,0.00,0.00,0.00",,,
br,assistência técnica ar condicionado maringá,,,,,,0,0,0.00,0.00,,,,"0.00,0.00,0.00,0.00,0.00,0.00,0.00,0.00,0.00,0.00,0.00,0.00",,,
br,assistência técnica ar condicionado natal,,,,,,,,,,,,,,,,
br,assistência técnica ar condicionado niterói,,,,,,0,0,0.00,0.00,,,,"0.00,0.00,0.00,0.00,0.00,0.00,0.00,0.00,0.00,0.00,0.00,0.00",,,
br,assistência técnica ar condicionado osasco,,,,,,,,,,,,,,,,
br,assistência técnica ar condicionado perto de mim,,,,,,50,0,0.97,0.84,,,,"0.11,0.11,0.11,0.11,0.11,0.11,0.11,0.82,0.64,0.64,0.11,0.11",,,
br,assistência técnica ar condicionado porto alegre,,,,,,0,0,0.71,0.98,,,,"0.00,0.00,0.00,0.00,0.00,0.00,0.00,1.00,0.00,0.00,0.00,0.00",,,
br,assistência técnica ar condicionado recife,,,,,,0,0,0.00,0.00,,,,"0.00,0.00,0.00,0.00,0.00,0.00,0.00,0.00,0.00,0.00,0.00,0.00",,,
br,assistência técnica ar condicionado ribeirão preto,,,,,,,,,,,,,,,,
br,assistência técnica ar condicionado rio de janeiro,,,,,,,,,,,,,,,,
br,assistência técnica ar condicionado salvador,,,,,,,,,,,,,,,,
br,assistência técnica ar condicionado santo andré,,,,,,,,,,,,,,,,
br,assistência técnica ar condicionado santos,,,,,,,,,,,,,,,,
br,assistência técnica ar condicionado sorocaba,,,,,,,,,,,,,,,,
br,assistência técnica ar condicionado são bernardo do campo,,,,,,,,,,,,,,,,
br,assistência técnica ar condicionado são josé dos campos,,,,,,,,,,,,,,,,
br,assistência técnica ar condicionado são paulo,,,,,,,,,,,,,,,,
br,assistência técnica ar condicionado uberlândia,,,,,,,,,,,,,,,,
br,assistência técnica ar condicionado vitória,,,,,,,,,,,,,,,,
br,assistência técnica aspirador,,,,,,20,0,0.21,0.20,,,,"0.00,0.00,0.05,0.05,0.23,0.11,0.00,0.05,0.05,0.64,0.00,0.05",,,
br,assistência técnica aspirador de pó,,,,,,110,6,0.24,0.22,193,Commercial,"Local Pack, Reviews, Video, People Also Ask, Related Searches","0.28,0.43,0.43,0.28,0.17,0.23,0.17,0.10,0.23,0.28,0.17,0.28",90,,
br,assistência técnica aspirador de pó 24 horas,,,,,,,,,,,,,,,,
br,assistência técnica aspirador de pó electrolux,,,,,,10,0,0.12,0.35,,,,"0.00,0.00,0.33,0.33,0.66,0.66,0.00,0.33,1.00,0.33,0.33,0.00",,,
br,assistência técnica aspirador de pó perto de mim,,,,,,,,,,,,,,,,
br,assistência técnica autorizada,,,,,,480,16,0.34,0.25,124,Commercial,"Related Searches, Local Pack, Video, People Also Ask","0.66,0.66,0.66,0.66,0.81,0.54,0.66,0.66,1.00,0.66,0.54,0.36",90,,
br,assistência técnica autorizada adega climatizada,,,,,,,,,,,,,,,,
br,assistência técnica autorizada air fryer,,,,,,,,,,,,,,,,
br,assistência técnica autorizada ar condicionado,,,,,,,,,,,,,,,,
br,assistência técnica autorizada aspirador de pó,,,,,,,,,,,,,,,,
br,assistência técnica autorizada coifa,,,,,,,,,,,,,,,,
br,assistência técnica autorizada cooktop,,,,,,,,,,,,,,,,
br,assistência técnica autorizada fogão,,,,,,,,,,,,,,,,
br,assistência técnica autorizada forno elétrico,,,,,,,,,,,,,,,,
br,assistência técnica autorizada freezer,,,,,,,,,,,,,,,,
br,assistência técnica autorizada geladeira,,,,,,,,,,,,,,,,
br,assistência técnica autorizada lava e seca,,,,,,,,,,,,,,,,
br,assistência técnica autorizada lava louças,,,,,,,,,,,,,,,,
br,assistência técnica autorizada micro-ondas,,,,,,,,,,,,,,,,
br,assistência técnica autorizada máquina de lavar,,,,,,,,,,,,,,,,
br,assistência técnica autorizada purificador de água,,,,,,,,,,,,,,,,
br,assistência técnica autorizada secadora de roupas,,,,,,,,,,,,,,,,
br,assistência técnica coifa,,,,,,0,0,0.46,0.33,,,,"0.00,0.00,0.00,0.00,0.00,0.00,0.00,0.00,0.00,0.00,0.00,0.00",,,
br,assistência técnica coifa 24 horas,,,,,,,,,,,,,,,,
br,assistência técnica coifa perto de mim,,,,,,,,,,,,,,,,
br,assistência técnica cooktop,,,,,,30,0,0.62,0.67,,,,"1.00,0.42,0.57,0.42,0.42,0.42,0.28,0.28,0.42,0.28,0.28,0.28",,,
br,assistência técnica cooktop 24 horas,,,,,,,,,,,,,,,,
br,assistência técnica cooktop perto de mim,,,,,,,,,,,,,,,,
br,assistência técnica electrolux,,,,,,5400,38,0.28,0.54,106,Navigational,"People Also Ask, Related Searches, Adwords Middle, AI Overview, Local Pack, Site Links, Adwords Bottom","0.44,0.44,0.36,0.29,0.36,0.36,0.44,0.29,0.44,0.24,0.44,0.44",20,,
br,assistência técnica eletrodomésticos belo horizonte,,,,,,,,,,,,,,,,
br,assistência técnica eletrodomésticos belém,,,,,,,,,,,,,,,,
br,assistência técnica eletrodomésticos brasília,,,,,,,,,,,,,,,,
br,assistência técnica eletrodomésticos campinas,,,,,,0,0,0.00,0.00,,,,"0.00,0.00,0.00,0.00,0.00,0.00,0.00,0.00,0.00,0.00,0.00,0.00",,,
br,assistência técnica eletrodomésticos campo grande,,,,,,,,,,,,,,,,
br,assistência técnica eletrodomésticos caxias do sul,,,,,,,,,,,,,,,,
br,assistência técnica eletrodomésticos contagem,,,,,,0,0,0.00,0.00,,,,"0.00,0.00,0.00,0.00,0.00,0.00,0.00,0.00,0.00,0.00,0.00,0.00",,,
br,assistência técnica eletrodomésticos cuiabá,,,,,,,,,,,,,,,,
br,assistência técnica eletrodomésticos curitiba,,,,,,0,0,0.00,0.00,,,,"0.00,0.00,0.00,0.00,0.00,0.00,0.00,0.00,1.00,1.00,0.00,0.00",,,
br,assistência técnica eletrodomésticos duque de caxias,,,,,,,,,,,,,,,,
br,assistência técnica eletrodomésticos florianópolis,,,,,,,,,,,,,,,,
br,assistência técnica eletrodomésticos fortaleza,,,,,,,,,,,,,,,,
br,assistência técnica eletrodomésticos goiânia,,,,,,,,,,,,,,,,
br,assistência técnica eletrodomésticos guarulhos,,,,,,40,0,0.30,0.56,,,,"0.09,0.09,0.12,0.12,0.12,0.12,0.15,0.12,0.15,0.12,0.12,0.15",,,
br,assistência técnica eletrodomésticos joinville,,,,,,,,,,,,,,,,
br,assistência técnica eletrodomésticos joão pessoa,,,,,,,,,,,,,,,,
br,assistência técnica eletrodomésticos londrina,,,,,,,,,,,,,,,,
br,assistência técnica eletrodomésticos maceió,,,,,,,,,,,,,,,,
br,assistência técnica eletrodomésticos manaus,,,,,,,,,,,,,,,,
br,assistência técnica eletrodomésticos maringá,,,,,,,,,,,,,,,,
br,assistência técnica eletrodomésticos natal,,,,,,,,,,,,,,,,
br,assistência técnica eletrodomésticos niterói,,,,,,,,,,,,,,,,
br,assistência técnica eletrodomésticos osasco,,,,,,20,0,0.25,0.62,,,,"0.28,0.28,0.28,0.28,0.28,0.28,0.28,0.28,0.28,0.28,0.28,0.28",,,
br,assistência técnica eletrodomésticos porto alegre,,,,,,,,,,,,,,,,
br,assistência técnica eletrodomésticos recife,,,,,,,,,,,,,,,,
br,assistência técnica eletrodomésticos ribeirão preto,,,,,,,,,,,,,,,,
br,assistência técnica eletrodomésticos rio de janeiro,,,,,,0,0,0.00,0.00,,,,"0.00,0.00,0.00,0.00,0.00,0.00,0.00,0.00,0.00,0.00,0.00,0.00",,,
br,assistência técnica eletrodomésticos salvador,,,,,,,,,,,,,,,,
br,assistência técnica eletrodomésticos santo andré,,,,,,20,0,0.27,0.65,,,,"1.00,1.00,1.00,1.00,1.00,1.00,1.00,1.00,1.00,1.00,1.00,1.00",,,
br,assistência técnica eletrodomésticos santos,,,,,,,,,,,,,,,,
br,assistência técnica eletrodomésticos sorocaba,,,,,,20,0,0.00,0.14,,,,"0.14,0.14,0.14,0.14,0.14,0.14,0.14,0.14,0.14,0.14,0.14,0.14",,,
br,assistência técnica eletrodomésticos são bernardo do campo,,,,,,,,,,,,,,,,
br,assistência técnica eletrodomésticos são josé dos campos,,,,,,,,,,,,,,,,
br,assistência técnica eletrodomésticos são paulo,,,,,,0,0,0.00,0.00,,,,"0.00,0.00,0.00,0.00,0.00,0.00,0.00,0.00,0.00,0.00,0.00,0.00",,,
br,assistência técnica eletrodomésticos uberlândia,,,,,,,,,,,,,,,,
br,assistência técnica eletrodomésticos vitória,,,,,,,,,,,,,,,,
br,assistência técnica fogao,,,,,,70,0,0.52,0.52,,,,"0.12,0.21,0.43,0.21,0.53,0.15,0.15,0.21,0.28,0.03,0.15,0.15",,,
br,assistência técnica fogão,,,,,,140,26,0.55,0.45,197,Commercial,"Reviews, Video, People Also Ask, Related Searches, Local Pack","0.28,0.43,0.43,0.35,0.43,0.17,0.28,0.53,0.43,0.35,0.23,0.28",90,,
br,assistência técnica fogão 24 horas,,,,,,,,,,,,,,,,
br,assistência técnica fogão belo horizonte,,,,,,0,0,0.00,0.00,,,,"0.00,0.00,0.00,0.00,0.00,0.00,0.00,0.00,0.00,0.00,0.00,0.00",,,
br,assistência técnica fogão belém,,,,,,,,,,,,,,,,
br,assistência técnica fogão brasília,,,,,,,,,,,,,,,,
br,assistência técnica fogão campinas,,,,,,0,0,0.00,0.00,,,,"0.00,0.00,0.00,0.00,0.00,0.00,0.00,0.00,0.00,0.00,0.00,0.00",,,
br,assistência técnica fogão campo grande,,,,,,,,,,,,,,,,
br,assistência técnica fogão caxias do sul,,,,,,,,,,,,,,,,
br,assistência técnica fogão contagem,,,,,,,,,,,,,,,,
br,assistência técnica fogão cuiabá,,,,,,,,,,,,,,,,
br,assistência técnica fogão curitiba,,,,,,,,,,,,,,,,
br,assistência técnica fogão duque de caxias,,,,,,,,,,,,,,,,
br,assistência técnica fogão electrolux,,,,,,50,0,0.39,0.71,,,,"0.12,0.35,0.17,0.12,0.05,0.07,0.07,0.07,0.07,0.05,0.07,0.28",,,
br,assistência técnica fogão florianópolis,,,,,,,,,,,,,,,,
br,assistência técnica fogão fortaleza,,,,,,,,,,,,,,,,
br,assistência técnica fogão goiânia,,,,,,,,,,,,,,,,
br,assistência técnica fogão guarulhos,,,,,,0,0,0.00,0.00,,,,"0.00,0.00,0.00,0.00,0.00,0.00,0.00,0.00,0.00,0.00,0.00,0.00",,,
br,assistência técnica fogão joinville,,,,,,,,,,,,,,,,
br,assistência técnica fogão joão pessoa,,,,,,,,,,,,,,,,
br,assistência técnica fogão londrina,,,,,,,,,,,,,,,,
br,assistência técnica fogão maceió,,,,,,,,,,,,,,,,
br,assistência técnica fogão manaus,,,,,,,,,,,,,,,,
br,assistência técnica fogão maringá,,,,,,0,0,0.00,0.00,,,,"0.00,0.00,0.00,0.00,0.00,0.00,0.00,0.00,0.00,0.00,0.00,0.00",,,
br,assistência técnica fogão natal,,,,,,,,,,,,,,,,
br,assistência técnica fogão niterói,,,,,,0,0,0.00,0.00,,,,"0.00,0.00,0.00,0.00,0.00,0.00,0.00,0.00,0.00,0.00,0.00,0.00",,,
br,assistência técnica fogão osasco,,,,,,,,,,,,,,,,
br,assistência técnica fogão perto de mim,,,,,,,,,,,,,,,,
br,assistência técnica fogão porto alegre,,,,,,,,,,,,,,,,
br,assistência técnica fogão recife,,,,,,,,,,,,,,,,
br,assistência técnica fogão ribeirão preto,,,,,,,,,,,,,,,,
br,assistência técnica fogão rio de janeiro,,,,,,,,,,,,,,,,
br,assistência técnica fogão salvador,,,,,,,,,,,,,,,,
br,assistência técnica fogão santo andré,,,,,,,,,,,,,,,,
br,assistência técnica fogão santos,,,,,,,,,,,,,,,,
br,assistência técnica fogão sorocaba,,,,,,,,,,,,,,,,
br,assistência técnica fogão são bernardo do campo,,,,,,,,,,,,,,,,
br,assistência técnica fogão são josé dos campos,,,,,,,,,,,,,,,,
br,assistência técnica fogão são paulo,,,,,,,,,,,,,,,,
br,assistência técnica fogão uberlândia,,,,,,,,,,,,,,,,
br,assistência técnica fogão vitória,,,,,,,,,,,,,,,,
br,assistência técnica forno elétrico,,,,,,90,2,0.40,0.37,192,Informational,"People Also Ask, Related Searches, AI Overview, Site Links, Reviews, Video","0.08,0.14,0.18,0.22,0.18,0.29,0.10,0.43,0.14,0.35,0.14,0.18",20,,
br,assistência técnica forno elétrico 24 horas,,,,,,,,,,,,,,,,
br,assistência técnica forno elétrico perto de mim,,,,,,,,,,,,,,,,
br,assistência técnica freezer,,,,,,10,0,0.76,0.50,,,,"0.00,0.57,0.28,0.14,0.14,0.28,0.14,0.28,0.00,0.00,0.00,0.14",,,
br,assistência técnica freezer 24 horas,,,,,,,,,,,,,,,,
br,assistência técnica freezer perto de mim,,,,,,,,,,,,,,,,
br,assistência técnica fritadeira air fryer,,,,,,,,,,,,,,,,
br,assistência técnica geladeira,,,,,,480,7,0.90,0.52,144,Commercial,"Related Searches, Local Pack, Video, People Also Ask","0.20,0.20,0.24,0.20,0.24,0.13,0.16,0.30,0.36,0.16,0.16,0.20",90,,
br,assistência técnica geladeira 24 horas,,,,,,20,0,0.56,0.69,,,,"0.18,0.18,0.18,0.18,0.18,0.18,0.18,0.18,0.18,0.18,0.18,0.18",,,
br,assistência técnica geladeira belo horizonte,,,,,,,,,,,,,,,,
br,assistência técnica geladeira belém,,,,,,,,,,,,,,,,
br,assistência técnica geladeira brasília,,,,,,,,,,,,,,,,
br,assistência técnica geladeira campinas,,,,,,,,,,,,,,,,
br,assistência técnica geladeira campo grande,,,,,,,,,,,,,,,,
br,assistência técnica geladeira caxias do sul,,,,,,,,,,,,,,,,
br,assistência técnica geladeira contagem,,,,,,,,,,,,,,,,
br,assistência técnica geladeira cuiabá,,,,,,,,,,,,,,,,
br,assistência técnica geladeira curitiba,,,,,,,,,,,,,,,,
br,assistência técnica geladeira duque de caxias,,,,,,,,,,,,,,,,
br,assistência técnica geladeira electrolux,,,,,,480,30,0.70,0.71,174,Navigational,"Site Links, People Also Ask, Related Searches, Local Pack","0.25,0.25,0.20,0.25,0.20,0.31,0.25,0.37,0.31,0.20,0.31,0.46",20,,
br,assistência técnica geladeira florianópolis,,,,,,,,,,,,,,,,
br,assistência técnica geladeira fortaleza,,,,,,0,0,0.00,0.00,,,,"0.00,0.00,0.00,0.00,0.00,0.00,0.00,0.00,0.00,0.00,0.00,0.00",,,
br,assistência técnica geladeira goiânia,,,,,,0,0,0.00,0.00,,,,"0.00,0.00,0.00,0.00,0.00,0.00,0.00,0.00,0.00,0.00,0.00,0.00",,,
br,assistência técnica geladeira guarulhos,,,,,,,,,,,,,,,,
br,assistência técnica geladeira joinville,,,,,,,,,,,,,,,,
br,assistência técnica geladeira joão pessoa,,,,,,,,,,,,,,,,
br,assistência técnica geladeira londrina,,,,,,0,0,0.00,0.00,,,,"0.00,0.00,0.00,0.00,0.00,0.00,0.00,0.00,0.00,0.00,0.00,0.00",,,
br,assistência técnica geladeira maceió,,,,,,,,,,,,,,,,
br,assistência técnica geladeira manaus,,,,,,,,,,,,,,,,
br,assistência técnica geladeira maringá,,,,,,,,,,,,,,,,
br,assistência técnica geladeira natal,,,,,,,,,,,,,,,,
br,assistência técnica geladeira niterói,,,,,,,,,,,,,,,,
br,assistência técnica geladeira osasco,,,,,,0,0,0.00,0.00,,,,"0.00,0.00,0.00,0.00,0.00,0.00,0.00,0.00,0.00,0.00,0.00,0.00",,,
br,assistência técnica geladeira perto de mim,,,,,,110,6,0.80,0.73,143,Transactional,"Video, People Also Ask, Related Searches, AI Overview","0.33,0.52,0.23,0.52,0.52,0.52,0.33,1.00,0.80,0.52,0.66,0.52",90,,
br,assistência técnica geladeira porto alegre,,,,,,0,0,0.00,0.00,,,,"1.00,1.00,0.00,0.00,0.00,0.00,0.00,0.00,0.00,0.00,0.00,0.00",,,
br,assistência técnica geladeira recife,,,,,,,,,,,,,,,,
br,assistência técnica geladeira ribeirão preto,,,,,,,,,,,,,,,,
br,assistência técnica geladeira rio de janeiro,,,,,,0,0,0.00,1.00,,,,"0.00,0.00,0.00,0.00,0.00,0.00,0.00,0.00,0.00,0.00,0.00,0.00",,,
br,assistência técnica geladeira salvador,,,,,,,,,,,,,,,,
br,assistência técnica geladeira santo andré,,,,,,0,0,0.00,0.00,,,,"0.00,0.00,0.00,0.00,0.00,0.00,0.00,0.00,0.00,0.00,0.00,0.00",,,
br,assistência técnica geladeira santos,,,,,,0,0,0.00,0.00,,,,"0.00,0.00,0.00,0.00,0.00,0.00,0.00,0.00,0.00,0.00,0.00,0.00",,,
br,assistência técnica geladeira sorocaba,,,,,,0,0,0.00,0.00,,,,"0.00,0.00,0.00,0.00,0.00,0.00,0.00,0.00,0.00,0.00,0.00,0.00",,,
br,assistência técnica geladeira são bernardo do campo,,,,,,,,,,,,,,,,
br,assistência técnica geladeira são josé dos campos,,,,,,,,,,,,,,,,
br,assistência técnica geladeira são paulo,,,,,,0,0,0.00,0.00,,,,"0.00,0.00,0.00,0.00,0.00,0.00,0.00,0.00,0.00,0.00,0.00,0.00",,,
br,assistência técnica geladeira uberlândia,,,,,,0,0,0.00,1.00,,,,"0.00,0.00,0.00,0.00,0.00,0.00,0.00,0.00,0.00,0.00,0.00,0.00",,,
br,assistência técnica geladeira vitória,,,,,,,,,,,,,,,,
br,assistência técnica lava e seca,,,,,,110,37,2.27,0.53,193,Commercial,"Related Searches, Local Pack, Video, People Also Ask","0.07,0.10,0.12,0.12,0.15,0.12,0.19,0.12,0.10,0.05,0.12,0.19",90,,
br,assistência técnica lava e seca 24 horas,,,,,,,,,,,,,,,,
br,assistência técnica lava e seca belo horizonte,,,,,,,,,,,,,,,,
br,assistência técnica lava e seca belém,,,,,,,,,,,,,,,,
br,assistência técnica lava e seca brasília,,,,,,,,,,,,,,,,
br,assistência técnica lava e seca campinas,,,,,,,,,,,,,,,,
br,assistência técnica lava e seca campo grande,,,,,,,,,,,,,,,,
br,assistência técnica lava e seca caxias do sul,,,,,,,,,,,,,,,,
br,assistência técnica lava e seca contagem,,,,,,,,,,,,,,,,
br,assistência técnica lava e seca cuiabá,,,,,,,,,,,,,,,,
br,assistência técnica lava e seca curitiba,,,,,,0,0,0.00,0.00,,,,"0.00,0.00,0.00,0.00,0.00,0.00,0.00,0.00,0.00,0.00,0.00,0.00",,,
br,assistência técnica lava e seca duque de caxias,,,,,,,,,,,,,,,,
br,assistência técnica lava e seca electrolux,,,,,,,,,,,,,,,,
br,assistência técnica lava e seca florianópolis,,,,,,,,,,,,,,,,
br,assistência técnica lava e seca fortaleza,,,,,,,,,,,,,,,,
br,assistência técnica lava e seca goiânia,,,,,,,,,,,,,,,,
br,assistência técnica lava e seca guarulhos,,,,,,,,,,,,,,,,
br,assistência técnica lava e seca joinville,,,,,,,,,,,,,,,,
br,assistência técnica lava e seca joão pessoa,,,,,,,,,,,,,,,,
br,assistência técnica lava e seca londrina,,,,,,,,,,,,,,,,
br,assistência técnica lava e seca maceió,,,,,,,,,,,,,,,,
br,assistência técnica lava e seca manaus,,,,,,,,,,,,,,,,
br,assistência técnica lava e seca maringá,,,,,,,,,,,,,,,,
br,assistência técnica lava e seca natal,,,,,,,,,,,,,,,,
br,assistência técnica lava e seca niterói,,,,,,,,,,,,,,,,
br,assistência técnica lava e seca osasco,,,,,,,,,,,,,,,,
br,assistência técnica lava e seca perto de mim,,,,,,,,,,,,,,,,
br,assistência técnica lava e seca porto alegre,,,,,,,,,,,,,,,,
br,assistência técnica lava e seca recife,,,,,,0,0,0.00,0.00,,,,"0.00,0.00,0.00,0.00,0.00,0.00,0.00,0.00,0.00,0.00,0.00,0.00",,,
br,assistência técnica lava e seca ribeirão preto,,,,,,,,,,,,,,,,
br,assistência técnica lava e seca rio de janeiro,,,,,,,,,,,,,,,,
br,assistência técnica lava e seca salvador,,,,,,,,,,,,,,,,
br,assistência técnica lava e seca santo andré,,,,,,,,,,,,,,,,
br,assistência técnica lava e seca santos,,,,,,0,0,0.00,0.00,,,,"0.00,0.00,0.00,0.00,0.00,0.00,0.00,0.00,0.00,0.00,0.00,0.00",,,
br,assistência técnica lava e seca sorocaba,,,,,,,,,,,,,,,,
br,assistência técnica lava e seca são bernardo do campo,,,,,,,,,,,,,,,,
br,assistência técnica lava e seca são josé dos campos,,,,,,,,,,,,,,,,
br,assistência técnica lava e seca são paulo,,,,,,,,,,,,,,,,
br,assistência técnica lava e seca uberlândia,,,,,,,,,,,,,,,,
br,assistência técnica lava e seca vitória,,,,,,,,,,,,,,,,
br,assistência técnica lava louças,,,,,,0,0,0.78,0.44,,,,"0.00,0.00,0.00,0.00,0.00,0.00,0.00,0.00,0.00,1.00,0.00,0.00",,,
br,assistência técnica lava louças 24 horas,,,,,,,,,,,,,,,,
br,assistência técnica lava louças belo horizonte,,,,,,,,,,,,,,,,
br,assistência técnica lava louças belém,,,,,,,,,,,,,,,,
br,assistência técnica lava louças brasília,,,,,,0,0,0.00,0.00,,,,"0.00,0.00,0.00,0.00,0.00,0.00,0.00,0.00,0.00,0.00,0.00,0.00",,,
br,assistência técnica lava louças campinas,,,,,,,,,,,,,,,,
br,assistência técnica lava louças campo grande,,,,,,,,,,,,,,,,
br,assistência técnica lava louças caxias do sul,,,,,,,,,,,,,,,,
br,assistência técnica lava louças contagem,,,,,,,,,,,,,,,,
br,assistência técnica lava louças cuiabá,,,,,,,,,,,,,,,,
br,assistência técnica lava louças curitiba,,,,,,,,,,,,,,,,
br,assistência técnica lava louças duque de caxias,,,,,,,,,,,,,,,,
br,assistência técnica lava louças electrolux,,,,,,0,0,0.00,0.00,,,,"0.00,0.00,0.00,0.00,0.00,0.00,0.00,0.00,0.00,0.00,0.00,0.00",,,
br,assistência técnica lava louças florianópolis,,,,,,,,,,,,,,,,
br,assistência técnica lava louças fortaleza,,,,,,,,,,,,,,,,
br,assistência técnica lava louças goiânia,,,,,,,,,,,,,,,,
br,assistência técnica lava louças guarulhos,,,,,,,,,,,,,,,,
br,assistência técnica lava louças joinville,,,,,,,,,,,,,,,,
br,assistência técnica lava louças joão pessoa,,,,,,,,,,,,,,,,
br,assistência técnica lava louças londrina,,,,,,,,,,,,,,,,
br,assistência técnica lava louças maceió,,,,,,,,,,,,,,,,
br,assistência técnica lava louças manaus,,,,,,,,,,,,,,,,
br,assistência técnica lava louças maringá,,,,,,,,,,,,,,,,
br,assistência técnica lava louças natal,,,,,,,,,,,,,,,,
br,assistência técnica lava louças niterói,,,,,,,,,,,,,,,,
br,assistência técnica lava louças osasco,,,,,,,,,,,,,,,,
br,assistência técnica lava louças perto de mim,,,,,,,,,,,,,,,,
br,assistência técnica lava louças porto alegre,,,,,,,,,,,,,,,,
br,assistência técnica lava louças recife,,,,,,,,,,,,,,,,
br,assistência técnica lava louças ribeirão preto,,,,,,,,,,,,,,,,
br,assistência técnica lava louças rio de janeiro,,,,,,,,,,,,,,,,
br,assistência técnica lava louças salvador,,,,,,,,,,,,,,,,
br,assistência técnica lava louças santo andré,,,,,,,,,,,,,,,,
br,assistência técnica lava louças santos,,,,,,,,,,,,,,,,
br,assistência técnica lava louças sorocaba,,,,,,,,,,,,,,,,
br,assistência técnica lava louças são bernardo do campo,,,,,,,,,,,,,,,,
br,assistência técnica lava louças são josé dos campos,,,,,,,,,,,,,,,,
br,assistência técnica lava louças são paulo,,,,,,,,,,,,,,,,
br,assistência técnica lava louças uberlândia,,,,,,,,,,,,,,,,
br,assistência técnica lava louças vitória,,,,,,,,,,,,,,,,
br,assistência técnica lava-louças,,,,,,0,0,0.78,0.44,,,,"0.00,0.00,0.00,0.00,0.00,0.00,0.00,0.00,0.00,1.00,0.00,0.00",,,
br,assistência técnica lavadora,,,,,,110,7,0.60,0.38,187,Commercial,"Local Pack, Video, Related Searches","0.42,0.53,0.42,0.42,0.42,0.42,0.42,0.42,0.53,0.42,0.42,0.42",90,,
br,assistência técnica lavalouças,,,,,,,,,,,,,,,,
br,assistência técnica maquina de lavar roupa,,,,,,10,0,0.00,0.00,,,,"0.00,0.00,0.57,1.00,0.57,0.14,0.14,0.00,0.00,0.00,0.00,0.00",,,
br,assistência técnica micro-ondas,,,,,,0,0,0.47,0.41,,,,"0.00,0.00,0.00,0.00,0.00,0.00,0.00,0.00,0.00,0.00,0.00,0.20",,,
br,assistência técnica micro-ondas 24 horas,,,,,,,,,,,,,,,,
br,assistência técnica micro-ondas belo horizonte,,,,,,,,,,,,,,,,
br,assistência técnica micro-ondas belém,,,,,,,,,,,,,,,,
br,assistência técnica micro-ondas brasília,,,,,,,,,,,,,,,,
br,assistência técnica micro-ondas campinas,,,,,,,,,,,,,,,,
br,assistência técnica micro-ondas campo grande,,,,,,,,,,,,,,,,
br,assistência técnica micro-ondas caxias do sul,,,,,,,,,,,,,,,,
br,assistência técnica micro-ondas contagem,,,,,,,,,,,,,,,,
br,assistência técnica micro-ondas cuiabá,,,,,,,,,,,,,,,,
br,assistência técnica micro-ondas curitiba,,,,,,0,0,0.00,0.00,,,,"0.00,0.00,0.00,0.00,0.00,0.00,0.00,0.00,0.00,0.00,0.00,0.00",,,
br,assistência técnica micro-ondas duque de caxias,,,,,,,,,,,,,,,,
br,assistência técnica micro-ondas electrolux,,,,,,0,0,0.00,0.77,,,,"0.00,0.00,0.00,0.00,0.00,0.00,0.00,0.00,0.00,0.00,0.00,0.00",,,
br,assistência técnica micro-ondas florianópolis,,,,,,,,,,,,,,,,
br,assistência técnica micro-ondas fortaleza,,,,,,,,,,,,,,,,
br,assistência técnica micro-ondas goiânia,,,,,,,,,,,,,,,,
br,assistência técnica micro-ondas guarulhos,,,,,,,,,,,,,,,,
br,assistência técnica micro-ondas joinville,,,,,,,,,,,,,,,,
br,assistência técnica micro-ondas joão pessoa,,,,,,,,,,,,,,,,
br,assistência técnica micro-ondas londrina,,,,,,,,,,,,,,,,
br,assistência técnica micro-ondas maceió,,,,,,,,,,,,,,,,
br,assistência técnica micro-ondas manaus,,,,,,,,,,,,,,,,
br,assistência técnica micro-ondas maringá,,,,,,,,,,,,,,,,
br,assistência técnica micro-ondas natal,,,,,,,,,,,,,,,,
br,assistência técnica micro-ondas niterói,,,,,,,,,,,,,,,,
br,assistência técnica micro-ondas osasco,,,,,,0,0,0.00,0.00,,,,"0.00,0.00,0.00,0.00,0.00,0.00,0.00,0.00,0.00,0.00,0.00,0.00",,,
br,assistência técnica micro-ondas perto de mim,,,,,,,,,,,,,,,,
br,assistência técnica micro-ondas porto alegre,,,,,,,,,,,,,,,,
br,assistência técnica micro-ondas recife,,,,,,,,,,,,,,,,
br,assistência técnica micro-ondas ribeirão preto,,,,,,0,0,0.00,0.00,,,,"0.00,0.00,0.00,0.00,0.00,0.00,0.00,0.00,0.00,0.00,0.00,0.00",,,
br,assistência técnica micro-ondas rio de janeiro,,,,,,,,,,,,,,,,
br,assistência técnica micro-ondas salvador,,,,,,,,,,,,,,,,
br,assistência técnica micro-ondas santo andré,,,,,,,,,,,,,,,,
br,assistência técnica micro-ondas santos,,,,,,,,,,,,,,,,
br,assistência técnica micro-ondas sorocaba,,,,,,,,,,,,,,,,
br,assistência técnica micro-ondas são bernardo do campo,,,,,,,,,,,,,,,,
br,assistência técnica micro-ondas são josé dos campos,,,,,,,,,,,,,,,,
br,assistência técnica micro-ondas são paulo,,,,,,,,,,,,,,,,
br,assistência técnica micro-ondas uberlândia,,,,,,,,,,,,,,,,
br,assistência técnica micro-ondas vitória,,,,,,,,,,,,,,,,
br,assistência técnica microondas,,,,,,390,7,0.45,0.44,129,Commercial,"People Also Ask, Related Searches, Local Pack, Video","0.20,0.16,0.16,0.16,0.07,0.20,0.13,0.13,0.16,0.13,0.16,0.13",90,,
br,assistência técnica máquina de lavar,,,,,,1000,16,0.63,0.42,137,Commercial,"Related Searches, Local Pack, Reviews, Video, Image, People Also Ask","1.00,0.79,0.41,0.54,0.24,0.79,0.13,0.10,0.41,0.36,0.36,0.30",90,,
br,assistência técnica máquina de lavar 24 horas,,,,,,,,,,,,,,,,
br,assistência técnica máquina de lavar belo horizonte,,,,,,,,,,,,,,,,
br,assistência técnica máquina de lavar belém,,,,,,,,,,,,,,,,
br,assistência técnica máquina de lavar brasília,,,,,,,,,,,,,,,,
br,assistência técnica máquina de lavar campinas,,,,,,0,0,0.00,0.00,,,,"0.00,0.00,0.00,0.00,0.00,0.00,0.00,0.00,0.00,0.00,0.00,0.00",,,
br,assistência técnica máquina de lavar campo grande,,,,,,,,,,,,,,,,
br,assistência técnica máquina de lavar caxias do sul,,,,,,,,,,,,,,,,
br,assistência técnica máquina de lavar contagem,,,,,,0,0,0.00,0.00,,,,"0.00,0.00,0.00,0.00,0.00,0.00,0.00,0.00,0.00,0.00,0.00,0.00",,,
br,assistência técnica máquina de lavar cuiabá,,,,,,,,,,,,,,,,
br,assistência técnica máquina de lavar curitiba,,,,,,0,0,0.00,0.00,,,,"0.00,0.00,0.00,0.00,0.00,0.00,0.00,0.00,0.00,0.00,0.00,0.00",,,
br,assistência técnica máquina de lavar duque de caxias,,,,,,,,,,,,,,,,
br,assistência técnica máquina de lavar electrolux,,,,,,320,21,0.54,0.64,108,Navigational,"Local Pack, People Also Ask, Related Searches","0.54,0.44,0.44,0.44,0.44,0.66,0.66,0.66,0.66,0.44,0.54,0.54",90,,
br,assistência técnica máquina de lavar florianópolis,,,,,,,,,,,,,,,,
br,assistência técnica máquina de lavar fortaleza,,,,,,,,,,,,,,,,
br,assistência técnica máquina de lavar goiânia,,,,,,10,0,0.00,0.00,,,,"0.33,0.00,1.00,0.33,0.00,0.00,0.00,0.00,0.00,0.00,0.00,0.00",,,
br,assistência técnica máquina de lavar guarulhos,,,,,,,,,,,,,,,,
br,assistência técnica máquina de lavar joinville,,,,,,,,,,,,,,,,
br,assistência técnica máquina de lavar joão pessoa,,,,,,0,0,0.00,0.00,,,,"0.00,0.00,0.00,0.00,0.00,0.00,0.00,0.00,0.00,0.00,0.00,0.00",,,
br,assistência técnica máquina de lavar londrina,,,,,,0,0,0.00,0.00,,,,"0.00,0.00,0.00,0.00,0.00,0.00,0.00,0.00,0.00,0.00,0.00,0.00",,,
br,assistência técnica máquina de lavar maceió,,,,,,,,,,,,,,,,
br,assistência técnica máquina de lavar manaus,,,,,,,,,,,,,,,,
br,assistência técnica máquina de lavar maringá,,,,,,,,,,,,,,,,
br,assistência técnica máquina de lavar natal,,,,,,,,,,,,,,,,
br,assistência técnica máquina de lavar niterói,,,,,,,,,,,,,,,,
br,assistência técnica máquina de lavar osasco,,,,,,,,,,,,,,,,
br,assistência técnica máquina de lavar perto de mim,,,,,,260,8,0.36,0.41,139,Transactional,"Reviews, Video, People Also Ask, Related Searches, Local Pack","0.02,0.02,0.46,0.03,0.02,0.02,0.02,0.03,0.01,1.00,0.04,0.02",90,,
br,assistência técnica máquina de lavar porto alegre,,,,,,0,0,0.00,0.00,,,,"0.00,0.00,0.00,0.00,0.00,0.00,0.00,0.00,0.00,0.00,0.00,0.00",,,
br,assistência técnica máquina de lavar recife,,,,,,,,,,,,,,,,
br,assistência técnica máquina de lavar ribeirão preto,,,,,,,,,,,,,,,,
br,assistência técnica máquina de lavar rio de janeiro,,,,,,,,,,,,,,,,
br,assistência técnica máquina de lavar salvador,,,,,,0,0,0.00,1.00,,,,"0.00,0.00,0.00,0.00,0.00,0.00,0.00,0.00,0.00,0.00,0.00,0.00",,,
br,assistência técnica máquina de lavar santo andré,,,,,,,,,,,,,,,,
br,assistência técnica máquina de lavar santos,,,,,,,,,,,,,,,,
br,assistência técnica máquina de lavar sorocaba,,,,,,,,,,,,,,,,
br,assistência técnica máquina de lavar são bernardo do campo,,,,,,,,,,,,,,,,
br,assistência técnica máquina de lavar são josé dos campos,,,,,,0,0,0.00,0.00,,,,"0.00,0.00,0.00,0.00,0.00,0.00,0.00,0.00,0.00,0.00,0.00,0.00",,,
br,assistência técnica máquina de lavar são paulo,,,,,,,,,,,,,,,,
br,assistência técnica máquina de lavar uberlândia,,,,,,,,,,,,,,,,
br,assistência técnica máquina de lavar vitória,,,,,,,,,,,,,,,,
br,assistência técnica purificador de água,,,,,,260,7,0.38,0.48,210,Commercial,"People Also Ask, Related Searches, Local Pack, Video, Adwords Bottom","0.43,0.54,0.43,0.66,0.35,0.29,0.29,0.54,0.35,0.35,0.29,0.18",90,,
br,assistência técnica purificador de água 24 horas,,,,,,,,,,,,,,,,
br,assistência técnica purificador de água perto de mim,,,,,,,,,,,,,,,,
br,assistência técnica refrigerador,,,,,,20,0,0.97,0.41,,,,"0.40,0.00,0.40,0.40,0.40,0.60,0.20,0.40,0.40,0.20,0.20,0.20",,,
br,assistência técnica secadora de roupas,,,,,,0,0,0.00,0.00,,,,"0.00,0.00,0.00,0.00,0.00,0.00,0.00,0.00,0.00,0.00,0.00,0.00",,,
br,assistência técnica secadora de roupas 24 horas,,,,,,,,,,,,,,,,
br,assistência técnica secadora de roupas belo horizonte,,,,,,,,,,,,,,,,
br,assistência técnica secadora de roupas belém,,,,,,,,,,,,,,,,
br,assistência técnica secadora de roupas brasília,,,,,,,,,,,,,,,,
br,assistência técnica secadora de roupas campinas,,,,,,,,,,,,,,,,
br,assistência técnica secadora de roupas campo grande,,,,,,,,,,,,,,,,
br,assistência técnica secadora de roupas caxias do sul,,,,,,,,,,,,,,,,
br,assistência técnica secadora de roupas contagem,,,,,,,,,,,,,,,,
br,assistência técnica secadora de roupas cuiabá,,,,,,,,,,,,,,,,
br,assistência técnica secadora de roupas curitiba,,,,,,,,,,,,,,,,
br,assistência técnica secadora de roupas duque de caxias,,,,,,,,,,,,,,,,
br,assistência técnica secadora de roupas electrolux,,,,,,,,,,,,,,,,
br,assistência técnica secadora de roupas florianópolis,,,,,,,,,,,,,,,,
br,assistência técnica secadora de roupas fortaleza,,,,,,,,,,,,,,,,
br,assistência técnica secadora de roupas goiânia,,,,,,,,,,,,,,,,
br,assistência técnica secadora de roupas guarulhos,,,,,,,,,,,,,,,,
br,assistência técnica secadora de roupas joinville,,,,,,,,,,,,,,,,
br,assistência técnica secadora de roupas joão pessoa,,,,,,,,,,,,,,,,
br,assistência técnica secadora de roupas londrina,,,,,,,,,,,,,,,,
br,assistência técnica secadora de roupas maceió,,,,,,,,,,,,,,,,
br,assistência técnica secadora de roupas manaus,,,,,,,,,,,,,,,,
br,assistência técnica secadora de roupas maringá,,,,,,,,,,,,,,,,
br,assistência técnica secadora de roupas natal,,,,,,,,,,,,,,,,
br,assistência técnica secadora de roupas niterói,,,,,,,,,,,,,,,,
br,assistência técnica secadora de roupas osasco,,,,,,,,,,,,,,,,
br,assistência técnica secadora de roupas perto de mim,,,,,,,,,,,,,,,,
br,assistência técnica secadora de roupas porto alegre,,,,,,,,,,,,,,,,
br,assistência técnica secadora de roupas recife,,,,,,,,,,,,,,,,
br,assistência técnica secadora de roupas ribeirão preto,,,,,,,,,,,,,,,,
br,assistência técnica secadora de roupas rio de janeiro,,,,,,,,,,,,,,,,
br,assistência técnica secadora de roupas salvador,,,,,,,,,,,,,,,,
br,assistência técnica secadora de roupas santo andré,,,,,,,,,,,,,,,,
br,assistência técnica secadora de roupas santos,,,,,,,,,,,,,,,,
br,assistência técnica secadora de roupas sorocaba,,,,,,,,,,,,,,,,
br,assistência técnica secadora de roupas são bernardo do campo,,,,,,,,,,,,,,,,
br,assistência técnica secadora de roupas são josé dos campos,,,,,,,,,,,,,,,,
br,assistência técnica secadora de roupas são paulo,,,,,,,,,,,,,,,,
br,assistência técnica secadora de roupas uberlândia,,,,,,,,,,,,,,,,
br,assistência técnica secadora de roupas vitória,,,,,,,,,,,,,,,,
br,bandeja geladeira,,,,,,110,0,0.13,0.33,,,,"0.06,0.06,0.06,0.06,0.06,0.06,0.06,0.43,0.43,0.81,0.81,1.00",,,
br,bandeja geladeira preco,,,,,,,,,,,,,,,,
br,base ferro de passar,,,,,,20,0,0.02,0.81,,,,"0.28,0.28,0.28,0.28,0.28,0.28,0.28,0.28,0.28,0.28,0.28,0.28",,,
br,base ferro de passar preco,,,,,,,,,,,,,,,,
br,batedeira não liga,,,,,,0,0,0.00,0.00,,,,"0.00,0.00,0.00,0.00,0.00,0.00,0.00,0.00,0.00,0.00,0.00,0.00",,,
br,batedeira perdeu forca,,,,,,,,,,,,,,,,
br,batedor batedeira,,,,,,210,15,0.03,1.00,217,"Informational, Commercial","Video, Video Carousel, Image Pack, Site Links, Reviews, People Also Ask, Popular Products, Related Searches, Short Videos","0.81,0.65,0.81,0.81,0.43,0.65,0.81,0.81,0.43,0.43,0.53,0.53",20,,
br,batedor batedeira preco,,,,,,,,,,,,,,,,
br,bateria robô aspirador,,,,,,20,0,0.04,1.00,,,,"0.66,0.66,0.66,0.66,1.00,0.66,0.66,0.66,0.66,0.66,0.66,0.66",,,
br,bateria robô aspirador compativel,,,,,,,,,,,,,,,,
br,bateria robô aspirador original,,,,,,,,,,,,,,,,
br,bateria robô aspirador preco,,,,,,,,,,,,,,,,
br,bebedouro não gela,,,,,,110,30,0.30,0.03,167,Informational,"Short Videos, AI Overview, Video, People Also Ask, Related Searches","0.52,0.52,0.33,0.33,0.52,0.66,0.42,0.42,0.66,0.66,0.52,0.52",90,,
br,bebedouro vazando,,,,,,30,0,0.00,0.33,,,,"0.18,0.18,0.18,0.18,0.18,0.18,0.18,0.18,0.18,0.18,0.18,1.00",,,
br,bico lavadora de alta pressão,,,,,,1600,13,0.05,1.00,118,Informational,"Related Searches, Short Videos, Image Pack, Site Links, Video, Video Carousel, Popular Products","0.54,0.54,0.54,0.54,0.66,0.54,0.79,0.66,0.66,0.79,1.00,1.00",20,,
br,bico lavadora de alta pressão preco,,,,,,,,,,,,,,,,
br,bocal aspirador de pó,,,,,,210,24,0.05,1.00,210,"Informational, Commercial","Popular Products, Related Searches, Image Pack, Site Links, Video, People Also Ask","0.65,0.80,0.80,1.00,0.80,0.80,0.65,0.65,0.80,0.65,0.80,0.80",20,,
br,bocal aspirador de pó compativel,,,,,,,,,,,,,,,,
br,bocal aspirador de pó original,,,,,,,,,,,,,,,,
br,bocal aspirador de pó preco,,,,,,,,,,,,,,,,
br,bomba de drenagem máquina de lavar,,,,,,260,16,0.06,1.00,176,Informational,"Site Links, Video, Video Carousel, People Also Ask, Popular Products, Related Searches, AI Overview, Image Pack","0.53,0.66,0.53,0.43,0.53,1.00,0.82,1.00,0.82,0.82,0.82,0.82",20,,
br,bomba de drenagem máquina de lavar compativel,,,,,,,,,,,,,,,,
br,bomba de drenagem máquina de lavar original,,,,,,,,,,,,,,,,
br,bomba de drenagem máquina de lavar preco,,,,,,,,,,,,,,,,
br,borracha da porta freezer,,,,,,,,,,,,,,,,
br,borracha da porta freezer compativel,,,,,,,,,,,,,,,,
br,borracha da porta freezer original,,,,,,,,,,,,,,,,
br,borracha da porta freezer preco,,,,,,,,,,,,,,,,
br,borracha da porta geladeira,,,,,,590,9,0.04,1.00,176,Commercial,"Video, Video Carousel, People Also Ask, Popular Products, Related Searches, Short Videos, Site Links","0.36,0.24,0.16,0.24,0.24,0.36,0.36,0.55,0.67,1.00,1.00,1.00",20,,
br,borracha da porta geladeira compativel,,,,,,,,,,,,,,,,
br,borracha da porta geladeira original,,,,,,,,,,,,,,,,
br,borracha da porta geladeira preco,,,,,,,,,,,,,,,,
br,borracha liquidificador,,,,,,110,26,0.04,1.00,191,"Informational, Transactional","Popular Products, Related Searches, AI Overview, Image Pack, Site Links, Video, People Also Ask","0.52,0.64,0.82,0.82,0.64,1.00,0.52,0.41,0.64,0.41,0.52,0.64",20,,
br,borracha liquidificador preco,,,,,,,,,,,,,,,,
br,botão cooktop,,,,,,20,0,0.05,1.00,,,,"0.45,0.27,0.18,0.18,0.18,0.09,0.00,0.09,0.18,0.09,0.09,0.27",,,
br,botão cooktop compativel,,,,,,,,,,,,,,,,
br,botão cooktop original,,,,,,,,,,,,,,,,
br,botão cooktop preco,,,,,,,,,,,,,,,,
br,botão fogão,,,,,,90,15,0.07,1.00,187,Commercial,"People Also Ask, Popular Products, Related Searches, Short Videos, Image Pack, Site Links, Video, Video Carousel","0.19,0.19,0.26,0.26,0.65,0.19,0.42,0.19,0.19,0.65,0.26,1.00",20,,
br,botão fogão compativel,,,,,,,,,,,,,,,,
br,botão fogão original,,,,,,,,,,,,,,,,
br,botão fogão preco,,,,,,,,,,,,,,,,
br,cafeteira não esquenta,,,,,,90,29,0.00,0.00,169,Informational,"Video, People Also Ask, Related Searches, Short Videos, AI Overview","0.42,0.42,0.42,0.42,0.42,0.52,0.42,0.33,0.23,0.23,0.33,0.52",90,,
br,cafeteira não passa café,,,,,,0,0,0.00,0.00,,,,"0.00,0.00,0.00,0.00,0.00,0.00,0.00,0.00,0.00,0.00,0.00,0.00",,,
br,cafeteira vazando,,,,,,20,0,0.00,0.33,,,,"0.14,0.14,0.14,0.14,0.14,0.14,0.14,0.14,0.14,0.14,0.14,0.14",,,
br,capacitor ar condicionado,,,,,,4400,18,0.05,0.98,165,Informational,"AI Overview, Image Pack, Site Links, Video, Video Carousel, People Also Ask, Popular Products, Related Searches","0.23,0.13,0.13,0.13,0.23,0.29,0.29,0.66,0.66,0.66,0.44,0.23",20,,
br,capacitor ar condicionado compativel,,,,,,,,,,,,,,,,
br,capacitor ar condicionado original,,,,,,,,,,,,,,,,
br,capacitor ar condicionado preco,,,,,,0,0,0.04,0.62,,,,"0.00,0.00,0.00,0.00,0.00,0.00,0.00,0.00,1.00,1.00,0.00,0.00",,,
br,cervejeira não gela,,,,,,10,0,1.09,0.07,,,,"0.00,0.02,0.02,0.05,0.02,0.02,0.02,0.12,0.00,0.05,0.00,0.02",,,
br,cesto air fryer,,,,,,880,25,0.05,1.00,238,Informational,"Popular Products, Related Searches, Short Videos, Image Pack, Site Links, Video, People Also Ask","0.67,0.55,0.67,0.55,0.67,0.76,1.00,0.67,0.76,0.67,0.55,0.55",20,,
br,cesto air fryer compativel,,,,,,,,,,,,,,,,
br,cesto air fryer original,,,,,,0,0,0.00,0.00,,,,"0.00,0.00,0.00,0.00,0.00,0.00,0.00,0.00,0.00,0.00,0.00,0.00",,,
br,cesto air fryer preco,,,,,,,,,,,,,,,,
br,cesto antiaderente air fryer,,,,,,,,,,,,,,,,
br,cesto antiaderente air fryer compativel,,,,,,,,,,,,,,,,
br,cesto antiaderente air fryer original,,,,,,,,,,,,,,,,
br,cesto antiaderente air fryer preco,,,,,,,,,,,,,,,,
br,cesto freezer,,,,,,50,0,0.14,1.00,,,,"0.36,0.36,0.45,0.45,0.45,0.36,0.45,0.36,0.45,0.36,1.00,0.45",,,
br,cesto freezer compativel,,,,,,,,,,,,,,,,
br,cesto freezer original,,,,,,,,,,,,,,,,
br,cesto freezer preco,,,,,,,,,,,,,,,,
br,cesto lava louças,,,,,,0,0,0.00,0.00,,,,"0.00,0.00,0.00,0.00,0.00,0.00,0.00,0.00,0.00,0.00,0.00,0.00",,,
br,cesto lava louças compativel,,,,,,,,,,,,,,,,
br,cesto lava louças original,,,,,,,,,,,,,,,,
br,cesto lava louças preco,,,,,,,,,,,,,,,,
br,cesto máquina de lavar,,,,,,20,0,0.00,0.89,,,,"0.11,0.11,0.11,0.11,0.11,0.11,0.11,0.11,0.11,0.11,0.11,0.11",,,
br,cesto máquina de lavar compativel,,,,,,,,,,,,,,,,
br,cesto máquina de lavar original,,,,,,,,,,,,,,,,
br,cesto máquina de lavar preco,,,,,,,,,,,,,,,,
br,chaleira elétrica não desliga,,,,,,0,0,0.00,0.01,,,,"0.00,0.00,0.07,0.00,0.00,0.00,0.00,0.00,0.00,0.00,0.00,0.07",,,
br,chaleira elétrica não esquenta,,,,,,0,0,0.00,0.01,,,,"0.00,0.00,0.00,0.00,0.00,0.14,0.00,0.14,0.00,0.00,0.00,0.28",,,
br,classificação energética eletrodomésticos,,,,,,20,0,0.00,0.33,,,,"1.00,1.00,1.00,1.00,0.00,0.00,1.00,1.00,1.00,1.00,1.00,1.00",,,
br,coifa fazendo barulho,,,,,,20,0,0.00,0.02,,,,"0.40,0.40,0.40,0.40,0.40,0.40,0.40,0.40,0.40,0.40,0.40,0.40",,,
br,coifa não puxa fumaça,,,,,,0,0,0.00,0.00,,,,"0.00,0.00,0.00,0.00,0.00,0.00,0.00,0.00,0.00,0.00,0.00,0.00",,,
br,coleta consciente electrolux,,,,,,20,0,0.53,0.37,,,,"0.42,0.42,0.28,0.28,0.28,0.28,0.28,0.28,0.28,0.28,0.28,0.28",,,
br,coleta de eletrodomésticos usados,,,,,,90,17,0.27,0.45,201,Informational,"Reviews, Video, People Also Ask, Related Searches, AI Overview","0.78,1.00,1.00,0.50,0.35,0.28,0.21,0.35,0.64,1.00,0.64,0.50",90,,
br,com que frequência limpar adega climatizada,,,,,,,,,,,,,,,,
br,com que frequência limpar air fryer,,,,,,,,,,,,,,,,
br,com que frequência limpar ar condicionado,,,,,,,,,,,,,,,,
br,com que frequência limpar aspirador de pó,,,,,,,,,,,,,,,,
br,com que frequência limpar coifa,,,,,,,,,,,,,,,,
br,com que frequência limpar cooktop,,,,,,,,,,,,,,,,
br,com que frequência limpar fogão,,,,,,,,,,,,,,,,
br,com que frequência limpar forno elétrico,,,,,,,,,,,,,,,,
br,com que frequência limpar freezer,,,,,,,,,,,,,,,,
br,com que frequência limpar geladeira,,,,,,,,,,,,,,,,
br,com que frequência limpar lava e seca,,,,,,,,,,,,,,,,
br,com que frequência limpar lava louças,,,,,,,,,,,,,,,,
br,com que frequência limpar micro-ondas,,,,,,,,,,,,,,,,
br,com que frequência limpar máquina de lavar,,,,,,,,,,,,,,,,
br,com que frequência limpar purificador de água,,,,,,,,,,,,,,,,
br,com que frequência limpar secadora de roupas,,,,,,,,,,,,,,,,
br,como acionar garantia de eletrodoméstico,,,,,,,,,,,,,,,,
br,como consertar adega climatizada fazendo barulho,,,,,,,,,,,,,,,,
br,como consertar adega climatizada não gela,,,,,,,,,,,,,,,,
br,como consertar air fryer com cheiro de queimado,,,,,,,,,,,,,,,,
br,como consertar air fryer desligando sozinha,,,,,,,,,,,,,,,,
br,como consertar air fryer não esquenta,,,,,,,,,,,,,,,,
br,como consertar air fryer não liga,,,,,,,,,,,,,,,,
br,como consertar ar condicionado com cheiro,,,,,,,,,,,,,,,,
br,como consertar ar condicionado desligando sozinho,,,,,,,,,,,,,,,,
br,como consertar ar condicionado fazendo barulho,,,,,,,,,,,,,,,,
br,como consertar ar condicionado luz piscando,,,,,,,,,,,,,,,,
br,como consertar ar condicionado não gela,,,,,,,,,,,,,,,,
br,como consertar ar condicionado não liga,,,,,,,,,,,,,,,,
br,como consertar ar condicionado pingando agua,,,,,,,,,,,,,,,,
br,como consertar aspirador de pó com pouca forca,,,,,,,,,,,,,,,,
br,como consertar aspirador de pó não liga,,,,,,,,,,,,,,,,
br,como consertar aspirador de pó não puxa,,,,,,,,,,,,,,,,
br,como consertar aspirador de pó perdeu sucção,,,,,,,,,,,,,,,,
br,como consertar batedeira não liga,,,,,,,,,,,,,,,,
br,como consertar batedeira perdeu forca,,,,,,,,,,,,,,,,
br,como consertar bebedouro não gela,,,,,,,,,,,,,,,,
br,como consertar bebedouro vazando,,,,,,0,0,0.00,0.00,,,,"0.00,0.00,0.00,0.00,0.00,0.00,0.00,0.00,0.00,0.00,0.00,0.00",,,
br,como consertar cafeteira não esquenta,,,,,,,,,,,,,,,,
br,como consertar cafeteira não passa café,,,,,,,,,,,,,,,,
br,como consertar cafeteira vazando,,,,,,0,0,0.00,0.00,,,,"0.00,0.00,0.00,0.00,0.00,0.00,0.00,0.00,0.00,0.00,0.00,0.00",,,
br,como consertar cervejeira não gela,,,,,,,,,,,,,,,,
br,como consertar chaleira elétrica não desliga,,,,,,,,,,,,,,,,
br,como consertar chaleira elétrica não esquenta,,,,,,,,,,,,,,,,
br,como consertar coifa fazendo barulho,,,,,,,,,,,,,,,,
br,como consertar coifa não puxa fumaça,,,,,,,,,,,,,,,,
br,como consertar cooktop chama fraca,,,,,,,,,,,,,,,,
br,como consertar cooktop não acende,,,,,,,,,,,,,,,,
br,como consertar cooktop não liga,,,,,,,,,,,,,,,,
br,como consertar depurador de ar com barulho,,,,,,,,,,,,,,,,
br,como consertar depurador de ar não puxa,,,,,,,,,,,,,,,,
br,como consertar ferro de passar manchando roupa,,,,,,,,,,,,,,,,
br,como consertar ferro de passar não esquenta,,,,,,,,,,,,,,,,
br,como consertar ferro de passar vazando água,,,,,,,,,,,,,,,,
br,como consertar fogão acendimento automático não funciona,,,,,,,,,,,,,,,,
br,como consertar fogão boca não acende,,,,,,,,,,,,,,,,
br,como consertar fogão chama amarela,,,,,,,,,,,,,,,,
br,como consertar fogão cheiro de gás,,,,,,,,,,,,,,,,
br,como consertar fogão forno não acende,,,,,,,,,,,,,,,,
br,como consertar fogão não acende,,,,,,,,,,,,,,,,
br,como consertar forno elétrico não esquenta,,,,,,,,,,,,,,,,
br,como consertar forno elétrico não liga,,,,,,,,,,,,,,,,
br,como consertar forno elétrico resistência queimada,,,,,,,,,,,,,,,,
br,como consertar freezer fazendo barulho,,,,,,,,,,,,,,,,
br,como consertar freezer formando gelo,,,,,,,,,,,,,,,,
br,como consertar freezer não congela,,,,,,,,,,,,,,,,
br,como consertar freezer não gela,,,,,,,,,,,,,,,,
br,como consertar freezer não liga,,,,,,0,0,0.00,0.00,,,,"0.00,0.00,0.00,0.00,0.00,0.00,0.00,0.00,0.00,0.00,0.00,0.00",,,
br,como consertar fritadeira elétrica não esquenta,,,,,,,,,,,,,,,,
br,como consertar fritadeira elétrica não liga,,,,,,,,,,,,,,,,
br,como consertar geladeira com cheiro ruim,,,,,,,,,,,,,,,,
br,como consertar geladeira congelando demais,,,,,,,,,,,,,,,,
br,como consertar geladeira fazendo barulho,,,,,,,,,,,,,,,,
br,como consertar geladeira formando gelo,,,,,,,,,,,,,,,,
br,como consertar geladeira luz não acende,,,,,,,,,,,,,,,,
br,como consertar geladeira motor não desliga,,,,,,,,,,,,,,,,
br,como consertar geladeira não está gelando,,,,,,,,,,,,,,,,
br,como consertar geladeira não gela,,,,,,,,,,,,,,,,
br,como consertar geladeira não liga,,,,,,0,0,0.00,0.00,,,,"0.00,0.00,0.00,0.00,0.00,0.00,0.00,0.00,0.00,0.00,0.00,0.00",,,
br,como consertar geladeira vazando água,,,,,,,,,,,,,,,,
br,como consertar lava e seca fazendo barulho,,,,,,,,,,,,,,,,
br,como consertar lava e seca não centrifuga,,,,,,,,,,,,,,,,
br,como consertar lava e seca não escoa,,,,,,,,,,,,,,,,
br,como consertar lava e seca não esquenta,,,,,,,,,,,,,,,,
br,como consertar lava e seca não seca,,,,,,,,,,,,,,,,
br,como consertar lava louças não escoa,,,,,,,,,,,,,,,,
br,como consertar lava louças não lava direito,,,,,,,,,,,,,,,,
br,como consertar lava louças não liga,,,,,,,,,,,,,,,,
br,como consertar lava louças não seca,,,,,,,,,,,,,,,,
br,como consertar lava louças vazando,,,,,,,,,,,,,,,,
br,como consertar lavadora de alta pressão não liga,,,,,,,,,,,,,,,,
br,como consertar lavadora de alta pressão sem pressão,,,,,,,,,,,,,,,,
br,como consertar lavadora de roupas fazendo barulho,,,,,,,,,,,,,,,,
br,como consertar lavadora de roupas não centrifuga,,,,,,,,,,,,,,,,
br,como consertar lavadora de roupas não enche,,,,,,,,,,,,,,,,
br,como consertar lavadora de roupas não escoa,,,,,,,,,,,,,,,,
br,como consertar liquidificador não liga,,,,,,,,,,,,,,,,
br,como consertar liquidificador vazando,,,,,,20,0,0.00,0.33,,,,"0.14,0.14,0.14,0.14,0.14,0.14,0.14,0.14,0.14,0.14,0.14,0.14",,,
br,como consertar micro-ondas com barulho,,,,,,,,,,,,,,,,
br,como consertar micro-ondas dando faísca,,,,,,,,,,,,,,,,
br,como consertar micro-ondas não esquenta,,,,,,,,,,,,,,,,
br,como consertar micro-ondas não liga,,,,,,,,,,,,,,,,
br,como consertar micro-ondas prato não gira,,,,,,,,,,,,,,,,
br,como consertar máquina de lavar fazendo barulho,,,,,,,,,,,,,,,,
br,como consertar máquina de lavar não bate,,,,,,,,,,,,,,,,
br,como consertar máquina de lavar não centrifuga,,,,,,,,,,,,,,,,
br,como consertar máquina de lavar não enche de água,,,,,,,,,,,,,,,,
br,como consertar máquina de lavar não escoa,,,,,,,,,,,,,,,,
br,como consertar máquina de lavar não liga,,,,,,,,,,,,,,,,
br,como consertar máquina de lavar parou no meio do ciclo,,,,,,,,,,,,,,,,
br,como consertar máquina de lavar tambor não gira,,,,,,,,,,,,,,,,
br,como consertar máquina de lavar travada,,,,,,,,,,,,,,,,
br,como consertar máquina de lavar vazando água,,,,,,,,,,,,,,,,
br,como consertar panela elétrica não esquenta,,,,,,,,,,,,,,,,
br,como consertar panela elétrica não liga,,,,,,,,,,,,,,,,
br,como consertar purificador de água luz vermelha acesa,,,,,,,,,,,,,,,,
br,como consertar purificador de água não gela,,,,,,,,,,,,,,,,
br,como consertar purificador de água sem pressão,,,,,,,,,,,,,,,,
br,como consertar purificador de água vazando,,,,,,,,,,,,,,,,
br,como consertar robô aspirador não carrega,,,,,,,,,,,,,,,,
br,como consertar robô aspirador não liga,,,,,,,,,,,,,,,,
br,como consertar robô aspirador não volta para base,,,,,,,,,,,,,,,,
br,como consertar sanduicheira não esquenta,,,,,,,,,,,,,,,,
br,como consertar secadora de roupas fazendo barulho,,,,,,,,,,,,,,,,
br,como consertar secadora de roupas não esquenta,,,,,,,,,,,,,,,,
br,como consertar secadora de roupas não liga,,,,,,,,,,,,,,,,
br,como consertar secadora de roupas não seca,,,,,,,,,,,,,,,,
br,como consertar ventilador fazendo barulho,,,,,,0,0,0.00,0.33,,,,"0.00,0.00,0.00,0.00,0.00,0.00,0.00,0.00,0.00,0.00,0.00,0.00",,,
br,como consertar ventilador não liga,,,,,,,,,,,,,,,,
br,como descartar ar condicionado velha,,,,,,,,,,,,,,,,
br,como descartar fogão velha,,,,,,,,,,,,,,,,
br,como descartar freezer velha,,,,,,,,,,,,,,,,
br,como descartar geladeira velha,,,,,,30,0,0.30,0.45,,,,"0.11,0.11,0.11,0.11,0.11,0.11,0.11,0.11,0.17,0.23,0.29,0.41",,,
br,como descartar micro-ondas velha,,,,,,,,,,,,,,,,
br,como descartar máquina de lavar velha,,,,,,20,0,0.00,0.33,,,,"0.00,0.00,0.50,0.50,0.50,0.50,0.50,0.50,0.50,0.50,0.50,0.50",,,
br,como higienizar air fryer,,,,,,10,0,0.02,0.77,,,,"0.28,0.00,0.28,0.28,0.14,0.00,0.14,0.00,0.28,1.00,0.00,0.14",,,
br,como higienizar ar condicionado,,,,,,390,27,0.19,1.00,108,Informational,"Reviews, Video, Video Carousel, People Also Ask, Related Searches, Short Videos, AI Overview","0.21,0.21,0.17,0.26,0.32,0.39,0.39,0.88,0.72,0.48,0.48,0.32",90,,
br,como higienizar aspirador de pó,,,,,,0,0,0.00,0.00,,,,"0.00,0.00,0.00,0.00,0.00,0.00,0.00,0.00,0.00,0.00,0.00,0.00",,,
br,como higienizar fogão,,,,,,,,,,,,,,,,
br,como higienizar geladeira,,,,,,40,0,0.03,0.36,,,,"0.14,0.14,0.14,0.14,0.14,0.14,0.14,1.00,0.78,0.14,0.14,0.50",,,
br,como higienizar lava e seca,,,,,,20,0,0.06,1.00,,,,"0.18,0.18,0.18,0.18,0.18,0.18,0.18,0.18,0.18,0.18,0.18,0.18",,,
br,como higienizar lava louças,,,,,,70,0,0.03,0.99,,,,"0.50,0.50,0.50,0.28,0.35,0.28,0.28,0.28,0.78,0.50,0.64,0.50",,,
br,como higienizar micro-ondas,,,,,,10,0,0.08,0.25,,,,"0.00,0.00,0.00,0.00,0.00,1.00,0.00,0.00,0.00,0.66,0.33,0.00",,,
br,como higienizar máquina de lavar,,,,,,140,19,0.03,0.66,104,Informational,"Reviews, Video, Video Carousel, People Also Ask, Related Searches, Short Videos, AI Overview","0.12,0.12,0.15,0.19,0.12,0.12,0.15,0.12,0.15,0.15,0.15,0.12",90,,
br,como higienizar secadora de roupas,,,,,,20,0,0.00,0.26,,,,"1.00,1.00,1.00,1.00,1.00,1.00,1.00,1.00,1.00,1.00,1.00,1.00",,,
br,como instalar adega climatizada,,,,,,0,0,0.00,0.00,,,,"0.00,0.00,0.00,0.00,0.00,0.00,0.00,0.00,0.00,0.00,0.00,0.00",,,
br,como instalar ar condicionado,,,,,,3600,32,0.18,0.52,72,Informational,"People Also Ask, Related Searches, Short Videos, AI Overview, Image Pack, Video","0.08,0.07,0.08,0.10,0.13,0.16,0.19,0.54,0.36,0.24,0.16,0.13",90,,
br,como instalar bebedouro,,,,,,70,0,0.00,0.56,,,,"0.29,0.52,0.41,0.41,0.41,0.41,0.41,0.41,0.41,0.41,0.52,0.41",,,
br,como instalar coifa,,,,,,390,26,0.14,0.18,106,Informational,"People Also Ask, Related Searches, Short Videos, Video","0.39,0.39,0.48,0.48,0.39,0.32,0.39,0.39,0.32,0.26,0.32,0.32",90,,
br,como instalar cooktop,,,,,,1300,22,0.10,0.50,107,Informational,"Video Carousel, People Also Ask, Related Searches, Short Videos, Image Pack, Reviews, Video","0.52,0.84,1.00,1.00,0.84,0.84,0.46,0.68,0.84,0.68,0.68,0.68",90,,
br,como instalar depurador de ar,,,,,,260,30,0.17,0.05,103,Informational,"Short Videos, Video, People Also Ask, Related Searches","0.53,0.53,0.66,0.82,0.66,0.53,0.66,0.66,0.66,0.66,0.66,0.66",90,,
br,como instalar fogão,,,,,,110,26,0.52,0.37,103,Informational,"Related Searches, Short Videos, AI Overview, Image Pack, Video, People Also Ask","0.82,0.82,1.00,0.64,0.41,0.52,0.52,0.52,0.52,0.64,0.41,0.41",90,,
br,como instalar forno elétrico,,,,,,30,0,0.00,0.05,,,,"0.00,0.71,1.00,1.00,0.00,0.00,0.00,0.71,0.00,0.71,0.00,0.71",,,
br,como instalar geladeira,,,,,,20,0,1.40,0.05,,,,"0.22,0.22,0.22,0.22,0.22,0.22,0.22,0.22,0.22,0.22,0.22,0.22",,,
br,como instalar lava e seca,,,,,,110,29,0.14,0.10,107,Informational,"People Also Ask, Related Searches, Short Videos, Reviews, Video","0.52,0.42,0.42,0.66,0.42,0.42,0.66,0.66,0.52,0.52,0.66,0.52",90,,
br,como instalar lava louças,,,,,,260,21,0.11,0.55,107,Informational,"Short Videos, Image Pack, Reviews, Video, Video Carousel, People Also Ask, Related Searches","0.29,0.29,0.44,0.29,0.44,0.29,0.44,0.29,0.36,0.54,0.54,0.44",90,,
br,como instalar micro-ondas,,,,,,0,0,0.00,0.00,,,,"0.00,0.00,0.00,0.00,0.00,0.00,0.00,0.00,0.00,0.00,0.00,0.00",,,
br,como instalar máquina de lavar,,,,,,320,26,0.10,0.13,106,Informational,"Video, People Also Ask, Related Searches, Short Videos, Image Pack, Reviews","0.54,0.44,0.44,0.44,0.29,0.36,0.44,0.36,0.44,0.54,0.44,0.44",90,,
br,como instalar purificador de água,,,,,,880,21,0.25,0.90,66,Informational,"Image Pack, Video, Video Carousel, People Also Ask, Related Searches","0.55,0.45,0.55,0.67,0.55,0.67,0.76,0.67,0.76,1.00,0.67,0.67",90,,
br,como instalar secadora de roupas,,,,,,110,29,0.00,0.13,90,Informational,"Video, People Also Ask, Related Searches, Short Videos, AI Overview","0.34,1.00,0.53,0.21,0.21,0.21,0.21,0.15,0.15,0.21,0.28,0.43",90,,
br,como limpar adega climatizada,,,,,,,,,,,,,,,,
br,como limpar air fryer,,,,,,1300,36,0.02,0.47,106,Informational,"Short Videos, AI Overview, Image Pack, Reviews, Video, People Also Ask, Related Searches","0.29,0.22,0.29,0.54,0.36,0.16,0.20,0.36,0.13,0.36,0.36,0.43",90,,
br,como limpar airfryer,,,,,,2400,36,0.02,0.47,104,Informational,"Short Videos, AI Overview, Image Pack, Reviews, Video, People Also Ask, Related Searches","0.43,0.43,0.54,0.43,0.28,0.28,0.28,0.36,0.43,0.43,0.36,0.36",90,,
br,como limpar ar condicionado,,,,,,3600,32,0.20,0.93,104,Informational,"People Also Ask, Related Searches, Short Videos, AI Overview, Image Pack, Video, Video Carousel","0.19,0.16,0.16,0.24,0.44,0.36,0.44,1.00,0.66,0.44,0.44,0.36",90,,
br,como limpar aspirador,,,,,,20,0,0.00,0.02,,,,"0.50,0.50,0.50,0.50,0.50,0.50,0.50,0.50,0.50,0.50,0.50,0.50",,,
br,como limpar aspirador de pó,,,,,,110,34,0.00,0.33,98,Informational,"Video, People Also Ask, Related Searches, Short Videos","0.65,0.65,0.80,0.42,0.26,0.26,0.34,0.34,0.34,0.34,0.19,0.26",90,,
br,como limpar batedeira,,,,,,20,0,0.00,0.01,,,,"1.00,1.00,1.00,1.00,1.00,1.00,1.00,1.00,1.00,1.00,1.00,1.00",,,
br,como limpar bebedouro,,,,,,140,9,0.10,0.02,106,Informational,"People Also Ask, Related Searches, Short Videos, AI Overview, Video, Video Carousel","0.53,0.53,0.65,0.53,0.53,0.53,0.53,0.65,0.53,0.53,0.53,0.65",90,,
br,como limpar cafeteira,,,,,,140,22,0.00,0.12,104,Informational,"Video, Video Carousel, People Also Ask, Related Searches, Short Videos, AI Overview","0.65,0.53,0.53,0.42,0.34,0.42,0.42,0.65,0.53,0.53,1.00,1.00",90,,
br,como limpar cervejeira,,,,,,20,0,0.00,0.06,,,,"0.22,0.22,0.22,0.22,0.22,0.22,0.22,0.22,0.22,0.22,0.22,0.22",,,
br,como limpar chaleira elétrica,,,,,,170,30,0.01,0.06,109,Informational,"AI Overview, Video, People Also Ask, Related Searches, Short Videos","0.52,0.66,0.80,0.80,0.66,0.80,0.66,0.80,1.00,1.00,1.00,1.00",90,,
br,como limpar coifa,,,,,,170,15,0.24,0.26,103,Informational,"Short Videos, Video, Video Carousel, People Also Ask, Related Searches","0.65,0.43,0.65,0.53,0.53,0.43,0.43,0.53,0.65,0.43,0.53,0.53",90,,
br,como limpar cooktop,,,,,,590,26,0.04,0.57,105,Informational,"AI Overview, Video, Related Searches, Short Videos","0.45,0.45,0.45,0.45,0.45,0.36,0.36,0.45,0.45,0.45,0.45,0.36",90,,
br,como limpar depurador de ar,,,,,,50,0,0.00,0.03,,,,"0.02,0.02,0.02,0.02,0.02,0.02,0.02,0.02,0.02,0.15,0.15,0.15",,,
br,como limpar ferro de passar,,,,,,6600,21,0.01,0.11,109,Informational,"People Also Ask, Related Searches, Short Videos, AI Overview, Image Pack, Video, Video Carousel","0.54,0.54,0.66,0.54,0.54,0.54,0.54,0.54,0.44,0.36,0.54,0.44",90,,
br,como limpar fogao,,,,,,590,15,0.09,0.19,107,Informational,"Reviews, Video, Video Carousel, People Also Ask, Related Searches, Short Videos, AI Overview, Image Pack","0.31,0.37,0.37,0.31,0.25,0.25,0.25,0.31,0.37,0.52,0.25,0.37",90,,
br,como limpar fogão,,,,,,1600,21,0.09,0.19,121,Informational,"Related Searches, Short Videos, Image Pack, Reviews, Video, Featured Snippet, Video Carousel, People Also Ask","0.66,0.66,0.79,0.79,0.54,0.66,0.54,0.54,0.66,0.54,0.54,0.54",80,,
br,como limpar forno elétrico,,,,,,880,24,0.02,0.61,101,Informational,"Video, Video Carousel, People Also Ask, Related Searches, Short Videos, AI Overview","0.62,0.62,0.62,0.62,0.45,0.55,0.30,0.55,0.45,0.45,0.45,0.45",90,,
br,como limpar freezer,,,,,,110,23,0.00,0.05,90,Informational,"Related Searches, Short Videos, AI Overview, Video, People Also Ask","0.78,0.64,0.50,0.64,0.50,1.00,0.78,0.78,1.00,0.78,0.64,0.50",90,,
br,como limpar fritadeira air fryer,,,,,,0,0,0.00,0.72,,,,"0.00,0.00,0.00,0.00,0.00,0.00,0.00,0.00,1.00,1.00,0.00,0.00",,,
br,como limpar fritadeira elétrica,,,,,,170,29,0.00,0.27,109,Informational,"AI Overview, Reviews, Video, People Also Ask, Related Searches, Short Videos","0.28,0.23,0.28,0.35,0.28,0.28,0.28,0.23,0.35,0.35,0.28,0.28",90,,
br,como limpar geladeira,,,,,,1000,25,0.05,0.20,104,Informational,"People Also Ask, Related Searches, AI Overview, Image Pack, Reviews, Video, Video Carousel","0.55,0.45,0.55,0.55,0.45,0.55,0.55,0.81,0.81,0.62,0.62,0.81",90,,
br,como limpar lava e seca,,,,,,40,0,0.10,1.00,,,,"0.18,0.18,0.18,0.18,0.18,0.18,0.18,0.18,1.00,0.18,1.00,0.18",,,
br,como limpar lava louças,,,,,,70,0,0.03,0.94,,,,"0.50,0.64,0.35,0.35,0.64,0.50,0.50,0.28,0.78,0.64,0.64,0.64",,,
br,como limpar lava-louças,,,,,,70,0,0.03,0.94,,,,"0.50,0.64,0.35,0.35,0.64,0.50,0.50,0.28,0.78,0.64,0.64,0.64",,,
br,como limpar lavadora,,,,,,20,0,0.04,0.96,,,,"0.50,0.50,0.50,0.50,0.50,0.50,0.50,0.50,0.50,0.50,0.50,0.50",,,
br,como limpar lavadora de alta pressão,,,,,,,,,,,,,,,,
br,como limpar lavadora de roupas,,,,,,20,0,0.02,0.98,,,,"0.06,0.06,0.06,0.06,0.06,0.06,0.06,0.06,0.06,0.06,0.06,0.06",,,
br,como limpar lavalouças,,,,,,,,,,,,,,,,
br,como limpar liquidificador,,,,,,110,26,0.00,0.33,105,Informational,"Short Videos, AI Overview, Video, People Also Ask, Related Searches","0.42,0.34,0.34,0.34,0.34,0.34,0.26,0.42,0.80,0.80,0.80,1.00",90,,
br,como limpar maquina de lavar roupa,,,,,,880,21,0.02,0.94,105,Informational,"Video, Video Carousel, People Also Ask, Related Searches, Short Videos, AI Overview","0.13,0.11,0.16,0.65,0.20,0.34,0.20,0.44,0.34,0.34,0.34,0.34",90,,
br,como limpar micro-ondas,,,,,,210,23,0.01,0.41,104,Informational,"People Also Ask, Related Searches, Short Videos, AI Overview, Video, Video Carousel","0.16,0.03,0.20,0.01,0.01,0.01,0.00,0.00,0.00,0.00,0.00,0.02",90,,
br,como limpar microondas,,,,,,1900,29,0.06,0.20,103,Informational,"Reviews, Video, Video Carousel, People Also Ask, Related Searches, Short Videos, AI Overview","0.29,0.22,0.43,0.54,0.36,0.43,0.43,0.43,0.54,0.54,0.36,0.36",90,,
br,como limpar máquina de lavar,,,,,,1900,20,0.03,0.99,105,Informational,"Video Carousel, People Also Ask, Related Searches, Short Videos, AI Overview, Image Pack, Reviews, Video","0.66,0.80,0.66,0.66,0.52,0.52,0.36,0.52,0.66,0.16,0.24,0.52",90,,
br,como limpar panela elétrica,,,,,,70,0,0.00,0.01,,,,"0.11,0.11,0.29,0.41,0.11,0.11,0.11,0.11,0.11,0.82,1.00,1.00",,,
br,como limpar purificador de água,,,,,,90,25,0.00,0.03,100,Informational,"Video, People Also Ask, Related Searches, Short Videos, AI Overview","0.63,0.63,0.63,1.00,1.00,1.00,1.00,0.63,0.81,1.00,0.81,1.00",90,,
br,como limpar refrigerador,,,,,,20,0,0.00,0.36,,,,"0.11,0.11,0.11,0.11,0.11,0.11,0.11,0.11,0.11,0.11,0.11,0.11",,,
br,como limpar robô aspirador,,,,,,,,,,,,,,,,
br,como limpar sanduicheira,,,,,,1300,25,0.01,0.03,102,Informational,"Video, Video Carousel, People Also Ask, Related Searches, Short Videos, AI Overview","0.44,0.44,0.44,0.36,0.36,0.36,0.27,0.27,0.44,0.36,0.36,0.36",90,,
br,como limpar secadora de roupas,,,,,,20,0,0.00,0.26,,,,"0.21,0.14,0.14,0.14,0.14,0.14,0.14,0.14,0.14,0.14,0.14,0.14",,,
br,como limpar ventilador,,,,,,5400,20,0.01,0.05,105,Informational,"Video Carousel, People Also Ask, Related Searches, Short Videos, AI Overview, Image Pack, Video","0.16,0.13,0.10,0.10,0.16,0.19,0.19,0.36,0.29,0.16,0.13,0.19",90,,
br,como programar air fryer,,,,,,20,0,0.00,0.11,,,,"0.50,0.50,0.50,0.50,0.50,0.50,0.50,0.50,0.50,0.50,0.50,0.50",,,
br,como programar ar condicionado,,,,,,70,0,0.00,0.04,,,,"0.19,0.09,0.09,0.19,0.52,0.33,0.52,0.80,0.52,0.52,0.19,0.23",,,
br,como programar aspirador de pó,,,,,,,,,,,,,,,,
br,como programar fogão,,,,,,,,,,,,,,,,
br,como programar geladeira,,,,,,0,0,0.00,0.00,,,,"0.00,0.00,0.00,0.00,0.00,0.00,0.00,0.00,0.00,0.00,0.00,0.00",,,
br,como programar lava e seca,,,,,,,,,,,,,,,,
br,como programar lava louças,,,,,,,,,,,,,,,,
br,como programar micro-ondas,,,,,,,,,,,,,,,,
br,como programar máquina de lavar,,,,,,20,0,0.00,0.03,,,,"0.28,0.28,0.28,0.28,0.28,0.28,0.28,0.28,0.28,0.28,0.28,0.28",,,
br,como programar secadora de roupas,,,,,,,,,,,,,,,,
br,como resolver air fryer com cheiro de queimado,,,,,,,,,,,,,,,,
br,como resolver air fryer desligando sozinha,,,,,,,,,,,,,,,,
br,como resolver air fryer não esquenta,,,,,,,,,,,,,,,,
br,como resolver air fryer não liga,,,,,,,,,,,,,,,,
br,como resolver ar condicionado com cheiro,,,,,,,,,,,,,,,,
br,como resolver ar condicionado desligando sozinho,,,,,,,,,,,,,,,,
br,como resolver ar condicionado fazendo barulho,,,,,,,,,,,,,,,,
br,como resolver ar condicionado luz piscando,,,,,,,,,,,,,,,,
br,como resolver ar condicionado não gela,,,,,,,,,,,,,,,,
br,como resolver ar condicionado não liga,,,,,,,,,,,,,,,,
br,como resolver ar condicionado pingando agua,,,,,,,,,,,,,,,,
br,como resolver aspirador de pó com pouca forca,,,,,,,,,,,,,,,,
br,como resolver aspirador de pó não liga,,,,,,,,,,,,,,,,
br,como resolver aspirador de pó não puxa,,,,,,,,,,,,,,,,
br,como resolver aspirador de pó perdeu sucção,,,,,,,,,,,,,,,,
br,como resolver fogão acendimento automático não funciona,,,,,,,,,,,,,,,,
br,como resolver fogão boca não acende,,,,,,,,,,,,,,,,
br,como resolver fogão chama amarela,,,,,,,,,,,,,,,,
br,como resolver fogão cheiro de gás,,,,,,,,,,,,,,,,
br,como resolver fogão forno não acende,,,,,,,,,,,,,,,,
br,como resolver fogão não acende,,,,,,,,,,,,,,,,
br,como resolver geladeira com cheiro ruim,,,,,,,,,,,,,,,,
br,como resolver geladeira congelando demais,,,,,,,,,,,,,,,,
br,como resolver geladeira fazendo barulho,,,,,,,,,,,,,,,,
br,como resolver geladeira formando gelo,,,,,,,,,,,,,,,,
br,como resolver geladeira luz não acende,,,,,,,,,,,,,,,,
br,como resolver geladeira motor não desliga,,,,,,,,,,,,,,,,
br,como resolver geladeira não está gelando,,,,,,,,,,,,,,,,
br,como resolver geladeira não gela,,,,,,,,,,,,,,,,
br,como resolver geladeira não liga,,,,,,,,,,,,,,,,
br,como resolver geladeira vazando água,,,,,,,,,,,,,,,,
br,como resolver lava e seca fazendo barulho,,,,,,,,,,,,,,,,
br,como resolver lava e seca não centrifuga,,,,,,,,,,,,,,,,
br,como resolver lava e seca não escoa,,,,,,,,,,,,,,,,
br,como resolver lava e seca não esquenta,,,,,,,,,,,,,,,,
br,como resolver lava e seca não seca,,,,,,,,,,,,,,,,
br,como resolver lava louças não escoa,,,,,,,,,,,,,,,,
br,como resolver lava louças não lava direito,,,,,,,,,,,,,,,,
br,como resolver lava louças não liga,,,,,,,,,,,,,,,,
br,como resolver lava louças não seca,,,,,,,,,,,,,,,,
br,como resolver lava louças vazando,,,,,,,,,,,,,,,,
br,como resolver micro-ondas com barulho,,,,,,,,,,,,,,,,
br,como resolver micro-ondas dando faísca,,,,,,,,,,,,,,,,
br,como resolver micro-ondas não esquenta,,,,,,,,,,,,,,,,
br,como resolver micro-ondas não liga,,,,,,,,,,,,,,,,
br,como resolver micro-ondas prato não gira,,,,,,,,,,,,,,,,
br,como resolver máquina de lavar fazendo barulho,,,,,,,,,,,,,,,,
br,como resolver máquina de lavar não bate,,,,,,,,,,,,,,,,
br,como resolver máquina de lavar não centrifuga,,,,,,,,,,,,,,,,
br,como resolver máquina de lavar não enche de água,,,,,,,,,,,,,,,,
br,como resolver máquina de lavar não escoa,,,,,,,,,,,,,,,,
br,como resolver máquina de lavar não liga,,,,,,,,,,,,,,,,
br,como resolver máquina de lavar parou no meio do ciclo,,,,,,,,,,,,,,,,
br,como resolver máquina de lavar tambor não gira,,,,,,,,,,,,,,,,
br,como resolver máquina de lavar travada,,,,,,,,,,,,,,,,
br,como resolver máquina de lavar vazando água,,,,,,,,,,,,,,,,
br,como resolver secadora de roupas fazendo barulho,,,,,,,,,,,,,,,,
br,como resolver secadora de roupas não esquenta,,,,,,,,,,,,,,,,
br,como resolver secadora de roupas não liga,,,,,,,,,,,,,,,,
br,como resolver secadora de roupas não seca,,,,,,,,,,,,,,,,
br,como trocar bateria robô aspirador,,,,,,,,,,,,,,,,
br,como trocar bocal aspirador de pó,,,,,,,,,,,,,,,,
br,como trocar bomba de drenagem máquina de lavar,,,,,,,,,,,,,,,,
br,como trocar borracha da porta freezer,,,,,,,,,,,,,,,,
br,como trocar borracha da porta geladeira,,,,,,20,0,0.00,0.14,,,,"0.50,0.50,0.50,0.00,0.50,0.50,0.50,0.50,0.50,0.50,0.50,0.50",,,
br,como trocar botão cooktop,,,,,,0,0,0.00,0.00,,,,"0.00,0.00,0.00,0.00,0.00,0.00,0.00,0.00,0.00,0.00,0.00,0.00",,,
br,como trocar botão fogão,,,,,,,,,,,,,,,,
br,como trocar capacitor ar condicionado,,,,,,20,0,0.00,0.02,,,,"0.11,0.11,0.11,0.11,0.11,0.11,0.11,0.11,0.11,0.11,0.11,0.11",,,
br,como trocar cesto air fryer,,,,,,,,,,,,,,,,
br,como trocar cesto antiaderente air fryer,,,,,,,,,,,,,,,,
br,como trocar cesto freezer,,,,,,,,,,,,,,,,
br,como trocar cesto lava louças,,,,,,,,,,,,,,,,
br,como trocar cesto máquina de lavar,,,,,,,,,,,,,,,,
br,como trocar controle remoto ar condicionado,,,,,,,,,,,,,,,,
br,como trocar correia lava e seca,,,,,,,,,,,,,,,,
br,como trocar correia máquina de lavar,,,,,,,,,,,,,,,,
br,como trocar correia secadora de roupas,,,,,,,,,,,,,,,,
br,como trocar escova aspirador de pó,,,,,,,,,,,,,,,,
br,como trocar escova robô aspirador,,,,,,,,,,,,,,,,
br,como trocar filtro ar condicionado,,,,,,20,0,0.00,0.03,,,,"0.11,0.11,0.11,0.11,0.11,0.11,0.11,0.11,0.11,0.11,0.11,0.11",,,
br,como trocar filtro bebedouro,,,,,,20,0,0.00,0.05,,,,"1.00,1.00,1.00,1.00,1.00,1.00,1.00,1.00,1.00,1.00,1.00,1.00",,,
br,como trocar filtro de alumínio coifa,,,,,,,,,,,,,,,,
br,como trocar filtro de carvão coifa,,,,,,,,,,,,,,,,
br,como trocar filtro de carvão depurador de ar,,,,,,,,,,,,,,,,
br,como trocar filtro depurador de ar,,,,,,,,,,,,,,,,
br,como trocar filtro hepa aspirador de pó,,,,,,,,,,,,,,,,
br,como trocar filtro lava e seca,,,,,,,,,,,,,,,,
br,como trocar filtro lava louças,,,,,,,,,,,,,,,,
br,como trocar filtro purificador de água,,,,,,,,,,,,,,,,
br,como trocar filtro robô aspirador,,,,,,,,,,,,,,,,
br,como trocar filtro secadora de roupas,,,,,,,,,,,,,,,,
br,como trocar gaveta geladeira,,,,,,,,,,,,,,,,
br,como trocar grade ventilador,,,,,,,,,,,,,,,,
br,como trocar gás refrigerante ar condicionado,,,,,,,,,,,,,,,,
br,como trocar hélice ar condicionado,,,,,,,,,,,,,,,,
br,como trocar hélice lava louças,,,,,,,,,,,,,,,,
br,como trocar hélice ventilador,,,,,,,,,,,,,,,,
br,como trocar lâmpada coifa,,,,,,,,,,,,,,,,
br,como trocar lâmpada geladeira,,,,,,0,0,0.00,0.00,,,,"0.00,0.00,0.00,0.00,0.00,0.00,0.00,0.00,0.00,0.00,0.00,0.00",,,
br,como trocar lâmpada micro-ondas,,,,,,,,,,,,,,,,
br,como trocar mangueira aspirador de pó,,,,,,,,,,,,,,,,
br,como trocar mangueira lava e seca,,,,,,,,,,,,,,,,
br,como trocar mangueira lava louças,,,,,,,,,,,,,,,,
br,como trocar mangueira máquina de lavar,,,,,,0,0,0.00,0.00,,,,"0.00,0.00,0.00,0.00,0.00,0.00,0.00,0.00,0.00,0.00,0.00,0.00",,,
br,como trocar placa eletrônica máquina de lavar,,,,,,,,,,,,,,,,
br,como trocar porta micro-ondas,,,,,,,,,,,,,,,,
br,como trocar prateleira geladeira,,,,,,,,,,,,,,,,
br,como trocar prato giratório micro-ondas,,,,,,,,,,,,,,,,
br,como trocar queimador cooktop,,,,,,,,,,,,,,,,
br,como trocar refil bebedouro,,,,,,,,,,,,,,,,
br,como trocar refil purificador de água,,,,,,20,0,0.00,0.33,,,,"1.00,1.00,1.00,1.00,1.00,1.00,1.00,1.00,1.00,1.00,1.00,1.00",,,
br,como trocar resistência air fryer,,,,,,,,,,,,,,,,
br,como trocar resistência do forno fogão,,,,,,,,,,,,,,,,
br,como trocar resistência forno elétrico,,,,,,,,,,,,,,,,
br,como trocar resistência lava e seca,,,,,,,,,,,,,,,,
br,como trocar resistência secadora de roupas,,,,,,,,,,,,,,,,
br,como trocar saco aspirador de pó,,,,,,,,,,,,,,,,
br,como trocar suporte do prato micro-ondas,,,,,,,,,,,,,,,,
br,como trocar termostato forno elétrico,,,,,,0,0,0.00,0.00,,,,"0.00,0.00,0.00,0.00,0.00,0.00,0.00,0.00,0.00,0.00,0.00,0.00",,,
br,como trocar termostato freezer,,,,,,0,0,0.00,0.00,,,,"0.00,0.00,0.00,0.00,0.00,0.00,0.00,0.00,0.00,0.00,0.00,0.00",,,
br,como trocar termostato geladeira,,,,,,20,0,0.00,0.33,,,,"1.00,1.00,1.00,1.00,1.00,1.00,1.00,1.00,1.00,1.00,1.00,1.00",,,
br,como trocar torneira bebedouro,,,,,,20,0,0.00,0.33,,,,"1.00,1.00,1.00,1.00,1.00,1.00,1.00,1.00,1.00,1.00,1.00,1.00",,,
br,como trocar trempe fogão,,,,,,,,,,,,,,,,
br,como trocar vidro cooktop,,,,,,,,,,,,,,,,
br,como trocar vidro da porta fogão,,,,,,,,,,,,,,,,
br,como trocar vidro da porta forno elétrico,,,,,,,,,,,,,,,,
br,como trocar válvula fogão,,,,,,,,,,,,,,,,
br,como trocar válvula purificador de água,,,,,,,,,,,,,,,,
br,como usar adega climatizada,,,,,,20,0,0.00,0.07,,,,"0.50,0.50,0.50,0.50,0.50,0.50,0.50,0.50,0.50,0.50,0.50,0.50",,,
br,como usar air fryer,,,,,,1900,24,0.01,0.31,103,Informational,"Image Pack, Video, Video Carousel, People Also Ask, Related Searches, Short Videos, AI Overview","0.66,0.52,0.52,0.52,0.52,0.44,0.52,0.66,0.66,0.52,0.52,0.52",90,,
br,como usar ar condicionado,,,,,,320,31,0.06,0.06,107,Informational,"AI Overview, Image Pack, Video, Video Carousel, People Also Ask, Related Searches","0.19,0.23,0.19,0.23,0.29,0.36,0.36,0.81,0.67,0.36,0.36,0.23",90,,
br,como usar aspirador de pó,,,,,,210,34,0.00,0.40,104,Informational,"Image Pack, Video, People Also Ask, Related Searches, Short Videos, AI Overview","0.43,0.35,0.43,0.43,0.43,0.43,0.43,0.43,0.66,0.43,0.54,0.54",90,,
br,como usar batedeira,,,,,,20,0,0.00,0.20,,,,"0.66,0.66,0.66,0.66,0.66,0.66,0.66,0.66,0.66,0.66,0.66,0.66",,,
br,como usar bebedouro,,,,,,0,0,0.00,0.00,,,,"0.00,0.00,0.00,0.00,0.00,0.00,0.00,0.00,0.00,0.00,0.00,0.00",,,
br,como usar cafeteira,,,,,,880,27,0.00,0.25,105,Informational,"Image Pack, Video, People Also Ask, Related Searches, Short Videos","0.67,0.67,0.67,0.76,0.55,0.67,0.67,0.67,0.76,0.67,0.76,0.76",90,,
br,como usar cervejeira,,,,,,0,0,0.00,0.00,,,,"0.00,0.00,0.00,0.00,0.00,0.00,0.00,0.00,0.00,0.00,0.00,0.00",,,
br,como usar chaleira elétrica,,,,,,590,18,0.00,0.17,107,Informational,"People Also Ask, Related Searches, Short Videos, Image Pack, Site Links, Video, Video Carousel","0.81,0.81,1.00,0.81,0.81,0.66,0.66,0.66,0.81,0.54,0.81,0.81",20,,
br,como usar coifa,,,,,,20,0,0.00,0.33,,,,"0.18,0.18,0.18,0.18,0.18,0.18,0.18,0.18,0.18,0.18,0.18,0.18",,,
br,como usar cooktop,,,,,,140,22,0.03,0.10,75,Informational,"Reviews, Video, People Also Ask, Related Searches, AI Overview, Image Pack","0.66,0.66,0.66,0.66,0.80,0.66,0.66,0.52,0.52,0.52,0.52,0.66",90,,
br,como usar depurador de ar,,,,,,20,0,0.00,0.33,,,,"0.14,0.14,0.14,0.14,0.14,0.14,0.14,0.14,0.14,0.14,0.14,0.14",,,
br,como usar ferro de passar,,,,,,40,0,0.00,0.02,,,,"0.17,0.11,0.23,0.23,0.23,0.17,0.23,0.29,0.17,0.23,0.23,0.23",,,
br,como usar fogão,,,,,,20,0,0.00,0.33,,,,"1.00,1.00,1.00,1.00,1.00,1.00,1.00,1.00,1.00,1.00,1.00,1.00",,,
br,como usar forno elétrico,,,,,,390,21,0.00,0.10,106,Informational,"Short Videos, Image Pack, Reviews, Video, Video Carousel, People Also Ask, Related Searches","0.54,0.44,0.36,0.44,0.36,0.54,0.29,0.54,0.29,0.54,0.36,0.36",90,,
br,como usar freezer,,,,,,20,0,0.00,0.03,,,,"0.11,0.11,0.11,0.11,0.11,0.11,0.11,0.11,0.11,0.11,0.11,0.11",,,
br,como usar fritadeira elétrica,,,,,,260,30,0.00,0.40,107,Informational,"Reviews, Video, People Also Ask, Related Searches, Short Videos, Image Pack","0.36,0.29,0.44,0.36,0.54,0.36,0.36,0.44,0.44,0.36,0.36,0.36",90,,
br,como usar geladeira,,,,,,0,0,0.00,0.00,,,,"0.00,0.00,0.00,0.00,0.00,0.00,0.00,0.00,0.00,0.00,0.00,0.00",,,
br,como usar lava e seca,,,,,,140,31,0.12,0.19,104,Informational,"Video Carousel, People Also Ask, Related Searches, Short Videos, Image Pack, Video","0.82,1.00,0.64,0.52,0.41,0.52,0.82,0.64,1.00,0.64,0.82,0.82",90,,
br,como usar lava louças,,,,,,70,0,0.13,0.32,,,,"0.81,0.81,0.63,0.45,0.36,0.45,0.63,1.00,0.36,0.81,0.81,0.36",,,
br,como usar lavadora de alta pressão,,,,,,140,29,0.00,0.24,104,Informational,"Video, People Also Ask, Related Searches, Short Videos","0.82,0.82,1.00,1.00,0.82,0.64,0.82,1.00,0.82,0.64,0.82,0.82",90,,
br,como usar lavadora de roupas,,,,,,,,,,,,,,,,
br,como usar liquidificador,,,,,,20,0,0.00,0.33,,,,"0.11,0.11,0.11,0.11,0.11,0.11,0.11,0.11,0.11,0.11,0.11,0.11",,,
br,como usar micro-ondas,,,,,,10,0,0.00,0.02,,,,"0.00,0.00,0.00,1.00,0.00,0.00,0.00,0.00,0.00,0.00,0.00,0.60",,,
br,como usar máquina de lavar,,,,,,390,19,0.02,0.04,106,Informational,"Reviews, Video, Video Carousel, People Also Ask, Related Searches, Short Videos, Image Pack","0.48,0.39,0.48,0.48,0.21,0.32,0.32,0.32,0.39,0.26,0.32,0.32",90,,
br,como usar panela elétrica,,,,,,260,30,0.02,0.30,105,Informational,"Short Videos, AI Overview, Image Pack, Video, People Also Ask, Related Searches","0.53,0.65,0.65,0.81,0.81,0.81,1.00,0.81,0.81,0.53,1.00,1.00",90,,
br,como usar purificador de água,,,,,,30,0,0.00,0.61,,,,"0.40,0.40,0.40,0.80,0.40,0.40,0.80,1.00,0.60,0.60,0.40,0.60",,,
br,como usar robô aspirador,,,,,,10,0,0.00,0.82,,,,"0.00,0.50,0.50,0.50,0.50,0.50,0.50,1.00,1.00,1.00,1.00,1.00",,,
br,como usar sanduicheira,,,,,,90,29,0.00,0.06,107,Informational,"Related Searches, Short Videos, AI Overview, Site Links, Video, People Also Ask","0.78,0.78,0.78,1.00,0.78,0.64,0.78,0.50,1.00,0.35,0.50,0.50",20,,
br,como usar secadora de roupas,,,,,,70,0,0.00,0.14,,,,"0.64,1.00,0.64,0.29,0.29,0.29,0.23,0.23,0.41,0.29,0.41,0.29",,,
br,como usar ventilador,,,,,,20,0,0.00,0.33,,,,"0.18,0.18,0.18,0.18,0.18,0.18,0.18,0.18,0.18,0.18,0.18,0.18",,,
br,compensa consertar ou comprar adega climatizada nova,,,,,,,,,,,,,,,,
br,compensa consertar ou comprar air fryer nova,,,,,,,,,,,,,,,,
br,compensa consertar ou comprar ar condicionado nova,,,,,,,,,,,,,,,,
br,compensa consertar ou comprar aspirador de pó nova,,,,,,,,,,,,,,,,
br,compensa consertar ou comprar coifa nova,,,,,,,,,,,,,,,,
br,compensa consertar ou comprar cooktop nova,,,,,,,,,,,,,,,,
br,compensa consertar ou comprar fogão nova,,,,,,,,,,,,,,,,
br,compensa consertar ou comprar forno elétrico nova,,,,,,,,,,,,,,,,
br,compensa consertar ou comprar freezer nova,,,,,,,,,,,,,,,,
br,compensa consertar ou comprar geladeira nova,,,,,,,,,,,,,,,,
br,compensa consertar ou comprar lava e seca nova,,,,,,,,,,,,,,,,
br,compensa consertar ou comprar lava louças nova,,,,,,,,,,,,,,,,
br,compensa consertar ou comprar micro-ondas nova,,,,,,,,,,,,,,,,
br,compensa consertar ou comprar máquina de lavar nova,,,,,,,,,,,,,,,,
br,compensa consertar ou comprar purificador de água nova,,,,,,,,,,,,,,,,
br,compensa consertar ou comprar secadora de roupas nova,,,,,,,,,,,,,,,,
br,compressor geladeira,,,,,,1300,26,0.07,1.00,190,Informational,"Video, Video Carousel, People Also Ask, Popular Products, Related Searches, AI Overview, Site Links","0.45,0.55,0.62,0.45,0.81,0.81,0.81,0.81,1.00,0.81,1.00,0.55",20,,
br,compressor geladeira preco,,,,,,,,,,,,,,,,
br,conserto de air fryer,,,,,,1600,18,0.31,0.20,167,Commercial,"Local Pack, Video, Video Carousel, People Also Ask, Related Searches","0.44,0.44,0.44,0.55,0.55,0.34,0.44,0.34,0.65,0.44,0.65,0.55",90,,
br,conserto de ar condicionado,,,,,,3600,17,0.71,0.59,142,Commercial,"Related Searches, AI Overview, Local Pack, Reviews, Video, Image, People Also Ask","0.36,0.19,0.19,0.19,0.29,0.29,0.36,0.44,0.54,0.36,0.29,0.23",90,,
br,conserto de ar condicionado belo horizonte,,,,,,0,0,0.55,1.00,,,,"0.00,0.00,0.00,0.00,0.00,0.00,0.00,0.00,0.00,0.00,0.00,0.00",,,
br,conserto de ar condicionado belém,,,,,,0,0,0.00,0.00,,,,"0.00,0.00,0.00,0.00,0.00,0.00,0.00,0.00,0.00,0.00,0.00,0.00",,,
br,conserto de ar condicionado brasília,,,,,,0,0,0.00,1.00,,,,"0.00,0.00,0.00,0.00,0.00,0.00,0.00,0.00,0.00,0.00,0.00,0.00",,,
br,conserto de ar condicionado campinas,,,,,,20,0,0.93,0.69,,,,"0.11,0.11,0.11,0.11,0.11,0.11,0.11,0.11,0.11,0.11,0.11,0.11",,,
br,conserto de ar condicionado campo grande,,,,,,0,0,0.00,0.00,,,,"0.00,0.00,0.00,0.00,0.00,0.00,0.00,0.00,0.00,0.00,0.00,0.00",,,
br,conserto de ar condicionado caxias do sul,,,,,,20,0,0.32,0.67,,,,"0.18,0.18,0.18,0.18,0.18,0.18,0.18,0.18,0.18,0.18,0.18,0.18",,,
br,conserto de ar condicionado contagem,,,,,,0,0,0.00,0.00,,,,"0.00,0.00,0.00,0.00,0.00,0.00,0.00,0.00,0.00,0.00,0.00,0.00",,,
br,conserto de ar condicionado cuiabá,,,,,,,,,,,,,,,,
br,conserto de ar condicionado curitiba,,,,,,20,0,1.08,0.99,,,,"0.22,0.22,0.22,0.22,0.22,0.22,0.22,0.22,0.22,0.22,0.22,0.22",,,
br,conserto de ar condicionado duque de caxias,,,,,,20,0,0.51,0.66,,,,"0.40,0.40,0.40,0.40,0.40,0.40,0.40,0.40,0.40,0.40,0.40,0.40",,,
br,conserto de ar condicionado florianópolis,,,,,,20,0,0.95,0.63,,,,"1.00,0.28,0.00,0.00,0.00,0.00,0.00,0.71,0.71,0.28,0.00,0.00",,,
br,conserto de ar condicionado fortaleza,,,,,,50,0,0.47,0.84,,,,"0.41,0.41,0.29,0.29,0.23,0.41,0.29,0.41,0.29,0.11,0.64,0.11",,,
br,conserto de ar condicionado goiânia,,,,,,20,0,0.00,1.00,,,,"0.18,0.18,0.18,0.18,0.18,0.18,0.18,0.18,0.18,0.18,0.18,0.18",,,
br,conserto de ar condicionado guarulhos,,,,,,40,0,0.42,0.79,,,,"0.11,0.11,0.00,0.00,0.11,0.11,0.11,0.29,1.00,0.11,0.82,0.11",,,
br,conserto de ar condicionado joinville,,,,,,50,0,0.69,0.91,,,,"0.11,0.11,0.11,0.11,0.11,0.11,0.64,0.82,0.64,0.64,0.11,0.11",,,
br,conserto de ar condicionado joão pessoa,,,,,,,,,,,,,,,,
br,conserto de ar condicionado londrina,,,,,,30,0,0.81,0.77,,,,"0.14,0.14,0.14,0.14,0.14,0.14,0.14,1.00,0.14,0.14,0.14,0.14",,,
br,conserto de ar condicionado maceió,,,,,,20,0,0.31,0.65,,,,"0.18,0.18,0.18,0.18,0.18,0.18,0.18,0.18,0.18,0.18,0.18,0.18",,,
br,conserto de ar condicionado manaus,,,,,,20,0,0.33,0.71,,,,"0.28,0.28,0.28,0.28,0.28,0.28,0.28,0.28,0.28,0.28,0.28,0.28",,,
br,conserto de ar condicionado maringá,,,,,,,,,,,,,,,,
br,conserto de ar condicionado natal,,,,,,0,0,0.00,0.00,,,,"0.00,0.00,0.00,0.00,0.00,0.00,0.00,0.00,0.00,0.00,0.00,0.00",,,
br,conserto de ar condicionado niterói,,,,,,20,0,1.19,1.00,,,,"0.14,0.14,0.14,0.14,0.14,0.14,0.14,0.14,0.14,0.14,0.14,0.14",,,
br,conserto de ar condicionado osasco,,,,,,20,0,0.77,0.60,,,,"0.22,0.22,0.22,0.22,0.22,0.22,0.22,0.22,0.22,0.22,0.22,0.22",,,
br,conserto de ar condicionado porto alegre,,,,,,90,9,1.06,0.73,124,Commercial,"Local Pack, Reviews, Video, People Also Ask, Related Searches","0.14,0.14,0.14,0.08,0.08,0.18,0.29,0.43,0.35,0.22,0.14,0.10",90,,
br,conserto de ar condicionado recife,,,,,,30,0,0.44,0.81,,,,"0.18,0.18,0.18,0.18,0.18,0.18,0.18,0.18,0.18,0.18,1.00,0.18",,,
br,conserto de ar condicionado ribeirão preto,,,,,,20,0,0.73,0.84,,,,"0.28,0.28,0.28,0.28,0.28,0.28,0.28,0.28,0.28,0.28,0.28,0.28",,,
br,conserto de ar condicionado rio de janeiro,,,,,,20,0,0.86,0.87,,,,"0.18,0.18,0.18,0.18,0.18,0.18,0.18,0.18,0.18,0.18,0.18,0.18",,,
br,conserto de ar condicionado salvador,,,,,,70,0,0.48,0.82,,,,"0.29,0.29,0.17,0.23,0.11,0.11,0.64,0.82,0.64,0.64,0.64,0.11",,,
br,conserto de ar condicionado santo andré,,,,,,0,0,0.62,0.36,,,,"0.00,0.00,0.00,0.00,0.00,0.00,0.00,0.00,0.00,0.00,0.00,0.00",,,
br,conserto de ar condicionado santos,,,,,,40,0,0.62,0.98,,,,"0.07,0.07,0.07,0.07,0.07,0.07,0.07,0.65,0.42,0.07,0.07,0.07",,,
br,conserto de ar condicionado sorocaba,,,,,,20,0,0.39,0.59,,,,"0.11,0.11,0.11,0.11,0.11,0.11,0.11,0.11,0.11,0.11,0.11,0.11",,,
br,conserto de ar condicionado são bernardo do campo,,,,,,0,0,0.00,0.00,,,,"0.00,0.00,0.00,0.00,0.00,0.00,0.00,0.00,0.00,0.00,0.00,0.00",,,
br,conserto de ar condicionado são josé dos campos,,,,,,,,,,,,,,,,
br,conserto de ar condicionado são paulo,,,,,,20,0,0.00,0.49,,,,"0.66,0.00,0.66,0.66,0.66,0.66,0.00,0.66,0.66,0.66,0.66,0.66",,,
br,conserto de ar condicionado uberlândia,,,,,,,,,,,,,,,,
br,conserto de ar condicionado vitória,,,,,,,,,,,,,,,,
br,conserto de aspirador de pó,,,,,,720,7,0.34,0.22,174,Informational,"Local Pack, Video, Image, Video Carousel, People Also Ask, Related Searches, Short Videos","0.55,0.55,0.67,0.55,0.55,0.45,0.45,0.55,0.55,0.45,0.55,0.55",90,,
br,conserto de coifa,,,,,,90,14,0.41,0.41,138,Commercial,"Local Pack, Image Pack, Video, People Also Ask, Related Searches","0.64,0.64,0.50,0.78,0.50,0.64,0.50,0.78,0.78,0.35,0.78,0.78",90,,
br,conserto de cooktop,,,,,,320,7,0.41,0.48,135,Transactional,"Local Pack, Reviews, Video, Video Carousel, People Also Ask, Short Videos","0.54,0.81,0.81,0.81,0.66,0.66,0.54,0.54,0.54,0.43,0.43,0.66",90,,
br,conserto de eletrodomésticos a domicílio,,,,,,,,,,,,,,,,
br,conserto de fogão,,,,,,3600,13,0.49,0.37,201,Transactional,"Video, Image, Local Pack, Image Pack, Site Links, Reviews, Video Carousel, People Also Ask, Related Searches","0.36,0.44,0.36,0.54,0.24,0.36,0.36,0.44,0.36,0.16,0.24,0.36",20,,
br,conserto de forno elétrico,,,,,,90,6,0.33,0.36,167,Transactional,"Video Carousel, People Also Ask, Related Searches, Local Pack, Video","0.01,0.00,0.03,0.08,0.16,0.13,0.03,0.10,0.08,0.00,0.06,0.67",90,,
br,conserto de freezer,,,,,,720,8,0.64,0.49,198,Commercial,"People Also Ask, Related Searches, Local Pack, Reviews, Video, Video Carousel","0.24,0.30,0.30,0.30,0.24,0.20,0.41,0.24,0.41,0.30,0.30,0.24",90,,
br,conserto de geladeira,,,,,,14800,22,0.84,0.45,140,Commercial,"Image, People Also Ask, Related Searches, Local Pack, Reviews, Video","0.81,0.81,0.54,0.54,0.66,0.44,0.66,0.66,0.36,0.54,0.54,0.54",90,,
br,conserto de geladeira belo horizonte,,,,,,260,38,1.29,0.47,129,Commercial,"Local Pack, Video, Video Carousel, People Also Ask, Related Searches","0.54,0.54,0.44,0.28,0.54,0.54,0.54,0.23,0.44,0.28,0.66,0.44",90,,
br,conserto de geladeira belém,,,,,,0,0,0.30,0.67,,,,"0.00,0.00,0.00,0.00,0.00,0.00,0.00,0.00,0.00,0.00,0.00,0.00",,,
br,conserto de geladeira brasília,,,,,,,,,,,,,,,,
br,conserto de geladeira campinas,,,,,,320,19,0.53,0.67,108,Commercial,"Local Pack, Video, Related Searches","0.44,0.36,0.23,0.44,0.36,0.66,0.36,0.54,0.36,0.29,0.44,0.36",90,,
br,conserto de geladeira campo grande,,,,,,70,0,0.88,0.75,,,,"0.45,0.63,0.36,1.00,0.18,0.18,0.81,0.81,0.81,0.81,0.81,0.63",,,
br,conserto de geladeira caxias do sul,,,,,,260,7,0.29,0.56,117,Commercial,"Local Pack, Reviews, Video, People Also Ask, Related Searches","0.43,0.43,0.53,0.82,0.82,0.66,0.66,1.00,1.00,0.82,0.66,0.66",90,,
br,conserto de geladeira contagem,,,,,,260,7,1.40,0.80,132,Commercial,"Reviews, Video, People Also Ask, Related Searches, Local Pack","0.66,0.54,0.35,0.35,0.54,0.44,0.28,0.66,0.28,0.28,0.35,0.44",90,,
br,conserto de geladeira cuiabá,,,,,,20,0,0.41,0.55,,,,"0.66,0.66,0.66,0.66,0.66,0.66,0.66,0.66,0.00,0.00,0.66,0.66",,,
br,conserto de geladeira curitiba,,,,,,260,32,1.11,0.74,121,Commercial,"People Also Ask, Related Searches, Local Pack, Reviews, Video, Image","0.19,0.15,0.29,0.29,0.44,0.29,0.19,0.67,0.36,0.29,0.44,0.29",90,,
br,conserto de geladeira duque de caxias,,,,,,10,0,1.09,0.71,,,,"0.00,0.00,0.00,0.00,0.00,0.00,0.27,0.45,0.00,0.00,0.00,0.00",,,
br,conserto de geladeira florianópolis,,,,,,40,0,1.00,0.77,,,,"0.14,0.14,0.14,0.14,0.14,0.14,0.14,1.00,0.14,0.14,0.78,0.78",,,
br,conserto de geladeira fortaleza,,,,,,390,9,0.74,0.61,136,Commercial,"Local Pack, Video, Image, People Also Ask, Related Searches","0.16,0.20,0.16,0.16,0.16,0.20,0.20,0.16,0.16,0.16,0.16,0.16",90,,
br,conserto de geladeira goiânia,,,,,,70,0,0.96,0.67,,,,"0.00,0.00,0.14,0.06,0.08,0.06,0.08,0.66,0.06,0.10,0.10,0.22",,,
br,conserto de geladeira guarulhos,,,,,,260,7,0.70,0.54,114,Commercial,"Video, Image, People Also Ask, Related Searches, Local Pack, Reviews","0.44,0.44,0.44,0.35,0.35,0.35,0.35,0.54,0.44,0.35,0.44,0.35",90,,
br,conserto de geladeira joinville,,,,,,260,7,0.59,0.78,120,Commercial,"Video, People Also Ask, Related Searches, Local Pack","0.35,0.54,0.35,0.54,1.00,0.54,0.54,0.66,0.81,0.43,0.54,0.54",90,,
br,conserto de geladeira joão pessoa,,,,,,260,18,0.96,0.67,135,Commercial,"Video, Video Carousel, People Also Ask, Related Searches, Short Videos, Local Pack","0.35,0.35,0.44,0.35,0.44,0.44,0.54,0.44,0.44,0.44,0.54,0.44",90,,
br,conserto de geladeira londrina,,,,,,210,19,0.65,0.66,136,Commercial,"Reviews, Video, Image, Video Carousel, People Also Ask, Related Searches, Local Pack","0.66,0.66,0.35,0.29,0.35,0.35,0.35,0.66,0.54,0.35,0.43,0.43",90,,
br,conserto de geladeira maceió,,,,,,20,0,0.45,0.65,,,,"0.22,0.22,0.22,0.22,0.22,0.22,0.22,0.22,0.22,0.22,0.22,0.22",,,
br,conserto de geladeira manaus,,,,,,140,7,0.62,0.70,114,Commercial,"Local Pack, Video, Image, People Also Ask, Related Searches","0.53,0.43,0.53,0.53,0.34,0.65,0.53,0.43,0.28,0.34,0.28,0.28",90,,
br,conserto de geladeira maringá,,,,,,20,0,0.24,0.47,,,,"0.11,0.11,0.11,0.11,0.11,0.11,0.11,0.11,0.17,0.11,0.11,0.11",,,
br,conserto de geladeira natal,,,,,,90,0,0.94,0.76,,,,"0.15,0.21,0.21,0.21,0.21,0.28,0.15,0.34,0.34,0.28,0.34,0.28",,,
br,conserto de geladeira niterói,,,,,,50,0,1.49,0.66,,,,"0.03,0.03,0.02,0.02,0.05,0.02,0.02,0.03,0.02,0.01,0.01,0.01",,,
br,conserto de geladeira osasco,,,,,,170,7,0.60,0.60,120,Commercial,"Local Pack, Reviews, Video, People Also Ask, Related Searches","0.65,0.65,0.43,0.65,0.34,0.28,0.43,0.65,0.65,0.65,0.65,0.34",90,,
br,conserto de geladeira porto alegre,,,,,,480,7,0.95,0.96,127,Commercial,"Local Pack, Video, People Also Ask, Related Searches","0.66,0.54,0.66,0.44,0.44,0.54,0.44,0.66,0.81,0.54,0.54,0.44",90,,
br,conserto de geladeira recife,,,,,,260,7,1.38,0.75,138,Commercial,"Related Searches, Local Pack, Reviews, Video, Video Carousel, People Also Ask","0.23,0.19,0.81,0.23,0.29,0.19,0.19,0.23,0.23,0.29,0.19,0.29",90,,
br,conserto de geladeira ribeirão preto,,,,,,140,9,0.32,0.58,119,Commercial,"Local Pack, Reviews, Video, Image, People Also Ask, Related Searches","0.43,0.28,0.35,0.35,0.35,0.43,0.28,0.35,0.35,0.28,0.23,0.23",90,,
br,conserto de geladeira rio de janeiro,,,,,,210,6,1.23,0.82,134,Commercial,"People Also Ask, Related Searches, Local Pack, Reviews, Video, Image, Video Carousel","0.66,0.53,0.66,0.53,0.43,0.53,0.53,1.00,0.66,0.53,0.53,0.53",90,,
br,conserto de geladeira salvador,,,,,,320,7,0.67,0.67,117,Commercial,"Local Pack, Reviews, Video, Image, People Also Ask, Related Searches, Short Videos","0.36,0.44,0.54,0.66,0.44,0.29,0.29,0.36,0.44,0.29,0.44,0.36",90,,
br,conserto de geladeira santo andré,,,,,,20,0,0.55,0.78,,,,"0.18,0.18,0.18,0.18,0.18,0.18,0.18,0.18,0.18,0.18,0.18,0.18",,,
br,conserto de geladeira santos,,,,,,170,6,0.55,0.61,136,Commercial,"Local Pack, Reviews, Video, Video Carousel, People Also Ask, Related Searches","0.15,0.15,0.19,0.29,0.44,0.19,0.12,0.23,0.15,0.23,0.19,0.12",90,,
br,conserto de geladeira sorocaba,,,,,,320,24,0.49,0.73,113,Commercial,"Local Pack, Video, Related Searches","0.36,0.23,0.29,0.36,0.29,0.36,0.36,0.54,0.29,0.44,0.29,0.23",90,,
br,conserto de geladeira são bernardo do campo,,,,,,0,0,0.65,0.55,,,,"0.00,0.66,0.00,0.00,0.00,0.00,0.66,0.00,0.00,0.00,0.00,0.00",,,
br,conserto de geladeira são josé dos campos,,,,,,50,0,0.38,0.54,,,,"0.15,0.03,0.00,0.00,0.26,0.34,0.34,0.19,0.15,0.53,0.03,0.26",,,
br,conserto de geladeira são paulo,,,,,,320,11,1.06,0.79,139,Commercial,"People Also Ask, Related Searches, Local Pack, Reviews, Video, Image","0.44,0.54,0.54,0.54,0.66,0.54,0.54,1.00,0.81,0.54,0.54,0.35",90,,
br,conserto de geladeira uberlândia,,,,,,30,0,1.30,0.69,,,,"0.14,0.14,0.14,0.50,0.50,0.14,0.14,0.14,0.14,0.14,0.14,0.14",,,
br,conserto de geladeira vitória,,,,,,20,0,0.08,0.46,,,,"0.00,0.14,0.14,0.14,0.14,0.14,0.14,0.14,0.14,0.14,0.14,0.14",,,
br,conserto de lava e seca,,,,,,880,12,1.23,0.54,133,Informational,"Local Pack, Image Pack, Reviews, Video, Related Searches","0.37,0.37,0.52,0.52,0.68,0.52,0.68,0.37,0.37,0.37,0.46,0.52",90,,
br,conserto de lava louças,,,,,,140,7,0.57,0.62,132,Commercial,"Reviews, Video, People Also Ask, Related Searches, Short Videos, Local Pack","0.80,0.34,0.65,0.53,0.42,0.34,0.42,0.42,0.80,0.80,0.65,1.00",90,,
br,conserto de micro-ondas,,,,,,90,13,0.48,0.35,164,Commercial,"Video, Video Carousel, People Also Ask, Related Searches, Local Pack","0.00,0.00,0.00,0.00,0.00,0.00,0.00,0.20,0.00,0.00,0.00,0.07",90,,
br,conserto de máquina de lavar,,,,,,3600,9,0.63,0.45,138,Transactional,"Video, Video Carousel, People Also Ask, Related Searches, Local Pack, Reviews","0.44,0.29,0.29,0.23,0.23,0.19,0.23,0.44,0.19,0.19,0.19,0.23",90,,
br,conserto de máquina de lavar belo horizonte,,,,,,30,0,0.00,0.33,,,,"0.81,0.81,0.18,0.18,0.18,0.18,0.18,0.18,0.18,0.18,0.18,0.18",,,
br,conserto de máquina de lavar belém,,,,,,10,0,0.23,0.55,,,,"0.00,0.00,0.00,0.00,0.00,0.00,0.00,0.00,0.00,1.00,1.00,1.00",,,
br,conserto de máquina de lavar brasília,,,,,,,,,,,,,,,,
br,conserto de máquina de lavar campinas,,,,,,10,0,0.55,0.28,,,,"0.00,0.00,0.25,0.25,0.25,0.50,0.00,0.00,0.00,0.00,0.25,1.00",,,
br,conserto de máquina de lavar campo grande,,,,,,,,,,,,,,,,
br,conserto de máquina de lavar caxias do sul,,,,,,10,0,0.42,0.71,,,,"0.00,0.00,0.00,0.00,0.00,0.00,0.00,0.00,0.80,1.00,0.00,0.00",,,
br,conserto de máquina de lavar contagem,,,,,,0,0,0.70,0.83,,,,"0.00,0.00,0.00,0.00,0.00,0.00,0.00,0.00,0.00,0.00,0.00,1.00",,,
br,conserto de máquina de lavar cuiabá,,,,,,30,0,0.54,0.65,,,,"1.00,0.18,0.18,0.18,0.18,0.18,0.18,0.18,0.18,0.18,0.18,0.18",,,
br,conserto de máquina de lavar curitiba,,,,,,10,0,1.22,0.84,,,,"0.00,0.00,0.05,0.05,0.11,0.11,0.00,0.00,0.00,0.00,0.05,0.00",,,
br,conserto de máquina de lavar duque de caxias,,,,,,,,,,,,,,,,
br,conserto de máquina de lavar florianópolis,,,,,,0,0,0.72,0.98,,,,"0.00,0.00,0.00,0.00,0.00,0.00,0.00,0.00,0.00,0.00,0.00,0.00",,,
br,conserto de máquina de lavar fortaleza,,,,,,50,0,0.64,0.73,,,,"0.55,0.55,0.44,0.55,0.44,0.55,0.44,0.55,1.00,1.00,0.00,1.00",,,
br,conserto de máquina de lavar goiânia,,,,,,30,0,0.92,0.82,,,,"0.14,0.14,0.14,0.14,0.14,0.14,0.14,1.00,0.14,0.14,0.14,0.14",,,
br,conserto de máquina de lavar guarulhos,,,,,,90,5,0.52,0.76,120,Commercial,"Video, People Also Ask, Related Searches, Local Pack","0.63,0.81,1.00,0.81,0.63,1.00,0.81,0.81,0.81,0.63,0.81,0.45",90,,
br,conserto de máquina de lavar joinville,,,,,,20,0,0.54,0.78,,,,"0.09,0.09,0.09,0.09,0.09,0.09,0.09,0.09,0.09,0.09,0.09,0.09",,,
br,conserto de máquina de lavar joão pessoa,,,,,,,,,,,,,,,,
br,conserto de máquina de lavar londrina,,,,,,40,0,0.85,0.82,,,,"0.41,0.23,0.29,0.17,0.29,0.23,0.29,0.17,0.29,0.17,0.17,0.17",,,
br,conserto de máquina de lavar maceió,,,,,,0,0,0.32,0.57,,,,"0.00,0.00,0.00,0.00,0.00,0.00,0.00,0.00,0.00,0.00,0.00,0.00",,,
br,conserto de máquina de lavar manaus,,,,,,40,0,0.43,0.54,,,,"0.02,0.02,0.02,0.02,0.09,0.02,0.02,0.02,0.12,0.02,0.09,0.12",,,
br,conserto de máquina de lavar maringá,,,,,,30,0,0.37,0.40,,,,"1.00,0.11,0.11,0.11,0.11,0.11,0.11,0.11,0.11,0.11,0.11,0.11",,,
br,conserto de máquina de lavar natal,,,,,,,,,,,,,,,,
br,conserto de máquina de lavar niterói,,,,,,0,0,0.00,0.00,,,,"0.00,0.00,0.00,0.00,0.00,0.00,0.00,0.00,0.00,0.00,0.00,0.00",,,
br,conserto de máquina de lavar osasco,,,,,,0,0,0.65,0.86,,,,"0.00,0.00,0.00,0.00,0.00,0.00,0.00,0.00,0.00,0.00,0.00,1.00",,,
br,conserto de máquina de lavar porto alegre,,,,,,30,0,0.99,0.84,,,,"0.50,0.00,0.00,0.00,1.00,1.00,0.00,0.00,0.00,0.00,0.00,0.00",,,
br,conserto de máquina de lavar recife,,,,,,0,0,1.18,0.99,,,,"0.00,0.00,0.00,0.00,0.00,0.00,0.00,0.00,0.00,0.00,0.00,0.00",,,
br,conserto de máquina de lavar ribeirão preto,,,,,,50,0,0.30,0.59,,,,"0.06,0.06,0.06,0.09,0.34,0.06,0.06,0.43,0.06,0.34,0.21,0.15",,,
br,conserto de máquina de lavar rio de janeiro,,,,,,30,0,1.27,0.89,,,,"0.18,0.18,0.09,0.18,0.18,0.27,0.00,1.00,0.00,0.81,0.00,0.00",,,
br,conserto de máquina de lavar salvador,,,,,,20,0,0.72,0.86,,,,"0.42,0.42,0.28,0.28,0.42,0.42,0.42,0.00,0.00,0.00,0.00,0.71",,,
br,conserto de máquina de lavar santo andré,,,,,,,,,,,,,,,,
br,conserto de máquina de lavar santos,,,,,,,,,,,,,,,,
br,conserto de máquina de lavar sorocaba,,,,,,20,0,0.50,0.38,,,,"0.00,0.00,0.14,0.00,0.00,0.00,0.07,0.07,0.00,1.00,0.35,0.00",,,
br,conserto de máquina de lavar são bernardo do campo,,,,,,,,,,,,,,,,
br,conserto de máquina de lavar são josé dos campos,,,,,,,,,,,,,,,,
br,conserto de máquina de lavar são paulo,,,,,,140,6,0.80,0.76,136,Commercial,"Local Pack, Video, Image, Video Carousel, People Also Ask, Related Searches","0.42,0.52,0.80,0.80,0.80,0.66,1.00,0.42,0.42,0.42,0.52,0.33",90,,
br,conserto de máquina de lavar uberlândia,,,,,,30,0,1.00,0.78,,,,"0.18,0.18,0.18,0.18,0.18,0.18,0.18,0.18,1.00,0.45,0.18,0.27",,,
br,conserto de máquina de lavar vitória,,,,,,,,,,,,,,,,
br,conserto de purificador de água,,,,,,90,6,0.40,0.49,130,Informational,"Local Pack, Reviews, Video, Video Carousel, People Also Ask, Related Searches","0.19,0.09,0.23,0.66,0.66,0.14,0.33,0.42,0.66,0.42,0.19,0.33",90,,
br,conserto de secadora de roupas,,,,,,50,0,0.50,0.58,,,,"0.52,0.82,0.82,0.29,0.23,0.23,0.23,0.17,0.17,0.29,0.23,0.23",,,
br,consumo de energia adega climatizada,,,,,,0,0,0.00,0.00,,,,"0.40,0.00,0.40,0.00,0.00,0.00,0.00,0.00,0.00,0.00,0.00,0.00",,,
br,consumo de energia air fryer,,,,,,90,19,0.02,0.11,165,Informational,"Video Carousel, People Also Ask, Related Searches, Short Videos, AI Overview, Video","0.18,0.14,0.18,0.22,0.22,0.22,0.29,0.22,0.14,0.14,0.18,0.14",90,,
br,consumo de energia airfryer,,,,,,20,0,0.00,0.33,,,,"0.06,0.06,0.06,0.06,0.06,0.06,0.06,0.06,0.06,0.06,0.06,0.06",,,
br,consumo de energia ar condicionado,,,,,,320,25,0.09,0.21,194,Informational,"Video Carousel, People Also Ask, AI Overview, Video","0.20,0.13,0.10,0.13,0.20,0.20,0.20,0.45,0.36,0.20,0.20,0.13",90,,
br,consumo de energia aspirador,,,,,,0,0,0.00,0.00,,,,"0.00,0.00,0.00,0.00,0.00,0.00,0.00,0.00,0.00,0.00,0.00,0.00",,,
br,consumo de energia aspirador de pó,,,,,,20,0,0.00,0.06,,,,"0.50,0.50,0.50,0.50,0.50,0.50,0.50,0.50,0.50,0.50,0.50,0.50",,,
br,consumo de energia batedeira,,,,,,0,0,0.00,0.00,,,,"0.00,0.00,0.00,0.00,0.00,0.00,0.00,0.00,0.00,0.00,0.00,0.00",,,
br,consumo de energia bebedouro,,,,,,20,0,0.00,0.33,,,,"0.28,0.28,0.28,0.28,0.28,0.28,0.28,0.28,0.28,0.28,0.28,0.28",,,
br,consumo de energia cafeteira,,,,,,0,0,0.00,0.00,,,,"0.00,0.00,0.00,0.00,0.00,0.00,0.00,0.00,0.00,0.00,0.00,0.00",,,
br,consumo de energia cervejeira,,,,,,20,0,0.00,0.33,,,,"0.50,0.50,0.50,0.50,0.50,0.50,0.50,0.50,0.50,0.50,0.50,0.50",,,
br,consumo de energia chaleira elétrica,,,,,,,,,,,,,,,,
br,consumo de energia coifa,,,,,,10,0,0.00,0.33,,,,"0.00,0.00,1.00,0.00,0.00,1.00,0.00,1.00,0.00,0.00,0.00,0.00",,,
br,consumo de energia cooktop,,,,,,,,,,,,,,,,
br,consumo de energia depurador de ar,,,,,,,,,,,,,,,,
br,consumo de energia ferro de passar,,,,,,20,0,0.00,0.07,,,,"0.18,0.18,0.18,0.18,0.18,0.18,0.18,0.18,0.18,0.18,0.18,0.18",,,
br,consumo de energia fogao,,,,,,0,0,0.00,0.00,,,,"0.00,0.00,0.00,0.00,0.00,0.00,0.00,0.00,0.00,0.00,0.00,0.00",,,
br,consumo de energia fogão,,,,,,,,,,,,,,,,
br,consumo de energia forno elétrico,,,,,,0,0,0.00,0.29,,,,"0.00,0.00,0.00,0.00,0.00,0.00,0.00,0.00,0.00,0.00,0.00,0.00",,,
br,consumo de energia freezer,,,,,,20,0,0.00,0.12,,,,"0.18,0.18,0.18,0.18,0.18,0.18,0.18,0.18,0.18,0.18,0.18,0.18",,,
br,consumo de energia fritadeira air fryer,,,,,,,,,,,,,,,,
br,consumo de energia fritadeira elétrica,,,,,,20,0,0.00,0.11,,,,"0.18,0.18,0.18,0.18,0.18,0.18,0.18,0.18,0.18,0.18,0.18,0.18",,,
br,consumo de energia geladeira,,,,,,140,15,0.00,0.52,160,Informational,"Image Pack, Reviews, Video, Video Carousel, People Also Ask, Related Searches, AI Overview","0.65,0.53,0.53,0.42,0.53,0.53,0.53,0.42,0.65,0.34,0.65,0.65",90,,
br,consumo de energia lava e seca,,,,,,40,0,0.08,0.98,,,,"0.18,1.00,1.00,0.18,0.18,0.18,0.18,0.18,0.18,0.18,0.18,0.18",,,
br,consumo de energia lava louças,,,,,,20,0,0.00,0.05,,,,"0.18,0.18,0.18,0.18,0.18,0.18,0.18,0.18,0.18,0.18,0.18,0.18",,,
br,consumo de energia lava-louças,,,,,,20,0,0.00,0.05,,,,"0.18,0.18,0.18,0.18,0.18,0.18,0.18,0.18,0.18,0.18,0.18,0.18",,,
br,consumo de energia lavadora,,,,,,20,0,0.00,0.33,,,,"0.40,0.40,0.40,0.00,0.40,0.40,0.00,0.40,0.40,0.40,0.40,0.40",,,
br,consumo de energia lavadora de alta pressão,,,,,,,,,,,,,,,,
br,consumo de energia lavadora de roupas,,,,,,20,0,0.00,0.33,,,,"0.14,0.14,0.14,0.14,0.14,0.14,0.14,0.14,0.14,0.14,0.14,0.14",,,
br,consumo de energia lavalouças,,,,,,,,,,,,,,,,
br,consumo de energia liquidificador,,,,,,20,0,0.00,0.33,,,,"0.11,0.11,0.11,0.11,0.11,0.11,0.11,0.11,0.11,0.11,0.11,0.11",,,
br,consumo de energia maquina de lavar roupa,,,,,,20,0,0.00,0.29,,,,"0.14,0.14,0.14,0.14,0.14,0.14,0.14,0.14,0.14,0.14,0.14,0.14",,,
br,consumo de energia micro-ondas,,,,,,,,,,,,,,,,
br,consumo de energia microondas,,,,,,20,0,0.00,0.21,,,,"0.14,0.14,0.14,0.14,0.14,0.14,0.14,0.14,0.14,0.14,0.14,0.14",,,
br,consumo de energia máquina de lavar,,,,,,20,0,0.00,0.01,,,,"0.50,0.50,0.50,0.50,0.50,0.50,0.50,0.50,0.50,0.50,0.50,0.50",,,
br,consumo de energia panela elétrica,,,,,,0,0,0.00,0.00,,,,"0.00,0.00,0.00,0.00,0.00,0.00,0.00,0.00,0.00,0.00,0.00,0.00",,,
br,consumo de energia purificador de água,,,,,,0,0,0.00,0.00,,,,"0.00,0.00,0.00,0.00,0.00,0.00,0.00,0.00,0.00,0.00,0.00,0.00",,,
br,consumo de energia refrigerador,,,,,,0,0,0.00,0.11,,,,"0.00,0.00,0.00,0.00,0.00,0.00,0.00,0.00,0.00,0.00,0.00,0.00",,,
br,consumo de energia robô aspirador,,,,,,,,,,,,,,,,
br,consumo de energia sanduicheira,,,,,,20,0,0.00,0.33,,,,"0.22,0.22,0.22,0.22,0.22,0.22,0.22,0.22,0.22,0.22,0.22,0.22",,,
br,consumo de energia secadora de roupas,,,,,,30,0,0.00,0.79,,,,"0.18,1.00,0.18,0.18,0.18,0.18,0.18,0.18,0.18,0.18,0.18,0.18",,,
br,consumo de energia ventilador,,,,,,140,14,0.00,0.16,174,Informational,"People Also Ask, Related Searches, Short Videos, AI Overview, Reviews, Video, Video Carousel","0.23,0.11,0.11,0.11,0.18,0.23,0.23,0.44,0.35,0.23,0.23,0.18",90,,
br,controle remoto ar condicionado,,,,,,880,14,0.06,0.99,195,Commercial,"Image Pack, People Also Ask, Popular Products, Related Searches, Site Links, Reviews, Video, Video Carousel, Short Videos, AI Overview","0.20,0.16,0.13,0.13,0.16,0.20,0.20,0.29,0.29,0.20,0.20,0.20",20,,
br,controle remoto ar condicionado compativel,,,,,,,,,,,,,,,,
br,controle remoto ar condicionado original,,,,,,,,,,,,,,,,
br,controle remoto ar condicionado preco,,,,,,,,,,,,,,,,
br,cooktop chama fraca,,,,,,0,0,0.00,0.00,,,,"0.00,0.00,0.00,0.00,0.14,0.00,0.00,0.00,0.00,0.00,0.00,0.00",,,
br,cooktop não acende,,,,,,20,0,0.00,0.03,,,,"0.14,0.14,0.14,0.14,0.14,0.14,0.14,0.14,0.14,0.14,0.14,0.14",,,
br,cooktop não liga,,,,,,0,0,0.43,0.07,,,,"0.00,0.00,0.00,0.00,0.00,0.00,0.00,0.00,0.00,0.00,0.00,1.00",,,
br,copo liquidificador,,,,,,8100,21,0.05,0.99,195,Informational,"Short Videos, Image Pack, Site Links, Video, People Also Ask, Popular Products, Related Searches","0.54,0.54,0.81,0.54,0.66,0.54,0.66,0.66,0.66,0.54,0.54,0.54",20,,
br,copo liquidificador preco,,,,,,,,,,,,,,,,
br,correia lava e seca,,,,,,,,,,,,,,,,
br,correia lava e seca compativel,,,,,,,,,,,,,,,,
br,correia lava e seca original,,,,,,,,,,,,,,,,
br,correia lava e seca preco,,,,,,,,,,,,,,,,
br,correia máquina de lavar,,,,,,260,15,0.10,0.99,185,Informational,"AI Overview, Site Links, Video, Video Carousel, Popular Products, Related Searches, Short Videos, Image Pack, People Also Ask","0.35,0.44,0.54,0.35,0.23,0.44,0.28,0.23,0.54,0.54,0.35,0.44",20,,
br,correia máquina de lavar compativel,,,,,,,,,,,,,,,,
br,correia máquina de lavar original,,,,,,,,,,,,,,,,
br,correia máquina de lavar preco,,,,,,,,,,,,,,,,
br,correia secadora de roupas,,,,,,,,,,,,,,,,
br,correia secadora de roupas compativel,,,,,,,,,,,,,,,,
br,correia secadora de roupas original,,,,,,,,,,,,,,,,
br,correia secadora de roupas preco,,,,,,,,,,,,,,,,
br,cuidados com air fryer,,,,,,0,0,0.00,0.23,,,,"0.66,0.00,0.66,0.00,0.00,0.00,0.00,0.00,0.00,0.00,0.00,0.00",,,
br,cuidados com ar condicionado,,,,,,20,0,0.00,0.04,,,,"0.18,0.18,0.18,0.18,0.18,0.18,0.18,0.18,0.18,0.18,0.18,0.18",,,
br,cuidados com aspirador de pó,,,,,,0,0,0.00,0.00,,,,"0.00,0.00,0.00,0.00,0.00,0.00,0.00,0.00,0.00,0.00,0.00,0.00",,,
br,cuidados com fogão,,,,,,,,,,,,,,,,
br,cuidados com geladeira,,,,,,0,0,0.00,0.00,,,,"0.00,0.00,0.00,0.00,0.00,0.00,0.00,0.00,0.00,0.00,0.00,0.00",,,
br,cuidados com lava e seca,,,,,,0,0,0.00,0.00,,,,"0.00,0.00,0.00,0.00,0.00,0.00,0.00,0.00,0.00,0.00,0.00,0.00",,,
br,cuidados com lava louças,,,,,,0,0,0.00,0.00,,,,"0.00,0.00,0.00,0.00,0.00,0.00,0.00,0.00,0.00,0.00,0.00,0.00",,,
br,cuidados com micro-ondas,,,,,,0,0,0.00,0.00,,,,"0.00,0.00,0.00,0.00,0.00,0.00,0.00,0.00,0.00,0.00,0.00,0.00",,,
br,cuidados com máquina de lavar,,,,,,,,,,,,,,,,
br,cuidados com secadora de roupas,,,,,,,,,,,,,,,,
br,código de erro adega climatizada,,,,,,,,,,,,,,,,
br,código de erro air fryer,,,,,,,,,,,,,,,,
br,código de erro ar condicionado,,,,,,40,0,0.00,0.01,,,,"0.11,0.07,0.11,0.11,0.15,0.11,0.07,0.19,0.26,0.15,0.19,0.15",,,
br,código de erro aspirador de pó,,,,,,,,,,,,,,,,
br,código de erro coifa,,,,,,,,,,,,,,,,
br,código de erro cooktop,,,,,,,,,,,,,,,,
br,código de erro fogão,,,,,,,,,,,,,,,,
br,código de erro forno elétrico,,,,,,,,,,,,,,,,
br,código de erro freezer,,,,,,,,,,,,,,,,
br,código de erro geladeira,,,,,,,,,,,,,,,,
br,código de erro lava e seca,,,,,,,,,,,,,,,,
br,código de erro lava louças,,,,,,,,,,,,,,,,
br,código de erro micro-ondas,,,,,,,,,,,,,,,,
br,código de erro máquina de lavar,,,,,,,,,,,,,,,,
br,código de erro purificador de água,,,,,,,,,,,,,,,,
br,código de erro secadora de roupas,,,,,,,,,,,,,,,,
br,depurador de ar com barulho,,,,,,,,,,,,,,,,
br,depurador de ar não puxa,,,,,,,,,,,,,,,,
br,descarte correto de eletrodomésticos,,,,,,,,,,,,,,,,
br,electrolux cuida,,,,,,2400,31,0.21,0.24,0,"Navigational, Commercial","Popular Products, Related Searches, Short Videos, Site Links, Video, Video Carousel, People Also Ask","0.52,0.66,0.66,1.00,0.44,0.52,0.52,0.66,0.36,0.52,1.00,0.66",20,,
br,electrolux instala,,,,,,480,32,0.36,0.40,109,"Navigational, Commercial","Site Links, Video, Video Carousel, People Also Ask, Related Searches","0.20,0.16,0.24,0.20,0.05,0.24,0.20,0.24,0.24,0.24,0.36,0.30",20,,
br,electrolux outlet,,,,,,4400,32,0.26,0.99,166,Navigational,"Local Pack, Site Links, Reviews, Video, Image, Video Carousel, Related Searches","0.54,0.44,0.44,0.54,0.44,0.44,1.00,0.29,0.36,0.36,0.24,0.29",20,,
br,electrolux pro,,,,,,140,22,0.30,1.00,164,Informational,"Image Pack, Site Links, Video, Adwords Bottom, Video Carousel, Popular Products, Related Searches","0.23,0.28,0.35,0.23,0.18,0.23,0.28,0.28,0.08,0.23,0.28,0.28",20,,
br,electrolux projeta,,,,,,320,29,1.06,0.02,165,Navigational,"Image Pack, Site Links, Video, Video Carousel, Related Searches","0.66,0.82,1.00,0.82,0.82,0.66,1.00,0.66,0.53,0.53,1.00,0.66",20,,
br,electrolux shopclub,,,,,,320,25,0.55,1.00,170,Navigational,"Video, Video Carousel, People Also Ask, Related Searches, Site Links","0.44,0.44,0.54,0.54,0.54,0.44,0.66,0.35,0.44,0.44,0.44,0.44",20,,
br,escova aspirador de pó,,,,,,20,0,0.08,1.00,,,,"0.33,0.09,0.09,0.09,0.09,0.09,0.09,0.09,0.09,0.00,0.09,0.09",,,
br,escova aspirador de pó compativel,,,,,,,,,,,,,,,,
br,escova aspirador de pó original,,,,,,,,,,,,,,,,
br,escova aspirador de pó preco,,,,,,,,,,,,,,,,
br,escova robô aspirador,,,,,,,,,,,,,,,,
br,escova robô aspirador compativel,,,,,,,,,,,,,,,,
br,escova robô aspirador original,,,,,,,,,,,,,,,,
br,escova robô aspirador preco,,,,,,,,,,,,,,,,
br,ferro de passar manchando roupa,,,,,,20,0,0.00,0.04,,,,"0.50,0.50,0.50,0.50,0.50,0.50,0.50,0.50,0.50,0.50,0.50,0.50",,,
br,ferro de passar não esquenta,,,,,,70,0,0.00,0.33,,,,"0.63,0.63,0.63,0.63,0.63,0.63,0.63,0.63,0.63,0.45,0.63,0.63",,,
br,ferro de passar vazando água,,,,,,20,0,0.00,0.33,,,,"0.42,0.28,0.28,0.28,0.28,0.28,0.28,0.28,0.57,0.28,0.28,0.42",,,
br,filtro adega climatizada,,,,,,,,,,,,,,,,
br,filtro adega climatizada preco,,,,,,,,,,,,,,,,
br,filtro ar condicionado,,,,,,5400,6,0.21,0.57,187,Informational,"Site Links, Video, Video Carousel, Popular Products, Related Searches, AI Overview, Image Pack","0.54,0.54,0.54,0.66,0.66,0.66,0.66,1.00,0.66,0.54,0.54,0.66",20,,
br,filtro ar condicionado compativel,,,,,,0,0,0.00,0.00,,,,"0.00,0.00,0.00,0.00,0.00,0.00,0.00,0.00,0.00,0.00,0.00,0.00",,,
br,filtro ar condicionado original,,,,,,,,,,,,,,,,
br,filtro ar condicionado preco,,,,,,,,,,,,,,,,
br,filtro bebedouro,,,,,,2900,21,0.19,1.00,189,Commercial,"Local Pack, Image Pack, Site Links, Video, People Also Ask, Popular Products, Related Searches","0.81,0.65,0.54,0.36,0.65,0.81,0.81,0.65,1.00,0.36,0.65,0.65",20,,
br,filtro bebedouro compativel,,,,,,,,,,,,,,,,
br,filtro bebedouro original,,,,,,,,,,,,,,,,
br,filtro bebedouro preco,,,,,,,,,,,,,,,,
br,filtro de alumínio coifa,,,,,,,,,,,,,,,,
br,filtro de alumínio coifa compativel,,,,,,,,,,,,,,,,
br,filtro de alumínio coifa original,,,,,,,,,,,,,,,,
br,filtro de alumínio coifa preco,,,,,,,,,,,,,,,,
br,filtro de carvão coifa,,,,,,20,0,0.07,1.00,,,,"0.14,0.14,0.14,0.14,0.14,0.14,0.14,0.14,0.14,0.14,0.14,0.14",,,
br,filtro de carvão coifa compativel,,,,,,,,,,,,,,,,
br,filtro de carvão coifa original,,,,,,,,,,,,,,,,
br,filtro de carvão coifa preco,,,,,,,,,,,,,,,,
br,filtro de carvão depurador de ar,,,,,,,,,,,,,,,,
br,filtro de carvão depurador de ar compativel,,,,,,,,,,,,,,,,
br,filtro de carvão depurador de ar original,,,,,,,,,,,,,,,,
br,filtro de carvão depurador de ar preco,,,,,,,,,,,,,,,,
br,filtro de água geladeira,,,,,,20,0,0.11,1.00,,,,"0.66,0.66,0.66,0.66,0.66,0.66,1.00,0.66,0.66,0.66,0.66,0.66",,,
br,filtro de água geladeira preco,,,,,,,,,,,,,,,,
br,filtro depurador de ar,,,,,,70,0,0.03,1.00,,,,"0.50,0.50,0.50,0.50,0.50,0.50,0.50,0.50,0.50,0.50,0.50,0.64",,,
br,filtro depurador de ar compativel,,,,,,,,,,,,,,,,
br,filtro depurador de ar original,,,,,,,,,,,,,,,,
br,filtro depurador de ar preco,,,,,,,,,,,,,,,,
br,filtro hepa aspirador de pó,,,,,,20,0,0.09,0.99,,,,"0.50,0.50,0.50,0.50,0.50,0.50,0.50,0.50,0.75,0.50,0.50,1.00",,,
br,filtro hepa aspirador de pó compativel,,,,,,,,,,,,,,,,
br,filtro hepa aspirador de pó original,,,,,,,,,,,,,,,,
br,filtro hepa aspirador de pó preco,,,,,,,,,,,,,,,,
br,filtro lava e seca,,,,,,20,0,0.00,0.98,,,,"1.00,1.00,1.00,1.00,1.00,1.00,1.00,1.00,1.00,1.00,1.00,1.00",,,
br,filtro lava e seca compativel,,,,,,,,,,,,,,,,
br,filtro lava e seca original,,,,,,,,,,,,,,,,
br,filtro lava e seca preco,,,,,,,,,,,,,,,,
br,filtro lava louças,,,,,,0,0,0.00,0.00,,,,"0.00,0.00,0.00,0.00,0.00,0.00,0.00,0.00,0.00,0.00,0.00,0.00",,,
br,filtro lava louças compativel,,,,,,,,,,,,,,,,
br,filtro lava louças original,,,,,,,,,,,,,,,,
br,filtro lava louças preco,,,,,,,,,,,,,,,,
br,filtro máquina de lavar,,,,,,320,25,0.09,1.00,158,"Informational, Transactional","Video Carousel, People Also Ask, Related Searches, Short Videos, Image Pack, Video","0.20,0.24,0.24,0.24,0.24,0.24,0.24,0.30,0.24,0.20,0.24,0.24",90,,
br,filtro máquina de lavar preco,,,,,,,,,,,,,,,,
br,filtro permanente cafeteira,,,,,,110,13,0.07,1.00,206,"Informational, Commercial","Video, People Also Ask, Popular Products, Related Searches, Image Pack, Site Links","0.22,0.18,0.22,0.29,0.22,0.22,0.22,0.18,0.22,0.22,0.29,0.29",20,,
br,filtro permanente cafeteira preco,,,,,,,,,,,,,,,,
br,filtro purificador de água,,,,,,3600,32,0.18,1.00,193,"Informational, Commercial","AI Overview, Image Pack, Site Links, Video, People Also Ask, Popular Products, Related Searches","0.54,0.54,0.81,0.54,0.66,0.43,0.54,0.43,0.81,0.66,0.54,0.66",20,,
br,filtro purificador de água compativel,,,,,,,,,,,,,,,,
br,filtro purificador de água original,,,,,,,,,,,,,,,,
br,filtro purificador de água preco,,,,,,,,,,,,,,,,
br,filtro robô aspirador,,,,,,0,0,0.00,0.00,,,,"0.00,0.00,0.00,0.00,0.00,0.00,0.00,0.00,0.00,0.00,0.00,0.00",,,
br,filtro robô aspirador compativel,,,,,,,,,,,,,,,,
br,filtro robô aspirador original,,,,,,,,,,,,,,,,
br,filtro robô aspirador preco,,,,,,,,,,,,,,,,
br,filtro secadora de roupas,,,,,,0,0,0.00,0.00,,,,"0.00,0.00,0.00,0.00,0.00,0.00,0.00,0.00,0.00,0.00,0.00,0.00",,,
br,filtro secadora de roupas compativel,,,,,,,,,,,,,,,,
br,filtro secadora de roupas original,,,,,,,,,,,,,,,,
br,filtro secadora de roupas preco,,,,,,,,,,,,,,,,
br,fogao boca não acende,,,,,,,,,,,,,,,,
br,fogao chama amarela,,,,,,0,0,0.00,0.00,,,,"0.00,0.00,0.00,0.00,0.00,0.00,0.00,0.00,0.00,0.00,0.00,0.00",,,
br,fogao forno não acende,,,,,,,,,,,,,,,,
br,fogao não acende,,,,,,0,0,0.00,0.00,,,,"0.00,0.00,0.00,0.00,0.00,0.00,0.00,0.00,0.00,0.00,0.00,0.00",,,
br,fogão acendimento automático não funciona,,,,,,0,0,0.00,0.00,,,,"0.00,0.00,0.00,0.00,0.00,0.00,0.00,0.00,0.00,0.00,0.00,0.00",,,
br,fogão acendimento automático não funciona o que fazer,,,,,,,,,,,,,,,,
br,fogão boca não acende,,,,,,,,,,,,,,,,
br,fogão boca não acende o que fazer,,,,,,,,,,,,,,,,
br,fogão chama amarela,,,,,,0,0,0.00,0.00,,,,"0.28,0.00,0.00,0.00,0.00,0.00,0.00,0.00,0.00,0.14,0.00,0.28",,,
br,fogão chama amarela o que fazer,,,,,,,,,,,,,,,,
br,fogão cheiro de gás,,,,,,,,,,,,,,,,
br,fogão cheiro de gás o que fazer,,,,,,,,,,,,,,,,
br,fogão econômica,,,,,,50,0,0.05,1.00,,,,"0.04,0.04,0.00,0.00,0.00,0.04,0.04,0.00,0.00,1.00,0.00,0.02",,,
br,fogão electrolux nao liga,,,,,,,,,,,,,,,,
br,fogão forno não acende,,,,,,30,0,0.00,0.03,,,,"0.18,0.18,0.18,0.18,1.00,0.18,0.18,0.18,0.18,0.18,0.18,0.63",,,
br,fogão forno não acende o que fazer,,,,,,,,,,,,,,,,
br,fogão gasta muita energia,,,,,,20,0,0.00,0.33,,,,"0.18,0.18,0.18,0.18,0.18,0.18,0.18,0.18,0.18,0.18,0.18,0.18",,,
br,fogão não acende,,,,,,70,0,0.80,0.13,,,,"0.21,0.21,0.21,0.21,0.21,0.15,0.06,0.12,0.34,0.34,0.15,0.15",,,
br,fogão não acende o que fazer,,,,,,,,,,,,,,,,
br,forno elétrico não esquenta,,,,,,40,0,0.24,0.04,,,,"0.41,0.52,0.41,0.41,0.29,0.17,0.11,0.23,0.00,0.05,0.05,0.05",,,
br,forno elétrico não liga,,,,,,50,0,0.00,0.04,,,,"0.41,0.41,0.41,0.41,0.52,0.41,0.52,0.11,0.11,0.29,0.11,0.11",,,
br,forno elétrico resistência queimada,,,,,,,,,,,,,,,,
br,freezer fazendo barulho,,,,,,30,0,0.00,0.02,,,,"0.06,0.06,0.09,0.15,0.12,0.06,0.06,0.06,0.06,0.06,0.06,0.06",,,
br,freezer formando gelo,,,,,,20,0,0.00,0.33,,,,"0.66,0.66,0.66,0.66,0.66,0.66,0.66,0.66,0.66,0.66,0.66,0.66",,,
br,freezer não congela,,,,,,90,16,0.45,0.10,173,Informational,"Short Videos, AI Overview, Video, Video Carousel, People Also Ask, Related Searches","0.34,0.28,0.34,0.21,0.21,0.28,0.28,0.28,0.34,0.28,0.28,0.21",90,,
br,freezer não gela,,,,,,110,18,0.41,0.11,167,"Informational, Transactional","Reviews, Video, Video Carousel, People Also Ask, Related Searches, Short Videos","0.28,0.28,0.35,0.23,0.35,0.35,0.35,0.43,0.35,0.28,0.23,0.23",90,,
br,freezer não liga,,,,,,70,0,0.40,0.10,,,,"0.50,0.50,0.50,0.35,0.50,0.64,0.50,0.78,0.50,0.35,0.35,0.50",,,
br,fritadeira air fryer com cheiro de queimado,,,,,,,,,,,,,,,,
br,fritadeira air fryer desligando sozinha,,,,,,,,,,,,,,,,
br,fritadeira air fryer não esquenta,,,,,,,,,,,,,,,,
br,fritadeira air fryer não liga,,,,,,0,0,0.00,0.00,,,,"0.00,0.00,0.00,0.00,0.00,0.00,0.00,0.00,0.00,0.00,0.00,0.00",,,
br,fritadeira elétrica não esquenta,,,,,,20,0,0.00,0.33,,,,"0.00,0.06,0.06,0.06,0.06,0.06,0.06,0.06,0.06,0.06,0.06,0.06",,,
br,fritadeira elétrica não liga,,,,,,0,0,0.00,0.01,,,,"0.00,0.00,0.00,0.00,0.00,0.00,0.00,0.00,0.00,0.00,0.00,1.00",,,
br,funções air fryer,,,,,,20,0,0.00,1.00,,,,"1.00,1.00,1.00,1.00,1.00,1.00,1.00,1.00,1.00,1.00,1.00,1.00",,,
br,funções ar condicionado,,,,,,1300,21,0.02,0.04,177,Informational,"Video Carousel, People Also Ask, Related Searches, Short Videos, AI Overview, Site Links, Video","0.20,0.24,0.20,0.34,0.65,0.65,0.82,1.00,0.44,0.16,0.16,0.13",20,,
br,funções aspirador de pó,,,,,,0,0,0.00,0.00,,,,"0.00,0.00,0.00,0.00,0.00,0.00,0.00,0.00,0.00,0.00,0.00,0.00",,,
br,funções fogão,,,,,,,,,,,,,,,,
br,funções geladeira,,,,,,,,,,,,,,,,
br,funções lava e seca,,,,,,,,,,,,,,,,
br,funções lava louças,,,,,,,,,,,,,,,,
br,funções micro-ondas,,,,,,,,,,,,,,,,
br,funções máquina de lavar,,,,,,0,0,0.00,0.00,,,,"0.00,0.00,0.00,0.00,0.00,0.00,0.00,0.00,0.00,0.00,0.00,0.00",,,
br,funções secadora de roupas,,,,,,,,,,,,,,,,
br,garantia air fryer,,,,,,30,0,0.00,0.33,,,,"0.50,0.50,0.50,0.50,0.50,0.50,0.75,0.75,0.75,0.75,0.75,1.00",,,
br,garantia ar condicionado,,,,,,110,22,0.00,0.04,174,Informational,"Video, People Also Ask, Related Searches, AI Overview","0.05,0.04,0.05,0.05,0.06,0.05,0.06,0.08,0.10,0.05,0.05,0.04",90,,
br,garantia aspirador de pó,,,,,,,,,,,,,,,,
br,garantia estendida air fryer,,,,,,,,,,,,,,,,
br,garantia estendida ar condicionado,,,,,,20,0,0.20,0.11,,,,"0.66,0.66,0.66,0.66,0.66,0.66,0.66,0.66,0.66,0.66,0.66,0.66",,,
br,garantia estendida aspirador de pó,,,,,,,,,,,,,,,,
br,garantia estendida electrolux,,,,,,170,24,0.36,0.36,163,"Informational, Navigational","AI Overview, People Also Ask, Related Searches","0.66,0.66,0.80,1.00,0.66,0.66,1.00,0.80,0.66,0.66,0.66,0.66",90,,
br,garantia estendida fogão,,,,,,,,,,,,,,,,
br,garantia estendida geladeira,,,,,,0,0,0.00,0.00,,,,"0.00,0.00,0.00,0.00,0.00,0.00,0.00,0.00,0.00,0.00,0.00,0.00",,,
br,garantia estendida lava e seca,,,,,,,,,,,,,,,,
br,garantia estendida lava louças,,,,,,,,,,,,,,,,
br,garantia estendida micro-ondas,,,,,,,,,,,,,,,,
br,garantia estendida máquina de lavar,,,,,,,,,,,,,,,,
br,garantia estendida secadora de roupas,,,,,,,,,,,,,,,,
br,garantia estendida vale a pena,,,,,,110,26,0.00,0.02,117,Informational,"Video, People Also Ask, Related Searches, AI Overview, Site Links, Reviews","0.53,0.42,0.34,0.42,0.34,0.34,0.53,0.34,0.34,0.26,0.26,0.26",20,,
br,garantia fogão,,,,,,0,0,0.00,0.00,,,,"0.00,0.00,0.00,0.00,0.00,0.00,0.00,0.00,0.00,0.00,0.00,0.00",,,
br,garantia geladeira,,,,,,20,0,0.49,0.16,,,,"0.09,0.09,0.09,0.09,0.09,0.09,0.09,0.09,0.14,0.09,0.09,0.09",,,
br,garantia lava e seca,,,,,,0,0,0.00,0.00,,,,"0.00,0.00,0.00,0.00,0.00,0.00,0.00,0.00,0.00,0.00,0.00,0.00",,,
br,garantia lava louças,,,,,,0,0,0.00,0.00,,,,"0.00,0.00,0.00,0.00,0.00,0.00,0.00,0.00,0.00,0.00,0.00,0.00",,,
br,garantia legal eletrodoméstico,,,,,,,,,,,,,,,,
br,garantia micro-ondas,,,,,,,,,,,,,,,,
br,garantia máquina de lavar,,,,,,,,,,,,,,,,
br,garantia secadora de roupas,,,,,,,,,,,,,,,,
br,gatilho lavadora de alta pressão,,,,,,390,22,0.05,1.00,197,Informational,"Popular Products, Related Searches, Image Pack, Site Links, Reviews, Video, Video Carousel, People Also Ask","0.66,0.54,0.66,0.54,0.54,0.44,0.44,0.44,0.54,0.54,0.66,0.54",20,,
br,gatilho lavadora de alta pressão preco,,,,,,,,,,,,,,,,
br,gaveta geladeira,,,,,,260,20,0.09,1.00,197,"Informational, Commercial","Related Searches, Image Pack, Site Links, Video, People Also Ask, Popular Products","0.54,0.54,0.54,0.66,0.54,0.54,0.54,0.66,0.66,0.54,0.54,0.54",20,,
br,gaveta geladeira compativel,,,,,,,,,,,,,,,,
br,gaveta geladeira original,,,,,,,,,,,,,,,,
br,gaveta geladeira preco,,,,,,,,,,,,,,,,
br,geladeira com cheiro ruim,,,,,,140,21,0.03,0.56,155,Informational,"People Also Ask, Related Searches, Short Videos, AI Overview, Reviews, Video, Video Carousel","0.42,0.66,0.66,0.80,0.80,0.66,0.66,0.80,1.00,0.66,0.80,0.80",90,,
br,geladeira com cheiro ruim o que fazer,,,,,,10,0,0.00,0.88,,,,"0.00,0.00,0.00,0.00,1.00,1.00,1.00,1.00,1.00,1.00,1.00,1.00",,,
br,geladeira congelando demais,,,,,,20,0,0.00,0.33,,,,"0.06,0.06,0.06,0.06,0.06,0.06,0.06,0.06,0.06,0.06,0.06,0.06",,,
br,geladeira congelando demais o que fazer,,,,,,,,,,,,,,,,
br,geladeira econômica,,,,,,390,25,0.13,1.00,187,Informational,"Related Searches, Short Videos, Video, AI Overview, Site Links, Reviews, Video Carousel, People Also Ask, Popular Products","0.21,0.26,0.32,0.59,0.39,0.32,0.39,0.32,0.59,0.72,0.39,0.39",20,,
br,geladeira electrolux nao liga,,,,,,10,0,0.37,0.17,,,,"0.00,0.00,0.00,0.00,0.07,0.05,0.00,0.00,0.00,0.00,0.00,0.07",,,
br,geladeira fazendo barulho,,,,,,880,33,0.25,0.04,159,Informational,"Related Searches, Short Videos, AI Overview, Reviews, Video, People Also Ask","0.55,0.67,0.55,0.76,0.55,0.55,0.67,0.55,1.00,0.55,0.67,0.76",90,,
br,geladeira fazendo barulho o que fazer,,,,,,,,,,,,,,,,
br,geladeira formando gelo,,,,,,20,0,0.00,0.02,,,,"0.14,0.14,0.14,0.14,0.14,0.14,0.14,0.14,0.14,0.14,0.14,0.14",,,
br,geladeira formando gelo o que fazer,,,,,,,,,,,,,,,,
br,geladeira gasta muita energia,,,,,,320,18,0.01,0.01,106,Informational,"Reviews, Video, Video Carousel, People Also Ask, Related Searches, AI Overview, Site Links","0.44,0.28,0.35,0.28,0.44,0.66,0.66,0.81,1.00,0.66,0.81,0.54",20,,
br,geladeira luz não acende,,,,,,,,,,,,,,,,
br,geladeira luz não acende o que fazer,,,,,,,,,,,,,,,,
br,geladeira motor não desliga,,,,,,0,0,0.00,0.00,,,,"0.00,0.00,0.00,0.00,0.00,0.00,0.00,0.00,0.00,0.00,0.00,0.00",,,
br,geladeira motor não desliga o que fazer,,,,,,,,,,,,,,,,
br,geladeira não está gelando,,,,,,1900,21,0.23,0.23,106,Informational,"Reviews, Video, Video Carousel, People Also Ask, Related Searches, Short Videos, AI Overview","0.44,0.36,0.27,0.27,0.36,0.44,0.52,1.00,0.80,0.52,0.52,0.52",90,,
br,geladeira não está gelando o que fazer,,,,,,20,0,0.31,0.19,,,,"0.11,0.11,0.11,0.11,0.11,0.11,0.11,0.11,0.11,0.11,0.11,0.11",,,
br,geladeira não gela,,,,,,1300,23,0.36,0.25,165,Informational,"Video, Video Carousel, People Also Ask, Related Searches, Short Videos, AI Overview, Reviews","0.30,0.24,0.20,0.34,0.44,0.34,0.34,0.82,0.44,0.44,0.34,0.24",90,,
br,geladeira não gela o que fazer,,,,,,20,0,0.26,0.32,,,,"0.40,0.40,0.40,0.40,0.40,0.40,0.40,0.40,0.40,0.40,0.40,0.40",,,
br,geladeira não liga,,,,,,320,24,0.35,0.15,100,Informational,"People Also Ask, Related Searches, Short Videos, AI Overview, Reviews, Video","0.29,0.29,0.29,0.19,0.29,0.29,0.29,0.54,0.44,0.54,0.36,0.29",90,,
br,geladeira não liga o que fazer,,,,,,,,,,,,,,,,
br,geladeira vazando água,,,,,,110,17,0.31,0.05,162,Informational,"Video, Video Carousel, People Also Ask, Related Searches, Short Videos, AI Overview","0.42,0.34,0.34,0.42,0.42,0.42,0.34,0.53,0.65,0.42,0.53,0.34",90,,
br,geladeira vazando água o que fazer,,,,,,,,,,,,,,,,
br,grade ventilador,,,,,,0,0,0.00,0.00,,,,"0.00,0.00,0.00,0.00,0.00,0.00,0.00,0.00,0.00,1.00,0.00,1.00",,,
br,grade ventilador compativel,,,,,,,,,,,,,,,,
br,grade ventilador original,,,,,,,,,,,,,,,,
br,grade ventilador preco,,,,,,,,,,,,,,,,
br,grelha fogão,,,,,,590,25,0.04,1.00,230,"Informational, Commercial","Video Carousel, People Also Ask, Popular Products, Related Searches, Image Pack, Site Links, Video","0.45,0.20,0.24,0.06,0.62,0.55,0.62,0.45,0.55,0.36,0.55,0.45",20,,
br,grelha fogão preco,,,,,,,,,,,,,,,,
br,gás refrigerante ar condicionado,,,,,,110,11,0.09,1.00,178,Informational,"Short Videos, AI Overview, Site Links, Video, Video Carousel, People Also Ask, Popular Products, Related Searches","0.66,0.42,0.33,0.33,0.42,0.42,0.33,0.66,0.52,0.52,0.42,0.42",20,,
br,gás refrigerante ar condicionado compativel,,,,,,,,,,,,,,,,
br,gás refrigerante ar condicionado original,,,,,,,,,,,,,,,,
br,gás refrigerante ar condicionado preco,,,,,,,,,,,,,,,,
br,hélice ar condicionado,,,,,,40,0,0.11,0.94,,,,"0.17,0.11,0.11,0.11,0.29,0.17,0.23,0.41,0.29,0.29,0.29,0.17",,,
br,hélice ar condicionado compativel,,,,,,,,,,,,,,,,
br,hélice ar condicionado original,,,,,,,,,,,,,,,,
br,hélice ar condicionado preco,,,,,,,,,,,,,,,,
br,hélice lava louças,,,,,,,,,,,,,,,,
br,hélice lava louças compativel,,,,,,,,,,,,,,,,
br,hélice lava louças original,,,,,,,,,,,,,,,,
br,hélice lava louças preco,,,,,,,,,,,,,,,,
br,hélice ventilador,,,,,,390,19,0.04,1.00,191,Informational,"People Also Ask, Popular Products, Related Searches, Image Pack, Site Links, Video","0.02,0.02,0.02,0.01,0.05,0.02,0.03,0.10,0.13,0.29,0.20,0.03",20,,
br,hélice ventilador compativel,,,,,,,,,,,,,,,,
br,hélice ventilador original,,,,,,,,,,,,,,,,
br,hélice ventilador preco,,,,,,,,,,,,,,,,
br,instalação de adega climatizada,,,,,,,,,,,,,,,,
br,instalação de ar condicionado,,,,,,22200,32,0.67,0.59,105,Informational,"Local Pack, Video, Video Carousel, People Also Ask, Related Searches, AI Overview","0.29,0.24,0.36,0.36,0.36,0.44,0.54,1.00,0.81,0.44,0.36,0.29",90,,
br,instalação de bebedouro,,,,,,90,19,0.56,0.82,106,Informational,"Image Pack, Video, Video Carousel, People Also Ask, Related Searches, Short Videos, AI Overview","0.78,0.64,0.78,0.78,0.64,0.78,0.64,0.64,0.64,0.64,0.64,0.64",90,,
br,instalação de coifa,,,,,,880,23,0.54,0.60,108,Informational,"Short Videos, Local Pack, Image Pack, Video, Adwords Bottom, Video Carousel, People Also Ask, Related Searches","1.00,0.67,0.76,0.67,0.67,0.67,0.67,0.67,0.67,0.55,0.67,0.67",90,,
br,instalação de cooktop,,,,,,480,20,0.61,0.65,107,Informational,"Video, Video Carousel, People Also Ask, Related Searches, Short Videos, AI Overview, Image Pack, Reviews","0.81,0.66,0.81,0.66,0.66,0.66,0.66,0.54,0.81,0.66,0.66,0.66",90,,
br,instalação de depurador de ar,,,,,,30,0,0.34,0.33,,,,"0.21,0.21,0.28,0.21,0.14,0.14,0.21,0.14,0.14,0.14,0.14,0.14",,,
br,instalação de fogão,,,,,,480,21,0.72,0.74,106,Commercial,"Short Videos, AI Overview, Knowledge Panel, Image Pack, Video, Video Carousel, People Also Ask, Related Searches","0.67,0.67,0.67,0.67,0.54,0.54,0.36,0.44,0.44,0.23,0.54,0.44",70,,
br,instalação de forno elétrico,,,,,,70,0,0.24,0.35,,,,"0.81,0.09,1.00,0.81,0.81,1.00,1.00,0.45,0.09,0.63,0.18,0.09",,,
br,instalação de geladeira,,,,,,30,0,0.94,0.42,,,,"0.42,0.57,0.71,0.42,0.28,0.28,0.28,0.28,0.28,0.28,0.28,0.28",,,
br,instalação de lava e seca,,,,,,110,25,0.82,0.68,106,Informational,"Video, Video Carousel, People Also Ask, Related Searches, Short Videos, AI Overview, Reviews","0.82,0.64,0.82,1.00,0.52,0.52,0.64,0.64,0.64,0.82,0.64,0.52",90,,
br,instalação de lava louças,,,,,,480,20,0.34,0.89,105,Informational,"Reviews, Video, Video Carousel, People Also Ask, Related Searches, Short Videos, Image Pack","0.66,0.66,0.81,0.81,1.00,0.81,0.81,1.00,1.00,0.54,0.81,0.54",90,,
br,instalação de micro-ondas,,,,,,0,0,0.00,0.28,,,,"0.00,0.00,0.00,0.00,0.00,0.00,0.00,0.00,0.00,0.00,0.00,0.00",,,
br,instalação de máquina de lavar,,,,,,140,14,0.36,0.37,88,Informational,"Video, People Also Ask, Related Searches, Short Videos, Image Pack","0.66,0.35,0.35,0.35,0.28,0.28,0.23,0.35,0.28,0.53,0.28,0.66",90,,
br,instalação de purificador de água,,,,,,320,24,0.50,1.00,105,Informational,"Video Carousel, People Also Ask, Related Searches, Short Videos, Image Pack, Video","0.82,0.66,0.82,0.66,0.66,1.00,0.82,0.82,1.00,0.82,0.82,0.82",90,,
br,instalação de secadora de roupas,,,,,,30,0,0.52,0.30,,,,"0.27,0.63,0.18,0.18,0.18,0.18,0.18,0.18,0.18,0.18,0.18,0.18",,,
br,jarra cafeteira,,,,,,720,21,0.04,1.00,190,"Informational, Commercial","Site Links, Video, People Also Ask, Popular Products, Related Searches, Image Pack","0.36,0.30,0.36,0.36,0.30,0.30,0.30,0.20,0.20,0.20,0.20,0.30",20,,
br,jarra cafeteira preco,,,,,,,,,,,,,,,,
br,lava e seca econômica,,,,,,20,0,0.14,1.00,,,,"0.00,0.28,0.42,0.42,1.00,0.14,0.28,0.00,0.00,1.00,0.14,0.14",,,
br,lava e seca electrolux nao liga,,,,,,0,0,0.00,0.00,,,,"0.00,0.00,0.00,0.00,0.00,0.00,0.00,0.00,0.00,0.00,0.00,0.00",,,
br,lava e seca fazendo barulho,,,,,,20,0,0.67,0.19,,,,"0.28,0.28,0.28,0.28,0.28,0.28,0.28,0.28,0.28,0.28,0.28,0.28",,,
br,lava e seca fazendo barulho o que fazer,,,,,,,,,,,,,,,,
br,lava e seca gasta muita energia,,,,,,590,21,0.06,0.12,172,Informational,"Video Carousel, People Also Ask, Related Searches, Short Videos, AI Overview, Video","0.72,1.00,0.88,0.72,0.48,0.59,0.59,0.48,0.72,0.59,0.59,0.48",90,,
br,lava e seca não centrifuga,,,,,,90,15,0.43,0.14,172,Informational,"Video Carousel, People Also Ask, Related Searches, Short Videos, AI Overview, Video","0.65,0.42,0.53,0.34,0.26,0.26,0.26,0.26,0.26,0.26,0.26,0.34",90,,
br,lava e seca não centrifuga o que fazer,,,,,,,,,,,,,,,,
br,lava e seca não escoa,,,,,,,,,,,,,,,,
br,lava e seca não escoa o que fazer,,,,,,,,,,,,,,,,
br,lava e seca não esquenta,,,,,,,,,,,,,,,,
br,lava e seca não esquenta o que fazer,,,,,,,,,,,,,,,,
br,lava e seca não seca,,,,,,0,0,0.55,0.30,,,,"0.00,0.00,0.00,0.00,0.00,0.00,0.00,0.00,0.00,0.00,0.00,0.00",,,
br,lava e seca não seca o que fazer,,,,,,,,,,,,,,,,
br,lava louças econômica,,,,,,,,,,,,,,,,
br,lava louças electrolux nao liga,,,,,,,,,,,,,,,,
br,lava louças gasta muita energia,,,,,,320,13,0.02,0.05,168,Informational,"Related Searches, Short Videos, AI Overview, Site Links, Video, Video Carousel, People Also Ask","0.66,0.82,1.00,0.82,0.66,0.66,0.82,0.82,1.00,1.00,1.00,1.00",20,,
br,lava louças não escoa,,,,,,,,,,,,,,,,
br,lava louças não escoa o que fazer,,,,,,,,,,,,,,,,
br,lava louças não lava direito,,,,,,20,0,0.00,0.33,,,,"1.00,1.00,1.00,1.00,1.00,1.00,1.00,1.00,1.00,1.00,1.00,1.00",,,
br,lava louças não lava direito o que fazer,,,,,,,,,,,,,,,,
br,lava louças não liga,,,,,,,,,,,,,,,,
br,lava louças não liga o que fazer,,,,,,,,,,,,,,,,
br,lava louças não seca,,,,,,20,0,0.00,0.33,,,,"1.00,1.00,1.00,1.00,1.00,1.00,1.00,1.00,1.00,1.00,1.00,1.00",,,
br,lava louças não seca o que fazer,,,,,,,,,,,,,,,,
br,lava louças vazando,,,,,,0,0,0.00,0.00,,,,"0.00,0.00,0.00,0.00,0.00,0.00,0.00,0.00,0.00,0.00,0.00,0.00",,,
br,lava louças vazando o que fazer,,,,,,,,,,,,,,,,
br,lava-louças não escoa,,,,,,,,,,,,,,,,
br,lava-louças não lava direito,,,,,,20,0,0.00,0.33,,,,"1.00,1.00,1.00,1.00,1.00,1.00,1.00,1.00,1.00,1.00,1.00,1.00",,,
br,lava-louças não liga,,,,,,,,,,,,,,,,
br,lava-louças não seca,,,,,,20,0,0.00,0.33,,,,"1.00,1.00,1.00,1.00,1.00,1.00,1.00,1.00,1.00,1.00,1.00,1.00",,,
br,lavadora de alta pressão não liga,,,,,,140,29,0.00,0.33,167,Informational,"Video, People Also Ask, Related Searches, Short Videos, AI Overview","0.28,0.28,0.35,0.35,0.28,0.28,0.43,0.28,0.43,0.43,0.66,0.43",90,,
br,lavadora de alta pressão sem pressão,,,,,,70,0,0.00,0.04,,,,"0.19,0.11,0.26,0.07,0.19,0.42,0.42,0.65,0.19,0.07,0.07,0.80",,,
br,lavadora de roupas fazendo barulho,,,,,,0,0,0.00,0.00,,,,"0.00,0.00,0.00,0.00,0.00,0.00,0.00,0.00,0.00,0.00,0.00,0.00",,,
br,lavadora de roupas não centrifuga,,,,,,20,0,0.34,0.06,,,,"0.18,0.18,0.18,0.18,0.18,0.18,0.18,0.18,0.18,0.18,0.18,0.18",,,
br,lavadora de roupas não enche,,,,,,0,0,0.00,0.00,,,,"0.00,0.00,0.00,0.00,0.00,0.00,0.00,0.00,0.00,0.00,0.00,0.00",,,
br,lavadora de roupas não escoa,,,,,,,,,,,,,,,,
br,lavadora não centrifuga,,,,,,210,18,0.26,0.08,170,Informational,"Video, Video Carousel, People Also Ask, Related Searches, Short Videos, AI Overview, Image Pack","0.23,0.23,0.28,0.35,0.35,0.28,0.44,0.35,0.44,0.44,0.44,0.54",90,,
br,lavadora não enche de água,,,,,,10,0,0.00,0.07,,,,"1.00,1.00,1.00,1.00,0.00,0.50,0.00,0.00,1.00,1.00,0.00,0.00",,,
br,lavadora não escoa,,,,,,,,,,,,,,,,
br,lavadora não liga,,,,,,20,0,0.34,0.12,,,,"0.05,0.05,0.05,0.05,0.05,0.05,0.05,0.05,0.05,0.05,0.05,0.05",,,
br,lavalouças não escoa,,,,,,,,,,,,,,,,
br,lavalouças não lava direito,,,,,,,,,,,,,,,,
br,lavalouças não liga,,,,,,,,,,,,,,,,
br,lavalouças não seca,,,,,,,,,,,,,,,,
br,liquidificador não liga,,,,,,10,0,0.00,0.33,,,,"0.17,0.00,0.00,0.29,0.00,0.05,0.00,0.00,0.00,0.17,0.00,0.23",,,
br,liquidificador vazando,,,,,,20,0,0.00,0.04,,,,"0.01,0.01,0.01,0.01,0.01,0.01,0.01,0.01,0.01,0.01,0.01,0.01",,,
br,logística reversa eletrodomésticos,,,,,,10,0,0.28,0.10,,,,"1.00,0.50,0.50,0.00,0.50,0.00,0.50,0.00,1.00,1.00,1.00,1.00",,,
br,lâmina liquidificador,,,,,,20,0,0.00,1.00,,,,"1.00,1.00,1.00,1.00,1.00,1.00,1.00,1.00,1.00,1.00,1.00,1.00",,,
br,lâmina liquidificador preco,,,,,,,,,,,,,,,,
br,lâmpada coifa,,,,,,20,0,0.00,1.00,,,,"1.00,1.00,1.00,1.00,1.00,1.00,1.00,1.00,1.00,1.00,1.00,1.00",,,
br,lâmpada coifa compativel,,,,,,,,,,,,,,,,
br,lâmpada coifa original,,,,,,,,,,,,,,,,
br,lâmpada coifa preco,,,,,,,,,,,,,,,,
br,lâmpada geladeira,,,,,,720,16,0.04,1.00,188,"Informational, Commercial","Site Links, Video, People Also Ask, Popular Products, Short Videos, Image Pack, Video Carousel, Related Searches, AI Overview","0.45,0.45,0.36,0.45,0.67,0.45,0.55,1.00,0.76,0.67,0.76,0.76",20,,
br,lâmpada geladeira compativel,,,,,,,,,,,,,,,,
br,lâmpada geladeira original,,,,,,,,,,,,,,,,
br,lâmpada geladeira preco,,,,,,,,,,,,,,,,
br,lâmpada micro-ondas,,,,,,,,,,,,,,,,
br,lâmpada micro-ondas compativel,,,,,,,,,,,,,,,,
br,lâmpada micro-ondas original,,,,,,,,,,,,,,,,
br,lâmpada micro-ondas preco,,,,,,,,,,,,,,,,
br,mangueira aspirador de pó,,,,,,880,25,0.03,1.00,189,Commercial,"Video, People Also Ask, Popular Products, Related Searches, Short Videos, Image Pack, Site Links","0.52,0.46,0.25,0.46,0.46,0.20,0.31,0.52,0.68,0.52,0.68,0.52",20,,
br,mangueira aspirador de pó compativel,,,,,,,,,,,,,,,,
br,mangueira aspirador de pó original,,,,,,,,,,,,,,,,
br,mangueira aspirador de pó preco,,,,,,,,,,,,,,,,
br,mangueira lava e seca,,,,,,50,0,0.24,1.00,,,,"0.23,0.29,0.29,0.29,0.29,0.23,0.29,0.29,0.41,0.23,0.23,0.17",,,
br,mangueira lava e seca compativel,,,,,,,,,,,,,,,,
br,mangueira lava e seca original,,,,,,,,,,,,,,,,
br,mangueira lava e seca preco,,,,,,,,,,,,,,,,
br,mangueira lava louças,,,,,,140,17,0.07,1.00,204,Commercial,"People Also Ask, Popular Products, Related Searches, Short Videos, Image Pack, Site Links, Video, Video Carousel","0.66,1.00,0.80,0.66,0.52,0.52,0.66,0.80,0.80,0.66,0.66,0.80",20,,
br,mangueira lava louças compativel,,,,,,,,,,,,,,,,
br,mangueira lava louças original,,,,,,,,,,,,,,,,
br,mangueira lava louças preco,,,,,,,,,,,,,,,,
br,mangueira lavadora de alta pressão,,,,,,1900,16,0.06,1.00,194,"Informational, Commercial","People Also Ask, Popular Products, Related Searches, Short Videos, Image Pack, Site Links, Video, Video Carousel","0.65,0.55,0.55,0.65,0.65,0.82,0.65,0.82,0.55,0.82,1.00,1.00",20,,
br,mangueira lavadora de alta pressão preco,,,,,,,,,,,,,,,,
br,mangueira máquina de lavar,,,,,,720,20,0.05,1.00,217,Informational,"Video Carousel, People Also Ask, Popular Products, Related Searches, Short Videos, Image Pack, Site Links, Video","0.24,0.24,0.20,0.30,0.24,1.00,0.24,0.16,0.24,0.16,0.24,0.24",20,,
br,mangueira máquina de lavar compativel,,,,,,,,,,,,,,,,
br,mangueira máquina de lavar original,,,,,,,,,,,,,,,,
br,mangueira máquina de lavar preco,,,,,,,,,,,,,,,,
br,manual adega climatizada,,,,,,,,,,,,,,,,
br,manual adega climatizada pdf,,,,,,,,,,,,,,,,
br,manual air fryer,,,,,,70,0,0.00,0.46,,,,"0.35,0.21,0.50,0.50,0.64,0.50,0.50,0.35,0.64,0.78,0.78,0.78",,,
br,manual air fryer electrolux,,,,,,20,0,0.00,0.36,,,,"0.05,0.05,0.05,0.05,0.05,0.05,0.05,0.05,0.05,0.05,0.05,0.05",,,
br,manual air fryer pdf,,,,,,,,,,,,,,,,
br,manual airfryer,,,,,,140,14,0.00,0.50,176,"Informational, Commercial","AI Overview, Site Links, Reviews, Video, People Also Ask, Related Searches","1.00,0.66,0.52,0.66,0.52,0.42,0.52,0.52,0.52,0.52,0.80,0.52",20,,
br,manual ar condicionado,,,,,,140,9,0.00,0.01,171,Informational,"AI Overview, Image Pack, Video, People Also Ask, Related Searches","0.36,0.12,0.09,0.06,0.12,0.12,0.12,0.29,0.29,0.15,0.15,0.12",90,,
br,manual ar condicionado electrolux,,,,,,320,16,0.00,0.02,103,Informational,"Related Searches, Image Pack, Site Links, Reviews, Video, Video Carousel","0.36,0.36,0.23,0.23,0.36,0.36,0.19,1.00,0.54,0.44,0.36,0.29",20,,
br,manual ar condicionado pdf,,,,,,0,0,0.00,0.00,,,,"0.00,0.00,0.00,0.00,0.00,0.00,0.00,0.00,0.00,0.00,0.00,0.00",,,
br,manual aspirador,,,,,,20,0,0.00,0.33,,,,"0.18,0.18,0.18,0.18,0.18,0.18,0.18,0.18,0.18,0.18,0.18,0.18",,,
br,manual aspirador de pó,,,,,,0,0,0.00,0.00,,,,"0.00,0.00,0.00,0.00,0.00,0.00,0.00,0.00,0.00,0.00,0.00,0.00",,,
br,manual aspirador de pó electrolux,,,,,,90,21,0.00,0.32,159,Informational,"Related Searches, Image Pack, Site Links, Reviews, Video, People Also Ask","0.29,0.35,0.29,0.10,0.29,0.00,0.14,0.29,0.18,0.14,0.22,0.14",20,,
br,manual aspirador de pó pdf,,,,,,,,,,,,,,,,
br,manual batedeira,,,,,,,,,,,,,,,,
br,manual batedeira pdf,,,,,,,,,,,,,,,,
br,manual bebedouro,,,,,,20,0,0.00,0.87,,,,"0.18,0.18,0.18,0.18,0.18,0.18,0.18,0.18,0.18,0.18,0.18,0.18",,,
br,manual bebedouro pdf,,,,,,,,,,,,,,,,
br,manual cafeteira,,,,,,20,0,0.00,0.34,,,,"1.00,1.00,1.00,1.00,1.00,1.00,1.00,1.00,1.00,1.00,1.00,1.00",,,
br,manual cafeteira pdf,,,,,,,,,,,,,,,,
br,manual cervejeira,,,,,,20,0,0.00,0.33,,,,"0.22,0.22,0.22,0.22,0.22,0.22,0.22,0.22,0.22,0.22,0.22,0.22",,,
br,manual cervejeira pdf,,,,,,,,,,,,,,,,
br,manual chaleira elétrica,,,,,,,,,,,,,,,,
br,manual chaleira elétrica pdf,,,,,,,,,,,,,,,,
br,manual coifa,,,,,,20,0,0.00,0.33,,,,"0.28,0.28,0.28,0.28,0.28,0.28,0.28,0.28,0.28,0.28,0.28,0.28",,,
br,manual coifa pdf,,,,,,,,,,,,,,,,
br,manual cooktop,,,,,,20,0,0.00,0.33,,,,"0.11,0.11,0.11,0.11,0.11,0.11,0.11,0.11,0.11,0.11,0.11,0.11",,,
br,manual cooktop pdf,,,,,,,,,,,,,,,,
br,manual depurador de ar,,,,,,0,0,0.00,0.00,,,,"0.00,0.00,0.00,0.00,0.00,0.00,0.00,0.00,0.00,0.00,0.00,0.00",,,
br,manual depurador de ar pdf,,,,,,,,,,,,,,,,
br,manual ferro de passar,,,,,,20,0,0.00,0.33,,,,"0.28,0.28,0.28,0.28,0.28,0.28,0.28,0.28,0.28,0.28,0.28,0.28",,,
br,manual ferro de passar pdf,,,,,,,,,,,,,,,,
br,manual fogao,,,,,,10,0,0.07,1.00,,,,"0.00,0.00,0.00,0.22,0.00,0.00,0.22,0.11,0.00,1.00,0.00,0.11",,,
br,manual fogão,,,,,,90,7,0.11,1.00,173,Commercial,"Popular Products, Related Searches, Site Links, Reviews, Video","0.64,0.64,0.78,0.64,0.50,0.64,0.64,0.50,0.50,0.78,0.50,0.64",20,,
br,manual fogão electrolux,,,,,,70,0,0.12,0.08,,,,"0.63,0.81,0.63,0.63,0.45,0.63,0.36,0.63,0.45,0.45,0.36,0.45",,,
br,manual fogão pdf,,,,,,,,,,,,,,,,
br,manual forno elétrico,,,,,,20,0,0.00,0.02,,,,"0.22,0.22,0.22,0.22,0.22,0.22,0.22,0.22,0.22,0.22,0.22,0.22",,,
br,manual forno elétrico pdf,,,,,,,,,,,,,,,,
br,manual freezer,,,,,,20,0,0.00,0.25,,,,"1.00,1.00,1.00,1.00,1.00,1.00,1.00,1.00,1.00,1.00,1.00,1.00",,,
br,manual freezer pdf,,,,,,,,,,,,,,,,
br,manual fritadeira air fryer,,,,,,,,,,,,,,,,
br,manual fritadeira elétrica,,,,,,0,0,0.00,0.33,,,,"0.00,0.00,0.00,0.00,0.00,0.00,0.00,0.00,0.00,0.00,0.00,0.00",,,
br,manual fritadeira elétrica pdf,,,,,,,,,,,,,,,,
br,manual geladeira,,,,,,90,16,0.00,0.41,155,"Informational, Commercial","Image Pack, Site Links, Video, People Also Ask, Popular Products, Related Searches, AI Overview","0.41,0.52,0.41,0.52,0.41,0.41,0.41,0.64,0.52,0.52,0.64,0.64",20,,
br,manual geladeira electrolux,,,,,,720,26,0.12,0.04,109,"Informational, Transactional","Related Searches, AI Overview, Image Pack, Site Links, Reviews, People Also Ask","0.45,0.45,0.45,0.45,0.45,0.45,0.55,0.67,0.67,0.45,0.45,0.36",20,,
br,manual geladeira pdf,,,,,,0,0,0.00,0.00,,,,"0.00,0.00,0.00,0.00,0.00,0.00,0.00,0.00,0.00,0.00,0.00,0.00",,,
br,manual lava e seca,,,,,,20,0,0.00,0.03,,,,"0.66,0.66,0.66,0.66,0.66,0.66,0.66,0.66,0.66,0.66,0.66,0.66",,,
br,manual lava e seca electrolux,,,,,,70,0,0.13,0.08,,,,"0.63,1.00,1.00,0.63,0.45,0.63,0.63,0.63,0.63,0.45,0.45,0.63",,,
br,manual lava e seca pdf,,,,,,,,,,,,,,,,
br,manual lava louças,,,,,,110,12,0.06,0.84,194,Informational,"Reviews, Video, AI Overview","0.53,0.34,0.21,0.28,0.34,0.34,0.34,0.12,0.43,0.34,0.21,0.21",90,,
br,manual lava louças electrolux,,,,,,170,16,0.13,0.60,156,Informational,"Site Links, Reviews, Video, Related Searches","0.43,0.53,0.35,0.82,0.66,0.82,0.35,0.28,0.43,0.35,0.35,0.43",20,,
br,manual lava louças pdf,,,,,,,,,,,,,,,,
br,manual lava-louças,,,,,,110,0,0.06,0.84,,,,"0.53,0.34,0.21,0.28,0.34,0.34,0.34,0.12,0.43,0.34,0.21,0.21",,,
br,manual lavadora,,,,,,20,0,0.00,0.04,,,,"0.18,0.18,0.18,0.18,0.18,0.18,0.18,0.18,0.18,0.18,0.18,0.18",,,
br,manual lavadora de alta pressão,,,,,,70,0,0.06,1.00,,,,"0.45,0.63,0.63,0.81,0.63,0.63,0.81,0.63,0.63,0.63,0.81,0.81",,,
br,manual lavadora de alta pressão pdf,,,,,,,,,,,,,,,,
br,manual lavadora de roupas,,,,,,0,0,0.00,0.00,,,,"0.00,0.00,0.00,0.00,0.00,0.00,0.00,0.00,0.00,0.00,0.00,0.00",,,
br,manual lavadora de roupas pdf,,,,,,,,,,,,,,,,
br,manual lavalouças,,,,,,,,,,,,,,,,
br,manual liquidificador,,,,,,20,0,0.00,0.33,,,,"0.18,0.18,0.18,0.18,0.18,0.18,0.18,0.18,0.18,0.18,0.18,0.18",,,
br,manual liquidificador pdf,,,,,,,,,,,,,,,,
br,manual maquina de lavar roupa,,,,,,20,0,0.00,0.02,,,,"0.50,0.50,0.50,0.50,0.50,0.50,0.50,0.50,0.50,0.50,0.50,0.50",,,
br,manual micro-ondas,,,,,,,,,,,,,,,,
br,manual micro-ondas electrolux,,,,,,0,0,0.00,0.03,,,,"0.00,0.00,0.00,0.50,0.00,0.00,0.00,0.00,0.00,0.00,0.00,0.00",,,
br,manual micro-ondas pdf,,,,,,,,,,,,,,,,
br,manual microondas,,,,,,20,0,0.00,0.01,,,,"0.00,0.28,0.28,0.28,0.28,0.28,0.28,0.28,0.28,0.28,0.28,0.28",,,
br,manual máquina de lavar,,,,,,20,0,0.00,0.03,,,,"0.14,0.14,0.14,0.14,0.14,0.14,0.14,0.14,0.14,0.14,0.14,0.14",,,
br,manual máquina de lavar electrolux,,,,,,170,18,0.15,0.01,169,"Informational, Transactional","AI Overview, Site Links, Video, People Also Ask","0.35,0.35,0.35,0.43,0.29,0.35,0.35,0.43,0.35,0.29,0.35,0.22",20,,
br,manual máquina de lavar pdf,,,,,,0,0,0.00,0.00,,,,"0.00,0.00,0.00,0.00,0.00,0.00,0.00,0.00,0.00,0.00,0.00,0.00",,,
br,manual panela elétrica,,,,,,0,0,0.00,0.00,,,,"0.00,0.00,0.00,0.00,0.00,0.00,0.00,0.00,0.00,0.00,0.00,0.00",,,
br,manual panela elétrica pdf,,,,,,,,,,,,,,,,
br,manual purificador de água,,,,,,,,,,,,,,,,
br,manual purificador de água pdf,,,,,,,,,,,,,,,,
br,manual refrigerador,,,,,,20,0,0.00,0.33,,,,"0.18,0.18,0.18,0.18,0.18,0.18,0.18,0.18,0.18,0.18,0.18,0.18",,,
br,manual robô aspirador,,,,,,,,,,,,,,,,
br,manual robô aspirador pdf,,,,,,,,,,,,,,,,
br,manual sanduicheira,,,,,,20,0,0.00,0.33,,,,"0.18,0.18,0.18,0.18,0.18,0.18,0.18,0.18,0.18,0.18,0.18,0.18",,,
br,manual sanduicheira pdf,,,,,,,,,,,,,,,,
br,manual secadora de roupas,,,,,,0,0,0.00,0.00,,,,"0.00,0.00,0.00,0.00,0.00,0.00,0.00,0.00,0.00,0.00,0.00,0.00",,,
br,manual secadora de roupas electrolux,,,,,,20,0,0.00,0.33,,,,"1.00,1.00,1.00,1.00,1.00,1.00,1.00,1.00,1.00,1.00,1.00,1.00",,,
br,manual secadora de roupas pdf,,,,,,,,,,,,,,,,
br,manual ventilador,,,,,,40,0,0.00,0.33,,,,"0.14,0.14,0.14,0.14,0.14,0.14,0.14,0.14,0.14,0.14,1.00,0.78",,,
br,manual ventilador pdf,,,,,,,,,,,,,,,,
br,manutenção preventiva air fryer,,,,,,,,,,,,,,,,
br,manutenção preventiva ar condicionado,,,,,,320,16,0.90,0.45,132,Informational,"Video, Video Carousel, People Also Ask, Related Searches, AI Overview","0.66,0.66,0.66,0.54,0.54,0.54,0.54,0.54,0.66,0.35,0.44,0.35",90,,
br,manutenção preventiva aspirador de pó,,,,,,,,,,,,,,,,
br,manutenção preventiva fogão,,,,,,,,,,,,,,,,
br,manutenção preventiva geladeira,,,,,,20,0,0.63,0.24,,,,"0.11,0.11,0.11,0.11,0.11,0.11,0.11,0.11,0.11,0.11,0.11,0.11",,,
br,manutenção preventiva lava e seca,,,,,,,,,,,,,,,,
br,manutenção preventiva lava louças,,,,,,,,,,,,,,,,
br,manutenção preventiva micro-ondas,,,,,,,,,,,,,,,,
br,manutenção preventiva máquina de lavar,,,,,,,,,,,,,,,,
br,manutenção preventiva secadora de roupas,,,,,,,,,,,,,,,,
br,maquina de lavar roupa não centrifuga,,,,,,110,14,0.11,0.08,109,Informational,"People Also Ask, Related Searches, Short Videos, Image Pack, Video, Video Carousel","0.08,0.18,0.03,0.05,0.35,0.23,0.44,0.23,0.18,0.18,0.15,0.11",90,,
br,maquina de lavar roupa não enche de água,,,,,,,,,,,,,,,,
br,maquina de lavar roupa não escoa,,,,,,,,,,,,,,,,
br,maquina de lavar roupa não liga,,,,,,10,0,0.32,0.16,,,,"0.22,0.22,0.33,0.11,0.22,0.22,0.00,0.22,0.00,0.00,0.11,0.22",,,
br,medidas do vão para adega climatizada,,,,,,,,,,,,,,,,
br,medidas do vão para ar condicionado,,,,,,,,,,,,,,,,
br,medidas do vão para bebedouro,,,,,,,,,,,,,,,,
br,medidas do vão para coifa,,,,,,,,,,,,,,,,
br,medidas do vão para cooktop,,,,,,,,,,,,,,,,
br,medidas do vão para depurador de ar,,,,,,,,,,,,,,,,
br,medidas do vão para fogão,,,,,,,,,,,,,,,,
br,medidas do vão para forno elétrico,,,,,,,,,,,,,,,,
br,medidas do vão para geladeira,,,,,,,,,,,,,,,,
br,medidas do vão para lava e seca,,,,,,,,,,,,,,,,
br,medidas do vão para lava louças,,,,,,,,,,,,,,,,
br,medidas do vão para micro-ondas,,,,,,,,,,,,,,,,
br,medidas do vão para máquina de lavar,,,,,,,,,,,,,,,,
br,medidas do vão para purificador de água,,,,,,,,,,,,,,,,
br,medidas do vão para secadora de roupas,,,,,,,,,,,,,,,,
br,micro-ondas com barulho,,,,,,,,,,,,,,,,
br,micro-ondas com barulho o que fazer,,,,,,,,,,,,,,,,
br,micro-ondas dando faísca,,,,,,,,,,,,,,,,
br,micro-ondas dando faísca o que fazer,,,,,,,,,,,,,,,,
br,micro-ondas econômica,,,,,,,,,,,,,,,,
br,micro-ondas electrolux nao liga,,,,,,,,,,,,,,,,
br,micro-ondas gasta muita energia,,,,,,90,18,0.01,0.01,115,Informational,"Video, Video Carousel, People Also Ask, Related Searches, AI Overview","0.23,0.42,0.23,0.23,0.14,0.33,0.52,0.42,0.80,0.52,0.80,1.00",90,,
br,micro-ondas não esquenta,,,,,,320,19,0.22,0.08,171,Informational,"Video, Video Carousel, People Also Ask, Related Searches, Short Videos, AI Overview","0.00,0.00,0.08,0.00,0.03,0.81,0.00,0.00,0.00,1.00,0.00,0.24",90,,
br,micro-ondas não esquenta o que fazer,,,,,,0,0,0.00,0.01,,,,"0.00,0.00,0.00,0.00,0.00,0.00,0.00,0.00,0.00,0.00,0.00,0.00",,,
br,micro-ondas não liga,,,,,,90,18,0.29,0.02,106,Informational,"Video, Video Carousel, People Also Ask, Related Searches, Short Videos, AI Overview","0.00,0.00,0.01,0.00,0.00,0.00,0.00,0.00,0.00,1.00,0.00,0.00",90,,
br,micro-ondas não liga o que fazer,,,,,,,,,,,,,,,,
br,micro-ondas prato não gira,,,,,,0,0,0.00,0.00,,,,"0.00,0.00,0.00,0.00,0.00,0.00,0.00,0.00,0.00,0.00,0.00,0.00",,,
br,micro-ondas prato não gira o que fazer,,,,,,,,,,,,,,,,
br,microondas dando faísca,,,,,,,,,,,,,,,,
br,microondas não esquenta,,,,,,3600,29,0.22,0.08,163,Informational,"Related Searches, Short Videos, AI Overview, Reviews, Video, People Also Ask","0.66,0.81,1.00,0.81,0.53,0.53,0.66,0.53,0.81,0.53,0.66,0.53",90,,
br,microondas não liga,,,,,,720,20,0.25,0.04,5500000,Informational,"Short Videos, Video, Video Carousel, People Also Ask, Related Searches","0.55,0.67,0.67,0.55,0.45,0.45,0.55,0.55,0.67,0.76,1.00,1.00",90,,
br,microondas prato não gira,,,,,,140,29,0.07,0.05,165,Informational,"People Also Ask, Related Searches, Short Videos, AI Overview, Video","0.80,0.53,0.65,0.53,0.42,0.42,0.42,0.42,0.42,0.34,0.34,0.42",90,,
br,motor ventilador,,,,,,1600,11,0.05,0.94,190,Informational,"Site Links, Reviews, Video, Video Carousel, People Also Ask, Popular Products, Related Searches, Image Pack","0.44,0.27,0.36,0.36,0.44,0.44,0.44,0.80,0.66,0.44,0.52,0.44",20,,
br,motor ventilador original,,,,,,,,,,,,,,,,
br,motor ventilador preco,,,,,,,,,,,,,,,,
br,máquina de lavar econômica,,,,,,20,0,0.11,1.00,,,,"0.14,0.14,0.14,0.14,0.14,0.14,0.14,0.14,0.14,0.21,0.14,0.21",,,
br,máquina de lavar electrolux nao liga,,,,,,,,,,,,,,,,
br,máquina de lavar fazendo barulho,,,,,,170,17,0.46,0.03,95,Informational,"People Also Ask, Related Searches, Short Videos, AI Overview, Reviews, Video, Video Carousel","0.65,0.53,0.80,0.53,0.26,0.42,0.53,0.53,0.53,0.80,0.80,0.42",90,,
br,máquina de lavar fazendo barulho o que fazer,,,,,,,,,,,,,,,,
br,máquina de lavar gasta muita energia,,,,,,260,18,0.06,0.01,107,Informational,"Related Searches, AI Overview, Site Links, Video, Video Carousel, People Also Ask","0.35,0.29,0.43,0.54,0.43,0.54,0.43,0.43,0.81,0.43,1.00,0.81",20,,
br,máquina de lavar não bate,,,,,,170,29,0.37,0.07,177,Informational,"Short Videos, AI Overview, Video, People Also Ask, Related Searches","0.53,0.66,0.53,0.43,0.43,0.35,0.43,0.53,0.43,0.35,0.35,0.35",90,,
br,máquina de lavar não bate o que fazer,,,,,,,,,,,,,,,,
br,máquina de lavar não centrifuga,,,,,,1000,20,0.15,0.07,107,"Informational, Transactional","Short Videos, Reviews, Video, Video Carousel, People Also Ask, Related Searches","0.36,0.41,0.41,0.36,0.41,0.36,0.54,0.36,0.54,0.41,0.54,0.54",90,,
br,máquina de lavar não centrifuga o que fazer,,,,,,20,0,0.28,0.14,,,,"0.71,0.28,0.28,0.28,0.28,0.28,0.28,0.28,0.28,0.28,0.28,0.28",,,
br,máquina de lavar não enche de água,,,,,,720,18,0.29,0.08,99,Informational,"Video, Video Carousel, People Also Ask, Related Searches, Short Videos, AI Overview","0.81,0.81,0.81,0.54,0.67,0.54,0.44,0.54,0.54,0.44,0.44,0.67",90,,
br,máquina de lavar não enche de água o que fazer,,,,,,,,,,,,,,,,
br,máquina de lavar não escoa,,,,,,,,,,,,,,,,
br,máquina de lavar não escoa o que fazer,,,,,,,,,,,,,,,,
br,máquina de lavar não liga,,,,,,320,30,0.41,0.07,159,Informational,"Reviews, Video, People Also Ask, Related Searches, Short Videos, AI Overview","0.54,0.54,0.44,0.54,0.44,0.54,0.44,0.54,1.00,0.81,0.66,1.00",90,,
br,máquina de lavar não liga o que fazer,,,,,,0,0,0.00,0.00,,,,"0.00,0.00,0.00,0.00,0.00,0.00,0.00,0.00,0.00,0.00,0.00,0.00",,,
br,máquina de lavar parou no meio do ciclo,,,,,,,,,,,,,,,,
br,máquina de lavar parou no meio do ciclo o que fazer,,,,,,,,,,,,,,,,
br,máquina de lavar tambor não gira,,,,,,,,,,,,,,,,
br,máquina de lavar tambor não gira o que fazer,,,,,,,,,,,,,,,,
br,máquina de lavar travada,,,,,,10,0,0.44,0.11,,,,"0.40,0.00,0.20,0.40,0.20,0.20,0.20,0.20,0.20,0.20,0.20,0.40",,,
br,máquina de lavar travada o que fazer,,,,,,,,,,,,,,,,
br,máquina de lavar vazando água,,,,,,140,17,0.28,0.08,161,Informational,"Reviews, Video, Video Carousel, People Also Ask, Related Searches, Short Videos","0.22,0.22,0.43,0.35,0.22,0.22,0.35,0.22,0.29,0.66,0.22,0.22",90,,
br,máquina de lavar vazando água o que fazer,,,,,,,,,,,,,,,,
br,o que dá para fazer no air fryer,,,,,,20,0,0.00,0.39,,,,"0.00,0.00,1.00,0.75,0.75,0.50,0.00,0.00,0.50,0.50,0.50,0.50",,,
br,o que dá para fazer no cooktop,,,,,,,,,,,,,,,,
br,o que dá para fazer no fogão,,,,,,,,,,,,,,,,
br,o que dá para fazer no forno elétrico,,,,,,20,0,0.00,0.03,,,,"0.09,0.09,0.09,0.09,0.09,0.09,0.19,0.09,0.09,0.09,0.19,0.09",,,
br,o que dá para fazer no fritadeira elétrica,,,,,,,,,,,,,,,,
br,o que dá para fazer no micro-ondas,,,,,,10,0,0.03,0.07,,,,"0.00,0.00,0.00,0.00,0.20,0.00,0.00,1.00,1.00,0.40,0.00,0.20",,,
br,o que dá para fazer no panela elétrica,,,,,,,,,,,,,,,,
br,o que significa erro adega climatizada,,,,,,,,,,,,,,,,
br,o que significa erro air fryer,,,,,,,,,,,,,,,,
br,o que significa erro ar condicionado,,,,,,,,,,,,,,,,
br,o que significa erro aspirador de pó,,,,,,,,,,,,,,,,
br,o que significa erro coifa,,,,,,,,,,,,,,,,
br,o que significa erro cooktop,,,,,,,,,,,,,,,,
br,o que significa erro fogão,,,,,,,,,,,,,,,,
br,o que significa erro forno elétrico,,,,,,,,,,,,,,,,
br,o que significa erro freezer,,,,,,,,,,,,,,,,
br,o que significa erro geladeira,,,,,,,,,,,,,,,,
br,o que significa erro lava e seca,,,,,,,,,,,,,,,,
br,o que significa erro lava louças,,,,,,,,,,,,,,,,
br,o que significa erro micro-ondas,,,,,,,,,,,,,,,,
br,o que significa erro máquina de lavar,,,,,,,,,,,,,,,,
br,o que significa erro purificador de água,,,,,,,,,,,,,,,,
br,o que significa erro secadora de roupas,,,,,,,,,,,,,,,,
br,onde comprar peça de adega climatizada,,,,,,,,,,,,,,,,
br,onde comprar peça de air fryer,,,,,,,,,,,,,,,,
br,onde comprar peça de ar condicionado,,,,,,,,,,,,,,,,
br,onde comprar peça de aspirador de pó,,,,,,,,,,,,,,,,
br,onde comprar peça de batedeira,,,,,,,,,,,,,,,,
br,onde comprar peça de bebedouro,,,,,,0,0,0.00,0.00,,,,"0.00,0.00,0.00,0.00,0.00,0.00,0.00,0.00,0.00,0.00,0.00,0.00",,,
br,onde comprar peça de cafeteira,,,,,,,,,,,,,,,,
br,onde comprar peça de coifa,,,,,,,,,,,,,,,,
br,onde comprar peça de cooktop,,,,,,,,,,,,,,,,
br,onde comprar peça de depurador de ar,,,,,,,,,,,,,,,,
br,onde comprar peça de ferro de passar,,,,,,,,,,,,,,,,
br,onde comprar peça de fogão,,,,,,,,,,,,,,,,
br,onde comprar peça de forno elétrico,,,,,,,,,,,,,,,,
br,onde comprar peça de freezer,,,,,,,,,,,,,,,,
br,onde comprar peça de geladeira,,,,,,30,0,0.15,0.97,,,,"1.00,0.20,0.20,0.40,0.40,0.80,0.60,0.40,0.80,0.40,0.40,0.40",,,
br,onde comprar peça de lava e seca,,,,,,,,,,,,,,,,
br,onde comprar peça de lava louças,,,,,,,,,,,,,,,,
br,onde comprar peça de lavadora de alta pressão,,,,,,,,,,,,,,,,
br,onde comprar peça de liquidificador,,,,,,,,,,,,,,,,
br,onde comprar peça de micro-ondas,,,,,,,,,,,,,,,,
br,onde comprar peça de máquina de lavar,,,,,,50,0,0.15,0.91,,,,"0.27,0.45,0.63,0.45,0.36,0.45,0.45,0.36,0.45,1.00,0.27,0.36",,,
br,onde comprar peça de purificador de água,,,,,,,,,,,,,,,,
br,onde comprar peça de robô aspirador,,,,,,,,,,,,,,,,
br,onde comprar peça de secadora de roupas,,,,,,,,,,,,,,,,
br,onde comprar peça de ventilador,,,,,,0,0,0.00,0.99,,,,"0.00,0.00,0.00,0.00,0.00,0.00,0.00,0.00,0.00,0.00,0.00,0.00",,,
br,onde doar ar condicionado usada,,,,,,,,,,,,,,,,
br,onde doar fogão usada,,,,,,,,,,,,,,,,
br,onde doar freezer usada,,,,,,,,,,,,,,,,
br,onde doar geladeira usada,,,,,,20,0,0.46,0.61,,,,"0.11,0.11,0.11,0.11,0.11,0.11,0.11,0.11,0.11,0.11,0.11,0.11",,,
br,onde doar micro-ondas usada,,,,,,,,,,,,,,,,
br,onde doar máquina de lavar usada,,,,,,,,,,,,,,,,
br,orçamento conserto air fryer,,,,,,,,,,,,,,,,
br,orçamento conserto ar condicionado,,,,,,0,0,0.00,0.00,,,,"0.00,0.00,0.00,0.00,0.00,0.00,0.00,0.00,0.00,0.00,0.00,0.00",,,
br,orçamento conserto aspirador de pó,,,,,,,,,,,,,,,,
br,orçamento conserto coifa,,,,,,,,,,,,,,,,
br,orçamento conserto cooktop,,,,,,,,,,,,,,,,
br,orçamento conserto fogão,,,,,,,,,,,,,,,,
br,orçamento conserto forno elétrico,,,,,,,,,,,,,,,,
br,orçamento conserto freezer,,,,,,,,,,,,,,,,
br,orçamento conserto geladeira,,,,,,20,0,0.92,0.61,,,,"0.14,0.14,0.14,0.14,0.14,0.14,0.14,0.14,0.14,0.14,0.14,0.14",,,
br,orçamento conserto lava e seca,,,,,,,,,,,,,,,,
br,orçamento conserto lava louças,,,,,,,,,,,,,,,,
br,orçamento conserto micro-ondas,,,,,,,,,,,,,,,,
br,orçamento conserto máquina de lavar,,,,,,0,0,0.82,0.88,,,,"0.00,0.00,0.00,0.00,0.00,0.00,0.00,0.00,0.00,0.00,0.00,0.00",,,
br,orçamento conserto purificador de água,,,,,,,,,,,,,,,,
br,orçamento conserto secadora de roupas,,,,,,,,,,,,,,,,
br,panela elétrica não esquenta,,,,,,0,0,0.00,0.33,,,,"0.00,1.00,0.00,0.00,0.00,0.00,0.00,0.00,0.00,1.00,0.00,0.00",,,
br,panela elétrica não liga,,,,,,10,0,0.00,0.33,,,,"0.00,0.00,0.00,0.00,0.00,0.00,0.00,0.00,0.00,0.18,0.18,0.27",,,
br,peça de reposição adega climatizada,,,,,,,,,,,,,,,,
br,peça de reposição air fryer,,,,,,,,,,,,,,,,
br,peça de reposição ar condicionado,,,,,,,,,,,,,,,,
br,peça de reposição aspirador de pó,,,,,,,,,,,,,,,,
br,peça de reposição batedeira,,,,,,,,,,,,,,,,
br,peça de reposição bebedouro,,,,,,,,,,,,,,,,
br,peça de reposição cafeteira,,,,,,,,,,,,,,,,
br,peça de reposição coifa,,,,,,,,,,,,,,,,
br,peça de reposição cooktop,,,,,,,,,,,,,,,,
br,peça de reposição depurador de ar,,,,,,,,,,,,,,,,
br,peça de reposição ferro de passar,,,,,,,,,,,,,,,,
br,peça de reposição fogão,,,,,,,,,,,,,,,,
br,peça de reposição forno elétrico,,,,,,,,,,,,,,,,
br,peça de reposição freezer,,,,,,,,,,,,,,,,
br,peça de reposição geladeira,,,,,,,,,,,,,,,,
br,peça de reposição lava e seca,,,,,,,,,,,,,,,,
br,peça de reposição lava louças,,,,,,,,,,,,,,,,
br,peça de reposição lavadora de alta pressão,,,,,,,,,,,,,,,,
br,peça de reposição liquidificador,,,,,,,,,,,,,,,,
br,peça de reposição micro-ondas,,,,,,,,,,,,,,,,
br,peça de reposição máquina de lavar,,,,,,,,,,,,,,,,
br,peça de reposição purificador de água,,,,,,,,,,,,,,,,
br,peça de reposição robô aspirador,,,,,,,,,,,,,,,,
br,peça de reposição secadora de roupas,,,,,,,,,,,,,,,,
br,peça de reposição ventilador,,,,,,,,,,,,,,,,
br,peça original electrolux,,,,,,0,0,0.00,0.00,,,,"0.00,0.00,0.00,0.00,0.00,0.00,0.00,0.00,0.00,0.00,0.00,0.00",,,
br,placa eletrônica máquina de lavar,,,,,,,,,,,,,,,,
br,placa eletrônica máquina de lavar compativel,,,,,,,,,,,,,,,,
br,placa eletrônica máquina de lavar original,,,,,,,,,,,,,,,,
br,placa eletrônica máquina de lavar preco,,,,,,,,,,,,,,,,
br,por que air fryer com cheiro de queimado,,,,,,,,,,,,,,,,
br,por que air fryer desligando sozinha,,,,,,,,,,,,,,,,
br,por que air fryer não esquenta,,,,,,,,,,,,,,,,
br,por que air fryer não liga,,,,,,,,,,,,,,,,
br,por que ar condicionado com cheiro,,,,,,,,,,,,,,,,
br,por que ar condicionado desligando sozinho,,,,,,,,,,,,,,,,
br,por que ar condicionado fazendo barulho,,,,,,,,,,,,,,,,
br,por que ar condicionado luz piscando,,,,,,,,,,,,,,,,
br,por que ar condicionado não gela,,,,,,0,0,0.00,0.00,,,,"0.00,0.00,0.00,0.00,0.00,0.00,0.00,0.00,0.00,0.00,0.00,0.00",,,
br,por que ar condicionado não liga,,,,,,,,,,,,,,,,
br,por que ar condicionado pingando agua,,,,,,,,,,,,,,,,
br,por que aspirador de pó com pouca forca,,,,,,,,,,,,,,,,
br,por que aspirador de pó não liga,,,,,,,,,,,,,,,,
br,por que aspirador de pó não puxa,,,,,,,,,,,,,,,,
br,por que aspirador de pó perdeu sucção,,,,,,,,,,,,,,,,
br,por que fogão acendimento automático não funciona,,,,,,,,,,,,,,,,
br,por que fogão boca não acende,,,,,,,,,,,,,,,,
br,por que fogão chama amarela,,,,,,,,,,,,,,,,
br,por que fogão cheiro de gás,,,,,,,,,,,,,,,,
br,por que fogão forno não acende,,,,,,,,,,,,,,,,
br,por que fogão não acende,,,,,,,,,,,,,,,,
br,por que geladeira com cheiro ruim,,,,,,,,,,,,,,,,
br,por que geladeira congelando demais,,,,,,,,,,,,,,,,
br,por que geladeira fazendo barulho,,,,,,,,,,,,,,,,
br,por que geladeira formando gelo,,,,,,,,,,,,,,,,
br,por que geladeira luz não acende,,,,,,,,,,,,,,,,
br,por que geladeira motor não desliga,,,,,,,,,,,,,,,,
br,por que geladeira não está gelando,,,,,,,,,,,,,,,,
br,por que geladeira não gela,,,,,,,,,,,,,,,,
br,por que geladeira não liga,,,,,,,,,,,,,,,,
br,por que geladeira vazando água,,,,,,,,,,,,,,,,
br,por que lava e seca fazendo barulho,,,,,,,,,,,,,,,,
br,por que lava e seca não centrifuga,,,,,,,,,,,,,,,,
br,por que lava e seca não escoa,,,,,,,,,,,,,,,,
br,por que lava e seca não esquenta,,,,,,,,,,,,,,,,
br,por que lava e seca não seca,,,,,,,,,,,,,,,,
br,por que lava louças não escoa,,,,,,,,,,,,,,,,
br,por que lava louças não lava direito,,,,,,,,,,,,,,,,
br,por que lava louças não liga,,,,,,,,,,,,,,,,
br,por que lava louças não seca,,,,,,,,,,,,,,,,
br,por que lava louças vazando,,,,,,,,,,,,,,,,
br,por que micro-ondas com barulho,,,,,,,,,,,,,,,,
br,por que micro-ondas dando faísca,,,,,,,,,,,,,,,,
br,por que micro-ondas não esquenta,,,,,,,,,,,,,,,,
br,por que micro-ondas não liga,,,,,,,,,,,,,,,,
br,por que micro-ondas prato não gira,,,,,,,,,,,,,,,,
br,por que máquina de lavar fazendo barulho,,,,,,,,,,,,,,,,
br,por que máquina de lavar não bate,,,,,,,,,,,,,,,,
br,por que máquina de lavar não centrifuga,,,,,,,,,,,,,,,,
br,por que máquina de lavar não enche de água,,,,,,,,,,,,,,,,
br,por que máquina de lavar não escoa,,,,,,,,,,,,,,,,
br,por que máquina de lavar não liga,,,,,,,,,,,,,,,,
br,por que máquina de lavar parou no meio do ciclo,,,,,,,,,,,,,,,,
br,por que máquina de lavar tambor não gira,,,,,,,,,,,,,,,,
br,por que máquina de lavar travada,,,,,,,,,,,,,,,,
br,por que máquina de lavar vazando água,,,,,,,,,,,,,,,,
br,por que secadora de roupas fazendo barulho,,,,,,,,,,,,,,,,
br,por que secadora de roupas não esquenta,,,,,,,,,,,,,,,,
br,por que secadora de roupas não liga,,,,,,,,,,,,,,,,
br,por que secadora de roupas não seca,,,,,,,,,,,,,,,,
br,porta micro-ondas,,,,,,10,0,0.07,1.00,,,,"0.00,0.00,0.50,0.07,0.00,0.07,0.07,0.00,0.00,0.00,0.00,0.00",,,
br,porta micro-ondas compativel,,,,,,,,,,,,,,,,
br,porta micro-ondas original,,,,,,,,,,,,,,,,
br,porta micro-ondas preco,,,,,,,,,,,,,,,,
br,prateleira adega climatizada,,,,,,,,,,,,,,,,
br,prateleira adega climatizada preco,,,,,,,,,,,,,,,,
br,prateleira geladeira,,,,,,590,7,0.05,1.00,196,Informational,"Related Searches, Image Pack, Site Links, Video, People Also Ask, Popular Products","0.67,0.67,0.67,0.54,0.54,0.54,0.54,0.54,1.00,0.44,0.54,0.54",20,,
br,prateleira geladeira compativel,,,,,,,,,,,,,,,,
br,prateleira geladeira original,,,,,,,,,,,,,,,,
br,prateleira geladeira preco,,,,,,,,,,,,,,,,
br,prato giratório micro-ondas,,,,,,,,,,,,,,,,
br,prato giratório micro-ondas compativel,,,,,,,,,,,,,,,,
br,prato giratório micro-ondas original,,,,,,,,,,,,,,,,
br,prato giratório micro-ondas preco,,,,,,,,,,,,,,,,
br,precisa de tomada especial adega climatizada,,,,,,,,,,,,,,,,
br,precisa de tomada especial ar condicionado,,,,,,,,,,,,,,,,
br,precisa de tomada especial bebedouro,,,,,,,,,,,,,,,,
br,precisa de tomada especial coifa,,,,,,,,,,,,,,,,
br,precisa de tomada especial cooktop,,,,,,,,,,,,,,,,
br,precisa de tomada especial depurador de ar,,,,,,,,,,,,,,,,
br,precisa de tomada especial fogão,,,,,,,,,,,,,,,,
br,precisa de tomada especial forno elétrico,,,,,,,,,,,,,,,,
br,precisa de tomada especial geladeira,,,,,,,,,,,,,,,,
br,precisa de tomada especial lava e seca,,,,,,,,,,,,,,,,
br,precisa de tomada especial lava louças,,,,,,,,,,,,,,,,
br,precisa de tomada especial micro-ondas,,,,,,,,,,,,,,,,
br,precisa de tomada especial máquina de lavar,,,,,,,,,,,,,,,,
br,precisa de tomada especial purificador de água,,,,,,,,,,,,,,,,
br,precisa de tomada especial secadora de roupas,,,,,,,,,,,,,,,,
br,purificador de água luz vermelha acesa,,,,,,,,,,,,,,,,
br,purificador de água não gela,,,,,,90,11,0.24,0.06,180,Informational,"Short Videos, AI Overview, Image Pack, Video, Video Carousel, People Also Ask, Related Searches","0.02,0.02,0.02,0.09,0.12,0.12,0.12,0.23,0.23,0.15,0.15,0.19",90,,
br,purificador de água sem pressão,,,,,,,,,,,,,,,,
br,purificador de água vazando,,,,,,20,0,0.00,0.04,,,,"0.66,0.66,0.66,0.66,0.66,0.66,0.66,0.66,0.66,0.66,0.66,0.66",,,
br,quando trocar adega climatizada,,,,,,,,,,,,,,,,
br,quando trocar air fryer,,,,,,,,,,,,,,,,
br,quando trocar ar condicionado,,,,,,0,0,0.00,0.00,,,,"0.00,0.00,0.00,0.00,0.00,0.00,0.00,0.00,0.00,0.00,0.00,0.00",,,
br,quando trocar aspirador de pó,,,,,,,,,,,,,,,,
br,quando trocar coifa,,,,,,,,,,,,,,,,
br,quando trocar cooktop,,,,,,,,,,,,,,,,
br,quando trocar fogão,,,,,,0,0,0.00,0.00,,,,"0.00,0.00,0.00,0.00,0.00,0.00,0.00,0.00,0.00,0.00,0.00,0.00",,,
br,quando trocar forno elétrico,,,,,,,,,,,,,,,,
br,quando trocar freezer,,,,,,,,,,,,,,,,
br,quando trocar geladeira,,,,,,,,,,,,,,,,
br,quando trocar lava e seca,,,,,,,,,,,,,,,,
br,quando trocar lava louças,,,,,,,,,,,,,,,,
br,quando trocar micro-ondas,,,,,,,,,,,,,,,,
br,quando trocar máquina de lavar,,,,,,,,,,,,,,,,
br,quando trocar purificador de água,,,,,,,,,,,,,,,,
br,quando trocar secadora de roupas,,,,,,,,,,,,,,,,
br,quanto custa consertar air fryer,,,,,,,,,,,,,,,,
br,quanto custa consertar ar condicionado,,,,,,20,0,0.00,0.13,,,,"0.11,0.11,0.11,0.11,0.11,0.11,0.11,0.11,0.11,0.11,0.11,0.11",,,
br,quanto custa consertar aspirador de pó,,,,,,,,,,,,,,,,
br,quanto custa consertar coifa,,,,,,,,,,,,,,,,
br,quanto custa consertar cooktop,,,,,,,,,,,,,,,,
br,quanto custa consertar fogão,,,,,,0,0,0.00,0.00,,,,"0.00,0.00,0.00,0.00,0.00,0.00,0.00,0.00,0.00,0.00,0.00,0.00",,,
br,quanto custa consertar forno elétrico,,,,,,,,,,,,,,,,
br,quanto custa consertar freezer,,,,,,0,0,0.00,0.00,,,,"0.00,0.00,0.00,0.00,0.00,0.00,0.00,0.00,0.00,0.00,0.00,0.00",,,
br,quanto custa consertar geladeira,,,,,,20,0,0.39,0.32,,,,"0.22,0.22,0.22,0.22,0.22,0.22,0.22,0.22,0.22,0.22,0.22,0.22",,,
br,quanto custa consertar lava e seca,,,,,,,,,,,,,,,,
br,quanto custa consertar lava louças,,,,,,,,,,,,,,,,
br,quanto custa consertar micro-ondas,,,,,,,,,,,,,,,,
br,quanto custa consertar máquina de lavar,,,,,,,,,,,,,,,,
br,quanto custa consertar purificador de água,,,,,,,,,,,,,,,,
br,quanto custa consertar secadora de roupas,,,,,,,,,,,,,,,,
br,quanto custa instalar adega climatizada,,,,,,,,,,,,,,,,
br,quanto custa instalar ar condicionado,,,,,,1600,16,0.34,0.49,167,"Informational, Commercial","Site Links, Reviews, Video, People Also Ask, Related Searches, AI Overview","0.10,0.08,0.10,0.13,0.18,0.18,0.24,0.81,0.66,0.44,0.44,0.29",20,,
br,quanto custa instalar bebedouro,,,,,,,,,,,,,,,,
br,quanto custa instalar coifa,,,,,,0,0,0.00,0.00,,,,"0.00,0.00,0.00,0.00,0.00,0.00,0.00,0.00,0.00,0.00,0.00,0.00",,,
br,quanto custa instalar cooktop,,,,,,20,0,0.32,0.17,,,,"0.14,0.14,0.14,0.14,0.14,0.14,0.14,0.14,0.14,0.14,0.14,0.14",,,
br,quanto custa instalar depurador de ar,,,,,,,,,,,,,,,,
br,quanto custa instalar fogão,,,,,,,,,,,,,,,,
br,quanto custa instalar forno elétrico,,,,,,,,,,,,,,,,
br,quanto custa instalar geladeira,,,,,,,,,,,,,,,,
br,quanto custa instalar lava e seca,,,,,,,,,,,,,,,,
br,quanto custa instalar lava louças,,,,,,,,,,,,,,,,
br,quanto custa instalar micro-ondas,,,,,,,,,,,,,,,,
br,quanto custa instalar máquina de lavar,,,,,,,,,,,,,,,,
br,quanto custa instalar purificador de água,,,,,,,,,,,,,,,,
br,quanto custa instalar secadora de roupas,,,,,,,,,,,,,,,,
br,quanto gasta de energia air fryer,,,,,,,,,,,,,,,,
br,quanto gasta de energia ar condicionado,,,,,,20,0,0.00,0.20,,,,"0.11,0.11,0.11,0.11,0.11,0.11,0.11,0.17,0.11,0.11,0.11,0.11",,,
br,quanto gasta de energia aspirador de pó,,,,,,,,,,,,,,,,
br,quanto gasta de energia fogão,,,,,,,,,,,,,,,,
br,quanto gasta de energia geladeira,,,,,,0,0,0.00,0.00,,,,"0.00,0.00,0.00,0.00,0.00,0.00,0.00,0.00,0.00,0.00,0.00,0.00",,,
br,quanto gasta de energia lava e seca,,,,,,,,,,,,,,,,
br,quanto gasta de energia lava louças,,,,,,,,,,,,,,,,
br,quanto gasta de energia micro-ondas,,,,,,,,,,,,,,,,
br,quanto gasta de energia máquina de lavar,,,,,,,,,,,,,,,,
br,quanto gasta de energia secadora de roupas,,,,,,,,,,,,,,,,
br,quanto tempo dura air fryer,,,,,,,,,,,,,,,,
br,quanto tempo dura ar condicionado,,,,,,20,0,0.00,0.10,,,,"0.11,0.11,0.11,0.11,0.11,0.11,0.11,0.23,0.11,0.11,0.11,0.11",,,
br,quanto tempo dura aspirador de pó,,,,,,,,,,,,,,,,
br,quanto tempo dura fogão,,,,,,0,0,0.00,0.00,,,,"0.00,0.00,0.00,0.00,0.00,0.00,0.00,0.00,0.00,0.00,0.00,0.00",,,
br,quanto tempo dura geladeira,,,,,,20,0,0.00,0.33,,,,"0.28,0.28,0.28,0.28,0.28,0.28,0.28,0.28,0.28,0.28,0.28,0.28",,,
br,quanto tempo dura lava e seca,,,,,,,,,,,,,,,,
br,quanto tempo dura lava louças,,,,,,,,,,,,,,,,
br,quanto tempo dura micro-ondas,,,,,,,,,,,,,,,,
br,quanto tempo dura máquina de lavar,,,,,,0,0,0.00,0.00,,,,"0.00,0.00,0.00,0.00,0.00,0.00,0.00,0.00,0.00,0.00,0.00,0.00",,,
br,quanto tempo dura secadora de roupas,,,,,,,,,,,,,,,,
br,quantos kwh consome air fryer,,,,,,,,,,,,,,,,
br,quantos kwh consome ar condicionado,,,,,,0,0,0.00,0.00,,,,"0.00,0.00,0.00,0.00,0.00,0.00,0.00,0.00,0.00,0.00,0.00,0.00",,,
br,quantos kwh consome aspirador de pó,,,,,,,,,,,,,,,,
br,quantos kwh consome fogão,,,,,,,,,,,,,,,,
br,quantos kwh consome geladeira,,,,,,,,,,,,,,,,
br,quantos kwh consome lava e seca,,,,,,,,,,,,,,,,
br,quantos kwh consome lava louças,,,,,,,,,,,,,,,,
br,quantos kwh consome micro-ondas,,,,,,,,,,,,,,,,
br,quantos kwh consome máquina de lavar,,,,,,,,,,,,,,,,
br,quantos kwh consome secadora de roupas,,,,,,,,,,,,,,,,
br,queimador cooktop,,,,,,40,0,0.00,1.00,,,,"0.18,1.00,1.00,1.00,0.18,0.18,0.18,0.18,0.18,0.18,0.18,0.18",,,
br,queimador cooktop compativel,,,,,,,,,,,,,,,,
br,queimador cooktop original,,,,,,,,,,,,,,,,
br,queimador cooktop preco,,,,,,,,,,,,,,,,
br,queimador fogão,,,,,,320,17,0.03,1.00,191,Informational,"Image, People Also Ask, Related Searches, Image Pack, Site Links, Video","0.66,0.54,0.44,0.54,0.81,0.54,0.44,0.35,0.66,0.35,0.66,0.44",20,,
br,queimador fogão preco,,,,,,,,,,,,,,,,
br,receitas air fryer,,,,,,2900,33,0.03,0.26,193,Informational,"Site Links, Video, Image, People Also Ask, Recipes, Related Searches","0.36,0.23,0.29,0.29,0.29,0.23,0.23,0.19,0.19,0.19,0.15,0.19",20,,
br,receitas cooktop,,,,,,0,0,0.00,0.00,,,,"0.00,0.00,0.00,0.00,0.00,0.00,0.00,0.00,0.00,0.00,0.00,0.00",,,
br,receitas fogão,,,,,,0,0,0.00,0.00,,,,"0.00,0.00,0.00,0.00,0.00,0.00,0.00,0.00,0.00,0.00,0.00,0.00",,,
br,receitas forno elétrico,,,,,,10,0,0.05,0.05,,,,"0.00,1.00,0.00,0.00,0.00,0.00,0.00,0.00,0.00,0.00,0.00,0.00",,,
br,receitas fritadeira elétrica,,,,,,0,0,0.02,0.17,,,,"0.00,0.00,0.00,0.00,0.00,0.00,0.00,0.00,0.00,0.00,0.00,0.00",,,
br,receitas micro-ondas,,,,,,0,0,0.02,0.18,,,,"0.00,0.00,0.00,0.00,0.00,0.00,0.00,0.00,0.00,0.00,0.00,0.00",,,
br,receitas panela elétrica,,,,,,50,0,0.07,0.04,,,,"0.23,0.14,0.14,0.19,0.09,0.33,0.09,0.14,0.14,1.00,0.09,0.14",,,
br,reciclagem de eletrodomésticos,,,,,,50,0,0.36,0.47,,,,"0.36,0.27,0.36,0.36,0.27,0.36,0.63,0.81,0.63,0.36,0.36,0.45",,,
br,refil bebedouro,,,,,,210,15,0.19,1.00,131,"Informational, Commercial","Related Searches, Image Pack, Site Links, Video, People Also Ask, Popular Products","1.00,0.65,0.80,0.80,0.80,1.00,0.65,0.65,0.80,0.80,1.00,0.80",20,,
br,refil bebedouro compativel,,,,,,,,,,,,,,,,
br,refil bebedouro original,,,,,,,,,,,,,,,,
br,refil bebedouro preco,,,,,,,,,,,,,,,,
br,refil purificador de água,,,,,,90,20,0.18,1.00,202,Commercial,"Site Links, Video, Video Carousel, People Also Ask, Popular Products, Local Pack","0.14,0.14,0.14,0.18,0.22,0.18,0.18,0.22,0.22,0.14,0.22,0.22",20,,
br,refil purificador de água compativel,,,,,,,,,,,,,,,,
br,refil purificador de água original,,,,,,,,,,,,,,,,
br,refil purificador de água preco,,,,,,,,,,,,,,,,
br,refrigerador fazendo barulho,,,,,,20,0,0.00,0.07,,,,"1.00,1.00,1.00,1.00,1.00,1.00,1.00,1.00,1.00,1.00,1.00,1.00",,,
br,refrigerador não está gelando,,,,,,20,0,0.11,0.27,,,,"0.14,0.14,0.14,0.14,0.14,0.14,0.14,0.14,0.14,0.14,0.14,0.14",,,
br,refrigerador não gela,,,,,,20,0,0.42,0.32,,,,"0.14,0.14,0.14,0.14,0.14,0.14,0.14,0.14,0.21,0.14,0.14,0.14",,,
br,refrigerador vazando água,,,,,,0,0,0.00,0.00,,,,"0.00,0.00,0.00,0.00,0.00,0.00,0.00,0.00,0.00,0.00,0.00,0.00",,,
br,resistência air fryer,,,,,,140,19,0.03,0.97,192,Informational,"Short Videos, AI Overview, Site Links, Video Carousel, People Also Ask, Popular Products, Related Searches, Image Pack, Video","0.03,0.06,0.81,0.06,0.81,0.03,0.03,0.06,0.66,0.03,0.05,0.03",20,,
br,resistência air fryer compativel,,,,,,,,,,,,,,,,
br,resistência air fryer original,,,,,,,,,,,,,,,,
br,resistência air fryer preco,,,,,,,,,,,,,,,,
br,resistência do forno fogão,,,,,,,,,,,,,,,,
br,resistência do forno fogão compativel,,,,,,,,,,,,,,,,
br,resistência do forno fogão original,,,,,,,,,,,,,,,,
br,resistência do forno fogão preco,,,,,,,,,,,,,,,,
br,resistência ferro de passar,,,,,,20,0,0.03,0.63,,,,"0.28,0.57,0.14,0.28,0.28,0.14,0.00,0.00,0.00,0.14,0.14,0.71",,,
br,resistência ferro de passar preco,,,,,,,,,,,,,,,,
br,resistência forno elétrico,,,,,,170,5,0.07,1.00,188,Informational,"Site Links, Video, Video Carousel, People Also Ask, Popular Products, Related Searches, Short Videos, AI Overview","0.05,0.05,0.09,0.07,0.07,0.05,0.72,0.07,0.07,0.59,0.04,0.07",20,,
br,resistência forno elétrico compativel,,,,,,,,,,,,,,,,
br,resistência forno elétrico original,,,,,,,,,,,,,,,,
br,resistência forno elétrico preco,,,,,,,,,,,,,,,,
br,resistência lava e seca,,,,,,,,,,,,,,,,
br,resistência lava e seca compativel,,,,,,,,,,,,,,,,
br,resistência lava e seca original,,,,,,,,,,,,,,,,
br,resistência lava e seca preco,,,,,,,,,,,,,,,,
br,resistência secadora de roupas,,,,,,0,0,0.00,0.00,,,,"0.00,0.00,0.00,0.00,0.00,0.00,0.00,0.00,0.00,0.00,0.00,0.00",,,
br,resistência secadora de roupas compativel,,,,,,,,,,,,,,,,
br,resistência secadora de roupas original,,,,,,,,,,,,,,,,
br,resistência secadora de roupas preco,,,,,,,,,,,,,,,,
br,robô aspirador não carrega,,,,,,110,0,0.00,0.01,,,,"0.11,0.29,0.64,0.64,0.64,0.52,0.41,0.82,1.00,0.64,0.64,0.64",,,
br,robô aspirador não liga,,,,,,,,,,,,,,,,
br,robô aspirador não volta para base,,,,,,,,,,,,,,,,
br,rolamento máquina de lavar,,,,,,90,16,0.04,0.97,181,Informational,"Reviews, Video, Video Carousel, People Also Ask, Related Searches, Short Videos, AI Overview","0.15,0.09,0.15,0.12,0.12,0.12,0.09,0.12,0.12,0.09,0.12,0.15",90,,
br,rolamento máquina de lavar preco,,,,,,,,,,,,,,,,
br,saco aspirador de pó,,,,,,1300,13,0.05,1.00,193,Commercial,"Related Searches, Site Links, Video, Video Carousel, People Also Ask, Popular Products","0.34,0.44,0.16,0.30,0.30,0.65,0.44,0.34,0.65,0.44,0.55,0.44",20,,
br,saco aspirador de pó compativel,,,,,,,,,,,,,,,,
br,saco aspirador de pó original,,,,,,,,,,,,,,,,
br,saco aspirador de pó preco,,,,,,,,,,,,,,,,
br,sanduicheira não esquenta,,,,,,20,0,0.00,0.33,,,,"0.18,0.18,0.18,0.18,0.18,0.18,0.18,0.18,0.18,0.18,0.18,0.27",,,
br,secadora de roupas econômica,,,,,,20,0,0.09,1.00,,,,"0.42,0.23,0.09,0.00,0.00,0.00,0.04,0.04,0.04,0.09,0.00,0.00",,,
br,secadora de roupas electrolux nao liga,,,,,,0,0,0.00,0.00,,,,"0.00,0.00,0.00,0.00,0.00,0.00,0.00,0.00,0.00,0.00,0.00,0.00",,,
br,secadora de roupas fazendo barulho,,,,,,20,0,0.00,0.05,,,,"1.00,1.00,1.00,1.00,1.00,1.00,1.00,1.00,1.00,1.00,1.00,1.00",,,
br,secadora de roupas fazendo barulho o que fazer,,,,,,,,,,,,,,,,
br,secadora de roupas gasta muita energia,,,,,,260,10,0.11,0.07,180,Informational,"Video Carousel, People Also Ask, Related Searches, Short Videos, AI Overview, Site Links, Video","0.54,1.00,0.66,0.36,0.29,0.29,0.23,0.23,0.29,0.29,0.29,0.44",20,,
br,secadora de roupas não esquenta,,,,,,,,,,,,,,,,
br,secadora de roupas não esquenta o que fazer,,,,,,,,,,,,,,,,
br,secadora de roupas não liga,,,,,,,,,,,,,,,,
br,secadora de roupas não liga o que fazer,,,,,,,,,,,,,,,,
br,secadora de roupas não seca,,,,,,0,0,0.00,0.00,,,,"0.00,0.00,0.00,0.00,0.00,0.00,0.00,0.00,0.00,0.00,0.00,0.00",,,
br,secadora de roupas não seca o que fazer,,,,,,,,,,,,,,,,
br,selo procel o que significa,,,,,,20,0,0.00,0.02,,,,"0.14,0.14,0.14,0.14,0.14,0.14,0.14,0.14,0.14,0.14,0.14,0.14",,,
br,suporte do prato micro-ondas,,,,,,,,,,,,,,,,
br,suporte do prato micro-ondas compativel,,,,,,,,,,,,,,,,
br,suporte do prato micro-ondas original,,,,,,,,,,,,,,,,
br,suporte do prato micro-ondas preco,,,,,,,,,,,,,,,,
br,símbolos air fryer significado,,,,,,,,,,,,,,,,
br,símbolos ar condicionado significado,,,,,,,,,,,,,,,,
br,símbolos aspirador de pó significado,,,,,,,,,,,,,,,,
br,símbolos fogão significado,,,,,,,,,,,,,,,,
br,símbolos geladeira significado,,,,,,,,,,,,,,,,
br,símbolos lava e seca significado,,,,,,,,,,,,,,,,
br,símbolos lava louças significado,,,,,,,,,,,,,,,,
br,símbolos micro-ondas significado,,,,,,,,,,,,,,,,
br,símbolos máquina de lavar significado,,,,,,,,,,,,,,,,
br,símbolos secadora de roupas significado,,,,,,,,,,,,,,,,
br,tabela de tempo e temperatura air fryer,,,,,,,,,,,,,,,,
br,tabela de tempo e temperatura cooktop,,,,,,,,,,,,,,,,
br,tabela de tempo e temperatura fogão,,,,,,,,,,,,,,,,
br,tabela de tempo e temperatura forno elétrico,,,,,,,,,,,,,,,,
br,tabela de tempo e temperatura fritadeira elétrica,,,,,,,,,,,,,,,,
br,tabela de tempo e temperatura micro-ondas,,,,,,,,,,,,,,,,
br,tabela de tempo e temperatura panela elétrica,,,,,,,,,,,,,,,,
br,tampa máquina de lavar,,,,,,40,0,0.06,0.98,,,,"0.21,1.00,0.21,0.14,0.14,0.14,0.14,0.14,0.14,0.21,0.21,0.21",,,
br,tampa máquina de lavar preco,,,,,,,,,,,,,,,,
br,termostato forno elétrico,,,,,,260,12,0.03,1.00,167,Informational,"People Also Ask, Popular Products, Related Searches, AI Overview, Site Links, Video, Video Carousel","0.35,0.28,0.44,0.35,0.35,0.35,0.44,0.28,0.54,0.44,0.54,0.28",20,,
br,termostato forno elétrico compativel,,,,,,,,,,,,,,,,
br,termostato forno elétrico original,,,,,,,,,,,,,,,,
br,termostato forno elétrico preco,,,,,,,,,,,,,,,,
br,termostato freezer,,,,,,590,17,0.04,1.00,5060000,Informational,"Video, Video Carousel, People Also Ask, Related Searches, AI Overview, Image Pack","0.72,0.48,0.59,0.48,0.59,0.72,0.59,0.72,0.88,0.72,0.48,0.72",75,,
br,termostato freezer compativel,,,,,,,,,,,,,,,,
br,termostato freezer original,,,,,,,,,,,,,,,,
br,termostato freezer preco,,,,,,0,0,0.00,0.00,,,,"0.00,0.00,0.00,0.00,0.00,0.00,0.00,0.00,0.00,0.00,0.00,0.00",,,
br,termostato geladeira,,,,,,6600,20,0.04,0.99,183,Informational,"Video, Video Carousel, People Also Ask, Popular Products, Related Searches, AI Overview, Site Links","0.66,0.66,0.66,0.66,0.66,0.54,0.54,1.00,0.81,0.54,0.44,0.54",20,,
br,termostato geladeira compativel,,,,,,,,,,,,,,,,
br,termostato geladeira original,,,,,,,,,,,,,,,,
br,termostato geladeira preco,,,,,,0,0,0.00,0.00,,,,"0.00,0.00,0.00,0.00,0.00,0.00,0.00,0.00,0.00,0.00,0.00,0.00",,,
br,tigela batedeira,,,,,,140,14,0.04,1.00,238,"Informational, Commercial","Site Links, Reviews, Video, Image, Video Carousel, People Also Ask, Popular Products, Related Searches, Image Pack, Short Videos","0.43,0.43,0.53,0.43,0.43,0.43,0.43,0.43,0.43,0.43,0.43,0.43",20,,
br,tigela batedeira preco,,,,,,0,0,0.00,0.93,,,,"0.00,0.40,0.00,0.00,0.00,0.00,0.00,0.40,0.00,0.00,0.00,0.00",,,
br,torneira bebedouro,,,,,,2900,10,0.06,1.00,191,Informational,"Site Links, Video, Image, People Also Ask, Popular Products, Related Searches, Image Pack","0.65,0.54,0.43,0.54,0.81,1.00,0.65,0.65,0.81,0.65,0.81,0.65",20,,
br,torneira bebedouro compativel,,,,,,,,,,,,,,,,
br,torneira bebedouro original,,,,,,,,,,,,,,,,
br,torneira bebedouro preco,,,,,,,,,,,,,,,,
br,trempe fogão,,,,,,390,17,0.04,0.99,180,Informational,"Image Pack, Video, Image, Video Carousel, People Also Ask, Short Videos, Site Links, Popular Products, Related Searches, AI Overview","0.20,0.24,0.20,0.30,0.16,0.16,0.24,0.45,0.20,0.76,0.24,0.36",20,,
br,trempe fogão compativel,,,,,,,,,,,,,,,,
br,trempe fogão original,,,,,,,,,,,,,,,,
br,trempe fogão preco,,,,,,,,,,,,,,,,
br,técnico de eletrodomésticos perto de mim,,,,,,20,0,0.40,0.76,,,,"0.00,0.00,1.00,0.50,0.50,0.50,0.50,0.50,0.50,0.50,0.50,0.50",,,
br,vale a pena consertar air fryer,,,,,,30,0,0.00,0.01,,,,"0.33,0.09,0.09,0.09,0.09,0.09,0.09,0.09,0.09,0.09,0.09,0.19",,,
br,vale a pena consertar ar condicionado,,,,,,20,0,0.00,0.10,,,,"0.11,0.11,0.11,0.11,0.11,0.11,0.11,0.11,0.11,0.11,0.11,0.11",,,
br,vale a pena consertar aspirador de pó,,,,,,20,0,0.00,0.02,,,,"0.18,0.18,0.18,0.18,0.18,0.18,0.18,0.18,0.18,0.18,0.18,0.18",,,
br,vale a pena consertar coifa,,,,,,,,,,,,,,,,
br,vale a pena consertar cooktop,,,,,,,,,,,,,,,,
br,vale a pena consertar fogão,,,,,,0,0,0.00,0.00,,,,"0.00,0.00,0.00,0.00,0.00,0.00,0.00,0.00,0.00,0.00,0.00,0.00",,,
br,vale a pena consertar forno elétrico,,,,,,,,,,,,,,,,
br,vale a pena consertar freezer,,,,,,,,,,,,,,,,
br,vale a pena consertar geladeira,,,,,,20,0,0.65,0.18,,,,"0.14,0.14,0.14,0.14,0.14,0.14,0.14,0.14,0.14,0.14,0.14,0.14",,,
br,vale a pena consertar lava e seca,,,,,,0,0,0.00,0.00,,,,"0.00,0.00,0.00,0.00,0.00,0.00,0.00,0.00,0.00,0.00,0.00,0.00",,,
br,vale a pena consertar lava louças,,,,,,,,,,,,,,,,
br,vale a pena consertar micro-ondas,,,,,,,,,,,,,,,,
br,vale a pena consertar máquina de lavar,,,,,,10,0,0.37,0.16,,,,"0.07,0.07,0.03,0.00,0.00,0.00,0.00,0.00,0.07,0.07,0.07,0.07",,,
br,vale a pena consertar purificador de água,,,,,,,,,,,,,,,,
br,vale a pena consertar secadora de roupas,,,,,,,,,,,,,,,,
br,ventilador fazendo barulho,,,,,,390,31,0.00,0.33,166,Informational,"AI Overview, Video, People Also Ask, Related Searches, Short Videos","0.48,0.26,0.26,0.26,0.39,0.48,0.32,0.48,0.48,0.48,0.48,0.48",90,,
br,ventilador não liga,,,,,,320,31,0.00,0.33,107,Informational,"Site Links, Video, People Also Ask, Related Searches, Short Videos","0.21,0.21,0.14,0.17,0.32,0.32,0.32,0.59,0.32,0.39,0.32,0.21",20,,
br,vidro cooktop,,,,,,140,21,0.04,0.87,191,"Informational, Commercial","Site Links, Video, Image, Video Carousel, People Also Ask, Short Videos, Popular Products, Related Searches, AI Overview","0.82,0.82,1.00,0.82,0.52,0.52,0.64,1.00,0.82,0.82,0.82,0.64",20,,
br,vidro cooktop compativel,,,,,,,,,,,,,,,,
br,vidro cooktop original,,,,,,,,,,,,,,,,
br,vidro cooktop preco,,,,,,,,,,,,,,,,
br,vidro da porta fogão,,,,,,,,,,,,,,,,
br,vidro da porta fogão compativel,,,,,,,,,,,,,,,,
br,vidro da porta fogão original,,,,,,,,,,,,,,,,
br,vidro da porta fogão preco,,,,,,,,,,,,,,,,
br,vidro da porta forno elétrico,,,,,,,,,,,,,,,,
br,vidro da porta forno elétrico compativel,,,,,,,,,,,,,,,,
br,vidro da porta forno elétrico original,,,,,,,,,,,,,,,,
br,vidro da porta forno elétrico preco,,,,,,,,,,,,,,,,
br,válvula fogão,,,,,,110,25,0.05,1.00,218,"Informational, Commercial","Video, Image, People Also Ask, Popular Products, Related Searches, AI Overview, Image Pack, Site Links, Video Carousel","0.17,0.12,0.28,0.17,0.17,0.23,0.17,0.28,0.23,1.00,0.17,0.28",20,,
br,válvula fogão compativel,,,,,,,,,,,,,,,,
br,válvula fogão original,,,,,,,,,,,,,,,,
br,válvula fogão preco,,,,,,,,,,,,,,,,
br,válvula purificador de água,,,,,,,,,,,,,,,,
br,válvula purificador de água compativel,,,,,,,,,,,,,,,,
br,válvula purificador de água original,,,,,,,,,,,,,,,,
br,válvula purificador de água preco,,,,,,,,,,,,,,,,
