Database,Keyword,Seed keyword,Page,Topic,Page type,Tags,Volume,Keyword Difficulty,CPC (USD),Competitive Density,Number of Results,Intent,SERP Features,Trend,Click potential,Content references,Competitors
br,consul,consul,,,,,110000,57,1.58,1.00,169,Navigational,"Related Searches, AI Overview, Knowledge Panel, Site Links, Reviews, Video Carousel, People Also Ask","0.30,0.30,0.36,0.44,0.44,0.36,0.54,0.54,0.36,0.30,0.36,0.44",20,,
br,geladeira consul,consul,,,,,110000,31,0.21,1.00,178,Commercial,"Site Links, Video Carousel, People Also Ask, Popular Products, Related Searches, Image Pack","0.66,0.66,0.66,0.66,0.66,0.66,0.81,0.81,0.81,0.66,0.54,0.66",20,,
br,cervejeira consul,consul,,,,,49500,29,0.19,1.00,161,"Informational, Transactional","Video, People Also Ask, Related Searches, Image Pack, Site Links","0.24,0.24,0.30,0.30,0.24,0.24,0.44,0.30,0.30,0.20,0.20,0.24",20,,
br,geladeira consul frost free,consul,,,,,40500,30,0.23,1.00,185,Commercial,"Popular Products, Related Searches, Image Pack, Site Links, Video, Video Carousel, People Also Ask","0.66,0.66,0.54,0.54,0.66,0.66,1.00,0.66,1.00,0.44,0.66,0.66",20,,
br,consul geladeira,consul,,,,,14800,28,0.21,1.00,180,"Informational, Transactional","Site Links, Video, People Also Ask, Popular Products, Related Searches, AI Overview, Image Pack","0.29,0.24,0.81,0.29,0.20,0.24,0.29,0.36,0.54,0.54,0.66,0.44",20,,
br,fogão 4 bocas consul,consul,,,,,14800,26,0.17,1.00,178,Transactional,"People Also Ask, Popular Products, Related Searches, Image Pack, Site Links, Video, Adwords Bottom","0.54,0.24,0.24,0.29,0.44,0.29,0.36,0.29,0.36,0.44,0.36,0.24",20,,
br,fogão consul 4 bocas,consul,,,,,14800,26,0.17,1.00,166,Transactional,"People Also Ask, Popular Products, Related Searches, AI Overview, Image Pack, Site Links, Video","0.54,0.44,0.81,0.44,0.54,0.54,0.36,0.66,0.44,0.54,0.54,1.00",20,,
br,geladeira frost free consul,consul,,,,,14800,28,0.23,1.00,189,"Informational, Transactional","Image Pack, Site Links, Video, Video Carousel, People Also Ask, Popular Products, Related Searches","0.36,0.29,0.29,0.44,0.44,0.29,0.36,0.67,0.44,1.00,0.29,0.44",20,,
br,purificador de agua consul,consul,,,,,14800,38,0.16,1.00,187,"Navigational, Transactional","Popular Products, Related Searches, Short Videos, Image Pack, Site Links, Video, People Also Ask","0.44,0.36,0.36,0.36,0.36,0.44,0.67,0.44,0.44,0.36,0.44,0.36",20,,
br,filtro consul,consul,,,,,12100,32,0.25,1.00,162,"Informational, Transactional","Image Pack, Site Links, Video, Popular Products, Related Searches, AI Overview","0.54,0.44,0.54,0.54,0.66,0.54,0.66,0.66,0.81,0.66,0.66,0.54",20,,
br,frigobar consul,consul,,,,,12100,27,0.13,1.00,164,"Informational, Transactional","Video, People Also Ask, Popular Products, Related Searches, Image Pack, Site Links","0.44,0.44,0.44,0.44,0.54,0.44,0.54,0.29,0.66,0.54,0.66,0.54",20,,
br,fogao consul,consul,,,,,9900,31,0.21,1.00,169,Transactional,"Image Pack, Site Links, Video, People Also Ask, Popular Products, Related Searches, AI Overview","0.44,0.54,0.44,0.44,0.81,0.44,0.54,0.36,0.54,0.44,0.54,0.44",20,,
br,refrigerador frigobar consul,consul,,,,,9900,26,0.13,1.00,178,"Informational, Transactional","Image Pack, Site Links, Video, Image, People Also Ask, Popular Products, Related Searches","1.00,0.36,0.10,0.24,0.29,1.00,1.00,1.00,0.36,0.54,0.54,0.81",20,,
br,freezer consul,consul,,,,,8100,29,0.27,1.00,197,"Informational, Transactional","Adwords Bottom, Video Carousel, People Also Ask, Popular Products, Related Searches, Image Pack, Site Links, Video","0.66,0.54,0.54,0.66,0.66,0.66,0.66,0.66,0.81,0.44,0.54,0.54",20,,
br,geladeira consul pequena,consul,,,,,8100,27,0.12,1.00,207,"Informational, Transactional","Site Links, Video, People Also Ask, Popular Products, Related Searches, Image Pack","0.66,0.66,0.66,0.66,0.81,0.81,0.81,0.81,0.81,0.81,0.81,1.00",20,,
br,geladeira/refrigerador consul frost free,consul,,,,,8100,25,0.23,1.00,169,"Navigational, Commercial","Popular Products, Related Searches, AI Overview, Site Links, Video, Video Carousel, People Also Ask","0.00,0.00,0.00,0.00,0.16,0.67,0.81,0.19,0.00,0.44,0.67,1.00",20,,
br,microondas consul,consul,,,,,8100,28,0.14,1.00,190,Commercial,"Image Pack, Site Links, Video, People Also Ask, Popular Products, Related Searches","0.66,0.66,0.66,0.66,0.54,0.44,0.81,0.44,0.54,0.54,0.54,0.54",20,,
br,ar condicionado consul,consul,,,,,6600,32,0.14,1.00,164,"Informational, Commercial","AI Overview, Image Pack, Site Links, Video, People Also Ask, Popular Products, Related Searches","0.10,0.10,0.10,0.13,0.16,0.19,0.24,0.54,0.29,0.16,0.16,0.13",20,,
br,filtro de agua consul,consul,,,,,6600,24,0.17,1.00,216,"Informational, Transactional","Short Videos, Image Pack, Site Links, Video, Popular Products, Related Searches","0.44,0.44,0.54,0.44,0.44,0.54,0.66,0.54,0.54,0.54,0.54,0.54",20,,
br,fogão 5 bocas consul,consul,,,,,6600,23,0.16,1.00,166,Transactional,"Image Pack, Site Links, Popular Products, Related Searches","0.44,0.29,0.54,0.44,0.36,0.24,0.54,0.36,0.29,0.36,0.36,0.24",20,,
br,fogão consul 5 bocas,consul,,,,,6600,36,0.16,1.00,130,Transactional,"Site Links, Popular Products, Related Searches","0.66,0.29,0.54,0.54,0.44,0.54,0.66,0.36,0.44,0.44,0.44,0.54",20,,
br,freezer vertical consul,consul,,,,,6600,32,0.18,1.00,183,"Informational, Transactional","Video, People Also Ask, Popular Products, Related Searches, Image Pack, Site Links","0.44,0.36,0.36,0.29,0.36,0.36,0.66,0.44,0.44,0.44,0.54,0.54",20,,
br,geladeira consul inox,consul,,,,,6600,26,0.25,1.00,179,"Informational, Transactional","People Also Ask, Popular Products, Related Searches, Image Pack, Site Links, Video, Image, Video Carousel","0.44,0.36,0.44,0.44,0.44,0.54,0.44,0.44,0.54,0.29,0.44,0.36",20,,
br,maquina de lavar consul,consul,,,,,6600,27,0.27,1.00,178,Transactional,"Popular Products, Related Searches, Short Videos, AI Overview, Site Links, Video, People Also Ask","0.36,0.36,0.36,0.29,0.29,0.24,0.36,0.24,0.36,0.29,0.24,0.36",20,,
br,maquina de lavar consul 12kg,consul,,,,,6600,26,0.26,1.00,169,Commercial,"Video Carousel, People Also Ask, Related Searches, Video, Adwords Bottom, Popular Products, AI Overview, Image Pack, Site Links","0.66,0.44,0.54,0.54,0.54,0.44,0.66,0.36,0.54,0.54,0.54,0.54",20,,
br,purificador consul,consul,,,,,6600,34,0.17,1.00,177,"Navigational, Transactional","Popular Products, Related Searches, Short Videos, Site Links, Video, Video Carousel, People Also Ask","0.54,0.36,0.44,0.44,0.44,0.54,0.81,0.54,0.66,0.44,0.54,0.44",20,,
br,consul filtro,consul,,,,,5400,26,0.25,1.00,193,"Informational, Transactional","Image Pack, Site Links, Video Carousel, People Also Ask, Popular Products, Related Searches","0.81,0.54,0.44,0.44,0.44,0.29,0.54,0.19,0.36,0.44,0.54,0.54",20,,
br,fogão consul,consul,,,,,5400,34,0.21,1.00,163,Transactional,"Popular Products, Related Searches, Image Pack, Site Links, Video, People Also Ask","0.29,0.24,0.29,0.24,0.29,0.36,0.54,0.24,0.29,0.29,0.36,0.24",20,,
br,geladeira consul 451 litros,consul,,,,,5400,26,0.18,1.00,163,Informational,"Knowledge Panel, Site Links, Video, People Also Ask, Popular Products, Related Searches","0.66,0.44,0.81,0.66,0.54,0.66,0.66,0.54,0.44,0.36,0.19,0.16",20,,
br,geladeira inox consul,consul,,,,,5400,25,0.25,1.00,186,"Informational, Transactional","Video, Image, Video Carousel, People Also Ask, Popular Products, Related Searches, Image Pack, Site Links","0.44,0.54,0.54,0.66,0.66,0.54,0.66,0.54,0.66,0.44,0.66,0.54",20,,
br,purificador de água consul,consul,,,,,5400,30,0.13,1.00,191,"Informational, Transactional","Video, People Also Ask, Popular Products, Related Searches, Short Videos, Image Pack, Site Links, Video Carousel, AI Overview","0.54,0.36,0.54,0.66,0.66,0.66,0.81,0.66,0.66,0.44,0.54,0.54",20,,
br,consul cervejeira,consul,,,,,4400,26,0.19,1.00,166,"Informational, Transactional","Popular Products, Related Searches, Image Pack, Site Links, Video, Video Carousel, People Also Ask","0.44,0.29,0.19,0.44,1.00,0.29,0.36,0.13,0.19,0.29,0.23,0.54",20,,
br,geladeira consul 340 litros,consul,,,,,4400,26,0.18,1.00,161,Informational,"Image Pack, People Also Ask, Popular Products, Knowledge Panel, Site Links, Reviews, Video, Adwords Bottom, Related Searches","0.36,0.44,0.29,0.44,0.24,0.19,0.29,0.24,0.36,0.19,0.24,0.36",20,,
br,geladeira consul 450 litros,consul,,,,,4400,29,0.17,1.00,167,"Informational, Transactional","Video, People Also Ask, Popular Products, Related Searches, Image Pack, Site Links","0.19,0.24,0.24,0.19,0.16,0.13,0.19,0.16,0.13,0.10,0.13,0.13",20,,
br,loja consul,consul,,,,,4400,34,0.44,1.00,176,"Navigational, Commercial","Popular Products, Related Searches, Site Links, Reviews, Video, People Also Ask","0.36,0.36,0.36,0.36,0.29,0.44,0.44,0.54,0.44,0.36,0.44,0.36",20,,
br,maquina consul 12kg,consul,,,,,4400,25,0.19,1.00,171,Informational,"Video, Video Carousel, People Also Ask, Popular Products, Related Searches, AI Overview, Site Links","0.66,0.54,0.66,0.54,0.44,0.54,0.66,0.54,0.66,0.66,0.66,0.66",20,,
br,máquina de lavar consul,consul,,,,,4400,26,0.27,1.00,195,Informational,"AI Overview, Site Links, Video, Video Carousel, People Also Ask, Popular Products, Related Searches, Short Videos","0.07,0.07,0.16,0.29,0.08,0.20,0.08,0.05,0.07,0.07,0.05,1.00",20,,
br,máquina de lavar consul 12kg,consul,,,,,4400,25,0.18,1.00,175,Informational,"Video, Video Carousel, People Also Ask, Popular Products, Related Searches, Short Videos, Site Links","0.54,0.54,0.44,0.66,0.54,0.54,0.81,0.54,0.81,0.44,0.54,0.66",20,,
br,refrigerador consul,consul,,,,,4400,31,0.24,1.00,194,"Informational, Transactional","Image Pack, Site Links, Video, Video Carousel, People Also Ask, Popular Products, Related Searches","0.44,0.36,0.44,0.54,0.54,0.36,0.54,0.54,0.66,0.44,0.44,0.44",20,,
br,refrigerador consul frost free,consul,,,,,4400,29,0.23,1.00,10,"Informational, Transactional","Image Pack, Site Links, People Also Ask, Popular Products, Related Searches","0.13,0.16,0.16,0.16,0.36,0.66,0.36,0.36,0.36,0.01,0.08,1.00",20,,
br,bebedouro consul,consul,,,,,3600,27,0.15,1.00,194,"Informational, Transactional","Related Searches, Image Pack, Site Links, Video, Video Carousel, People Also Ask, Popular Products","0.66,0.54,0.54,0.54,0.66,0.54,0.66,0.54,0.81,0.54,0.54,0.43",20,,
br,consul cpb34as,consul,,,,,3600,26,0.16,1.00,166,Informational,"Video, Video Carousel, People Also Ask, Popular Products, Related Searches, AI Overview, Site Links, Reviews","0.66,0.53,0.66,0.81,0.66,0.53,1.00,0.81,0.81,0.66,0.53,0.53",20,,
br,consul fogão,consul,,,,,3600,36,0.21,1.00,4130000,"Informational, Transactional","Image Pack, Site Links, Video, People Also Ask, Popular Products, Related Searches, Adwords Middle","0.24,0.24,0.16,0.13,0.36,0.44,0.08,0.19,0.13,0.13,0.19,0.29",20,,
br,consul frost free,consul,,,,,3600,28,0.27,1.00,165,Informational,"Popular Products, Related Searches, Image Pack, Site Links, Video, Video Carousel, People Also Ask","0.43,0.43,0.43,0.54,0.54,0.43,0.66,0.54,0.54,0.54,0.54,0.54",20,,
br,controle ar condicionado consul,consul,,,,,3600,25,0.06,1.00,164,Informational,"Popular Products, Related Searches, AI Overview, Image Pack, Site Links, Video, Video Carousel, People Also Ask","0.24,0.29,0.24,0.24,0.29,0.29,0.36,0.66,0.44,0.36,0.29,0.24",20,,
br,fogão consul 4 bocas inox,consul,,,,,3600,21,0.18,1.00,165,Informational,"Image Pack, Site Links, Video, Video Carousel, People Also Ask, Popular Products, Related Searches","0.66,0.43,0.54,0.43,0.54,0.54,0.66,0.43,0.54,0.28,0.43,0.54",20,,
br,geladeira consul 386 litros,consul,,,,,3600,23,0.16,1.00,163,Commercial,"Related Searches, Knowledge Panel, Image Pack, Site Links, Video, People Also Ask, Popular Products","0.44,0.36,0.44,0.44,0.36,0.36,0.44,0.29,0.36,0.10,0.16,0.19",20,,
br,geladeira consul antiga,consul,,,,,3600,23,0.07,0.98,240,Informational,"Video Carousel, People Also Ask, Popular Products, Related Searches, Image Pack, Site Links, Video, Image","0.81,0.81,0.66,0.66,0.66,0.66,0.66,0.53,0.66,0.66,0.53,0.66",20,,
br,lavadora consul 12kg,consul,,,,,3600,25,0.21,1.00,165,Informational,"Video Carousel, People Also Ask, Popular Products, Related Searches, Adwords Middle, Site Links, Video","0.44,0.29,0.29,0.36,0.36,0.36,0.44,0.29,0.36,0.29,0.36,0.36",20,,
br,maquina de lavar consul 9kg,consul,,,,,3600,24,0.22,1.00,167,Commercial,"Popular Products, Related Searches, Image Pack, Site Links, Reviews, Video, Video Carousel, People Also Ask","0.54,0.54,0.66,0.43,0.43,0.43,0.54,0.43,0.54,0.43,0.54,0.36",20,,
br,microondas consul 20 litros,consul,,,,,3600,26,0.12,1.00,162,Commercial,"Video, People Also Ask, Popular Products, Related Searches, Site Links","0.66,0.66,0.66,0.66,0.53,0.53,0.66,0.66,0.66,0.44,0.53,0.66",20,,
br,microondas consul 32 litros,consul,,,,,3600,25,0.15,1.00,161,"Informational, Commercial","Site Links, Video Carousel, People Also Ask, Popular Products, Related Searches, AI Overview","0.66,0.43,0.54,0.66,0.54,0.43,0.66,1.00,0.66,0.36,0.54,0.66",20,,
br,refil filtro consul,consul,,,,,3600,29,0.17,1.00,178,"Informational, Transactional","Image Pack, Site Links, People Also Ask, Popular Products, Related Searches, Local Pack","0.35,0.35,0.54,0.54,0.44,0.54,0.54,0.44,0.54,0.44,0.54,0.54",20,,
br,refrigerador frost free consul,consul,,,,,3600,25,0.23,1.00,173,"Informational, Transactional","People Also Ask, Popular Products, Related Searches, Site Links, Video","0.10,0.05,0.08,0.05,0.05,0.05,0.07,0.13,0.04,0.10,0.20,0.29",20,,
br,site consul,consul,,,,,3600,43,0.62,1.00,166,"Navigational, Commercial","Site Links, Video, People Also Ask, Popular Products, Related Searches","0.36,0.43,0.66,0.66,0.43,0.66,1.00,0.54,0.43,0.43,0.43,0.43",20,,
br,assistencia tecnica consul,consul,,,,,2900,17,0.29,0.56,107,Navigational,"Reviews, People Also Ask, Related Searches, Site Links","0.43,0.28,0.43,0.28,0.36,0.36,0.28,0.43,0.54,0.36,0.43,0.43",20,,
br,climatizador consul,consul,,,,,2900,27,0.07,1.00,10,"Informational, Commercial","Image Pack, Site Links, People Also Ask, Popular Products, Related Searches","0.03,0.05,0.05,0.05,0.10,0.08,0.10,0.29,0.16,0.07,0.07,0.04",20,,
br,consul 12kg,consul,,,,,2900,24,0.25,1.00,168,"Informational, Transactional","People Also Ask, Popular Products, Related Searches, Site Links, Video, Video Carousel","0.43,0.54,0.54,0.54,0.43,0.43,0.66,0.43,0.54,0.43,0.43,0.43",20,,
br,consul fogão 4 bocas,consul,,,,,2900,29,0.17,1.00,187,"Informational, Transactional","Image Pack, Site Links, Video, People Also Ask, Popular Products, Related Searches","0.36,0.10,0.16,0.19,0.24,0.36,0.24,0.24,0.16,0.10,0.36,0.44",20,,
br,consul geladeira inox,consul,,,,,2900,24,0.25,1.00,167,Transactional,"Video, Popular Products, Related Searches, AI Overview, Site Links, Reviews","0.08,0.24,0.05,0.19,0.44,0.13,0.08,0.66,0.36,0.54,0.66,0.54",20,,
br,consul loja,consul,,,,,2900,32,0.44,1.00,187,Navigational,"Site Links, Video, People Also Ask, Related Searches, Knowledge Panel","0.43,0.43,0.54,0.54,0.43,0.43,0.43,0.54,0.43,0.24,0.43,0.43",20,,
br,consul máquina de lavar,consul,,,,,2900,26,0.27,1.00,180,Commercial,"Related Searches, Site Links, Reviews, Video, People Also Ask, Popular Products","0.07,0.24,0.19,0.29,0.29,0.36,0.13,0.10,0.24,0.13,0.29,0.36",20,,
br,consula cnpj,consul,,,,,2900,70,0.20,0.02,107,Informational,"Video, Related Searches, Image Pack, Reviews","0.53,0.35,0.66,0.44,0.44,0.44,0.53,0.66,0.53,0.53,0.66,0.53",75,,
br,cooktop 4 bocas consul,consul,,,,,2900,25,0.12,1.00,169,"Informational, Transactional","Video, Video Carousel, People Also Ask, Popular Products, Related Searches, Site Links","0.43,0.43,0.66,0.66,0.43,0.54,0.43,0.24,0.28,0.15,0.43,0.24",20,,
br,cooktop consul 4 bocas,consul,,,,,2900,20,0.12,1.00,151,Commercial,"Site Links, People Also Ask, Popular Products, Related Searches","0.54,0.23,0.35,0.54,0.35,0.35,0.35,0.23,0.29,0.29,0.35,0.35",20,,
br,e-consular,consul,,,,,2900,36,1.08,0.33,107,Navigational,"Video, Related Searches","0.23,0.29,0.44,1.00,0.35,0.23,0.44,0.12,0.16,0.16,0.29,0.35",60,,
br,filtro consul refil,consul,,,,,2900,24,0.18,1.00,198,"Informational, Transactional","People Also Ask, Popular Products, Related Searches, Image Pack, Site Links, Video, Video Carousel","0.36,0.36,0.43,0.54,0.43,0.43,0.36,0.36,0.43,0.36,0.43,0.43",20,,
br,filtro geladeira consul,consul,,,,,2900,25,0.12,1.00,205,"Informational, Commercial","Image Pack, Site Links, Reviews, Video, Video Carousel, People Also Ask, Popular Products, Related Searches","0.66,0.66,0.53,0.53,0.53,0.44,0.44,0.35,0.53,0.44,0.35,0.35",20,,
br,fogao 4 bocas consul,consul,,,,,2900,30,0.17,1.00,190,Transactional,"Video Carousel, People Also Ask, Popular Products, Related Searches, Image Pack, Site Links","0.19,0.10,0.29,0.16,0.16,0.24,0.19,0.24,0.16,0.36,0.19,0.24",20,,
br,fogao consul 4 bocas,consul,,,,,2900,28,0.17,1.00,191,"Informational, Transactional","Video, Video Carousel, People Also Ask, Popular Products, Related Searches, Image Pack, Site Links","0.15,0.23,0.36,0.13,0.15,0.23,0.19,0.23,0.23,0.29,0.44,0.15",20,,
br,freezer consul 309 litros,consul,,,,,2900,26,0.19,1.00,162,Informational,"Knowledge Panel, Site Links, Video, Popular Products, Related Searches, Image Pack, Reviews, Video Carousel, People Also Ask","0.44,0.44,0.53,0.35,0.53,0.44,0.53,0.53,0.66,0.44,0.53,0.66",20,,
br,freezer consul 534 litros,consul,,,,,2900,26,0.25,1.00,169,Commercial,"Site Links, People Also Ask, Popular Products, Related Searches","0.35,0.44,0.44,0.35,0.53,0.53,0.66,0.66,0.66,0.44,0.53,0.44",20,,
br,geladeira consul duplex,consul,,,,,2900,25,0.20,1.00,193,"Informational, Transactional","Site Links, Video, Video Carousel, People Also Ask, Popular Products, Related Searches, Image Pack","0.53,0.53,0.53,0.53,0.44,0.29,0.53,0.66,0.66,0.35,0.53,0.53",20,,
br,geladeira consul inverse,consul,,,,,2900,27,0.19,1.00,191,"Informational, Transactional","People Also Ask, Popular Products, Related Searches, Image Pack, Site Links, Video","0.29,0.23,0.35,0.23,0.35,0.35,0.66,0.54,0.44,0.54,0.44,0.44",20,,
br,geladeira pequena consul,consul,,,,,2900,25,0.12,1.00,212,Informational,"Image Pack, Site Links, Video, People Also Ask, Popular Products, Related Searches","0.13,0.10,0.13,0.10,0.36,0.44,0.54,0.44,0.44,0.44,0.54,0.44",20,,
br,maquina de lavar roupa consul,consul,,,,,2900,27,0.21,1.00,192,Transactional,"Video Carousel, People Also Ask, Popular Products, Related Searches, Site Links, Video","0.43,0.28,0.66,0.36,0.43,0.28,0.66,0.54,0.54,0.36,0.43,0.28",20,,
br,maquina de lavar roupa consul 12kg,consul,,,,,2900,25,0.21,1.00,191,Commercial,"Popular Products, Related Searches, Site Links, Video, Video Carousel, People Also Ask","0.54,0.35,0.35,0.35,0.23,0.35,0.54,0.44,0.44,0.35,0.35,0.35",20,,
br,máquina de lavar roupa consul,consul,,,,,2900,24,0.21,1.00,211,Commercial,"Video Carousel, People Also Ask, Popular Products, Related Searches, Short Videos, Image Pack, Site Links, Video","0.28,0.36,0.81,0.36,0.28,0.36,0.81,0.43,0.54,0.43,0.36,0.43",20,,
br,ar condicionado consul 7500,consul,,,,,2400,25,0.14,1.00,191,Informational,"Popular Products, Image Pack, Site Links, Video, Video Carousel, People Also Ask","0.13,0.10,0.13,0.19,0.24,0.19,0.24,0.54,0.44,0.19,0.16,0.16",20,,
br,caesar consul,consul,,,,,2400,50,0.00,0.33,185,Informational,"Knowledge Panel, Video, Image, Video Carousel, People Also Ask, Related Searches","0.80,0.52,0.52,0.44,0.66,0.80,0.80,0.44,0.44,0.52,0.66,0.66",70,,
br,cervejeira consul 82 litros,consul,,,,,2400,26,0.18,1.00,161,"Informational, Transactional","Popular Products, Related Searches, Knowledge Panel, Image Pack, Site Links, Video, People Also Ask","0.43,0.36,0.43,0.43,0.43,0.54,1.00,0.81,0.65,0.43,0.54,0.54",20,,
br,cervejeira consul titanium,consul,,,,,2400,23,0.24,1.00,151,Commercial,"People Also Ask, Popular Products, Related Searches, Image Pack, Site Links, Video, Image, Video Carousel","0.23,0.19,0.19,0.19,0.15,0.13,0.36,0.23,0.19,0.13,0.15,0.13",20,,
br,cervejeira da consul,consul,,,,,2400,24,0.19,1.00,161,Informational,"Popular Products, Adwords Middle, Image Pack, Site Links, Reviews, Video, Adwords Bottom, Video Carousel, People Also Ask, Related Searches","0.19,0.13,0.23,0.19,0.23,0.23,0.10,0.23,0.15,0.54,0.15,0.81",20,,
br,consul bebedouro,consul,,,,,2400,25,0.15,1.00,204,"Informational, Transactional","Image Pack, Site Links, Video, People Also Ask, Popular Products, Related Searches","0.43,0.43,0.36,0.43,0.54,0.65,0.81,0.65,0.65,0.43,0.65,0.65",20,,
br,consul facilite,consul,,,,,2400,31,0.21,1.00,182,Informational,"Site Links, Video Carousel, Popular Products, Video, Adwords Bottom, People Also Ask, Related Searches, Short Videos, Image Pack","0.65,0.54,0.54,0.65,0.65,0.43,0.65,0.54,0.54,0.36,0.54,0.43",20,,
br,consul facilite geladeira frost free,consul,,,,,2400,18,0.11,1.00,160,"Informational, Commercial","Video, Video Carousel, People Also Ask, Popular Products, Related Searches, AI Overview, Site Links","0.66,0.36,0.52,0.36,0.52,0.66,0.80,0.66,0.80,0.80,0.80,0.66",20,,
br,consul fogão 5 bocas,consul,,,,,2400,23,0.16,1.00,162,Transactional,"Image Pack, Site Links, People Also Ask, Popular Products, Related Searches","0.19,0.24,0.05,0.36,0.24,0.66,0.16,0.24,0.24,0.16,0.24,0.24",20,,
br,consul geladeira duplex,consul,,,,,2400,24,0.20,1.00,173,Informational,"Related Searches, Image Pack, Site Links, Video, Video Carousel, Popular Products","0.24,0.35,0.08,0.29,0.24,0.35,0.66,0.66,0.53,0.66,0.66,0.66",20,,
br,consul geladeira frost free,consul,,,,,2400,24,0.23,1.00,172,Transactional,"Image Pack, Site Links, Reviews, Video Carousel, People Also Ask, Popular Products, Related Searches, Adwords Middle","0.36,0.15,0.43,0.43,0.36,0.28,0.54,0.54,0.43,0.43,0.43,0.43",20,,
br,consul geladeira pequena,consul,,,,,2400,34,0.12,1.00,220,"Informational, Transactional","Reviews, Video, People Also Ask, Popular Products, Related Searches, Image Pack, Site Links","0.13,0.13,0.29,0.15,0.15,0.29,0.10,0.08,0.10,0.08,0.44,0.36",20,,
br,consul service,consul,,,,,2400,26,0.00,0.18,161,Informational,"Video, Video Carousel, People Also Ask, Related Searches","0.00,0.00,0.00,0.00,0.00,0.00,0.00,0.00,0.02,0.24,0.81,1.00",75,,
br,consul site,consul,,,,,2400,41,0.62,1.00,160,"Navigational, Commercial","Site Links, Reviews, People Also Ask, Related Searches","0.43,0.36,0.36,0.36,0.24,0.24,0.54,0.43,0.43,0.19,0.36,0.28",20,,
br,controle do ar condicionado consul,consul,,,,,2400,26,0.06,1.00,162,"Informational, Transactional","Reviews, People Also Ask, Popular Products, Related Searches, AI Overview, Image Pack, Video, Video Carousel, Site Links","0.19,0.36,0.19,0.24,0.08,0.10,0.19,1.00,0.54,0.66,0.54,0.43",20,,
br,cooktop 5 bocas consul,consul,,,,,2400,19,0.13,1.00,183,"Informational, Transactional","Video, Video Carousel, People Also Ask, Popular Products, Related Searches, Site Links","0.28,0.43,0.43,0.43,0.28,0.36,0.54,0.24,0.36,0.36,0.36,0.28",20,,
br,e consular,consul,,,,,2400,36,1.08,0.33,106,Navigational,"Video, Related Searches","0.54,0.65,0.65,0.65,0.10,0.29,0.43,0.36,0.43,0.43,1.00,0.36",75,,
br,fogao consul 5 bocas,consul,,,,,2400,22,0.16,1.00,190,Transactional,"Related Searches, Image Pack, Site Links, Video, Adwords Bottom, Video Carousel, People Also Ask, Popular Products","0.15,0.36,0.08,0.13,0.07,0.10,0.19,0.23,0.23,0.15,0.19,0.10",20,,
br,fogao consul mesa de vidro,consul,,,,,2400,25,0.18,1.00,164,Informational,"Image Pack, Site Links, Video, Image, People Also Ask, Popular Products, Related Searches","0.43,0.36,0.36,0.28,0.36,0.43,0.54,0.36,0.36,0.24,0.28,0.19",20,,
br,fogão 4 bocas consul inox,consul,,,,,2400,22,0.18,1.00,163,Informational,"Video Carousel, People Also Ask, Popular Products, Related Searches, Image Pack, Site Links, Video","0.13,0.35,0.66,0.44,0.66,0.44,0.66,0.53,0.53,0.29,0.53,0.53",20,,
br,fogão 4 bocas inox consul,consul,,,,,2400,24,0.18,1.00,163,Informational,"Image Pack, Site Links, Video, People Also Ask, Popular Products, Related Searches","0.24,0.24,0.53,0.35,0.53,0.29,0.66,0.44,0.53,0.35,0.66,0.35",20,,
br,fogão 6 bocas consul,consul,,,,,2400,24,0.15,1.00,161,Informational,"Image Pack, Site Links, Video, Video Carousel, People Also Ask, Related Searches","0.54,0.54,0.54,0.54,0.43,0.36,0.81,0.54,0.43,0.36,0.36,0.43",20,,
br,fogão consul 6 bocas,consul,,,,,2400,24,0.15,1.00,163,"Informational, Transactional","Video Carousel, People Also Ask, Related Searches, Image Pack, Site Links, Reviews, Video","0.44,0.44,0.53,0.44,0.18,0.35,0.66,0.35,0.35,0.29,0.44,0.35",20,,
br,fogão da consul,consul,,,,,2400,24,0.21,1.00,174,Commercial,"AI Overview, Image Pack, Site Links, Video, Popular Products, Related Searches","0.19,0.10,0.13,0.36,0.29,0.36,0.24,0.16,0.24,0.10,0.36,0.29",20,,
br,freezer consul vertical,consul,,,,,2400,22,0.20,1.00,184,"Informational, Transactional","Related Searches, Image Pack, Site Links, Video, People Also Ask, Popular Products","0.36,0.24,0.28,0.36,0.28,0.36,0.43,0.43,0.36,0.36,0.43,0.43",20,,
br,geladeira 450 litros consul,consul,,,,,2400,26,0.17,1.00,161,Commercial,"Site Links, Video, People Also Ask, Popular Products, Related Searches, AI Overview","0.23,0.29,0.54,0.23,0.10,0.08,0.12,0.44,0.35,0.35,0.44,0.44",20,,
br,geladeira antiga consul,consul,,,,,2400,27,0.07,0.98,219,"Informational, Commercial","Popular Products, Related Searches, Image Pack, Site Links, Video, Video Carousel, People Also Ask","0.24,0.04,0.81,0.53,0.53,0.44,0.44,0.35,0.66,0.35,0.44,0.53",20,,
br,geladeira consul 410 litros,consul,,,,,2400,21,0.18,1.00,163,Informational,"Knowledge Panel, Image Pack, Site Links, Video Carousel, People Also Ask, Popular Products, Related Searches","0.36,0.43,0.43,0.36,0.36,0.43,0.54,0.43,0.36,0.24,0.24,0.19",20,,
br,geladeira consul facilite frost free,consul,,,,,2400,20,0.11,1.00,339000,Informational,"Video, Video Carousel, People Also Ask, Popular Products, Related Searches, AI Overview, Site Links","0.52,0.44,0.52,0.52,0.66,0.52,0.66,0.66,0.80,0.66,0.66,0.52",20,,
br,geladeira consul frost free 342 litros,consul,,,,,2400,25,0.24,1.00,161,Informational,"Site Links, Video, People Also Ask, Popular Products, Related Searches, Knowledge Panel, Image Pack","0.43,0.65,0.54,0.65,0.36,0.54,0.81,0.54,0.54,0.36,0.36,0.22",20,,
br,geladeira duplex consul,consul,,,,,2400,30,0.20,1.00,152,"Informational, Transactional","Image Pack, Site Links, People Also Ask, Popular Products, Related Searches","0.44,0.66,0.44,0.44,0.44,0.35,0.44,0.44,0.53,0.29,0.35,0.35",20,,
br,maquina consul 9kg,consul,,,,,2400,26,0.15,1.00,162,Informational,"People Also Ask, Popular Products, Related Searches, Knowledge Panel, Image Pack, Site Links, Video, Video Carousel","0.52,0.66,0.80,0.80,0.80,0.66,0.80,0.80,0.80,0.66,0.80,0.52",20,,
br,máquina consul 12kg,consul,,,,,2400,21,0.19,1.00,163,Informational,"Related Searches, Knowledge Panel, Image Pack, Site Links, Video, Video Carousel, People Also Ask, Popular Products","0.36,0.36,0.52,0.80,0.52,0.36,1.00,0.80,0.80,0.80,0.36,0.44",20,,
br,máquina de lavar consul 15kg,consul,,,,,2400,18,0.18,1.00,170,Informational,"Site Links, Video, Video Carousel, People Also Ask, Popular Products, Related Searches","0.52,0.52,0.36,0.52,0.52,0.66,0.80,0.52,0.80,0.52,0.66,1.00",20,,
br,purificador de água da consul,consul,,,,,2400,38,0.16,1.00,168,"Informational, Commercial","Popular Products, Related Searches, AI Overview, Site Links, Video, Video Carousel, People Also Ask, Short Videos, Reviews","0.05,0.07,0.03,0.16,0.13,0.24,0.10,0.07,0.05,0.07,0.36,0.36",20,,
br,refrigerador consul frost free 342,consul,,,,,2400,30,0.24,1.00,169,"Informational, Transactional","Video, People Also Ask, Popular Products, Related Searches, Knowledge Panel, Site Links","0.65,0.43,0.54,0.36,0.43,0.54,1.00,0.54,0.54,0.43,0.36,0.29",20,,
br,termostato geladeira consul,consul,,,,,2400,11,0.04,1.00,158,Informational,"Video, Video Carousel, People Also Ask, Related Searches, AI Overview, Image Pack, Site Links, Reviews, Popular Products","0.54,0.65,0.54,0.65,0.54,0.54,0.54,0.43,0.54,0.36,0.65,0.43",20,,
br,ar condicionado 7500 consul,consul,,,,,1900,27,0.14,1.00,163,"Informational, Transactional","Related Searches, Site Links, Video, People Also Ask, Popular Products","0.16,0.16,0.10,0.24,0.16,0.10,0.44,0.81,0.66,0.53,0.35,0.35",20,,
br,ar condicionado consul 12000,consul,,,,,1900,25,0.10,1.00,168,"Informational, Transactional","Video, People Also Ask, Popular Products, Related Searches, Image Pack, Site Links, Reviews","0.16,0.12,0.16,0.16,0.23,0.29,0.29,0.44,0.29,0.29,0.19,0.16",20,,
br,ar condicionado consul controle,consul,,,,,1900,24,0.06,1.00,167,Informational,"Related Searches, AI Overview, Site Links, Reviews, Video, Video Carousel, People Also Ask","0.28,0.24,0.19,0.28,0.28,0.28,0.28,0.54,0.54,0.24,0.28,0.24",20,,
br,ar condicionado janela consul,consul,,,,,1900,26,0.20,1.00,170,"Informational, Transactional","People Also Ask, Popular Products, Related Searches, Image Pack, Site Links, Video Carousel","0.08,0.07,0.07,0.10,0.10,0.16,0.19,0.36,0.44,0.24,0.13,0.13",20,,
br,bebedouro da consul,consul,,,,,1900,30,0.15,1.00,160,"Informational, Transactional","Video Carousel, People Also Ask, Related Searches, Image Pack, Site Links, Reviews, Video","0.43,0.24,0.07,0.24,0.43,0.36,0.24,0.28,0.28,0.36,0.28,0.28",20,,
br,casas bahia geladeira consul,consul,,,,,1900,30,0.14,1.00,160,Navigational,"Site Links, Popular Products, Related Searches, Image Pack","0.43,0.29,0.36,0.43,0.36,0.43,0.81,0.54,0.65,0.36,0.54,0.43",20,,
br,cervejeira consul medidas,consul,,,,,1900,22,0.09,1.00,156,Informational,"Site Links, Video, Video Carousel, People Also Ask, Popular Products, Image Pack, Reviews, Related Searches, AI Overview","0.65,0.65,0.65,0.65,0.65,0.65,0.82,0.44,0.55,0.44,0.55,0.65",20,,
br,consul 120 litros frigobar,consul,,,,,1900,26,0.10,1.00,131,Commercial,"People Also Ask, Popular Products, Related Searches, AI Overview, Site Links, Video","0.66,0.36,0.52,0.36,0.52,0.66,0.66,0.44,0.44,0.52,0.66,0.52",20,,
br,consul filtro refil,consul,,,,,1900,21,0.18,1.00,162,Transactional,"Image Pack, Site Links, People Also Ask, Popular Products, Related Searches","0.53,0.18,0.29,0.35,0.44,0.29,0.44,0.29,0.35,0.35,0.35,0.35",20,,
br,consul freezer,consul,,,,,1900,25,0.37,1.00,203,"Informational, Transactional","Image Pack, Site Links, Video, Video Carousel, People Also Ask, Popular Products, Related Searches","0.44,0.44,0.44,0.44,1.00,0.81,0.13,0.10,0.13,0.08,0.13,0.10",20,,
br,consul frigobar,consul,,,,,1900,20,0.13,1.00,176,"Informational, Transactional","Popular Products, Related Searches, Image Pack, Site Links, Reviews, Video, People Also Ask","0.12,0.16,0.10,0.35,0.44,0.35,0.29,0.16,0.29,0.19,0.35,0.16",20,,
br,controle consul ar condicionado,consul,,,,,1900,26,0.06,1.00,167,Informational,"Image Pack, Site Links, Reviews, Video, Video Carousel, People Also Ask, Popular Products, Related Searches, AI Overview","0.15,0.28,0.13,0.28,0.36,0.24,0.36,0.43,0.54,0.24,0.28,0.24",20,,
br,controle para ar condicionado consul,consul,,,,,1900,23,0.06,1.00,179,"Informational, Transactional","Popular Products, Related Searches, Image Pack, Site Links, Reviews, Video, People Also Ask","0.10,0.43,0.24,0.19,0.28,0.28,0.28,0.54,0.36,0.19,0.28,0.28",20,,
br,cooktop consul 5 bocas,consul,,,,,1900,19,0.13,1.00,164,Commercial,"Popular Products, Related Searches, Site Links, Video, Video Carousel, People Also Ask","0.29,0.36,0.54,0.43,0.43,0.43,0.54,0.22,0.43,0.43,0.43,0.29",20,,
br,cupom consul,consul,,,,,1900,28,0.57,1.00,162,Transactional,"Site Links, Reviews, Video, People Also Ask, Related Searches","0.29,0.24,0.44,0.44,0.35,0.35,0.66,0.35,0.29,0.24,0.29,0.24",20,,
br,filtro de água consul,consul,,,,,1900,18,0.17,1.00,169,"Informational, Transactional","Related Searches, Short Videos, Image Pack, Site Links, Reviews, Video, People Also Ask, Popular Products","0.29,0.18,0.29,0.24,0.53,0.29,0.35,0.44,0.29,1.00,0.29,0.44",20,,
br,fogao 4 bocas inox consul,consul,,,,,1900,21,0.18,1.00,167,Commercial,"Popular Products, Related Searches, Site Links, Video","0.44,0.24,0.53,0.35,0.16,0.16,0.66,0.24,0.53,0.29,0.18,0.24",20,,
br,fogão consul inox 4 bocas,consul,,,,,1900,19,0.18,1.00,169,Commercial,"Image Pack, Site Links, Video, Video Carousel, People Also Ask, Popular Products, Related Searches","0.36,0.36,0.24,0.43,0.36,0.24,0.43,0.10,0.28,0.19,0.43,0.36",20,,
br,fogão inox 4 bocas consul,consul,,,,,1900,22,0.18,1.00,161,"Informational, Transactional","Site Links, Video, Image, People Also Ask, Popular Products, Related Searches","0.81,0.43,0.36,0.54,0.54,0.29,0.29,0.29,0.65,0.29,0.43,0.65",20,,
br,fogão inox consul 4 bocas,consul,,,,,1900,20,0.18,1.00,164,"Informational, Commercial","Image Pack, Site Links, Video, Popular Products, Related Searches","0.24,0.24,0.10,0.29,0.53,0.53,0.29,0.29,0.35,0.29,0.35,0.53",20,,
br,forno de embutir consul,consul,,,,,1900,23,0.20,1.00,159,Informational,"Popular Products, Related Searches, Image Pack, Site Links, Video, Video Carousel, People Also Ask","0.43,0.36,0.54,0.54,0.43,0.43,0.43,0.43,0.43,0.36,0.36,0.43",20,,
br,freezer horizontal consul,consul,,,,,1900,19,0.24,1.00,191,Informational,"Popular Products, Related Searches, Image Pack, Site Links, Reviews, Video, Video Carousel, People Also Ask","0.29,0.29,0.29,0.23,0.23,0.23,0.35,0.23,0.10,0.08,0.29,0.44",20,,
br,frigobar consul 120 litros,consul,,,,,1900,26,0.10,1.00,166,Informational,"Image Pack, Site Links, Video, People Also Ask, Popular Products, Related Searches","0.52,0.44,0.52,0.66,0.66,0.66,0.66,0.52,0.66,0.52,0.52,0.44",20,,
br,frigobar da consul 120 litros,consul,,,,,1900,23,0.10,1.00,163,"Informational, Commercial","Site Links, Video, Popular Products, Related Searches, AI Overview","0.66,0.36,0.52,0.36,0.52,0.66,0.66,0.44,0.44,0.52,0.66,0.52",20,,
br,geladeira consul 334 litros,consul,,,,,1900,30,0.25,1.00,162,Informational,"Knowledge Panel, Site Links, Video, People Also Ask, Popular Products, Related Searches","0.44,0.36,0.44,0.44,0.44,0.52,0.80,0.66,0.52,0.52,0.66,0.44",20,,
br,geladeira consul frost free duplex,consul,,,,,1900,27,0.23,1.00,161,"Informational, Transactional","Site Links, Video, Video Carousel, People Also Ask, Popular Products, Related Searches, Image Pack","0.43,0.43,0.43,0.81,0.43,0.54,0.81,0.29,0.36,0.29,0.22,0.29",20,,
br,geladeira frost free consul 450 litros,consul,,,,,1900,27,0.18,1.00,180,Commercial,"Site Links, Video Carousel, People Also Ask, Popular Products, Related Searches, Image Pack","0.29,0.43,0.22,0.36,0.20,0.22,0.54,0.65,0.54,0.43,0.54,0.43",20,,
br,geladeiras consul,consul,,,,,1900,34,0.21,1.00,2900000,"Informational, Transactional","Related Searches, Image Pack, Site Links, Reviews, Video, Image, People Also Ask, Popular Products","0.23,0.10,0.23,0.29,0.23,0.23,0.19,0.19,0.35,0.23,0.29,0.54",20,,
br,lavadora consul,consul,,,,,1900,28,0.25,1.00,169,"Informational, Transactional","Video, People Also Ask, Popular Products, Related Searches, Short Videos, Image Pack, Site Links","0.35,0.44,0.35,0.35,0.29,0.35,0.35,0.29,0.35,0.35,0.29,0.35",20,,
br,lavadora consul 15kg,consul,,,,,1900,24,0.19,1.00,165,Informational,"Related Searches, Short Videos, Site Links, Video, Adwords Bottom, Video Carousel, People Also Ask, Popular Products","0.19,0.19,0.24,0.24,0.19,0.19,0.24,0.24,0.24,0.15,0.19,0.19",20,,
br,maquina consul,consul,,,,,1900,30,0.29,1.00,204,Informational,"Popular Products, Related Searches, Image Pack, Site Links, Reviews, Video, Video Carousel, People Also Ask","0.65,0.65,0.65,0.65,0.55,0.55,0.65,0.65,0.55,0.55,0.65,0.82",20,,
br,maquina de lavar consul 15kg,consul,,,,,1900,22,0.23,1.00,170,Commercial,"Popular Products, Related Searches, Short Videos, Image Pack, Site Links, Adwords Top, Adwords Bottom, Video Carousel, Video, People Also Ask","0.54,0.43,0.54,0.43,0.36,0.29,0.54,0.36,0.54,0.36,0.43,0.20",20,,
br,maquinas de lavar consul 12kg,consul,,,,,1900,25,0.18,1.00,170,Commercial,"Video Carousel, People Also Ask, Popular Products, Related Searches, Short Videos, Site Links, Video","0.66,0.35,0.05,0.23,0.16,0.35,0.08,0.04,0.05,0.04,0.10,0.16",20,,
br,máquina de lavar consul 9kg,consul,,,,,1900,34,0.18,1.00,183,Commercial,"Image Pack, Site Links, Reviews, Video, Video Carousel, People Also Ask, Related Searches, Popular Products, AI Overview","0.52,0.52,0.52,0.66,0.44,0.44,0.52,0.52,0.44,0.44,0.44,0.52",20,,
br,máquina de lavar da consul,consul,,,,,1900,28,0.27,1.00,200,Informational,"Video Carousel, People Also Ask, Popular Products, Related Searches, Image Pack, Site Links, Reviews, Video","0.43,0.28,0.43,0.28,0.08,0.66,0.24,0.05,0.28,0.28,0.66,1.00",20,,
br,máquina de lavar roupa consul 12kg,consul,,,,,1900,25,0.21,1.00,170,Commercial,"Related Searches, Image Pack, Site Links, Video, Video Carousel, People Also Ask, Popular Products","0.44,0.53,0.24,0.44,0.35,0.44,0.18,0.53,0.35,0.29,0.44,0.29",20,,
br,sensores geladeira consul,consul,,,,,1900,28,0.02,1.00,170,"Informational, Commercial","Image Pack, Site Links, Video, Video Carousel, People Also Ask, Popular Products, Related Searches","0.03,0.07,0.08,0.00,0.19,1.00,0.19,0.36,0.00,0.03,0.02,0.04",20,,
br,termostato da geladeira consul,consul,,,,,1900,16,0.04,1.00,163,"Informational, Transactional","Reviews, Video, Video Carousel, People Also Ask, Related Searches, Image Pack","0.44,0.52,0.24,0.52,0.52,0.66,0.36,0.80,0.52,0.52,0.52,0.52",90,,
br,ar condicionado 12000 consul,consul,,,,,1600,20,0.10,1.00,166,"Informational, Transactional","Site Links, Reviews, Video, Video Carousel, People Also Ask, Popular Products, Related Searches, Image Pack","0.10,0.10,0.10,0.16,0.23,0.19,0.10,0.44,0.35,0.29,0.16,0.16",20,,
br,ar condicionado 9000 btus consul,consul,,,,,1600,19,0.09,1.00,163,Commercial,"Related Searches, Image Pack, Site Links, Video, Video Carousel, People Also Ask, Popular Products","0.13,0.13,0.15,0.15,0.24,0.24,0.28,0.28,0.36,0.19,0.19,0.13",20,,
br,ar condicionado consul janela,consul,,,,,1600,23,0.20,1.00,165,"Informational, Transactional","Image Pack, Site Links, Video, Video Carousel, Popular Products, Related Searches","0.10,0.07,0.13,0.15,0.15,0.24,0.24,0.43,0.43,0.24,0.24,0.19",20,,
br,ar condicionado de janela consul,consul,,,,,1600,25,0.16,1.00,165,Informational,"Image Pack, Site Links, Video, Video Carousel, People Also Ask, Popular Products, Related Searches, Short Videos","0.10,0.08,0.10,0.15,0.19,0.19,0.24,0.54,0.54,0.36,0.24,0.19",20,,
br,ar condicionado portatil consul,consul,,,,,1600,24,0.07,1.00,150,Informational,"Related Searches, Image Pack, Site Links, Reviews, Video, People Also Ask, Popular Products","0.05,0.04,0.05,0.07,0.10,0.13,0.10,0.54,0.29,0.13,0.07,0.05",20,,
br,assistência técnica consul,consul,,,,,1600,18,0.29,0.56,2010000,Navigational,"Reviews, Image, People Also Ask, Related Searches, Local Pack, Site Links","0.19,0.24,0.28,0.13,0.24,0.19,0.19,0.15,0.19,0.15,0.36,0.19",20,,
br,autorizada consul,consul,,,,,1600,15,0.27,0.53,107,Navigational,"Image, People Also Ask, Related Searches, Site Links, Reviews","0.36,0.36,0.29,0.29,0.36,0.29,0.43,0.43,0.54,0.36,0.36,0.29",20,,
br,cami maquina de lavar consul,consul,,,,,1600,23,0.00,0.00,176,Commercial,"Site Links, Video, Adwords Bottom, Video Carousel, People Also Ask, Popular Products, Related Searches, AI Overview","1.00,0.00",20,,
br,consul ar condicionado,consul,,,,,1600,25,0.23,1.00,162,Transactional,"Site Links, Reviews, Video, People Also Ask, Popular Products, Related Searches, AI Overview, Image Pack","0.16,0.13,0.18,0.18,0.24,0.29,0.29,0.53,0.53,0.29,0.24,0.18",20,,
br,consul ar condicionado de janela,consul,,,,,1600,23,0.16,1.00,1720000,Commercial,"People Also Ask, Popular Products, Related Searches, Image Pack, Site Links, Video, Video Carousel","0.08,0.08,0.13,0.13,0.19,0.13,0.24,0.54,0.43,0.36,0.28,0.24",20,,
br,consul facilite frost free,consul,,,,,1600,28,0.14,1.00,165,Informational,"Popular Products, Related Searches, AI Overview, Image Pack, Site Links, Video, Video Carousel, People Also Ask","0.55,0.44,0.55,0.44,0.44,0.44,0.65,0.82,0.65,0.55,0.55,0.55",20,,
br,consul refil purificador,consul,,,,,1600,25,0.14,1.00,162,"Informational, Transactional","Site Links, Adwords Bottom, People Also Ask, Popular Products, Related Searches","0.84,0.68,0.68,0.68,0.84,0.84,0.84,0.84,0.84,0.84,0.84,0.84",20,,
br,cooktop consul,consul,,,,,1600,25,0.12,1.00,182,"Informational, Transactional","Video Carousel, People Also Ask, Popular Products, Related Searches, Image Pack, Site Links, Video","0.35,0.29,0.35,0.44,0.29,0.35,0.35,0.18,0.24,0.24,0.24,0.24",20,,
br,filtro consul geladeira,consul,,,,,1600,32,0.12,1.00,193,Informational,"Image Pack, Site Links, Reviews, Video, Video Carousel, People Also Ask, Popular Products","0.36,0.20,0.29,0.36,0.36,0.36,0.22,0.54,0.65,0.00,0.54,0.54",20,,
br,filtro de agua consul refil,consul,,,,,1600,16,0.16,1.00,167,Informational,"Site Links, People Also Ask, Popular Products, Related Searches, Image Pack","0.66,0.54,0.79,0.66,0.66,0.66,0.66,0.66,1.00,0.66,0.54,0.79",20,,
br,filtro refil consul,consul,,,,,1600,22,0.18,1.00,481000,"Informational, Transactional","Site Links, Video, Popular Products, Related Searches","0.24,0.24,0.15,0.19,0.28,0.13,0.24,0.24,0.19,0.13,0.28,0.19",20,,
br,fogao 4 bocas consul inox,consul,,,,,1600,20,0.18,1.00,162,"Informational, Commercial","AI Overview, Site Links, Video, Popular Products, Related Searches","0.81,0.03,0.81,0.08,0.07,0.07,0.43,0.10,0.54,0.43,0.08,0.08",20,,
br,fogao 5 bocas consul,consul,,,,,1600,22,0.16,1.00,180,Transactional,"Site Links, Video, People Also Ask, Popular Products, Related Searches, Image Pack","0.35,0.35,0.12,0.12,0.10,0.23,0.44,0.19,0.29,0.08,0.16,1.00",20,,
br,fogao consul 5 bocas mesa vidro,consul,,,,,1600,23,0.21,1.00,172,Informational,"Related Searches, Image Pack, Site Links, Video, Image, People Also Ask, Popular Products","0.65,0.65,0.65,0.55,0.44,0.30,0.65,0.65,1.00,0.44,0.65,1.00",20,,
br,fogao inox consul 5 bocas,consul,,,,,1600,21,0.17,1.00,167,Transactional,"Site Links, Video, Adwords Bottom, Popular Products, Related Searches","0.24,0.24,0.08,0.24,0.13,0.35,0.66,0.44,0.29,0.35,0.44,0.44",20,,
br,fogão 5 bocas inox consul,consul,,,,,1600,23,0.17,1.00,165,"Informational, Transactional","Image Pack, Site Links, Reviews, Video, Adwords Bottom, People Also Ask, Image, Popular Products, Related Searches","0.43,0.22,0.36,0.36,0.36,0.36,0.54,0.36,0.36,0.22,0.36,0.36",20,,
br,fogão consul 5 bocas inox,consul,,,,,1600,18,0.17,1.00,166,Informational,"Video Carousel, People Also Ask, Popular Products, Related Searches, Image Pack, Site Links, Reviews, Image","0.52,0.44,0.52,0.36,0.16,0.44,0.80,0.44,0.36,0.27,0.52,0.44",20,,
br,fogão mesa de vidro consul,consul,,,,,1600,22,0.18,1.00,167,Informational,"Video, Image, Video Carousel, People Also Ask, Popular Products, Related Searches, Image Pack, Site Links","0.54,0.36,0.20,0.43,0.43,0.43,0.54,0.36,0.43,0.29,0.29,0.22",20,,
br,forno de embutir da consul,consul,,,,,1600,23,0.20,1.00,164,Informational,"Site Links, Video, People Also Ask, Popular Products, Related Searches, AI Overview","0.66,0.44,0.36,0.36,0.20,0.36,0.24,0.44,0.44,0.52,0.52,0.52",20,,
br,forno eletrico consul,consul,,,,,1600,17,0.17,1.00,168,Informational,"Video, People Also Ask, Popular Products, Related Searches, Image Pack, Site Links","0.65,0.55,0.55,0.82,0.55,0.55,0.82,0.55,0.34,0.44,0.55,0.65",20,,
br,frigobar consul 120,consul,,,,,1600,24,0.10,1.00,188,Commercial,"Video Carousel, People Also Ask, Popular Products, Related Searches, Image Pack, Site Links, Video","0.36,0.27,0.52,0.66,0.24,0.36,0.66,0.00,0.44,0.52,0.66,0.52",20,,
br,geladeira consul 450 litros frost free,consul,,,,,1600,28,0.18,1.00,178,Commercial,"Site Links, Video Carousel, People Also Ask, Popular Products, Related Searches, AI Overview","0.16,0.07,0.10,0.19,0.10,0.16,0.35,0.29,0.29,0.23,0.29,0.23",20,,
br,geladeira consul bem estar,consul,,,,,1600,24,0.10,1.00,164,Informational,"Site Links, Reviews, Video, People Also Ask, Popular Products, Related Searches, Image Pack","0.44,0.36,0.44,0.44,0.44,0.44,0.44,0.44,0.52,0.36,0.36,0.36",20,,
br,geladeira consul branca,consul,,,,,1600,26,0.20,1.00,182,"Informational, Transactional","People Also Ask, Popular Products, Related Searches, Image Pack, Site Links","0.52,0.44,0.36,0.44,0.44,0.27,0.66,0.44,0.44,0.36,0.44,0.44",20,,
br,geladeira consul frost free 340 litros,consul,,,,,1600,27,0.17,1.00,224000,Informational,"AI Overview, Knowledge Panel, Image Pack, Site Links, Video Carousel, People Also Ask, Popular Products, Related Searches","0.36,0.29,0.36,0.36,0.29,0.29,0.54,0.43,0.54,0.36,0.43,0.36",20,,
br,geladeira consul frost free 450 litros,consul,,,,,1600,24,0.18,1.00,177,"Informational, Transactional","Site Links, Video Carousel, People Also Ask, Popular Products, Related Searches, Image Pack","0.36,0.28,0.28,0.19,0.24,0.24,0.28,0.36,0.28,0.19,0.24,0.19",20,,
br,geladeira consul frost free inox,consul,,,,,1600,26,0.24,1.00,172,"Informational, Transactional","Image Pack, Site Links, Reviews, Video, People Also Ask, Popular Products, Related Searches","0.19,0.19,0.28,0.24,0.15,0.24,0.28,0.15,0.24,0.24,0.24,0.24",20,,
br,geladeira consul nas casas bahia,consul,,,,,1600,30,0.14,1.00,169,"Navigational, Transactional","Image Pack, Site Links, Popular Products, Related Searches","0.19,0.10,0.10,0.19,0.10,0.28,0.54,0.36,0.36,0.28,0.36,0.28",20,,
br,geladeira frost free consul 342 litros,consul,,,,,1600,29,0.24,1.00,162,Commercial,"AI Overview, Knowledge Panel, Site Links, Video, People Also Ask, Popular Products, Related Searches","0.24,0.28,0.28,0.28,0.24,0.19,0.43,0.28,0.36,0.19,0.15,0.13",20,,
br,geladeira frost free consul inox,consul,,,,,1600,23,0.24,1.00,2290000,"Informational, Transactional","Video, Video Carousel, People Also Ask, Popular Products, Related Searches, Image Pack, Site Links","0.24,0.19,0.28,0.28,0.24,0.24,0.28,0.19,0.28,0.24,0.24,0.28",20,,
br,geladeira inox frost free consul,consul,,,,,1600,23,0.24,1.00,173,"Informational, Transactional","Reviews, Video, Video Carousel, Popular Products, Related Searches, AI Overview, Site Links","0.19,0.15,0.10,0.19,0.19,0.15,0.36,0.24,0.24,0.28,0.36,0.36",20,,
br,geladeira inverse consul,consul,,,,,1600,25,0.20,1.00,209,"Informational, Transactional","People Also Ask, Popular Products, Related Searches, Image Pack, Site Links, Video, Video Carousel","0.29,0.22,0.29,0.36,0.36,0.22,0.43,0.29,0.43,0.29,0.36,0.22",20,,
br,mais top consul,consul,,,,,1600,17,0.46,0.03,158,Commercial,"Adwords Bottom, Related Searches, Site Links, Reviews, Video","0.54,0.29,0.43,0.43,0.36,1.00,0.36,0.22,0.16,0.13,0.16,0.13",20,,
br,maquina de lavar consul 13kg,consul,,,,,1600,23,0.24,1.00,159,Informational,"Popular Products, Site Links, Video, Video Carousel, People Also Ask, Related Searches, AI Overview, Image Pack, Reviews","0.52,0.44,0.27,0.36,0.44,0.36,1.00,0.36,0.36,0.36,0.44,0.66",20,,
br,medidas cervejeira consul,consul,,,,,1600,24,0.09,1.00,130,Informational,"Image Pack, Site Links, Video, People Also Ask, Popular Products, Related Searches","0.54,0.66,0.66,0.66,0.66,0.66,0.79,0.54,0.66,0.41,0.66,0.54",20,,
br,microondas consul 32l,consul,,,,,1600,22,0.15,1.00,76600,"Informational, Transactional","Popular Products, Related Searches, Site Links, Video, Video Carousel","0.29,0.65,0.43,0.29,0.22,0.36,0.20,0.36,0.13,0.16,0.54,0.22",20,,
br,máquina consul 9kg,consul,,,,,1600,28,0.15,1.00,161,Informational,"Related Searches, Knowledge Panel, Image Pack, Site Links, Video, Video Carousel, People Also Ask, Popular Products","0.36,0.36,0.36,0.44,0.44,0.36,0.36,0.44,0.66,0.52,0.52,0.52",20,,
br,máquina de lavar 12kg consul,consul,,,,,1600,29,0.23,1.00,178,"Informational, Transactional","Image Pack, Site Links, Video, People Also Ask, Popular Products, Related Searches, Short Videos","0.36,0.36,0.36,0.29,0.36,0.29,0.36,0.29,0.36,0.22,0.36,0.29",20,,
br,máquina de lavar consul 13kg,consul,,,,,1600,22,0.24,1.00,160,"Informational, Transactional","AI Overview, Site Links, Reviews, Video, Video Carousel, People Also Ask, Popular Products, Short Videos","0.24,0.24,0.44,0.44,0.44,0.55,1.00,0.44,0.82,0.65,1.00,0.65",20,,
br,refil do filtro consul,consul,,,,,1600,24,0.18,1.00,163,Informational,"Image Pack, Site Links, Reviews, Video, People Also Ask, Popular Products, Related Searches","0.43,0.24,0.43,0.19,0.13,0.24,0.24,0.10,0.15,0.13,0.36,0.19",20,,
br,refil para filtro consul,consul,,,,,1600,27,0.18,1.00,203,"Informational, Transactional","Popular Products, Related Searches, Local Pack, Image Pack, Site Links, People Also Ask","0.24,0.13,0.43,0.28,0.24,0.28,0.24,0.10,0.15,0.24,0.28,0.19",20,,
br,refil purificador consul,consul,,,,,1600,27,0.14,1.00,171,Transactional,"Popular Products, Related Searches, Image Pack, Site Links, Video, People Also Ask","0.54,0.66,0.79,0.79,0.79,0.79,0.79,0.66,0.79,0.66,0.54,0.54",20,,
br,site da consul,consul,,,,,1600,29,0.31,1.00,166,Navigational,"Site Links, People Also Ask, Related Searches","0.29,0.36,0.36,0.36,0.22,0.29,0.65,0.43,0.43,0.22,0.36,0.29",20,,
br,u.s. embassy & consulates in brazil,consul,,,,,1600,43,0.47,0.12,104,Navigational,"Knowledge Panel, People Also Ask, Related Searches","0.00,0.00,0.00,0.00,0.80,1.00,0.80,0.66,0.44,0.66,0.80,0.66",70,,
br,ar condicionado consul 10000,consul,,,,,1300,19,0.18,1.00,168,Commercial,"Knowledge Panel, Image Pack, Site Links, People Also Ask, Popular Products, Related Searches","0.04,0.04,0.07,0.10,0.10,0.16,0.16,0.44,0.19,0.13,0.07,0.10",20,,
br,ar condicionado consul 9000,consul,,,,,1300,19,0.10,1.00,160,Informational,"Video Carousel, People Also Ask, Popular Products, Related Searches, Image Pack, Site Links, Video","0.08,0.07,0.07,0.08,0.13,0.16,0.16,0.24,0.24,0.13,0.10,0.08",20,,
br,ar condicionado consul 9000 btus,consul,,,,,1300,19,0.09,1.00,160,Commercial,"Image Pack, Site Links, Video, People Also Ask, Popular Products, Related Searches","0.10,0.10,0.15,0.15,0.24,0.15,0.24,0.28,0.28,0.19,0.15,0.08",20,,
br,ar condicionado portátil consul,consul,,,,,1300,21,0.07,1.00,160,Informational,"Image Pack, Site Links, Video, Video Carousel, People Also Ask, Popular Products, Related Searches","0.03,0.03,0.03,0.03,0.05,0.06,0.05,0.29,0.19,0.06,0.04,0.04",20,,
br,assistencia consul,consul,,,,,1300,13,0.22,0.46,96,"Navigational, Transactional","Reviews, People Also Ask, Related Searches, Site Links","0.54,0.41,0.66,0.54,0.54,0.54,0.41,0.66,0.66,0.41,0.54,0.54",20,,
br,assistencia tecnica consul autorizada,consul,,,,,1300,21,0.25,0.52,104,Navigational,"Adwords Top, People Also Ask, Related Searches, Adwords Middle, Local Pack, Site Links","0.41,0.36,0.41,0.30,0.20,0.41,0.30,1.00,0.66,1.00,1.00,0.79",20,,
br,assistencia tecnica da consul,consul,,,,,1300,12,0.23,0.53,106,Navigational,"Site Links, Reviews, People Also Ask, Related Searches","0.46,0.46,0.52,0.84,0.84,1.00,0.68,0.84,0.84,0.84,0.68,1.00",20,,
br,assistência técnica consul perto de mim,consul,,,,,1300,17,0.31,0.60,108,"Navigational, Transactional","Related Searches, Local Pack, Site Links, Reviews, Adwords Top, Adwords Bottom, People Also Ask","0.37,0.37,0.52,0.52,0.68,0.68,0.46,0.84,0.68,0.68,0.84,0.52",20,,
br,assistência técnica da consul,consul,,,,,1300,26,0.23,0.53,105,"Navigational, Transactional","Related Searches, Site Links, Reviews, People Also Ask","0.54,0.54,0.66,0.41,0.41,0.41,0.54,0.54,0.54,0.41,0.54,0.41",20,,
br,borracha da geladeira consul,consul,,,,,1300,25,0.04,1.00,164,Informational,"Image Pack, Site Links, Video, People Also Ask, AI Overview, Reviews, Video Carousel, Popular Products, Related Searches","0.41,0.36,0.24,0.36,0.41,0.24,0.66,0.66,0.66,0.66,0.66,0.66",20,,
br,borracha geladeira consul,consul,,,,,1300,21,0.04,1.00,210,"Informational, Commercial","Image Pack, Site Links, Reviews, Video, People Also Ask, Popular Products, Related Searches","0.54,0.36,0.36,0.36,0.36,0.36,0.54,0.66,0.79,0.54,0.41,0.54",20,,
br,cervejeira consul 220v,consul,,,,,1300,25,0.27,1.00,191,"Informational, Transactional","Knowledge Panel, Site Links, Video Carousel, People Also Ask, Popular Products, Related Searches","0.19,0.19,0.15,0.19,0.15,0.15,0.43,0.24,0.15,0.19,0.19,0.15",20,,
br,climatizador consul bem estar,consul,,,,,1300,25,0.07,1.00,164,Informational,"Related Searches, Image Pack, Site Links, Video, Video Carousel, People Also Ask, Popular Products","0.05,0.07,0.07,0.07,0.13,0.10,0.08,0.36,0.24,0.10,0.07,0.05",20,,
br,climatizador de ar consul,consul,,,,,1300,24,0.07,1.00,164,"Informational, Commercial","Video, Video Carousel, People Also Ask, Popular Products, Related Searches, Image Pack, Site Links, Reviews","0.03,0.03,0.03,0.05,0.06,0.08,0.06,0.24,0.16,0.06,0.04,0.03",20,,
br,colegio consul,consul,,,,,1300,26,0.00,0.33,147,Navigational,"Reviews, Video, People Also Ask, Related Searches, Knowledge Panel, Site Links","1.00,0.84,0.52,0.84,0.84,1.00,0.68,0.31,0.37,0.46,0.68,1.00",20,,
br,consul 15kg,consul,,,,,1300,16,0.23,1.00,169,"Informational, Commercial","Video Carousel, People Also Ask, Popular Products, Related Searches, Image Pack, Site Links, Video","0.41,0.79,0.41,0.41,0.66,0.54,0.79,0.36,0.41,0.36,0.36,0.41",20,,
br,consul 9kg,consul,,,,,1300,26,0.20,1.00,153,Commercial,"People Also Ask, Popular Products, Related Searches, Image Pack, Site Links, Video, Video Carousel","0.54,0.54,0.66,0.36,0.66,0.41,0.54,0.54,0.54,0.36,0.41,0.36",20,,
br,consul ar condicionado janela,consul,,,,,1300,22,0.20,1.00,168,"Informational, Commercial","Related Searches, AI Overview, Image Pack, Site Links, Video, Adwords Bottom, Video Carousel, Popular Products","0.13,0.08,0.13,0.16,0.29,0.29,0.35,0.44,0.53,0.10,0.29,0.18",20,,
br,consul assistencia tecnica autorizada,consul,,,,,1300,15,0.25,0.52,105,Navigational,"Local Pack, Site Links, Reviews, People Also Ask, Related Searches","0.34,0.44,0.34,0.34,0.34,0.24,0.44,0.65,0.65,0.44,0.65,0.44",20,,
br,consul bem estar,consul,,,,,1300,28,0.16,1.00,167,Informational,"Video, Video Carousel, People Also Ask, Popular Products, Related Searches, AI Overview, Image Pack, Site Links","0.27,0.27,0.36,0.27,0.27,0.27,0.36,0.52,0.44,0.27,0.27,0.27",20,,
br,consul controle ar condicionado,consul,,,,,1300,24,0.06,1.00,169,Informational,"Image Pack, Video Carousel, Popular Products, Related Searches, AI Overview, Site Links, Reviews, Video, People Also Ask","0.43,0.36,0.36,0.24,0.15,0.36,0.13,0.00,0.00,0.05,0.00,0.24",20,,
br,consul fogao inox,consul,,,,,1300,24,0.24,1.00,160,Transactional,"Site Links, Video, Image, Video Carousel, Popular Products, Related Searches","0.36,0.36,0.20,0.36,0.20,0.36,0.66,0.44,0.36,0.36,0.44,0.44",20,,
br,consul fogão 6 bocas,consul,,,,,1300,26,0.15,1.00,163,Commercial,"Related Searches, AI Overview, Image Pack, Site Links, Video, People Also Ask","0.43,0.36,0.22,0.22,0.22,0.22,0.22,0.43,0.29,0.43,0.43,0.29",20,,
br,consul frigobar 120 litros,consul,,,,,1300,23,0.10,1.00,164,Commercial,"Site Links, Video, Popular Products, Related Searches, Image Pack","0.66,0.36,0.52,0.36,0.20,0.52,0.16,0.08,0.16,0.24,0.27,0.36",20,,
br,consul geladeira bem estar,consul,,,,,1300,23,0.10,1.00,172,Informational,"People Also Ask, Popular Products, Related Searches, Image Pack, Site Links, Video","0.55,0.44,0.44,0.44,0.20,0.44,0.55,0.55,0.55,0.55,0.55,0.55",20,,
br,consul geladeira facilite,consul,,,,,1300,24,0.13,1.00,178,"Informational, Commercial","Video, Video Carousel, People Also Ask, Popular Products, Related Searches, AI Overview, Image Pack, Site Links","0.54,0.41,0.54,0.30,0.36,0.54,0.54,0.66,0.54,0.54,0.54,0.54",20,,
br,consul maquina de lavar,consul,,,,,1300,21,0.34,1.00,171,"Informational, Transactional","Site Links, Reviews, Video, People Also Ask, Popular Products, Related Searches","0.36,0.66,0.66,0.54,0.54,0.54,0.66,0.66,0.66,0.41,0.66,0.66",20,,
br,consul refil filtro,consul,,,,,1300,23,0.18,1.00,176,"Informational, Transactional","People Also Ask, Popular Products, Related Searches, AI Overview, Image Pack, Site Links, Adwords Bottom","0.28,0.24,0.15,0.19,0.13,0.24,0.24,0.24,0.15,0.13,0.28,0.19",20,,
br,cupom de desconto consul,consul,,,,,1300,25,0.73,0.99,102,Transactional,"Reviews, Video, People Also Ask, Related Searches, AI Overview","0.27,0.24,0.52,0.52,0.24,0.36,0.44,0.44,0.20,0.24,0.27,0.27",90,,
br,filtro da geladeira consul,consul,,,,,1300,27,0.12,1.00,175,Informational,"Image Pack, Video, People Also Ask, Site Links, Reviews, Video Carousel, Popular Products, Related Searches, AI Overview","0.43,0.43,0.54,0.22,0.20,0.29,0.29,0.16,0.29,0.16,0.29,0.22",20,,
br,filtro do purificador consul,consul,,,,,1300,23,0.14,1.00,170,Transactional,"Image Pack, Site Links, Reviews, Video, People Also Ask, Popular Products, Related Searches","0.52,0.46,0.68,0.68,0.68,0.52,0.52,0.68,0.84,0.52,0.68,0.52",20,,
br,filtro para geladeira consul,consul,,,,,1300,23,0.12,1.00,191,Informational,"Site Links, Reviews, People Also Ask, Popular Products, Related Searches, AI Overview","0.36,0.43,0.43,0.36,0.13,0.16,0.29,0.16,0.29,0.16,0.29,0.29",20,,
br,filtro purificador consul,consul,,,,,1300,24,0.14,1.00,168,"Informational, Transactional","Video, People Also Ask, Popular Products, Related Searches, Image Pack, Site Links, Reviews","0.68,0.84,0.68,0.84,0.84,0.68,0.68,0.84,0.84,0.52,0.84,0.68",20,,
br,fogao consul 4 bocas inox,consul,,,,,1300,24,0.18,1.00,162,Informational,"AI Overview, Image Pack, Site Links, Video, Video Carousel, People Also Ask, Popular Products, Related Searches","0.22,0.29,0.43,0.29,0.29,0.22,0.36,0.36,0.29,0.22,0.20,0.29",20,,
br,fogao consul inox,consul,,,,,1300,23,0.24,1.00,171,Informational,"Image Pack, Site Links, Video, Video Carousel, People Also Ask, Popular Products, Related Searches","0.55,0.44,0.65,0.55,0.24,0.34,0.65,0.44,0.30,0.30,0.34,0.30",20,,
br,fogao eletrico consul,consul,,,,,1300,25,0.17,1.00,164,Transactional,"Site Links, Video, People Also Ask, Popular Products, Related Searches, AI Overview","0.36,0.20,0.52,0.36,0.20,0.36,0.66,0.44,0.36,0.44,0.52,0.52",20,,
br,fogão 4 bocas consul branco,consul,,,,,1300,22,0.18,1.00,162,"Informational, Transactional","Image Pack, Site Links, Reviews, Video, People Also Ask, Popular Products, Related Searches","0.27,0.36,0.27,0.36,0.27,0.36,0.52,0.27,0.36,0.27,0.27,0.27",20,,
br,fogão 5 bocas consul inox,consul,,,,,1300,23,0.17,1.00,1860000,Commercial,"People Also Ask, Popular Products, Related Searches, Image Pack, Site Links, Video Carousel","0.66,0.36,0.27,0.44,0.44,0.36,0.44,0.36,0.36,0.36,0.36,0.36",20,,
br,fogão consul 4 bocas branco,consul,,,,,1300,22,0.18,1.00,162,"Informational, Transactional","Image Pack, Site Links, Video, People Also Ask, Popular Products, Related Searches","0.36,0.16,0.27,0.44,0.36,0.36,0.52,0.27,0.36,0.27,0.27,0.27",20,,
br,fogão consul 4 bocas mesa de vidro,consul,,,,,1300,25,0.16,1.00,161,Informational,"Related Searches, Knowledge Panel, Image Pack, Site Links, Video, Image, Video Carousel, People Also Ask","0.44,0.24,0.36,0.44,0.27,0.24,0.52,0.27,0.52,0.36,0.44,0.36",20,,
br,fogão consul com mesa de vidro,consul,,,,,1300,23,0.18,1.00,167,Informational,"Site Links, Video, Video Carousel, People Also Ask, Popular Products, Related Searches, Image Pack","0.22,0.29,0.10,0.16,0.22,0.22,0.65,0.29,0.29,0.22,0.22,0.22",20,,
br,fogão consul inox 5 bocas,consul,,,,,1300,23,0.17,1.00,165,Transactional,"Image, Adwords Bottom, People Also Ask, Site Links, Video Carousel, Popular Products, Related Searches, Reviews, Video","0.13,0.18,0.16,0.29,0.29,0.24,0.44,0.29,0.24,0.18,0.24,0.29",20,,
br,fogão inox 5 bocas consul,consul,,,,,1300,21,0.17,1.00,175,Transactional,"Video Carousel, People Also Ask, Popular Products, Related Searches, Image Pack, Site Links, Reviews, Image","0.36,0.29,0.08,0.29,0.43,0.20,0.36,0.22,0.36,0.29,0.36,0.36",20,,
br,forno a gas consul de embutir,consul,,,,,1300,21,0.16,1.00,161,Informational,"Video, Video Carousel, People Also Ask, Popular Products, Related Searches, AI Overview, Site Links","0.66,0.54,0.54,0.36,0.54,0.54,0.66,0.41,0.36,0.41,0.41,0.41",20,,
br,forno consul,consul,,,,,1300,25,0.21,1.00,169,"Informational, Transactional","Related Searches, Image Pack, Site Links, Video, People Also Ask, Popular Products","0.54,0.54,0.54,0.54,0.54,0.54,0.66,0.41,0.66,0.54,0.41,0.54",20,,
br,forno de embutir consul eletrico,consul,,,,,1300,18,0.20,1.00,164,Informational,"Image Pack, Site Links, Video, Video Carousel, People Also Ask, Popular Products, Related Searches","0.55,0.44,0.44,0.44,0.34,0.44,0.82,0.44,0.34,0.44,0.44,0.44",20,,
br,forno elétrico de embutir consul,consul,,,,,1300,21,0.20,1.00,165,"Informational, Transactional","Image Pack, Site Links, Video, Video Carousel, People Also Ask, Popular Products, Related Searches","0.55,0.44,0.55,0.44,0.34,0.55,0.65,0.30,0.34,0.24,0.20,0.20",20,,
br,freezer consul 142 litros,consul,,,,,1300,23,0.20,1.00,188,"Informational, Transactional","Related Searches, Image Pack, Site Links, Video, Video Carousel, People Also Ask, Popular Products","0.46,0.46,0.52,0.52,0.84,0.84,0.68,1.00,0.52,0.46,0.84,0.68",20,,
br,frigobar 120 litros consul,consul,,,,,1300,25,0.10,1.00,160,Commercial,"Popular Products, Related Searches, Image Pack, Site Links, Video, People Also Ask","0.52,0.36,0.44,0.36,0.16,0.16,0.27,0.20,0.44,0.24,0.44,0.27",20,,
br,frigobar consul 120 litros crc12,consul,,,,,1300,25,0.10,1.00,168,Commercial,"Site Links, Video, Popular Products, Related Searches","0.66,0.36,0.52,0.36,0.20,0.52,0.16,0.08,0.16,0.24,0.27,0.36",20,,
br,frigobar consul 120l,consul,,,,,1300,26,0.10,1.00,165,Commercial,"Image Pack, Site Links, Video, People Also Ask, Popular Products, Related Searches","0.44,0.44,0.44,0.44,0.20,0.20,0.30,0.55,0.55,0.65,0.82,0.65",20,,
br,geladeira 410 litros consul,consul,,,,,1300,20,0.18,1.00,167,Informational,"People Also Ask, Popular Products, Related Searches, Knowledge Panel, Image Pack, Site Links, Video Carousel","0.36,0.43,0.22,0.29,0.20,0.20,0.22,0.43,0.13,0.16,0.22,0.29",20,,
br,geladeira bem estar consul,consul,,,,,1300,22,0.10,1.00,173,Informational,"Image Pack, Site Links, Video, People Also Ask, Popular Products, Related Searches","0.30,0.34,0.44,0.44,0.24,0.44,0.55,0.55,0.55,0.55,0.55,0.55",20,,
br,geladeira branca consul,consul,,,,,1300,29,0.20,1.00,199,"Informational, Transactional","Image Pack, Site Links, Reviews, People Also Ask, Popular Products, Related Searches","0.54,0.54,0.41,0.54,0.54,0.54,0.41,0.30,0.66,0.30,0.54,0.54",20,,
br,geladeira consul 1 porta,consul,,,,,1300,19,0.17,1.00,201,Commercial,"Image Pack, Site Links, Popular Products, Related Searches","0.34,0.30,0.44,0.44,0.44,0.44,0.55,0.55,0.55,0.55,0.44,0.55",20,,
br,geladeira consul 2 portas,consul,,,,,1300,25,0.20,1.00,184,Commercial,"Site Links, Video, People Also Ask, Popular Products, Related Searches, Image Pack","0.52,0.52,0.37,0.68,0.68,0.68,0.52,0.68,0.84,0.68,0.52,0.52",20,,
br,geladeira consul 342 litros frost free,consul,,,,,1300,23,0.24,1.00,167,Informational,"Adwords Bottom, People Also Ask, Popular Products, Related Searches, Knowledge Panel, Site Links, Video","0.16,0.36,0.16,0.43,0.36,0.36,0.54,0.29,0.29,0.29,0.22,0.20",20,,
br,geladeira consul 377 litros,consul,,,,,1300,22,0.24,1.00,191,Commercial,"Image Pack, Site Links, People Also Ask, Popular Products, Related Searches","0.00,0.00,0.00,0.01,0.10,0.36,1.00,1.00,0.80,0.66,0.80,0.80",20,,
br,geladeira consul casas bahia,consul,,,,,1300,32,0.14,1.00,1250000,"Navigational, Transactional","Image Pack, Site Links, People Also Ask, Popular Products, Related Searches","0.18,0.18,0.18,0.24,0.16,0.18,0.29,0.16,0.44,0.18,0.35,0.24",20,,
br,geladeira consul frost free 342,consul,,,,,1300,25,0.24,1.00,165,Informational,"Knowledge Panel, Site Links, Video, People Also Ask, Related Searches, AI Overview","0.29,0.36,0.29,0.29,0.36,0.36,0.29,0.13,0.13,0.20,0.22,0.22",20,,
br,geladeira consul inverter,consul,,,,,1300,25,0.17,1.00,177,Transactional,"Video, Video Carousel, People Also Ask, Popular Products, Related Searches, Image Pack, Site Links","0.31,0.31,0.25,0.31,0.37,0.52,1.00,0.84,1.00,0.84,1.00,0.84",20,,
br,geladeira da consul,consul,,,,,1300,36,0.21,1.00,185,"Informational, Transactional","Image Pack, Site Links, Reviews, Video, People Also Ask, Popular Products, Related Searches","0.10,0.12,0.05,0.03,0.10,0.04,0.12,0.10,0.04,0.16,0.12,0.66",20,,
br,geladeira frost free 450 litros consul,consul,,,,,1300,25,0.18,1.00,181,Commercial,"Site Links, Video, People Also Ask, Popular Products, Related Searches, Image Pack","0.13,0.19,0.05,0.19,0.24,0.15,0.28,0.28,0.24,0.19,0.28,0.15",20,,
br,geladeira frost free consul facilite,consul,,,,,1300,25,0.11,1.00,166,Commercial,"AI Overview, Site Links, Video, Video Carousel, People Also Ask, Popular Products, Related Searches","0.44,0.30,0.30,0.44,0.44,0.55,0.55,0.55,0.82,0.55,0.55,0.34",20,,
br,geladeira frost free da consul,consul,,,,,1300,28,0.23,1.00,178,Transactional,"Popular Products, Related Searches, Site Links, Reviews, Video, Video Carousel, People Also Ask","0.00,0.00,0.13,0.23,0.08,0.23,0.13,0.03,0.07,0.05,0.13,0.66",20,,
br,geladeira refrigerador consul frost free,consul,,,,,1300,23,0.23,1.00,187,Transactional,"AI Overview, Site Links, Reviews, Video, Video Carousel, Popular Products, Related Searches","0.19,0.08,0.15,0.43,0.00,0.00,0.00,0.00,1.00,0.00,0.00,0.00",20,,
br,lavadora consul 13kg,consul,,,,,1300,25,0.20,1.00,165,Commercial,"Video, Video Carousel, People Also Ask, Popular Products, Related Searches, Image Pack, Site Links","0.54,0.41,0.36,0.54,0.54,0.41,1.00,0.41,0.54,0.66,0.54,0.66",20,,
br,loja da consul,consul,,,,,1300,25,0.44,1.00,161,"Navigational, Commercial","Adwords Bottom, People Also Ask, Related Searches, Knowledge Panel, Site Links, Video","0.29,0.35,0.24,0.24,0.24,0.24,0.10,0.02,0.18,0.08,0.53,0.18",20,,
br,lojas consul,consul,,,,,1300,32,0.44,1.00,173,"Navigational, Commercial","Video, Adwords Top, Adwords Bottom, People Also Ask, Popular Products, Related Searches, Knowledge Panel, Site Links","0.44,0.44,0.55,0.34,0.34,0.34,0.65,0.44,0.55,0.30,0.44,0.24",20,,
br,maquina consul 11kg,consul,,,,,1300,17,0.12,1.00,166,Informational,"Image Pack, Site Links, Video, Video Carousel, People Also Ask, Popular Products, Related Searches","0.84,0.84,1.00,0.84,0.68,0.52,0.68,0.52,0.68,0.46,0.68,0.52",20,,
br,maquina consul 15kg,consul,,,,,1300,22,0.17,1.00,161,"Informational, Commercial","Image Pack, Site Links, Video, Video Carousel, People Also Ask, Popular Products, Related Searches","0.65,0.30,0.44,0.55,0.30,0.34,0.44,0.24,0.34,0.44,0.34,0.44",20,,
br,maquina de lavar consul 11kg,consul,,,,,1300,21,0.13,1.00,169,Commercial,"Image Pack, Site Links, Video, Video Carousel, People Also Ask, Popular Products","0.36,0.44,0.52,0.44,0.27,0.27,0.36,0.27,0.44,0.27,0.36,0.36",20,,
br,maquina de lavar roupas consul,consul,,,,,1300,26,0.21,1.00,200,"Informational, Transactional","Popular Products, Related Searches, Short Videos, Site Links, Reviews, Video Carousel, People Also Ask","0.22,0.20,0.22,0.54,0.22,0.36,0.36,0.10,0.22,0.20,0.43,0.65",20,,
br,motor da geladeira consul,consul,,,,,1300,22,0.05,0.98,164,Informational,"Video, People Also Ask, Popular Products, Related Searches, AI Overview, Image Pack, Site Links, Reviews","0.68,0.68,0.46,0.52,0.52,0.46,0.46,0.68,0.84,0.68,0.68,0.46",20,,
br,motor de geladeira consul,consul,,,,,1300,25,0.05,1.00,192,Informational,"Site Links, Video, People Also Ask, Popular Products, Related Searches, AI Overview, Image Pack","0.44,0.44,0.34,0.44,0.44,0.44,0.44,0.55,0.65,0.44,0.44,0.44",20,,
br,motor geladeira consul,consul,,,,,1300,23,0.05,0.98,203,Commercial,"People Also Ask, Popular Products, Related Searches, Image Pack, Site Links, Video","0.84,0.68,0.52,0.52,0.68,0.68,0.68,0.84,0.84,0.52,0.68,0.46",20,,
br,termostato para geladeira consul,consul,,,,,1300,19,0.04,1.00,165,Informational,"Related Searches, AI Overview, Image Pack, Site Links, Reviews, Video, People Also Ask, Popular Products","0.36,0.54,0.22,0.22,0.13,0.29,0.29,0.29,0.29,0.16,0.20,0.20",20,,
br,ar condicionado 12000 btus consul,consul,,,,,1000,24,0.11,1.00,154,"Informational, Transactional","Site Links, Reviews, Video, People Also Ask, Popular Products, Related Searches","0.10,0.13,0.13,0.13,0.24,0.18,0.24,0.35,0.24,0.16,0.18,0.10",20,,
br,ar condicionado 9000 consul,consul,,,,,1000,15,0.10,1.00,163,Informational,"Related Searches, Image Pack, Site Links, Reviews, Video, Video Carousel, People Also Ask, Popular Products","0.08,0.04,0.04,0.08,0.08,0.10,0.19,0.29,0.19,0.16,0.16,0.08",20,,
br,ar condicionado consul de janela,consul,,,,,1000,25,0.16,1.00,161,"Informational, Transactional","Video, Video Carousel, People Also Ask, Popular Products, Related Searches, Image Pack, Site Links","0.07,0.10,0.05,0.10,0.16,0.18,0.16,0.44,0.35,0.18,0.24,0.18",20,,
br,ar condicionado consul inverter,consul,,,,,1000,25,0.15,1.00,164,"Informational, Commercial","Popular Products, Related Searches, AI Overview, Site Links, Reviews, Video, Video Carousel, People Also Ask","0.10,0.08,0.08,0.10,0.15,0.13,0.15,0.43,0.36,0.15,0.08,0.10",20,,
br,ar condicionado da consul,consul,,,,,1000,30,0.23,1.00,162,Commercial,"Site Links, Reviews, Video, People Also Ask, Popular Products, Related Searches, Image Pack","0.16,0.13,0.10,0.16,0.13,0.13,0.24,0.53,0.44,0.24,0.13,0.16",20,,
br,ar condicionado inverter consul,consul,,,,,1000,27,0.15,1.00,170,Transactional,"Video, Video Carousel, People Also Ask, Popular Products, Related Searches, Image Pack, Site Links, Reviews","0.10,0.08,0.08,0.08,0.18,0.16,0.24,0.53,0.44,0.16,0.16,0.13",20,,
br,bem estar consul climatizador,consul,,,,,1000,25,0.07,1.00,166,Informational,"AI Overview, Image Pack, Reviews, Video, Video Carousel, People Also Ask, Related Searches","0.08,0.10,0.08,0.08,0.24,0.24,0.18,0.66,0.29,0.18,0.13,0.10",90,,
br,borracha para geladeira consul,consul,,,,,1000,15,0.04,1.00,200,Commercial,"Reviews, People Also Ask, Popular Products, Related Searches, Image Pack, Site Links","0.41,0.36,0.36,0.36,0.30,0.30,0.54,0.54,0.41,0.36,0.41,0.41",20,,
br,cervejeira consul preta,consul,,,,,1000,16,0.34,1.00,177,"Informational, Transactional","Image Pack, Site Links, Video, People Also Ask, Popular Products, Related Searches, Short Videos","0.44,0.34,0.44,0.34,0.34,0.30,0.82,0.55,0.44,0.20,0.24,0.24",20,,
br,consul 11kg,consul,,,,,1000,16,0.12,1.00,154,Informational,"Video Carousel, People Also Ask, Popular Products, Related Searches, Image Pack, Site Links, Video","0.52,0.52,0.52,0.46,0.52,0.46,0.46,0.37,0.46,0.46,0.46,0.46",20,,
br,consul 12 kg,consul,,,,,1000,22,0.25,1.00,178,Informational,"Site Links, Video, Video Carousel, People Also Ask, Popular Products, Related Searches, Image Pack","0.29,0.13,0.16,0.24,0.16,0.13,0.18,0.24,0.16,0.16,0.16,0.18",20,,
br,consul assistência técnica autorizada,consul,,,,,1000,15,0.25,0.52,106,Navigational,"Local Pack, Site Links, People Also Ask, Related Searches, AI Overview","0.45,0.36,0.20,0.36,0.45,0.62,0.55,0.81,1.00,0.62,1.00,0.62",20,,
br,consul climatizador bem estar,consul,,,,,1000,21,0.07,1.00,168,Informational,"Image Pack, Site Links, Video, Video Carousel, People Also Ask, Popular Products, Related Searches","0.04,0.05,0.04,0.04,0.10,0.13,0.10,0.36,0.16,0.10,0.07,0.05",20,,
br,consul cnpj,consul,,,,,1000,22,0.20,0.02,105,Informational,"Reviews, People Also Ask, Related Searches, AI Overview","0.36,0.16,0.54,0.20,1.00,0.41,0.30,0.41,0.54,0.36,0.41,0.36",75,,
br,consul forno de embutir,consul,,,,,1000,18,0.20,1.00,162,Informational,"Popular Products, Related Searches, Site Links, Video, People Also Ask","0.36,0.36,0.36,0.36,0.24,0.24,0.27,0.20,0.27,0.24,0.27,0.27",20,,
br,consul forno eletrico,consul,,,,,1000,23,0.17,1.00,175,Transactional,"Related Searches, AI Overview, Site Links, Video, Video Carousel, People Also Ask, Popular Products","0.44,0.44,0.24,0.44,0.30,0.30,0.24,0.44,0.34,0.34,0.34,0.44",20,,
br,consul inverter,consul,,,,,1000,20,0.14,1.00,161,Informational,"Image Pack, Video, Video Carousel, People Also Ask, Popular Products, Site Links, Reviews, Adwords Bottom, Related Searches","0.30,0.24,0.24,0.24,0.24,0.36,0.54,0.66,0.79,0.41,0.66,0.36",20,,
br,consular cnpj,consul,,,,,1000,69,0.20,0.02,107,Informational,"Image Pack, Reviews, Video, Related Searches","0.36,0.24,0.07,0.19,0.19,0.04,0.04,0.13,0.13,0.10,0.10,0.15",75,,
br,consular electronic application center,consul,,,,,1000,72,0.54,0.17,65,Navigational,"Video, People Also Ask, Related Searches","0.20,0.13,0.20,1.00,0.66,0.27,0.13,0.08,0.24,0.07,0.13,0.10",90,,
br,filtro consul purificador,consul,,,,,1000,23,0.14,1.00,158,Transactional,"Related Searches, AI Overview, Site Links, Reviews, Video, Popular Products","0.54,0.24,0.30,0.54,0.54,0.36,0.54,0.30,0.41,0.30,0.54,0.54",20,,
br,filtro para purificador consul,consul,,,,,1000,23,0.14,1.00,186,"Informational, Transactional","Related Searches, Image Pack, Site Links, People Also Ask, Popular Products","0.68,0.68,0.68,0.68,0.52,0.52,0.52,0.52,0.52,0.37,0.68,0.68",20,,
br,fogao consul 4 bocas mesa vidro,consul,,,,,1000,18,0.20,1.00,165,"Informational, Transactional","Knowledge Panel, Site Links, Image, Video Carousel, People Also Ask, Image Pack, Video, Popular Products, Related Searches","0.46,0.46,0.68,0.84,0.52,0.46,0.52,0.46,0.84,0.68,0.68,1.00",20,,
br,fogao inox consul,consul,,,,,1000,15,0.24,1.00,179,Transactional,"Site Links, Video, Image, Video Carousel, People Also Ask, Popular Products, Related Searches, Image Pack","0.44,0.44,0.44,0.44,0.44,0.44,0.34,0.24,0.24,0.34,0.34,0.34",20,,
br,fogão 4 bocas branco consul,consul,,,,,1000,20,0.18,1.00,164,Informational,"Site Links, Video, People Also Ask, Popular Products, Related Searches","0.20,0.20,0.24,0.27,0.27,0.36,0.36,0.27,0.27,0.24,0.27,0.27",20,,
br,fogão 4 bocas consul mesa de vidro,consul,,,,,1000,19,0.16,1.00,162,Informational,"Knowledge Panel, Image, People Also Ask, Image Pack, Site Links, Video, Video Carousel, Popular Products, Related Searches","0.34,0.30,0.30,0.34,0.34,0.34,0.55,0.44,0.55,0.34,0.44,0.34",20,,
br,fogão 4 bocas mesa de vidro consul,consul,,,,,1000,19,0.16,1.00,157,Informational,"Related Searches, Knowledge Panel, Image Pack, Site Links, Video, Video Carousel, People Also Ask, Popular Products","0.22,0.20,0.29,0.22,0.22,0.22,0.36,0.22,0.29,0.22,0.29,0.29",20,,
br,fogão com mesa de vidro consul,consul,,,,,1000,22,0.18,1.00,186,Informational,"Related Searches, AI Overview, Image Pack, Site Links, Video, Video Carousel, People Also Ask, Popular Products","0.22,0.08,0.20,0.08,0.29,0.36,0.43,0.29,0.20,0.22,0.20,0.16",20,,
br,fogão consul 4 bocas com mesa de vidro,consul,,,,,1000,26,0.16,1.00,159,Informational,"Site Links, Video, People Also Ask, Popular Products, Related Searches, AI Overview, Knowledge Panel, Image Pack","0.36,0.27,0.08,0.36,0.27,0.27,0.44,0.36,0.36,0.27,0.24,0.27",20,,
br,fogão consul branco 4 bocas,consul,,,,,1000,25,0.18,1.00,164,Informational,"Video, People Also Ask, Popular Products, Related Searches, AI Overview, Site Links","0.36,0.27,0.24,0.27,0.24,0.24,0.20,0.36,0.36,0.36,0.27,0.27",20,,
br,forno consul de embutir,consul,,,,,1000,22,0.20,1.00,163,Commercial,"People Also Ask, Popular Products, Related Searches, Image Pack, Site Links, Video Carousel","0.10,0.36,0.13,0.44,0.44,0.20,0.36,0.36,0.36,0.36,0.36,0.27",20,,
br,forno eletrico de embutir consul,consul,,,,,1000,17,0.20,1.00,160,"Informational, Transactional","Video Carousel, People Also Ask, Popular Products, Related Searches, Image Pack, Site Links, Reviews, Video","0.36,0.36,0.66,0.66,0.36,0.41,0.66,0.41,0.41,0.30,0.41,0.36",20,,
br,freezer 142 litros consul,consul,,,,,1000,29,0.20,1.00,170,"Informational, Transactional","People Also Ask, Popular Products, Related Searches, Knowledge Panel, Site Links, Reviews, Video","0.45,0.55,0.36,0.81,0.55,0.55,0.45,0.55,1.00,0.81,0.62,0.81",20,,
br,freezer vertical consul 121 litros,consul,,,,,1000,25,0.16,1.00,165,Informational,"Video, People Also Ask, Popular Products, Related Searches, Knowledge Panel, Image Pack, Site Links, Reviews","0.66,0.54,0.36,0.41,0.30,0.36,0.54,0.41,0.30,0.24,0.30,0.41",20,,
br,frigobar 120l consul,consul,,,,,1000,24,0.10,1.00,160,Commercial,"Related Searches, Image Pack, Site Links, Video, Popular Products","0.27,0.36,0.27,0.27,0.27,0.27,0.01,0.27,0.36,0.27,0.44,0.36",20,,
br,frigobar consul 117 litros,consul,,,,,1000,23,0.17,1.00,159,"Informational, Transactional","Image Pack, Site Links, Video Carousel, People Also Ask, Popular Products, Related Searches","0.36,0.30,0.30,0.41,0.41,0.41,0.66,0.41,0.54,0.41,0.66,0.54",20,,
br,frigobar consul 80 litros,consul,,,,,1000,26,0.09,1.00,160,Informational,"Image Pack, Site Links, Video, People Also Ask, Popular Products, Related Searches","0.30,0.30,0.41,0.54,0.54,0.54,0.36,0.41,0.54,0.41,0.36,0.41",20,,
br,frigobar consul 80 litros crc08cb,consul,,,,,1000,22,0.09,1.00,169,Informational,"Related Searches, AI Overview, Site Links, Reviews, Video, People Also Ask","0.68,0.46,0.16,0.46,0.52,0.46,0.52,0.52,0.52,0.52,0.52,0.52",20,,
br,gavetas geladeira consul,consul,,,,,1000,25,0.08,1.00,187,Transactional,"Image Pack, Site Links, Popular Products, Related Searches","0.76,0.76,0.76,0.76,0.76,0.76,0.76,0.76,1.00,0.76,0.76,0.76",20,,
br,geladeira 334 litros consul,consul,,,,,1000,20,0.25,1.00,165,"Informational, Transactional","Popular Products, Related Searches, Knowledge Panel, Image Pack, Site Links, Video Carousel, People Also Ask","0.36,0.36,0.24,0.30,0.66,0.36,0.54,0.66,0.66,0.54,0.54,0.54",20,,
br,geladeira 340 litros consul,consul,,,,,1000,23,0.18,1.00,161,"Informational, Transactional","Related Searches, AI Overview, Site Links, People Also Ask, Popular Products","0.08,0.24,0.04,0.02,0.19,0.05,0.05,0.07,0.08,0.04,0.08,0.13",20,,
br,geladeira consul 280 litros,consul,,,,,1000,25,0.09,1.00,172,Informational,"Popular Products, Related Searches, Image Pack, Site Links, Reviews, Video, People Also Ask","0.52,0.46,0.52,0.52,0.46,0.52,0.46,0.68,0.68,0.46,0.68,0.52",20,,
br,geladeira consul 340 litros frost free,consul,,,,,1000,25,0.17,1.00,164,Informational,"Related Searches, Knowledge Panel, Site Links, Adwords Bottom, People Also Ask, Popular Products","0.20,0.24,0.27,0.27,0.27,0.27,0.27,0.36,0.44,0.24,0.36,0.27",20,,
br,geladeira consul duas portas,consul,,,,,1000,29,0.16,1.00,184,Commercial,"Popular Products, Related Searches, Image Pack, Site Links, Reviews, Video, People Also Ask","0.62,0.55,0.62,0.62,0.55,0.62,0.81,0.81,0.81,0.81,0.81,1.00",20,,
br,geladeira consul frost free 300 litros,consul,,,,,1000,22,0.21,1.00,177,Commercial,"Site Links, People Also Ask, Popular Products, Related Searches","0.36,0.24,0.36,0.66,0.36,0.41,0.54,0.41,0.66,0.30,0.24,0.24",20,,
br,geladeira consul frost free bem estar,consul,,,,,1000,23,0.09,1.00,182,Informational,"Site Links, Video, People Also Ask, Popular Products, Related Searches, Image Pack","0.41,0.41,0.10,0.54,0.41,0.24,0.66,0.66,0.54,0.54,0.66,0.54",20,,
br,geladeira consul inox frost free,consul,,,,,1000,23,0.23,1.00,179,"Informational, Transactional","Popular Products, Related Searches, Image Pack, Site Links, Video, People Also Ask","0.00,0.00,0.07,0.08,0.07,0.19,0.35,0.05,0.08,0.19,0.35,0.44",20,,
br,geladeira consul magazine luiza,consul,,,,,1000,31,0.15,1.00,0,Navigational,"Image Pack, Site Links, People Also Ask, Popular Products, Related Searches","0.36,0.16,0.20,0.52,0.36,0.36,0.44,0.27,0.20,0.13,0.20,0.13",20,,
br,geladeira frost free facilite consul,consul,,,,,1000,23,0.11,1.00,158,Informational,"Site Links, Video, Video Carousel, People Also Ask, Popular Products, Related Searches, AI Overview","0.36,0.27,0.52,0.36,0.20,0.52,0.20,0.16,0.20,0.13,0.36,0.36",20,,
br,geladeira frost free inox consul,consul,,,,,1000,23,0.24,1.00,177,"Informational, Transactional","Related Searches, Image Pack, Site Links, Reviews, Video Carousel, People Also Ask, Popular Products","0.29,0.29,0.29,0.43,0.16,0.13,0.22,0.16,0.20,0.22,0.22,0.22",20,,
br,geladeira inox consul frost free,consul,,,,,1000,23,0.24,1.00,184,Transactional,"People Also Ask, Popular Products, Related Searches, Image Pack, Site Links, Reviews, Video, Video Carousel","0.15,0.15,0.10,0.24,0.13,0.13,0.10,0.15,0.24,0.19,0.19,0.24",20,,
br,geladeira magazine luiza consul,consul,,,,,1000,29,0.15,1.00,0,Navigational,"Image Pack, Site Links, People Also Ask, Popular Products, Related Searches","0.34,0.34,0.34,0.30,0.24,0.44,0.55,0.44,0.34,0.34,0.44,0.24",20,,
br,lavadora consul 9kg,consul,,,,,1000,24,0.19,1.00,162,Commercial,"Related Searches, Short Videos, Site Links, Video, Video Carousel, People Also Ask, Popular Products","0.16,0.24,0.29,0.24,0.24,0.18,0.18,0.24,0.04,0.13,0.18,0.24",20,,
br,maquina de lavar consul 9 kg,consul,,,,,1000,22,0.22,1.00,166,Commercial,"Video, Video Carousel, People Also Ask, Popular Products, Related Searches, AI Overview, Site Links","0.04,0.03,0.65,0.16,0.05,0.22,0.08,0.29,0.65,0.43,0.10,0.13",20,,
br,maquinas de lavar roupas consul,consul,,,,,1000,27,0.21,1.00,201,"Informational, Commercial","Reviews, People Also Ask, Popular Products, Related Searches, Short Videos, AI Overview, Site Links","0.15,0.13,0.08,0.15,0.15,0.15,0.28,0.13,0.19,0.13,0.10,0.24",20,,
br,micro ondas consul,consul,,,,,1000,24,0.14,1.00,180,"Informational, Transactional","Popular Products, Related Searches, AI Overview, Image Pack, Site Links, Video Carousel, People Also Ask","0.44,0.36,0.27,0.36,0.27,0.36,0.27,0.27,0.20,0.13,0.27,0.20",20,,
br,máquina consul,consul,,,,,1000,28,0.18,1.00,191,"Informational, Commercial","People Also Ask, Popular Products, Related Searches, Image Pack, Site Links, Video, Video Carousel","0.67,0.55,0.67,1.00,0.76,0.67,0.76,0.76,0.76,0.67,1.00,1.00",20,,
br,máquina consul 11kg,consul,,,,,1000,24,0.12,1.00,165,Commercial,"Related Searches, Image Pack, Site Links, Video, Video Carousel, People Also Ask, Popular Products","0.52,0.68,0.52,0.52,0.52,0.52,0.46,0.37,0.46,0.46,0.52,0.46",20,,
br,máquina de lavar 11kg consul,consul,,,,,1000,17,0.13,1.00,159,Commercial,"Popular Products, Related Searches, Image Pack, Site Links, Video, Video Carousel, People Also Ask","0.36,0.41,0.79,0.41,0.41,0.41,0.54,0.30,0.41,0.41,0.54,0.41",20,,
br,máquina de lavar consul 10kg,consul,,,,,1000,31,0.12,1.00,166,"Informational, Commercial","Related Searches, Image Pack, Site Links, Reviews, Video, People Also Ask, Popular Products","0.52,0.46,0.52,0.52,0.46,0.68,0.68,0.68,0.68,0.52,0.68,0.68",20,,
br,máquina de lavar consul 12 kg,consul,,,,,1000,21,0.18,1.00,181,"Informational, Transactional","Popular Products, Related Searches, Short Videos, Site Links, Video, Video Carousel, People Also Ask","0.10,0.15,0.10,0.15,0.13,0.10,0.15,0.36,0.19,0.15,0.13,0.24",20,,
br,máquina de lavar consul 13 kg,consul,,,,,1000,22,0.24,1.00,168,Commercial,"Video, Video Carousel, People Also Ask, Popular Products, Related Searches, Image Pack, Site Links","0.30,0.55,0.55,0.81,0.62,0.62,1.00,0.62,0.81,0.62,1.00,0.81",20,,
br,prateleira da geladeira consul,consul,,,,,1000,23,0.05,1.00,175,"Informational, Transactional","Related Searches, Image Pack, Site Links, Video, People Also Ask, Popular Products","0.62,0.36,0.24,0.45,0.30,0.55,0.81,0.81,1.00,0.81,0.81,0.81",20,,
br,prateleiras geladeira consul,consul,,,,,1000,21,0.05,1.00,170,Transactional,"Adwords Bottom, Popular Products, Related Searches, Site Links, Adwords Top","0.62,0.36,0.55,0.55,0.55,0.62,0.81,0.81,0.81,0.81,0.81,0.81",20,,
br,purificador de água consul cpc31ab,consul,,,,,1000,23,0.15,1.00,165,"Informational, Commercial","People Also Ask, Popular Products, Related Searches, Image Pack, Site Links, Reviews, Video, Video Carousel","0.54,0.54,0.54,0.54,0.41,0.36,0.54,0.36,0.36,0.30,0.30,0.24",20,,
br,refil consul purificador,consul,,,,,1000,20,0.14,1.00,192,"Informational, Transactional","People Also Ask, Popular Products, Related Searches, Short Videos, Image Pack, Site Links, Reviews, Video Carousel, Video","0.37,0.68,0.68,0.52,0.52,0.37,0.68,0.46,0.52,0.46,0.37,0.52",20,,
br,refil de filtro de agua consul,consul,,,,,1000,22,0.16,1.00,184,"Informational, Transactional","People Also Ask, Popular Products, Related Searches, Image Pack, Site Links, Video","0.81,0.62,0.62,0.81,0.55,0.62,0.81,0.20,0.62,0.62,0.62,0.62",20,,
br,refil filtro de agua consul,consul,,,,,1000,21,0.16,1.00,169,"Informational, Transactional","Image Pack, Site Links, Video, Related Searches","0.81,0.62,0.81,0.62,0.45,0.81,0.62,0.36,1.00,0.81,0.55,0.81",20,,
br,refil para filtro de agua consul,consul,,,,,1000,21,0.16,1.00,166,Transactional,"Popular Products, Related Searches, Local Pack, Site Links, People Also Ask","1.00,0.76,0.76,1.00,0.55,0.76,0.76,0.45,0.76,0.76,0.76,0.76",20,,
br,refrigerador consul 120 litros,consul,,,,,1000,26,0.10,1.00,161,Informational,"Video, People Also Ask, Popular Products, Related Searches, Image Pack, Site Links","0.20,0.44,0.13,0.55,0.34,0.30,0.55,0.44,0.34,0.34,0.65,0.34",20,,
br,refrigerador consul frost free 300,consul,,,,,1000,19,0.21,1.00,166,Commercial,"Knowledge Panel, Site Links, People Also Ask, Popular Products, Related Searches, AI Overview","0.54,0.24,0.36,0.54,0.54,0.54,0.66,0.54,0.54,0.41,0.41,0.30",20,,
br,rua consul orestes corrêa,consul,,,,,1000,21,0.00,0.04,108,Informational,"Reviews, Video, Related Searches","0.76,0.76,1.00,0.67,1.00,1.00,1.00,1.00,0.67,0.76,1.00,0.76",90,,
br,símbolos controle ar condicionado consul funções,consul,,,,,1000,22,0.00,0.33,101,Informational,"Video Carousel, People Also Ask, Related Searches, Short Videos, AI Overview, Site Links, Reviews, Video","0.54,0.79,0.54,0.36,0.36,0.36,0.36,0.79,0.41,0.36,0.36,0.24",20,,
br,u.s. consulate general in sao paulo,consul,,,,,1000,34,0.00,0.00,112,Informational,"Local Pack, Video, People Also Ask, Related Searches","0.00,0.44,0.65,0.65,1.00,0.00,0.44,0.00,0.65,0.00,0.00,0.00",90,,
br,ar condicionado consul 12000 btus,consul,,,,,880,24,0.11,1.00,162,Commercial,"Site Links, Reviews, Video, Video Carousel, People Also Ask, Popular Products, Related Searches","0.08,0.10,0.10,0.13,0.18,0.10,0.29,0.35,0.16,0.13,0.13,0.13",20,,
br,ar condicionado consul 9000 btu,consul,,,,,880,19,0.09,1.00,163,Commercial,"Image Pack, Site Links, Video, Video Carousel, People Also Ask, Popular Products, Related Searches","0.13,0.13,0.08,0.13,0.20,0.20,0.16,0.22,0.36,0.20,0.20,0.05",20,,
br,ar condicionado consul portatil,consul,,,,,880,27,0.07,1.00,145,"Informational, Transactional","Image Pack, Site Links, Reviews, Video, Video Carousel, People Also Ask, Popular Products, Related Searches","0.05,0.03,0.03,0.07,0.07,0.07,0.08,0.29,0.19,0.10,0.08,0.07",20,,
br,autorizada consul peças,consul,,,,,880,21,0.09,0.80,162,Transactional,"Site Links, Reviews, Video, Related Searches","0.36,0.36,0.41,0.30,0.30,0.30,0.24,0.36,0.41,0.36,0.36,0.30",20,,
br,consul ar condicionado 9000 btus,consul,,,,,880,19,0.09,1.00,161,Transactional,"AI Overview, Site Links, Video, Video Carousel, People Also Ask, Popular Products, Related Searches","0.08,0.08,0.07,0.10,0.19,0.07,0.19,0.28,0.24,0.13,0.10,0.01",20,,
br,consul assistencia,consul,,,,,880,25,0.22,0.46,106,"Navigational, Transactional","Reviews, People Also Ask, Related Searches, Site Links","0.55,0.55,0.62,0.55,0.45,0.45,0.55,0.62,0.55,0.36,0.45,0.55",20,,
br,consul assistência técnica,consul,,,,,880,24,0.23,0.53,107,Navigational,"Local Pack, Site Links, Reviews, People Also Ask, Related Searches","0.24,0.36,0.20,0.30,0.36,0.24,0.54,0.36,0.36,0.36,0.41,0.54",20,,
br,consul bem estar climatizador,consul,,,,,880,25,0.07,1.00,178,Informational,"Image Pack, Site Links, Video, Video Carousel, People Also Ask, Popular Products, Related Searches","0.05,0.07,0.07,0.05,0.10,0.07,0.10,0.35,0.16,0.08,0.07,0.04",20,,
br,consul cervejeira medidas,consul,,,,,880,30,0.09,1.00,160,Informational,"Related Searches, AI Overview, Image Pack, Site Links, Video, People Also Ask, Popular Products","0.54,0.36,0.30,0.54,0.41,0.54,0.00,0.66,0.66,0.00,0.01,0.00",20,,
br,consul cooktop,consul,,,,,880,24,0.12,1.00,176,Commercial,"Related Searches, Adwords Middle, Image Pack, Reviews, Adwords Top, Video Carousel, AI Overview, Site Links, Video, People Also Ask, Popular Products","0.24,0.05,0.20,0.52,0.44,0.44,0.20,0.27,0.44,0.07,0.16,0.27",20,,
br,consul cpc31ab,consul,,,,,880,26,0.15,1.00,160,Informational,"AI Overview, Site Links, Reviews, Video, Video Carousel, People Also Ask, Popular Products, Related Searches","0.67,0.76,1.00,1.00,0.76,1.00,1.00,0.55,0.30,0.30,0.36,0.36",20,,
br,consul crd37,consul,,,,,880,20,0.12,1.00,165,Informational,"Site Links, Video Carousel, People Also Ask, Popular Products, Related Searches, AI Overview","0.62,0.55,0.45,0.55,0.45,0.62,0.36,0.55,0.81,0.45,0.36,0.55",20,,
br,consul cupom,consul,,,,,880,27,0.57,1.00,162,Transactional,"AI Overview, Site Links, Reviews, Video, People Also Ask, Related Searches","0.16,0.13,0.13,0.13,0.10,0.16,0.24,0.13,0.10,0.10,0.18,0.16",20,,
br,consul fogao,consul,,,,,880,24,0.21,1.00,177,"Informational, Transactional","Video, People Also Ask, Popular Products, Related Searches, Image Pack, Site Links","0.13,0.20,0.13,0.20,0.27,0.20,0.20,0.16,0.16,1.00,0.20,0.20",20,,
br,consul logo,consul,,,,,880,27,1.10,0.02,159,Navigational,"Site Links, Image, People Also Ask, Related Searches, Image Pack","1.00,0.81,1.00,1.00,0.81,1.00,1.00,0.36,0.44,0.36,0.44,0.44",20,,
br,consul purificador de agua,consul,,,,,880,22,0.37,1.00,197,"Navigational, Transactional","Related Searches, Short Videos, Image Pack, Site Links, Video, Video Carousel, Popular Products","0.03,0.03,0.03,0.03,0.04,0.03,0.05,0.03,0.05,0.04,0.04,0.04",20,,
br,filtro agua consul,consul,,,,,880,25,0.22,1.00,180,"Informational, Transactional","Site Links, Reviews, Video Carousel, Short Videos, Image Pack, Video, People Also Ask, Popular Products, Related Searches","0.55,0.55,0.55,0.55,0.55,0.55,0.76,0.76,0.76,0.67,0.55,0.55",20,,
br,filtro consul agua gelada,consul,,,,,880,30,0.17,1.00,164,"Informational, Transactional","Related Searches, AI Overview, Image Pack, Site Links, Reviews, Video, Video Carousel, People Also Ask","0.55,0.36,0.36,0.36,0.36,0.55,0.62,0.62,0.62,0.62,0.62,0.55",20,,
br,filtro consul gela facil,consul,,,,,880,26,0.14,1.00,211,"Informational, Transactional","Image Pack, Site Links, Video, Video Carousel, People Also Ask, Popular Products, Related Searches, AI Overview","0.55,0.55,0.55,0.67,0.67,0.67,0.76,0.67,1.00,0.67,0.76,0.67",20,,
br,fogoes 6 bocas consul,consul,,,,,880,23,0.15,1.00,171,Transactional,"Site Links, Video, People Also Ask, Related Searches","0.00,0.00,0.54,0.36,0.00,0.00,1.00,0.54,0.00,0.00,0.00,0.00",20,,
br,fogão 4 bocas consul com mesa de vidro,consul,,,,,880,20,0.16,1.00,176,Informational,"Image Pack, Site Links, Video, Popular Products, Related Searches, AI Overview","0.36,0.07,0.02,0.05,0.22,0.10,0.13,0.13,0.22,0.16,0.22,0.16",20,,
br,fogão cooktop 5 bocas consul,consul,,,,,880,21,0.09,1.00,169,"Informational, Commercial","Site Links, Image, Video Carousel, People Also Ask, Popular Products, Related Searches","0.20,0.16,0.22,0.22,0.22,0.20,0.22,0.16,0.20,0.13,0.16,0.16",20,,
br,forno a gas de embutir consul,consul,,,,,880,22,0.16,1.00,161,Informational,"Site Links, Video, Video Carousel, People Also Ask, Popular Products, Related Searches, Image Pack","0.36,0.36,0.54,0.36,0.36,0.36,0.41,0.24,0.24,0.30,0.30,0.24",20,,
br,forno consul eletrico,consul,,,,,880,24,0.17,1.00,166,Informational,"People Also Ask, Popular Products, Related Searches, AI Overview, Image Pack, Site Links, Video, Video Carousel","0.30,0.30,0.24,0.24,0.34,0.24,0.24,0.34,0.34,0.30,0.34,0.44",20,,
br,forno eletrico consul de embutir,consul,,,,,880,16,0.20,1.00,161,Informational,"Site Links, Video, Video Carousel, People Also Ask, Related Searches, AI Overview","0.44,0.44,0.34,0.44,0.34,0.24,0.34,0.08,0.16,0.24,0.30,0.30",20,,
br,forno embutir a gas consul,consul,,,,,880,20,0.16,1.00,160,Informational,"Site Links, Video, Video Carousel, People Also Ask, Related Searches, AI Overview","0.52,0.52,0.52,0.46,0.31,0.37,0.52,0.52,0.37,0.31,0.37,0.31",20,,
br,freezer consul horizontal,consul,,,,,880,18,0.22,1.00,185,Informational,"Reviews, Video, Video Carousel, People Also Ask, Popular Products, Related Searches, Image Pack, Site Links","0.16,0.16,0.16,0.20,0.16,0.20,0.22,0.43,0.22,0.16,0.22,0.81",20,,
br,freezer vertical consul 142 litros,consul,,,,,880,16,0.17,1.00,168,Informational,"AI Overview, Image Pack, Site Links, People Also Ask, Popular Products, Related Searches","0.24,0.36,0.24,0.20,0.24,0.16,0.44,0.20,0.24,0.20,0.20,0.36",20,,
br,freezer vertical consul 231 litros,consul,,,,,880,25,0.18,1.00,163,Informational,"Knowledge Panel, Image Pack, Site Links, Video Carousel, People Also Ask, Popular Products, Related Searches","0.30,0.30,0.30,0.24,0.24,0.24,0.34,0.30,0.44,0.24,0.34,0.24",20,,
br,freezer vertical consul 246 litros menor preço,consul,,,,,880,19,0.13,1.00,163,Transactional,"Reviews, Video, People Also Ask, Popular Products, Related Searches, Site Links","0.55,0.67,0.55,0.55,0.55,0.55,0.67,0.76,0.76,0.67,0.76,0.55",20,,
br,frigobar 117 litros consul,consul,,,,,880,28,0.17,1.00,163,"Informational, Transactional","Site Links, Video, Popular Products, Related Searches, Knowledge Panel, Image Pack","0.46,0.37,0.20,0.37,0.52,0.20,0.31,0.46,0.68,0.46,0.68,0.46",20,,
br,frigobar consul 76 litros,consul,,,,,880,23,0.16,1.00,162,Informational,"Site Links, Video, Popular Products, Related Searches, Knowledge Panel, Image Pack","0.46,0.37,0.37,0.37,0.46,0.46,0.68,0.37,0.52,0.37,0.46,0.37",20,,
br,frigobar da consul,consul,,,,,880,30,0.13,1.00,162,"Informational, Transactional","Related Searches, Image Pack, Site Links, Adwords Bottom, Video Carousel, People Also Ask, Popular Products","0.12,0.05,0.10,0.08,0.04,0.12,0.16,0.04,0.05,0.05,0.08,0.23",20,,
br,geladeira 2 portas consul,consul,,,,,880,23,0.20,1.00,166,Informational,"Reviews, People Also Ask, Related Searches, AI Overview, Image Pack, Site Links","0.46,0.46,0.37,0.46,0.37,0.37,0.46,0.46,0.46,0.31,0.37,0.37",20,,
br,geladeira 280 litros consul,consul,,,,,880,26,0.09,1.00,174,Informational,"Image Pack, Site Links, Reviews, Video, People Also Ask, Popular Products, Related Searches","0.46,0.37,0.31,0.46,0.25,0.37,0.68,0.68,0.52,0.52,0.68,0.52",20,,
br,geladeira consul 300 litros,consul,,,,,880,24,0.21,1.00,203,"Informational, Transactional","Site Links, Video, Image, People Also Ask, Popular Products, Related Searches, Image Pack","0.36,0.30,0.30,0.30,0.30,0.36,0.41,0.54,0.41,0.41,0.30,0.36",20,,
br,geladeira consul 300 litros frost free,consul,,,,,880,22,0.21,1.00,184,Informational,"People Also Ask, Popular Products, Related Searches, AI Overview, Site Links","0.46,0.31,0.46,0.46,0.37,0.25,0.52,0.37,0.52,0.31,0.37,0.31",20,,
br,geladeira consul 455 litros,consul,,,,,880,23,0.16,1.00,192,Commercial,"Short Videos, Adwords Bottom, People Also Ask, Related Searches, Image Pack, Site Links, Video, Video Carousel, Popular Products","0.00,0.00,0.00,0.00,0.01,0.16,0.54,0.54,0.54,0.66,0.81,1.00",20,,
br,geladeira consul bem estar frost free,consul,,,,,880,17,0.09,1.00,175,Informational,"Video Carousel, People Also Ask, Popular Products, Related Searches, Image Pack, Site Links","0.46,0.37,0.37,0.52,0.46,0.37,0.52,0.52,0.52,0.52,0.37,0.52",20,,
br,geladeira consul crm56fb frost free duplex 451 litros,consul,,,,,880,24,0.22,1.00,169,Informational,"Knowledge Panel, Image Pack, Site Links, Video Carousel, People Also Ask, Related Searches, AI Overview","0.62,0.55,0.55,0.55,0.55,0.55,0.62,0.45,0.36,0.36,0.20,0.20",20,,
br,geladeira consul facilite,consul,,,,,880,20,0.13,1.00,172,"Informational, Commercial","Video, Video Carousel, People Also Ask, Popular Products, Related Searches, Image Pack, Site Links, Reviews","0.41,0.41,0.36,0.30,0.30,0.30,0.36,0.30,0.54,0.36,0.41,0.36",20,,
br,geladeira consul frost free 386 litros,consul,,,,,880,25,0.16,1.00,164,"Informational, Transactional","Site Links, Video, People Also Ask, Popular Products, Related Searches, Knowledge Panel, Image Pack","0.29,0.22,0.22,0.22,0.22,0.20,0.20,0.13,0.13,0.08,0.10,0.08",20,,
br,geladeira consul simples,consul,,,,,880,35,0.14,1.00,214,Informational,"Image Pack, Site Links, Reviews, People Also Ask, Popular Products, Related Searches","0.34,0.34,0.34,0.30,0.30,0.20,0.34,0.13,0.20,0.20,0.30,0.20",20,,
br,geladeira frost free consul bem estar,consul,,,,,880,22,0.09,1.00,161,Informational,"People Also Ask, Popular Products, Related Searches, AI Overview, Image Pack, Site Links, Video, Video Carousel","0.30,0.24,0.24,0.30,0.30,0.30,0.41,0.54,0.41,0.30,0.36,0.36",20,,
br,maquina de lavar 10kg consul,consul,,,,,880,29,0.12,1.00,165,"Informational, Transactional","Site Links, Reviews, Video, People Also Ask, Popular Products, Related Searches","0.46,0.52,0.31,0.52,0.20,0.31,0.68,0.25,0.68,0.68,0.52,0.52",20,,
br,maquina de lavar da consul 11kg,consul,,,,,880,22,0.13,1.00,168,"Informational, Commercial","Related Searches, Short Videos, AI Overview, Site Links, Video, Video Carousel, People Also Ask, Popular Products","0.66,0.54,0.79,0.00,0.24,0.54,0.41,0.13,0.30,0.00,0.00,0.41",20,,
br,maquinas de lavar consul 15kg,consul,,,,,880,17,0.18,1.00,164,Commercial,"Video, Video Carousel, People Also Ask, Popular Products, Related Searches, Short Videos, Site Links","0.00,0.00,0.52,0.00,0.00,0.00,1.00,0.66,0.66,0.00,0.00,0.00",20,,
br,maquinas de lavar consul 9kg,consul,,,,,880,24,0.18,1.00,159,Informational,"Site Links, Video, Video Carousel, People Also Ask, Popular Products, Related Searches, AI Overview","0.82,0.55,0.65,0.00,0.00,0.00,0.82,0.00,0.55,0.00,0.00,0.00",20,,
br,microondas 20 litros consul,consul,,,,,880,23,0.13,1.00,167,"Informational, Transactional","People Also Ask, Popular Products, Related Searches, Image Pack, Site Links, Video Carousel","0.41,0.41,0.36,0.30,0.30,0.30,0.54,0.20,0.36,0.30,0.30,0.36",20,,
br,minha geladeira consul frost free não está gelando embaixo,consul,,,,,880,30,0.34,0.11,109,Informational,"People Also Ask, Related Searches, Short Videos, AI Overview, Video","0.36,0.36,0.45,0.45,0.36,0.45,0.55,1.00,0.81,0.62,0.55,0.55",90,,
br,máquina de lavar 9kg consul,consul,,,,,880,23,0.20,1.00,162,Commercial,"Video, Video Carousel, People Also Ask, Popular Products, Related Searches, Short Videos, Site Links","0.81,0.62,0.55,0.55,0.55,0.45,0.55,0.36,0.36,0.45,0.55,0.55",20,,
br,máquina de lavar consul 15 kg,consul,,,,,880,19,0.18,1.00,161,"Informational, Commercial","Video, Video Carousel, People Also Ask, Popular Products, Related Searches, AI Overview, Image Pack, Site Links","0.36,0.30,0.66,0.24,0.30,0.30,0.41,0.30,0.36,0.30,0.30,0.79",20,,
br,máquina de lavar roupa 12kg consul,consul,,,,,880,22,0.23,1.00,164,Informational,"Video Carousel, People Also Ask, Popular Products, Related Searches, Short Videos, Site Links, Video","0.24,0.20,0.24,0.30,0.24,0.24,0.44,0.30,0.34,0.30,0.24,0.30",20,,
br,máquinas de lavar roupa consul,consul,,,,,880,21,0.21,1.00,205,"Informational, Commercial","Image Pack, Video, Related Searches, Short Videos, AI Overview, Site Links, Reviews, People Also Ask, Popular Products","0.10,0.10,0.08,0.15,0.15,0.15,0.28,0.13,0.19,0.00,0.10,0.24",20,,
br,o que e consul,consul,,,,,880,15,0.00,0.00,104,Informational,"People Also Ask, Related Searches, AI Overview, Video","0.36,0.36,0.20,0.20,0.20,0.20,0.20,0.16,0.20,0.13,0.16,0.16",90,,
br,pes para geladeira consul,consul,,,,,880,23,0.09,1.00,167,"Informational, Transactional","People Also Ask, Popular Products, Related Searches, Site Links, Reviews, Video","0.30,0.36,0.24,0.36,0.24,0.36,0.41,0.54,0.54,0.54,0.54,0.54",20,,
br,peças geladeira consul,consul,,,,,880,26,0.09,1.00,192,"Navigational, Commercial","Image Pack, Site Links, People Also Ask, Popular Products, Related Searches","0.20,0.30,0.30,0.30,0.30,0.24,0.24,0.34,0.44,0.30,0.30,0.30",20,,
br,peças para geladeira consul,consul,,,,,880,18,0.09,1.00,175,"Informational, Commercial","Image, People Also Ask, Popular Products, Related Searches, Image Pack, Site Links","0.46,0.46,0.46,0.52,0.52,0.37,0.31,0.46,0.84,0.46,0.46,0.52",20,,
br,prateleira geladeira consul,consul,,,,,880,21,0.05,1.00,185,"Informational, Transactional","Related Searches, Image Pack, Site Links, Popular Products","0.45,0.45,0.67,0.67,0.67,0.67,0.76,0.76,1.00,0.76,0.76,0.76",20,,
br,purificador consul cpb34as,consul,,,,,880,30,0.13,1.00,166,Informational,"Site Links, Video, Video Carousel, People Also Ask, Popular Products, Related Searches","0.37,0.31,0.31,0.37,0.46,0.46,0.52,0.46,0.52,0.46,0.52,0.52",20,,
br,purificador de água consul cpb33af,consul,,,,,880,29,0.17,1.00,164,"Informational, Transactional","Video, Video Carousel, People Also Ask, Related Searches, Knowledge Panel, Image Pack, Site Links, Reviews","0.41,0.41,0.30,0.30,0.30,0.36,0.54,0.24,0.36,0.20,0.36,0.16",20,,
br,purificador de água consul cpb34as,consul,,,,,880,27,0.14,1.00,164,"Informational, Commercial","People Also Ask, Popular Products, Related Searches, AI Overview, Site Links, Reviews, Video, Video Carousel","0.37,0.37,0.25,0.31,0.37,0.52,0.68,0.52,0.68,0.46,0.68,0.52",20,,
br,refil do purificador consul,consul,,,,,880,29,0.14,1.00,162,"Informational, Transactional","Image Pack, Site Links, Reviews, Video, People Also Ask, Popular Products, Related Searches","0.37,0.46,0.31,0.37,0.52,0.52,0.46,0.52,0.68,0.52,0.52,0.52",20,,
br,refrigerador consul crd37,consul,,,,,880,24,0.12,1.00,163,"Informational, Transactional","Video, Video Carousel, People Also Ask, Related Searches, Knowledge Panel, Image Pack, Site Links","0.55,0.55,0.62,0.55,0.45,0.55,0.62,0.45,0.55,0.36,0.62,0.55",20,,
br,sac consul,consul,,,,,880,27,0.12,0.21,166,Navigational,"Related Searches, Site Links, People Also Ask","0.45,0.36,0.45,0.45,0.62,0.62,0.62,0.55,0.62,0.81,0.55,0.81",20,,
br,sensor de temperatura geladeira consul,consul,,,,,880,29,0.02,1.00,170,"Informational, Transactional","Image Pack, Site Links, Video, Video Carousel, People Also Ask, Popular Products, Related Searches","0.72,0.88,1.00,1.00,0.72,1.00,0.59,1.00,1.00,0.72,0.72,0.59",20,,
br,sensores da geladeira consul,consul,,,,,880,23,0.02,1.00,170,Commercial,"Popular Products, Related Searches, Site Links, Video, Video Carousel, People Also Ask","0.72,0.59,0.88,0.72,0.88,0.72,0.72,1.00,0.88,0.72,0.72,0.72",20,,
br,telefone da assistência técnica da consul,consul,,,,,880,30,0.21,0.35,106,Informational,"People Also Ask, Related Searches, Reviews, Featured Snippet","0.45,0.45,0.45,0.45,0.55,0.45,0.45,0.55,0.62,0.55,0.55,0.45",80,,
br,ar condicionado 7500 btus consul,consul,,,,,720,24,0.12,1.00,167,"Informational, Transactional","Site Links, Video, People Also Ask, Popular Products, Related Searches, Image Pack","0.16,0.16,0.16,0.20,0.31,0.25,0.37,1.00,1.00,0.25,0.25,0.20",20,,
br,ar condicionado 9000 btu consul,consul,,,,,720,15,0.09,1.00,165,Transactional,"Video Carousel, People Also Ask, Related Searches, AI Overview, Site Links, Video","0.10,0.16,0.08,0.16,0.27,0.20,0.16,0.27,0.36,0.27,0.20,0.01",20,,
br,ar condicionado consul bem estar,consul,,,,,720,17,0.09,0.96,160,Informational,"People Also Ask, Related Searches, AI Overview, Image Pack, Site Links, Reviews, Video","0.20,0.24,0.20,0.16,0.30,0.24,0.24,0.55,0.30,0.16,0.20,0.16",20,,
br,ar condicionado janela 10000 btus consul,consul,,,,,720,14,0.21,1.00,161,Transactional,"Site Links, Popular Products, Related Searches","0.08,0.05,0.08,0.13,0.10,0.13,0.24,0.52,0.66,0.24,0.16,0.13",20,,
br,ar condicionado portátil da consul,consul,,,,,720,22,0.07,1.00,107,"Informational, Transactional","Image Pack, Site Links, Video, Video Carousel, People Also Ask, Popular Products, Related Searches","0.01,0.01,0.02,0.00,0.05,0.07,0.03,0.04,0.07,0.04,0.03,0.02",20,,
br,assistencia tecnica autorizada consul,consul,,,,,720,11,0.25,0.52,106,Navigational,"Site Links, Reviews, People Also Ask, Related Searches","0.37,0.31,0.16,0.16,0.25,0.25,0.52,0.68,1.00,0.25,0.37,0.52",20,,
br,assistencia tecnica consul perto de mim,consul,,,,,720,27,0.31,0.60,50,"Navigational, Transactional","Local Pack, People Also Ask, Related Searches","0.20,0.55,0.62,0.30,0.45,0.55,0.30,0.55,0.36,0.55,0.62,0.45",90,,
br,assistencia técnica consul,consul,,,,,720,18,0.29,0.56,108,Navigational,"Site Links, Reviews, People Also Ask, Related Searches, Local Pack","0.10,0.03,0.03,0.03,0.04,0.03,0.08,0.04,0.07,0.16,0.13,0.02",20,,
br,assistência da consul,consul,,,,,720,18,0.22,0.46,2270000,Navigational,"People Also Ask, Related Searches, Local Pack","0.24,0.30,0.20,0.20,0.30,0.20,0.20,0.41,0.41,0.36,0.30,0.36",90,,
br,bebedouro de agua consul,consul,,,,,720,19,0.13,1.00,201,Informational,"Image Pack, Site Links, Video, Video Carousel, People Also Ask, Popular Products, Related Searches","0.55,0.36,0.36,0.36,0.45,0.55,0.62,0.55,0.62,0.45,0.36,0.36",20,,
br,bem estar consul,consul,,,,,720,29,0.16,1.00,161,Informational,"Related Searches, Image Pack, Reviews, Video, Video Carousel, People Also Ask","0.16,0.24,0.16,0.20,0.20,0.24,0.24,0.44,0.34,0.20,0.24,0.20",90,,
br,benghazi consulate,consul,,,,,720,50,0.00,0.33,148,"Informational, Transactional","Knowledge Panel, Site Links, Video, Video Carousel, People Also Ask, Related Searches","0.24,0.16,0.13,0.16,0.20,0.20,0.44,0.34,0.34,0.34,0.44,0.34",20,,
br,borracha de geladeira consul,consul,,,,,720,15,0.03,1.00,173,Informational,"Image Pack, Site Links, Video Carousel, People Also Ask, Popular Products, Related Searches, AI Overview","0.37,0.37,0.37,0.31,0.37,0.37,0.37,0.37,0.37,0.31,0.37,0.31",20,,
br,brastemp consul,consul,,,,,720,33,0.20,0.89,162,Commercial,"Popular Products, Related Searches, Image Pack, Site Links, Video, Video Carousel, People Also Ask","0.72,0.59,0.72,0.72,0.72,0.72,0.72,0.72,0.88,0.72,0.72,1.00",20,,
br,cnpj consul,consul,,,,,720,27,0.86,0.01,104,Informational,"People Also Ask, Related Searches, AI Overview","0.45,0.55,0.67,0.67,0.55,0.55,0.55,0.55,0.67,0.55,0.67,0.67",75,,
br,consul 11 kilos,consul,,,,,720,19,0.12,1.00,174,Commercial,"Related Searches, Image Pack, Site Links, Video, Video Carousel, People Also Ask, Popular Products","0.55,0.76,0.24,0.55,0.24,0.36,0.76,0.55,0.67,0.76,0.76,0.76",20,,
br,consul 13kg,consul,,,,,720,24,0.24,1.00,163,Informational,"People Also Ask, Popular Products, Related Searches, Image Pack, Site Links, Video, Adwords Bottom, Video Carousel","0.04,0.72,0.88,0.72,0.59,0.48,0.88,0.72,0.72,1.00,0.72,0.59",20,,
br,consul ar condicionado 7500,consul,,,,,720,17,0.14,1.00,160,Transactional,"Popular Products, Related Searches, AI Overview, Image Pack, Site Links, Video Carousel, People Also Ask","0.00,0.00,0.10,0.10,0.15,0.19,0.24,0.01,0.43,0.00,0.00,0.19",20,,
br,consul ar condicionado bem estar,consul,,,,,720,16,0.10,0.95,160,"Informational, Commercial","Image Pack, Site Links, Video, Video Carousel, Popular Products, Related Searches, AI Overview, Adwords Bottom, People Also Ask","0.20,0.30,0.16,0.20,0.36,0.30,0.24,0.36,0.41,0.24,0.30,0.16",20,,
br,consul ar condicionado inverter,consul,,,,,720,27,0.15,1.00,169,"Informational, Transactional","Site Links, Reviews, Video Carousel, People Also Ask, Popular Products, Related Searches","0.13,0.08,0.04,0.10,0.10,0.10,0.20,0.52,0.52,0.27,0.01,0.01",20,,
br,consul ar condicionado portatil,consul,,,,,720,22,0.07,1.00,161,"Informational, Commercial","Image Pack, Site Links, People Also Ask, Popular Products, Related Searches, AI Overview, Reviews, Video, Video Carousel","0.08,0.05,0.03,0.05,0.08,0.10,0.15,0.19,0.24,0.15,0.10,0.08",20,,
br,consul ar condicionado portátil,consul,,,,,720,21,0.07,1.00,164,Commercial,"Reviews, Video, Video Carousel, Popular Products, Related Searches, Image Pack, Adwords Bottom, People Also Ask, Site Links","0.02,0.02,0.03,0.01,0.05,0.04,0.03,0.03,0.04,0.04,0.04,0.03",20,,
br,consul assistencia tecnica,consul,,,,,720,15,0.23,0.53,107,Navigational,"People Also Ask, Related Searches, Adwords Bottom","0.25,0.16,0.46,0.31,0.37,0.25,0.25,0.52,0.46,0.52,0.25,0.37",90,,
br,consul bem estar ar condicionado,consul,,,,,720,16,0.09,0.96,161,Informational,"People Also Ask, Related Searches, AI Overview, Image Pack, Site Links, Reviews, Video","0.24,0.30,0.30,0.20,0.41,0.30,0.30,0.66,0.41,0.24,0.30,0.20",20,,
br,consul bem estar frost free,consul,,,,,720,27,0.10,1.00,194,Informational,"Video Carousel, People Also Ask, Popular Products, Related Searches, Image Pack, Site Links, Video","0.72,0.72,0.72,0.72,0.39,0.72,0.88,0.88,0.88,0.72,0.59,0.72",20,,
br,consul bem estar geladeira,consul,,,,,720,23,0.08,1.00,164,Informational,"Image Pack, Site Links, Video, People Also Ask, Popular Products, Related Searches","0.24,0.30,0.16,0.20,0.44,0.20,0.20,0.44,0.44,0.44,0.30,0.34",20,,
br,consul brastemp,consul,,,,,720,36,0.20,0.89,160,Commercial,"Site Links, Video, Video Carousel, People Also Ask, Popular Products, Related Searches, AI Overview","0.72,0.48,0.88,0.72,0.59,0.88,1.00,0.88,0.88,0.59,0.59,0.88",20,,
br,consul controle remoto ar condicionado,consul,,,,,720,22,0.06,1.00,161,Informational,"Video Carousel, People Also Ask, Popular Products, Related Searches, AI Overview, Site Links, Reviews, Video","0.16,0.16,0.13,0.11,0.20,0.24,0.24,0.55,0.34,0.24,0.20,0.20",20,,
br,consul e brastemp,consul,,,,,720,24,0.20,0.89,165,Navigational,"Popular Products, Related Searches, AI Overview, Site Links, Video, Video Carousel, People Also Ask","0.72,0.59,0.72,0.59,0.59,0.59,0.59,0.59,0.88,0.88,0.88,0.88",20,,
br,consul microondas inox,consul,,,,,720,22,0.15,1.00,172,"Informational, Transactional","Popular Products, Related Searches, Site Links, Reviews, Video, People Also Ask","0.41,0.36,0.54,0.36,0.20,0.30,0.16,0.20,0.13,0.16,0.24,0.24",20,,
br,consula,consul,,,,,720,82,0.00,0.01,108,Informational,"Reviews, People Also Ask, Related Searches, AI Overview","0.30,0.24,0.34,0.30,0.20,0.20,0.16,0.16,0.16,0.16,0.24,0.34",60,,
br,consula cep,consul,,,,,720,34,0.17,0.33,106,Navigational,"Site Links, Related Searches","0.30,0.24,0.20,0.30,0.24,0.05,0.45,0.62,0.55,0.81,1.00,1.00",20,,
br,controle remoto ar condicionado consul,consul,,,,,720,17,0.06,1.00,171,Informational,"AI Overview, Image Pack, Site Links, Reviews, Video Carousel, People Also Ask, Popular Products, Related Searches","0.20,0.24,0.20,0.13,0.24,0.30,0.30,0.66,0.41,0.30,0.20,0.24",20,,
br,crd37 consul,consul,,,,,720,24,0.12,1.00,167,Informational,"Knowledge Panel, Image Pack, Site Links, Video Carousel, People Also Ask, Related Searches, AI Overview","0.55,0.45,0.55,0.55,0.36,0.45,0.55,0.45,0.55,0.36,0.55,0.55",20,,
br,etiqueta consul,consul,,,,,720,24,0.00,0.33,170,"Informational, Commercial","Video, People Also Ask, Popular Products, Image Pack, Site Links","0.00,0.00,0.00,0.00,0.00,0.00,0.00,0.10,0.36,0.81,0.81,1.00",20,,
br,feminino de consul,consul,,,,,720,23,0.00,0.33,103,Informational,"Video, People Also Ask, Related Searches, AI Overview","0.36,0.27,0.01,0.36,0.20,0.20,0.10,0.03,0.03,0.10,0.20,0.20",90,,
br,filtro agua gelada consul,consul,,,,,720,27,0.17,1.00,191,"Navigational, Transactional","Video, Video Carousel, People Also Ask, Popular Products, Related Searches, Image Pack, Site Links","0.45,0.36,0.36,0.36,0.30,0.45,0.67,0.76,0.76,0.76,0.76,0.76",20,,
br,filtro bem estar consul,consul,,,,,720,22,0.10,1.00,165,Informational,"Video Carousel, People Also Ask, Popular Products, Related Searches, Image Pack, Site Links","0.55,0.45,0.55,0.55,0.45,0.45,0.55,0.55,0.55,0.45,0.45,0.36",20,,
br,filtro consul cpb34,consul,,,,,720,18,0.19,1.00,201,Informational,"People Also Ask, Popular Products, Related Searches, Image Pack, Site Links, Video Carousel","0.67,0.76,0.67,0.36,0.30,0.30,0.45,0.45,0.67,0.45,0.55,0.55",20,,
br,filtro de geladeira consul,consul,,,,,720,23,0.11,1.00,162,"Informational, Transactional","People Also Ask, Related Searches, AI Overview, Image Pack, Site Links, Reviews, Video, Video Carousel","0.45,0.55,0.55,0.55,0.55,0.55,0.45,0.45,0.45,0.36,0.36,0.30",20,,
br,fogao 5 bocas inox consul,consul,,,,,720,21,0.14,1.00,165,Transactional,"Site Links, Video, Image, Adwords Bottom, Video Carousel, Popular Products, Related Searches, Image Pack","0.55,0.55,0.55,0.45,0.55,0.55,0.76,0.55,0.55,0.36,0.55,0.45",20,,
br,fogao consul 4 bocas mesa de vidro,consul,,,,,720,24,0.16,1.00,162,Informational,"Image, Video Carousel, People Also Ask, Popular Products, Related Searches, Knowledge Panel, Site Links, Video","0.13,0.20,0.36,0.20,0.10,0.13,0.44,0.07,0.36,0.27,0.10,0.08",20,,
br,fogão 5 bocas cooktop consul,consul,,,,,720,21,0.09,1.00,174,Informational,"Site Links, Reviews, Video, Popular Products, Related Searches, AI Overview","0.36,0.20,0.41,0.24,0.30,0.36,0.24,0.30,0.24,0.16,0.30,0.24",20,,
br,fogão cook consul,consul,,,,,720,24,0.09,1.00,177,"Informational, Transactional","People Also Ask, Popular Products, Related Searches, Image Pack, Site Links, Video, Video Carousel","0.55,0.45,0.67,0.30,0.45,0.45,0.45,0.36,0.36,0.20,0.36,0.45",20,,
br,fogão cooktop consul 5 bocas,consul,,,,,720,14,0.09,1.00,181,Commercial,"Site Links, Video, Video Carousel, People Also Ask, Popular Products, Related Searches","0.36,0.30,0.41,0.41,0.36,0.30,0.36,0.24,0.24,0.20,0.30,0.24",20,,
br,forno a gas embutir consul,consul,,,,,720,21,0.16,1.00,176,"Informational, Transactional","Adwords Middle, Image Pack, Site Links, Video, Video Carousel, People Also Ask, Popular Products, Related Searches","0.62,0.81,0.36,0.45,0.45,0.36,0.45,0.30,0.45,0.45,0.45,0.45",20,,
br,forno consul a gas de embutir,consul,,,,,720,21,0.16,1.00,166,Informational,"Popular Products, Related Searches, Site Links, Video, Video Carousel, People Also Ask","0.41,0.41,0.13,0.24,0.30,0.36,0.41,0.24,0.24,0.24,0.20,0.30",20,,
br,forno consul de embutir a gas,consul,,,,,720,20,0.16,1.00,162,Informational,"Video Carousel, People Also Ask, Popular Products, Related Searches, Image Pack, Site Links, Reviews, Video","0.66,0.08,0.13,0.36,0.16,0.41,0.41,0.41,0.30,0.00,0.30,0.24",20,,
br,forno de embutir a gas consul,consul,,,,,720,15,0.16,1.00,167,Transactional,"Site Links, Video, Video Carousel, People Also Ask, Popular Products, Related Searches","0.10,0.54,0.41,0.36,0.24,0.30,0.54,0.20,0.30,0.30,0.20,0.30",20,,
br,forno de embutir consul a gas,consul,,,,,720,24,0.16,1.00,172,"Informational, Transactional","Popular Products, Related Searches, Image Pack, Site Links, Video, Video Carousel, People Also Ask","0.52,0.52,0.16,0.31,0.37,0.46,0.52,0.31,0.31,0.31,0.25,0.37",20,,
br,freezer horizontal consul 309 litros,consul,,,,,720,21,0.26,1.00,196,"Informational, Transactional","Site Links, Video, Video Carousel, People Also Ask, Popular Products, Related Searches, Short Videos","0.36,0.20,0.20,0.20,0.20,0.20,0.41,0.30,0.41,0.20,0.24,0.30",20,,
br,freezer vertical consul 246 litros,consul,,,,,720,33,0.17,1.00,162,Commercial,"Knowledge Panel, Site Links, People Also Ask, Related Searches, Image Pack, Reviews, Video, Adwords Bottom, Popular Products","0.34,0.24,0.24,0.20,0.30,0.24,0.20,0.24,0.24,0.16,0.16,0.16",20,,
br,frigobar 47 litros consul,consul,,,,,720,23,0.12,1.00,113,"Informational, Transactional","Image, People Also Ask, Popular Products, Knowledge Panel, Site Links, Video","0.30,0.36,0.30,0.55,0.55,0.45,1.00,0.76,0.76,0.55,0.55,0.55",20,,
br,frigobar 80 litros consul,consul,,,,,720,25,0.09,1.00,164,"Informational, Commercial","Related Searches, Image Pack, Site Links, Video, People Also Ask, Popular Products","0.31,0.31,0.37,0.37,0.52,0.37,0.37,0.31,0.46,0.37,0.37,0.08",20,,
br,gaveta de geladeira consul,consul,,,,,720,23,0.07,1.00,197,Informational,"Site Links, People Also Ask, Popular Products, Related Searches, Image Pack","0.55,0.55,0.30,0.55,0.36,0.45,0.55,0.55,0.55,0.36,0.45,0.45",20,,
br,gaveta geladeira consul,consul,,,,,720,18,0.08,1.00,198,"Informational, Transactional","Site Links, People Also Ask, Popular Products, Related Searches, Image Pack","0.72,0.72,0.88,0.72,0.72,0.72,0.72,0.72,0.72,0.72,0.59,0.88",20,,
br,geladeira 300 litros consul,consul,,,,,720,24,0.21,1.00,165,Informational,"Site Links, People Also Ask, Popular Products, Related Searches, Knowledge Panel","0.36,0.24,0.24,0.16,0.24,0.24,0.24,0.54,0.41,0.30,0.30,0.30",20,,
br,geladeira consul 261 litros,consul,,,,,720,29,0.14,1.00,102000,Commercial,"People Also Ask, Popular Products, Related Searches, AI Overview, Image Pack, Site Links, Reviews, Video","0.46,0.46,0.52,0.31,0.52,0.31,0.37,0.31,0.31,0.20,0.16,0.13",20,,
br,geladeira consul 300 frost free,consul,,,,,720,24,0.21,1.00,164,Informational,"Knowledge Panel, Image Pack, Site Links, People Also Ask, Popular Products, Related Searches","0.30,0.16,0.16,0.41,0.30,0.30,0.54,0.16,0.41,0.20,0.24,0.24",20,,
br,geladeira consul 334 l,consul,,,,,720,24,0.20,1.00,167,Commercial,"Video Carousel, People Also Ask, Popular Products, Related Searches, AI Overview, Knowledge Panel, Site Links, Video","0.48,0.48,0.48,0.59,0.59,0.59,0.88,1.00,0.72,0.59,1.00,0.59",20,,
br,geladeira consul 450 litros inox,consul,,,,,720,49,0.18,1.00,194,Commercial,"People Also Ask, Popular Products, Related Searches, Image Pack, Site Links, Video","0.36,0.24,0.30,0.30,0.30,0.30,0.36,0.24,0.30,0.20,0.20,0.20",20,,
br,geladeira consul antiga 1 porta,consul,,,,,720,25,0.04,0.96,202,"Informational, Commercial","People Also Ask, Popular Products, Related Searches, Image Pack, Site Links","0.67,0.76,0.55,0.55,0.67,0.45,0.36,0.36,0.45,0.36,0.36,0.30",20,,
br,geladeira consul antigas,consul,,,,,720,22,0.07,0.98,221,"Informational, Commercial","People Also Ask, Popular Products, Related Searches, Short Videos, Image Pack, Site Links, Video, Video Carousel","0.00,0.00,0.00,0.00,0.00,0.00,0.00,0.00,0.81,1.00,0.00,0.00",20,,
br,geladeira consul degelo seco,consul,,,,,720,21,0.14,1.00,166,"Informational, Commercial","Related Searches, AI Overview, Image Pack, Site Links, Video, Video Carousel, People Also Ask, Popular Products","0.55,0.45,0.45,0.55,0.55,0.45,0.55,0.55,0.55,0.45,0.55,0.45",20,,
br,geladeira consul frost free 300,consul,,,,,720,19,0.21,1.00,167,Commercial,"Knowledge Panel, Site Links, Popular Products, Related Searches, AI Overview","0.36,0.20,0.30,0.54,0.30,0.30,0.41,0.30,0.41,0.24,0.30,0.24",20,,
br,geladeira consul usada,consul,,,,,720,25,0.02,0.96,205,"Informational, Transactional","Image Pack, Site Links, People Also Ask, Popular Products, Related Searches","0.36,0.45,0.55,0.45,0.45,0.45,0.55,0.36,0.55,0.16,0.30,0.36",20,,
br,geladeira duas portas consul,consul,,,,,720,22,0.16,1.00,188,Commercial,"Popular Products, Related Searches, Image Pack, Site Links","0.20,0.16,0.16,0.16,0.16,0.13,0.81,0.81,1.00,0.81,0.81,0.81",20,,
br,geladeira facilite consul,consul,,,,,720,23,0.13,1.00,161,Informational,"Image Pack, Site Links, Reviews, Video, Video Carousel, People Also Ask, Related Searches","0.20,0.24,0.24,0.20,0.16,0.24,0.20,0.44,0.34,0.30,0.24,0.30",20,,
br,geladeira frost free consul 386 litros,consul,,,,,720,23,0.16,1.00,162,"Informational, Transactional","Site Links, Video, People Also Ask, Popular Products, Related Searches, Knowledge Panel","0.27,0.27,0.24,0.24,0.20,0.16,0.20,0.08,0.13,0.07,0.10,0.08",20,,
br,geladeira gela em cima e embaixo não gela consul,consul,,,,,720,27,0.33,0.11,108,Informational,"Related Searches, Short Videos, AI Overview, Reviews, Video, People Also Ask","0.45,0.36,0.45,0.45,0.45,0.55,0.55,1.00,0.76,0.67,0.55,0.45",90,,
br,geladeira magazine luiza promoção consul,consul,,,,,720,30,0.09,1.00,165,Navigational,"Related Searches, Image Pack, Site Links, People Also Ask, Popular Products","0.34,0.34,0.30,0.20,0.16,0.13,0.16,0.08,0.16,0.20,0.16,0.16",20,,
br,geladeiras consul frost free,consul,,,,,720,17,0.23,1.00,169,Commercial,"Image Pack, Popular Products, Related Searches, Site Links, Video, Adwords Top, Adwords Bottom, Video Carousel, People Also Ask","0.20,0.20,0.20,0.24,0.24,0.24,0.41,0.24,0.36,1.00,0.30,0.79",20,,
br,lava e seca consul,consul,,,,,720,26,0.14,1.00,166,Transactional,"Reviews, Video, People Also Ask, Popular Products, Related Searches, Image Pack, Site Links","0.55,0.67,0.67,0.55,0.45,0.55,0.67,0.45,0.55,0.36,0.67,0.55",20,,
br,lavadora de roupas consul,consul,,,,,720,27,0.21,1.00,214,"Informational, Transactional","Video, People Also Ask, Popular Products, Related Searches, Short Videos, Site Links, Reviews","0.46,0.25,0.37,0.31,0.13,0.31,0.37,0.31,0.46,0.31,0.46,0.46",20,,
br,magazine luiza geladeira consul,consul,,,,,720,31,0.15,1.00,0,Navigational,"Image Pack, Site Links, People Also Ask, Popular Products, Related Searches","0.34,0.24,0.34,0.30,0.30,0.30,0.24,0.24,0.24,0.24,0.20,0.20",20,,
br,maquina consul 13kg,consul,,,,,720,26,0.20,1.00,164,Informational,"Image Pack, Site Links, Video, Video Carousel, People Also Ask, Popular Products, Related Searches, Knowledge Panel","0.36,0.55,0.45,0.55,0.36,0.20,0.67,0.30,0.67,0.76,1.00,1.00",20,,
br,maquina de lavar consul 12 kg,consul,,,,,720,24,0.26,1.00,195,Commercial,"Popular Products, Related Searches, Short Videos, Site Links, Video, Video Carousel, People Also Ask","0.13,0.08,0.13,0.15,0.10,0.07,0.10,0.10,0.13,0.07,0.08,0.08",20,,
br,maquina de lavar da consul,consul,,,,,720,24,0.27,1.00,213,Transactional,"Short Videos, Site Links, Video, Video Carousel, People Also Ask, Popular Products, Related Searches","0.00,0.00,0.00,0.00,0.81,0.00,0.00,1.00,0.00,0.00,0.00,0.00",20,,
br,maquina de lavar roupa consul 9kg,consul,,,,,720,22,0.11,1.00,186,Commercial,"Short Videos, Site Links, Video, Video Carousel, People Also Ask, Popular Products, Related Searches","0.55,0.76,0.55,0.45,0.45,0.45,0.67,0.55,0.55,0.36,0.36,0.45",20,,
br,mentor web consul,consul,,,,,720,21,0.00,0.00,72,"Informational, Transactional","Video, People Also Ask, Related Searches","0.76,0.55,0.36,0.67,0.55,0.67,0.67,0.06,0.05,0.16,0.55,0.76",90,,
br,microondas consul facilite,consul,,,,,720,23,0.07,1.00,157,Informational,"Related Searches, Image Pack, Site Links, Video, Video Carousel, People Also Ask, Popular Products","0.45,0.45,0.45,0.55,0.45,0.36,0.45,0.45,0.36,0.30,0.30,0.30",20,,
br,microondas inox consul,consul,,,,,720,26,0.15,1.00,197,Commercial,"People Also Ask, Popular Products, Related Searches, Image Pack, Site Links, Video Carousel","0.37,0.37,0.46,0.52,0.37,0.31,0.46,0.25,0.37,0.25,0.31,0.31",20,,
br,motor para geladeira consul,consul,,,,,720,31,0.05,0.98,197,"Informational, Transactional","Image Pack, Site Links, Video, People Also Ask, Popular Products, Related Searches","0.37,0.31,0.25,0.25,0.37,0.37,0.31,0.52,0.68,0.52,0.52,0.52",20,,
br,máquina de lavar 15kg consul,consul,,,,,720,15,0.18,0.40,164,Commercial,"Site Links, Video, Adwords Bottom, Video Carousel, People Also Ask, Popular Products, Related Searches, Image Pack","0.45,0.45,0.45,0.45,0.36,0.36,0.62,0.36,0.36,0.30,0.36,0.36",20,,
br,máquina de lavar da consul 10 kg,consul,,,,,720,30,0.12,1.00,167,Informational,"Site Links, Reviews, Video, People Also Ask, Popular Products, Related Searches, Image Pack","0.81,0.62,0.36,0.36,0.30,0.45,0.62,0.30,0.62,0.02,0.45,0.62",20,,
br,máquina de lavar roupa 15kg consul,consul,,,,,720,17,0.11,1.00,168,Commercial,"Popular Products, Related Searches, Short Videos, Site Links, Video, Video Carousel, People Also Ask","0.45,0.45,0.55,0.55,0.76,0.30,0.45,0.30,0.67,0.24,0.45,1.00",20,,
br,o que é consul,consul,,,,,720,30,0.00,0.33,65,Informational,"Video, Featured Snippet, People Also Ask, Related Searches, Short Videos","0.36,0.27,0.24,0.16,0.27,0.24,0.16,0.13,0.16,0.16,0.24,0.36",80,,
br,peças consul geladeira,consul,,,,,720,17,0.09,1.00,151,"Informational, Commercial","Site Links, People Also Ask, Popular Products, Related Searches, AI Overview","0.31,0.46,0.31,0.31,0.31,0.25,0.37,0.46,0.52,0.52,0.37,0.37",20,,
br,peças da geladeira consul,consul,,,,,720,18,0.06,1.00,197,"Informational, Transactional","Image Pack, Site Links, People Also Ask, Popular Products, Related Searches","0.31,0.25,0.37,0.37,0.52,0.31,0.37,0.46,0.52,0.46,0.37,0.37",20,,
br,peças de geladeira consul,consul,,,,,720,23,0.07,1.00,162,"Informational, Transactional","Image Pack, Site Links, People Also Ask, Popular Products, Related Searches","0.55,0.45,0.45,0.45,0.45,0.45,0.36,0.55,0.76,0.55,0.55,0.45",20,,
br,placa da geladeira consul,consul,,,,,720,12,0.04,1.00,166,"Informational, Commercial","Popular Products, Related Searches, AI Overview, Site Links, Video, Video Carousel","0.59,0.48,0.48,0.88,0.48,0.48,0.39,0.72,0.88,0.72,1.00,1.00",20,,
br,prateleira para geladeira consul,consul,,,,,720,21,0.05,1.00,138,"Informational, Transactional","Image Pack, Site Links, Popular Products, Related Searches","0.55,0.55,0.55,0.55,0.36,0.45,0.67,0.55,0.67,0.45,0.55,0.55",20,,
br,purificador agua consul,consul,,,,,720,27,0.18,1.00,194,"Informational, Transactional","Site Links, Reviews, Video, Video Carousel, People Also Ask, Popular Products, Image Pack, Related Searches, Short Videos","0.46,0.31,0.31,0.37,0.31,0.37,0.52,0.46,0.46,0.31,0.31,0.31",20,,
br,purificador de agua consul refil,consul,,,,,720,22,0.11,1.00,136,Transactional,"Popular Products, Related Searches, Site Links, Video, People Also Ask","0.39,0.72,0.72,0.72,0.59,0.72,0.39,0.59,0.88,0.59,0.72,0.59",20,,
br,refil consul,consul,,,,,720,17,0.19,1.00,167,"Informational, Transactional","Site Links, People Also Ask, Popular Products, Related Searches, Image Pack","0.55,0.55,0.67,0.55,0.67,0.67,0.67,0.55,0.67,0.55,0.55,0.55",20,,
br,refil para purificador de água consul,consul,,,,,720,17,0.11,1.00,177,Transactional,"Image Pack, Site Links, People Also Ask, Popular Products, Related Searches","0.48,0.59,0.72,0.88,0.72,0.72,0.72,0.72,0.88,0.48,0.59,0.59",20,,
br,refil purificador de água consul,consul,,,,,720,23,0.12,1.00,169,Transactional,"Related Searches, Image Pack, Site Links, Video, People Also Ask, Popular Products","0.72,0.59,0.88,0.72,0.72,0.72,0.88,0.72,0.88,0.72,0.72,0.72",20,,
br,refrigerador consul 334 litros,consul,,,,,720,23,0.20,1.00,162,Informational,"Image Pack, Site Links, Video Carousel, People Also Ask, Popular Products, Related Searches, Knowledge Panel","0.59,0.59,0.59,0.59,0.88,0.59,1.00,1.00,1.00,0.72,0.72,0.72",20,,
br,refrigerador consul bem estar frost free,consul,,,,,720,22,0.10,1.00,182,Informational,"Video, Video Carousel, People Also Ask, Popular Products, Related Searches, Image Pack, Site Links","0.55,0.45,0.30,0.30,0.36,0.55,0.55,0.76,0.67,0.45,0.55,0.45",20,,
br,refrigerador consul frost free bem estar,consul,,,,,720,22,0.10,1.00,166,Informational,"Popular Products, Related Searches, Image Pack, Site Links, Video, People Also Ask","0.55,0.45,0.30,0.30,0.36,0.55,0.55,0.76,0.67,0.24,0.55,0.45",20,,
br,refrigerador frost free consul bem estar,consul,,,,,720,22,0.10,1.00,163,"Informational, Commercial","Popular Products, Related Searches, AI Overview, Site Links, Video, Video Carousel, People Also Ask","0.55,0.45,0.30,0.30,0.36,0.55,0.55,0.76,0.67,0.45,0.55,0.45",20,,
br,sensor geladeira consul,consul,,,,,720,37,0.04,1.00,168,Commercial,"Image Pack, Site Links, Video, People Also Ask, Popular Products, Related Searches","0.72,0.72,0.88,0.72,0.88,0.72,0.59,0.72,0.59,0.48,0.48,0.48",20,,
br,treebo tryst d consulate hyderabad,consul,,,,,720,25,0.00,0.00,107,"Informational, Transactional","Knowledge Panel, Reviews, People Also Ask, Related Searches","0.03,0.08,0.03,0.15,0.03,0.00,0.00,0.00,0.00,0.00,0.00,0.00",70,,
br,alternatives to consul,consul,,,,,590,17,0.00,0.00,108,Informational,"Site Links, Video, AI Overview","1.00,0.66",20,,
br,ar condicionado consul 10000 btus janela,consul,,,,,590,25,0.21,1.00,164,"Informational, Transactional","People Also Ask, Popular Products, Related Searches, Image Pack, Site Links","0.08,0.07,0.07,0.10,0.13,0.16,0.16,0.36,0.52,0.16,0.13,0.10",20,,
br,ar condicionado consul 12000 inverter,consul,,,,,590,19,0.08,1.00,195,Informational,"Knowledge Panel, Site Links, Video, Video Carousel, People Also Ask, Popular Products, Related Searches, AI Overview","0.07,0.05,0.07,0.07,0.10,0.08,0.16,0.29,0.22,0.10,0.08,0.05",20,,
br,ar condicionado consul 18000 btus,consul,,,,,590,24,0.07,1.00,178,Commercial,"Popular Products, Related Searches, Site Links, Video, People Also Ask","0.16,0.13,0.16,0.16,0.16,0.20,0.20,0.41,0.36,0.20,0.13,0.10",20,,
br,ar condicionado consul 7500 btus,consul,,,,,590,22,0.12,1.00,10,Commercial,"Image Pack, Site Links, People Also Ask, Popular Products, Related Searches","0.13,0.13,0.13,0.08,0.30,0.20,0.24,0.54,0.36,0.30,0.24,0.20",20,,
br,ar condicionado consul 7500 classe a antigo,consul,,,,,590,24,0.04,1.00,190,Informational,"AI Overview, Image Pack, Site Links, Video, Video Carousel, People Also Ask, Popular Products, Related Searches","0.16,0.13,0.16,0.16,0.20,0.20,0.16,0.45,0.55,0.30,0.16,0.16",20,,
br,ar condicionado consul 7500 janela,consul,,,,,590,22,0.18,1.00,167,"Informational, Commercial","AI Overview, Image Pack, Site Links, Video Carousel, People Also Ask, Popular Products, Related Searches","0.05,0.07,0.07,0.10,0.10,0.10,0.13,0.36,0.36,0.13,0.08,0.08",20,,
br,ar condicionado consul antigo,consul,,,,,590,20,0.10,0.92,160,"Informational, Commercial","AI Overview, Image Pack, Site Links, Video, Image, Video Carousel, People Also Ask, Related Searches","0.25,0.25,0.20,0.16,0.25,0.25,0.25,0.68,0.52,0.31,0.25,0.20",20,,
br,ar condicionado consul controle remoto,consul,,,,,590,22,0.06,1.00,166,"Informational, Commercial","People Also Ask, Popular Products, Related Searches, AI Overview, Site Links, Reviews, Video, Video Carousel","0.20,0.24,0.16,0.13,0.16,0.36,0.24,0.41,0.36,0.20,0.16,0.24",20,,
br,ar condicionado consul inverter 12000,consul,,,,,590,23,0.08,1.00,789000,Commercial,"Video, Video Carousel, People Also Ask, Popular Products, Related Searches, Site Links","0.08,0.05,0.08,0.08,0.16,0.13,0.16,0.36,0.20,0.10,0.10,0.07",20,,
br,ar condicionado consul janela 10000 btus,consul,,,,,590,23,0.21,1.00,166,"Informational, Transactional","Related Searches, Site Links, Popular Products","0.11,0.07,0.08,0.13,0.13,0.16,0.13,0.55,0.55,0.24,0.20,0.20",20,,
br,ar condicionado de janela consul 7500 btus,consul,,,,,590,22,0.09,1.00,188,Transactional,"Video Carousel, People Also Ask, Popular Products, Related Searches, Image Pack, Site Links, Video","0.07,0.05,0.05,0.08,0.13,0.16,0.16,0.34,0.30,0.13,0.16,0.08",20,,
br,ar condicionado de janela da consul,consul,,,,,590,23,0.16,1.00,162,Informational,"Image Pack, Site Links, Video Carousel, People Also Ask, Popular Products, Related Searches","0.08,0.00,0.05,0.13,0.00,0.00,0.29,0.36,0.43,0.01,0.01,0.22",20,,
br,ar condicionado inverter consul 12000,consul,,,,,590,23,0.08,1.00,190,Commercial,"People Also Ask, Popular Products, Related Searches, AI Overview, Site Links, Video, Adwords Bottom, Video Carousel","0.11,0.11,0.11,0.13,0.20,0.16,0.24,0.44,0.34,0.20,0.13,0.11",20,,
br,ar condicionado janela 7500 consul,consul,,,,,590,22,0.18,1.00,164,Informational,"People Also Ask, Popular Products, Related Searches, Image Pack, Site Links, Video","0.08,0.05,0.05,0.10,0.13,0.13,0.16,0.44,0.52,0.16,0.13,0.13",20,,
br,ar condicionado janela consul 10000 btus,consul,,,,,590,20,0.21,1.00,164,Informational,"Popular Products, Related Searches, AI Overview, Image Pack, Site Links","0.13,0.08,0.10,0.16,0.16,0.24,0.24,0.54,0.54,0.20,0.16,0.16",20,,
br,ar condicionado janela consul 7500,consul,,,,,590,22,0.18,1.00,131,Informational,"Related Searches, Image Pack, Site Links, Video Carousel, People Also Ask, Popular Products","0.05,0.04,0.04,0.07,0.08,0.08,0.13,0.29,0.35,0.10,0.08,0.10",20,,
br,assistência técnica autorizada consul,consul,,,,,590,18,0.20,0.63,108,Navigational,"Local Pack, Site Links, People Also Ask, Related Searches","0.31,0.25,0.20,0.20,0.37,0.31,0.37,0.31,1.00,0.84,0.52,0.20",20,,
br,autorizado consul,consul,,,,,590,28,0.27,0.53,166,Navigational,"Local Pack, Site Links, Reviews, Adwords Top, Adwords Bottom, Related Searches","0.10,0.13,0.05,0.13,0.05,0.20,0.00,0.10,0.27,0.27,0.13,0.13",20,,
br,brastemp e consul,consul,,,,,590,27,0.20,0.89,166,Informational,"Related Searches, AI Overview, Site Links, Video, Video Carousel, People Also Ask, Popular Products","0.45,0.36,0.45,0.45,0.36,0.45,0.45,0.45,0.45,0.36,0.45,0.55",20,,
br,casas bahia geladeiras consul,consul,,,,,590,32,0.14,1.00,168,"Navigational, Transactional","Image Pack, Site Links, Popular Products, Related Searches","0.00,0.00,0.36,0.00,0.00,0.00,1.00,0.00,0.66,0.00,0.00,0.00",20,,
br,cervejeiro consul 82 litros,consul,,,,,590,22,0.18,1.00,165,Commercial,"Adwords Middle, AI Overview, Site Links, Video, People Also Ask, Popular Products, Related Searches","0.00,0.00,0.00,0.00,0.00,0.00,1.00,0.00,0.54,0.00,0.00,0.00",20,,
br,climatizador bem estar consul,consul,,,,,590,21,0.07,1.00,168,Informational,"Video, Video Carousel, People Also Ask, Popular Products, Related Searches, Image Pack, Site Links","0.07,0.13,0.07,0.07,0.16,0.13,0.10,0.36,0.22,0.08,0.13,0.10",20,,
br,cnpj da consul,consul,,,,,590,23,0.86,0.01,106,Informational,"Reviews, Video, People Also Ask, Related Searches, AI Overview, Site Links","0.72,0.59,0.39,0.72,0.48,0.59,0.59,0.59,0.59,0.48,0.72,0.59",20,,
br,como limpar dreno geladeira consul frost free,consul,,,,,590,30,0.58,0.02,109,Informational,"Related Searches, AI Overview, Video, People Also Ask","0.54,0.54,0.54,0.67,0.54,0.67,0.81,1.00,1.00,0.54,0.44,0.54",90,,
br,como limpar maquina de lavar consul,consul,,,,,590,28,0.03,0.31,108,Informational,"Video, Related Searches, Short Videos, AI Overview","0.45,0.45,0.55,0.55,0.55,0.45,0.45,0.45,0.55,0.67,0.67,1.00",90,,
br,consul 386 litros,consul,,,,,590,22,0.19,1.00,167,"Informational, Transactional","Video, People Also Ask, Popular Products, Related Searches, Image Pack, Site Links","0.46,0.37,0.37,0.46,0.31,0.25,0.31,0.20,0.16,0.08,0.08,0.07",20,,
br,consul 410 litros,consul,,,,,590,23,0.21,1.00,168,Informational,"Site Links, Video, People Also Ask, Related Searches","0.45,0.36,0.45,0.45,0.45,0.45,0.67,0.55,0.36,0.30,0.30,0.20",20,,
br,consul 451 litros,consul,,,,,590,29,0.22,1.00,166,Informational,"People Also Ask, Related Searches, AI Overview, Knowledge Panel, Site Links, Video Carousel","0.34,0.20,0.24,0.24,0.30,0.20,0.20,0.13,0.11,0.05,0.04,0.04",20,,
br,consul ar condicionado controle remoto,consul,,,,,590,22,0.06,1.00,164,"Informational, Commercial","Reviews, Video, Video Carousel, People Also Ask, Popular Products, Related Searches, AI Overview, Site Links","0.16,0.16,0.13,0.11,0.13,0.13,0.20,0.34,0.30,0.16,0.13,0.20",20,,
br,consul cpb33,consul,,,,,590,34,0.18,1.00,166,Transactional,"Related Searches, Knowledge Panel, Image Pack, Site Links, Reviews, Video, Video Carousel, People Also Ask","0.16,0.13,0.10,0.13,0.10,0.10,0.13,0.13,0.16,0.10,0.13,0.13",20,,
br,consul cpb33af,consul,,,,,590,28,0.18,1.00,163,Informational,"Video, Video Carousel, People Also Ask, Related Searches, Knowledge Panel, Image Pack, Site Links, Reviews","0.37,0.37,0.31,0.31,0.31,0.25,0.46,0.20,0.31,0.16,0.25,0.20",20,,
br,consul cpb34,consul,,,,,590,29,0.17,1.00,183,Informational,"Image Pack, Site Links, Reviews, Video, Video Carousel, People Also Ask, Popular Products, Related Searches","0.31,0.20,0.20,0.20,0.20,0.20,0.37,0.31,0.52,0.46,0.84,1.00",20,,
br,consul facilite 10kg,consul,,,,,590,25,0.11,0.99,159,Informational,"Related Searches, Image Pack, Site Links, Video, Video Carousel, People Also Ask","0.67,0.55,0.45,0.45,0.36,0.55,0.45,0.36,0.45,0.36,0.45,0.45",20,,
br,consul facilite 11kg,consul,,,,,590,25,0.13,1.00,161,Informational,"Related Searches, Short Videos, Image Pack, Site Links, Video, Video Carousel, People Also Ask","0.45,0.45,0.55,0.45,0.45,0.45,0.36,0.45,0.45,0.36,0.45,0.36",20,,
br,consul facilite geladeira,consul,,,,,590,17,0.08,1.00,178,"Informational, Commercial","Related Searches, Image Pack, Video, Adwords Bottom, Video Carousel, Popular Products, AI Overview, Site Links, People Also Ask","0.20,0.30,0.16,0.41,0.20,0.20,0.20,0.41,0.41,0.30,0.30,0.36",20,,
br,consul frost free bem estar,consul,,,,,590,17,0.10,1.00,161,Informational,"Site Links, Video, Video Carousel, People Also Ask, Related Searches, Image Pack","0.36,0.67,0.30,0.30,0.20,0.24,0.55,0.76,0.67,0.45,0.55,0.45",20,,
br,consul gela facil,consul,,,,,590,21,0.17,1.00,168,Informational,"Image Pack, Site Links, Video, Video Carousel, People Also Ask, Related Searches, Knowledge Panel","0.24,0.20,0.24,0.24,0.24,0.24,0.20,0.24,0.30,0.20,0.30,0.30",20,,
br,consul geladeiras,consul,,,,,590,35,0.21,1.00,197,Commercial,"Reviews, Video, Adwords Top, People Also Ask, Popular Products, Related Searches, Adwords Middle, Site Links","0.01,0.24,0.03,0.24,0.03,0.03,0.03,0.04,0.04,0.05,0.66,0.03",20,,
br,consul inverter janela,consul,,,,,590,18,0.13,1.00,165,"Informational, Transactional","Video, Video Carousel, People Also Ask, Popular Products, Related Searches, Site Links","0.11,0.07,0.11,0.13,0.20,0.20,0.25,0.84,1.00,0.37,0.37,0.31",20,,
br,consul lavadora de roupas,consul,,,,,590,25,0.21,1.00,169,Transactional,"Site Links, Video, People Also Ask, Popular Products, Short Videos, Reviews, Video Carousel, Related Searches, AI Overview","0.76,0.36,0.30,0.36,0.45,0.45,0.55,0.36,0.45,0.45,0.76,0.55",20,,
br,consul maquina de lavar 12kg,consul,,,,,590,17,0.28,1.00,168,Commercial,"Video, Video Carousel, People Also Ask, Popular Products, Related Searches, Short Videos, Site Links","0.81,0.44,0.67,0.67,0.54,0.67,0.81,0.67,0.67,0.54,0.54,0.67",20,,
br,consul microondas,consul,,,,,590,31,0.10,1.00,200,Transactional,"People Also Ask, Popular Products, Related Searches, Image Pack, Site Links, Video","0.10,0.10,0.07,0.08,0.08,0.08,0.10,0.08,0.08,0.07,0.07,0.08",20,,
br,consul purificador,consul,,,,,590,28,0.19,1.00,165,"Navigational, Transactional","People Also Ask, Popular Products, Image Pack, Site Links, Reviews, Video, Video Carousel","0.05,0.04,0.05,0.07,0.05,0.07,0.08,0.05,0.08,0.04,0.05,0.05",20,,
br,consul refil,consul,,,,,590,24,0.19,1.00,168,Transactional,"Image Pack, Site Links, Adwords Top, Adwords Bottom, People Also Ask, Popular Products, Related Searches","0.59,0.72,0.72,0.59,0.88,0.59,0.72,0.59,0.72,0.59,0.48,0.59",20,,
br,consul site oficial,consul,,,,,590,38,1.05,1.00,0,Navigational,"Related Searches, Site Links, People Also Ask","0.30,0.24,0.36,0.45,0.36,0.45,0.76,0.55,0.67,0.67,0.67,0.67",20,,
br,consula cpf,consul,,,,,590,81,0.20,0.02,105,Informational,"Reviews, People Also Ask, Related Searches","0.24,0.20,0.16,0.34,0.20,0.16,0.08,0.24,0.13,0.03,0.44,0.20",75,,
br,controle de ar condicionado consul,consul,,,,,590,23,0.05,1.00,170,Informational,"Related Searches, AI Overview, Image Pack, Site Links, Video, Video Carousel, People Also Ask, Popular Products","0.16,0.13,0.13,0.13,0.16,0.20,0.20,0.44,0.34,0.20,0.16,0.16",20,,
br,controle remoto para ar condicionado consul,consul,,,,,590,26,0.06,1.00,189,"Informational, Transactional","Image Pack, Site Links, Reviews, People Also Ask, Popular Products, Related Searches, AI Overview","0.20,0.20,0.20,0.16,0.16,0.20,0.24,0.79,0.30,0.24,0.16,0.16",20,,
br,cupom desconto consul,consul,,,,,590,18,0.71,1.00,163,Transactional,"AI Overview, Site Links, Reviews, Video, Related Searches","0.30,0.30,0.45,0.45,0.36,0.24,0.55,0.24,0.30,0.30,0.30,0.24",20,,
br,filtro para consul bem estar,consul,,,,,590,22,0.10,1.00,167,Informational,"Site Links, People Also Ask, Popular Products, Related Searches, AI Overview","0.45,0.30,0.24,0.24,0.36,0.36,0.36,0.36,0.36,0.36,0.36,0.36",20,,
br,fogao 6 bocas consul,consul,,,,,590,19,0.15,1.00,173,Commercial,"Video Carousel, People Also Ask, Related Searches, Image Pack, Site Links, Video","0.08,0.07,0.08,0.10,0.10,0.29,0.13,0.13,0.08,0.10,0.36,0.10",20,,
br,fogão 5 bocas consul branco,consul,,,,,590,24,0.16,1.00,163,"Informational, Commercial","People Also Ask, Popular Products, Related Searches, Image Pack, Site Links, Video","0.55,0.36,0.36,0.30,0.30,0.36,0.55,0.36,0.36,0.30,0.30,0.30",20,,
br,fogão consul 5 bocas branco,consul,,,,,590,23,0.14,1.00,192,Commercial,"Image Pack, Site Links, Video, People Also Ask, Popular Products, Related Searches","0.45,0.45,0.36,0.36,0.30,0.24,0.55,0.30,0.36,0.30,0.30,0.36",20,,
br,fogão consul 5 bocas cooktop,consul,,,,,590,21,0.09,1.00,162,Informational,"Site Links, Video, Video Carousel, People Also Ask, Popular Products, Related Searches, AI Overview","0.36,0.24,0.20,0.20,0.36,0.16,0.24,0.36,0.24,0.20,0.24,0.30",20,,
br,fogão consul cooktop 5 bocas,consul,,,,,590,20,0.09,1.00,171,"Informational, Transactional","Video, Video Carousel, People Also Ask, Popular Products, Related Searches, Site Links","0.30,0.30,0.36,0.30,0.24,0.30,0.30,0.20,0.24,0.16,0.24,0.24",20,,
br,fogão consul mesa de vidro,consul,,,,,590,17,0.18,1.00,184,Informational,"Site Links, Video, Video Carousel, People Also Ask, Popular Products, Related Searches, Image Pack","0.16,0.10,0.13,0.52,0.08,0.10,0.16,0.13,0.16,0.16,0.10,0.05",20,,
br,fogão cooktop consul,consul,,,,,590,23,0.10,1.00,195,Transactional,"Video Carousel, People Also Ask, Popular Products, Related Searches, Image Pack, Site Links, Video","0.55,0.45,0.55,0.55,0.45,0.45,0.45,0.36,0.45,0.36,0.30,0.36",20,,
br,forno consul embutir,consul,,,,,590,18,0.23,1.00,164,"Informational, Transactional","Video Carousel, Popular Products, Related Searches, Image Pack, Site Links, Video","0.45,0.55,0.45,0.55,0.45,0.45,0.55,0.24,0.36,0.30,0.36,0.30",20,,
br,forno de embutir a gás consul,consul,,,,,590,19,0.16,1.00,163,Informational,"Image Pack, Site Links, Video, Video Carousel, People Also Ask, Popular Products, Related Searches","0.68,0.31,0.31,0.25,0.31,0.20,0.31,0.25,0.25,0.20,0.20,0.25",20,,
br,forno de embutir eletrico consul,consul,,,,,590,22,0.20,1.00,165,Transactional,"Video Carousel, People Also Ask, Popular Products, Related Searches, Image Pack, Site Links, Video","1.00,1.00,0.76,0.16,0.06,1.00,0.13,0.67,0.67,0.06,0.06,0.08",20,,
br,forno de embutir elétrico consul,consul,,,,,590,14,0.20,1.00,166,Commercial,"Site Links, Video, Video Carousel, Popular Products, Related Searches","0.08,0.07,0.13,0.41,0.54,0.08,0.54,0.05,0.08,0.30,0.20,0.36",20,,
br,forno elétrico consul,consul,,,,,590,23,0.11,1.00,1280000,"Informational, Commercial","Video Carousel, People Also Ask, Popular Products, Related Searches, AI Overview, Image Pack, Site Links, Video","0.46,0.31,0.37,0.46,0.31,0.37,0.31,0.25,0.31,0.20,0.37,0.46",20,,
br,forno embutir consul,consul,,,,,590,18,0.23,1.00,158,Informational,"Image Pack, Site Links, Video, People Also Ask, Popular Products, Related Searches","0.55,0.67,0.55,0.55,0.55,0.45,0.67,0.45,0.45,0.30,0.36,0.36",20,,
br,freezer 121 litros consul,consul,,,,,590,24,0.16,1.00,168,"Informational, Transactional","Site Links, Video, People Also Ask, Popular Products, Related Searches, AI Overview","0.36,0.36,0.30,0.36,0.24,0.36,0.76,0.76,0.67,0.45,0.45,0.45",20,,
br,freezer 220 litros consul,consul,,,,,590,22,0.14,1.00,158,Commercial,"Site Links, Video, People Also Ask, Popular Products, Related Searches","0.31,0.25,0.20,1.00,0.20,0.16,0.37,0.25,0.25,0.20,0.25,0.20",20,,
br,freezer consul 121 litros,consul,,,,,590,30,0.16,1.00,167,"Informational, Transactional","People Also Ask, Popular Products, Related Searches, Knowledge Panel, Image Pack, Site Links, Video, Image","0.36,0.30,0.36,0.36,0.24,0.30,0.55,0.36,0.62,0.24,0.24,0.36",20,,
br,freezer consul frost free vertical,consul,,,,,590,24,0.12,1.00,175,Commercial,"Popular Products, Related Searches, Image Pack, Site Links, Video","0.55,0.36,0.30,0.30,0.36,0.36,0.55,0.36,0.45,0.45,0.76,0.55",20,,
br,freezer horizontal consul 534 litros,consul,,,,,590,25,0.25,1.00,169,Transactional,"Related Searches, Site Links, Reviews, People Also Ask, Popular Products","0.31,0.31,0.31,0.37,0.25,0.31,0.52,0.25,0.31,0.37,0.37,0.46",20,,
br,freezer vertical frost free consul,consul,,,,,590,26,0.12,1.00,199,Commercial,"Popular Products, Related Searches, Image Pack, Site Links, Video","0.45,0.36,0.36,0.30,0.36,0.36,0.55,0.45,0.55,0.36,0.67,0.55",20,,
br,frigobar 76 litros consul,consul,,,,,590,25,0.16,1.00,162,"Informational, Transactional","Knowledge Panel, Image Pack, Site Links, Video, People Also Ask, Popular Products, Related Searches","0.45,0.36,0.36,0.36,0.30,0.36,0.62,0.24,0.45,0.30,0.36,0.36",20,,
br,gaveta da geladeira consul,consul,,,,,590,18,0.08,1.00,199,"Informational, Transactional","Related Searches, Image Pack, Site Links, People Also Ask, Popular Products","0.72,0.72,0.59,0.59,0.59,0.59,0.72,0.48,1.00,0.72,0.59,0.72",20,,
br,gaveta para geladeira consul,consul,,,,,590,17,0.08,1.00,198,"Informational, Transactional","Image Pack, Site Links, Adwords Top, People Also Ask, Popular Products, Related Searches, Adwords Middle","0.55,0.55,0.30,0.55,0.36,0.45,0.55,0.55,0.55,0.36,0.45,0.45",20,,
br,geladeira casas bahia consul,consul,,,,,590,29,0.14,1.00,163,"Navigational, Transactional","Site Links, Popular Products, Related Searches, Image Pack","0.16,0.16,0.02,0.05,0.20,0.13,0.20,0.10,0.00,0.20,0.29,0.29",20,,
br,geladeira consul 1 porta frost free,consul,,,,,590,24,0.15,1.00,203,Commercial,"Video, People Also Ask, Popular Products, Related Searches, Site Links","0.45,0.36,0.45,0.55,0.30,0.45,0.30,0.55,0.67,0.55,0.55,0.55",20,,
br,geladeira consul 386 litros frost free,consul,,,,,590,21,0.16,1.00,164,"Informational, Transactional","People Also Ask, Popular Products, Related Searches, AI Overview, Site Links, Video","0.30,0.24,0.24,0.24,0.24,0.16,0.16,0.13,0.11,0.08,0.08,0.11",20,,
br,geladeira consul 400 litros,consul,,,,,590,25,0.16,1.00,201,Commercial,"Popular Products, Related Searches, Image Pack, Site Links, Video, Adwords Bottom, Video Carousel, People Also Ask","0.36,0.45,0.45,0.55,0.36,0.30,0.55,0.55,0.45,0.36,0.55,0.36",20,,
br,geladeira consul 451 litros inox,consul,,,,,590,29,0.21,1.00,167,Informational,"Knowledge Panel, Image Pack, Site Links, Video Carousel, People Also Ask, Popular Products, Related Searches","0.24,0.24,0.24,0.24,0.24,0.24,0.30,0.13,0.05,0.08,0.08,0.07",20,,
br,geladeira consul 480 litros,consul,,,,,590,29,0.13,1.00,176,Commercial,"Video, People Also Ask, Popular Products, Related Searches, Image Pack, Site Links","0.59,0.48,0.48,0.48,0.48,0.59,1.00,0.72,0.72,0.59,0.59,0.59",20,,
br,geladeira consul antiga marrom,consul,,,,,590,28,0.00,0.84,10,"Informational, Commercial","Related Searches, Image Pack, Site Links, Video, Image, Popular Products","0.67,0.54,0.67,0.81,0.44,0.54,0.67,0.67,0.54,0.54,0.54,0.44",20,,
br,geladeira consul duplex frost free,consul,,,,,590,26,0.20,1.00,171,"Informational, Transactional","Video Carousel, People Also Ask, Popular Products, Image Pack, Site Links, Video","0.36,0.24,0.24,0.36,0.20,0.16,0.24,0.16,0.30,0.16,0.16,0.16",20,,
br,geladeira consul frost free 1 porta,consul,,,,,590,25,0.15,1.00,215,Commercial,"Site Links, Video, People Also Ask, Popular Products, Related Searches, Image Pack","0.45,0.36,0.55,0.45,0.36,0.45,0.45,0.45,0.45,0.36,0.36,0.45",20,,
br,geladeira consul frost free 386,consul,,,,,590,23,0.16,1.00,159,"Informational, Transactional","People Also Ask, Popular Products, Related Searches, Knowledge Panel, Image Pack, Site Links, Video","0.36,0.30,0.30,0.30,0.30,0.20,0.36,0.16,0.13,0.10,0.10,0.13",20,,
br,geladeira consul inox 450 litros,consul,,,,,590,21,0.18,1.00,132,Commercial,"Site Links, People Also Ask, Popular Products, Related Searches","0.30,0.24,0.30,0.24,0.20,0.20,0.30,0.13,0.30,0.16,0.20,0.16",20,,
br,geladeira consul na casas bahia,consul,,,,,590,31,0.14,1.00,169,"Navigational, Transactional","Image Pack, Site Links, Popular Products, Related Searches","0.02,0.01,0.01,0.01,0.19,0.13,0.13,0.07,0.15,0.13,0.19,0.19",20,,
br,geladeira consul na promoção,consul,,,,,590,25,0.12,1.00,213,Commercial,"Popular Products, Related Searches, AI Overview, Image Pack, Site Links, Video, Adwords Bottom","0.20,0.13,0.16,0.20,0.16,0.24,0.34,0.20,0.24,0.16,0.20,0.20",20,,
br,geladeira consul promoção,consul,,,,,590,29,0.16,1.00,195,Commercial,"People Also Ask, Popular Products, Related Searches, Site Links, Image","0.20,0.13,0.20,0.24,0.16,0.20,0.30,0.20,0.20,0.20,0.30,0.20",20,,
br,geladeira em promoção consul,consul,,,,,590,27,0.16,1.00,192,Commercial,"Site Links, Adwords Bottom, Popular Products, Related Searches","0.30,0.16,0.16,0.20,0.13,0.16,0.24,0.16,0.20,0.16,0.20,0.24",20,,
br,geladeira frost free consul 1 porta,consul,,,,,590,25,0.15,1.00,204,Commercial,"People Also Ask, Popular Products, Related Searches, AI Overview, Site Links, Video","0.36,0.36,0.45,0.45,0.36,0.45,0.45,0.45,0.45,0.36,0.36,0.36",20,,
br,geladeira frost free consul 300 litros,consul,,,,,590,23,0.21,1.00,166,Informational,"Popular Products, Related Searches, Knowledge Panel, Site Links, People Also Ask","0.36,0.16,0.30,0.45,0.36,0.24,0.36,0.24,0.81,0.20,0.24,0.24",20,,
br,geladeira frost free duplex 333 litros branca consul - crm40mb,consul,,,,,590,15,0.35,1.00,177,Commercial,"People Also Ask, Popular Products, Related Searches, Short Videos, Site Links, Video, Video Carousel","0.01,0.00,1.00,0.55,0.36,0.36",20,,
br,geladeira inverter consul,consul,,,,,590,21,0.18,1.00,202,Transactional,"Video, Video Carousel, People Also Ask, Popular Products, Related Searches, Image Pack, Site Links","0.24,0.24,0.24,0.24,0.30,0.45,0.76,0.67,1.00,0.55,0.76,0.76",20,,
br,geladeira promoção consul,consul,,,,,590,21,0.16,1.00,187,"Informational, Transactional","Site Links, Popular Products, Related Searches, AI Overview","0.20,0.13,0.16,0.20,0.16,0.24,0.34,0.20,0.24,0.16,0.20,0.20",20,,
br,geladeira simples consul,consul,,,,,590,32,0.10,1.00,211,Transactional,"Site Links, People Also Ask, Popular Products, Related Searches","0.45,0.67,0.36,0.36,0.55,0.36,0.36,0.36,0.45,0.30,0.55,0.55",20,,
br,geladeira usada consul,consul,,,,,590,28,0.02,0.96,227,Informational,"People Also Ask, Popular Products, Related Searches, Image Pack, Site Links, Image","0.55,0.45,0.55,0.55,0.55,0.45,0.55,0.45,0.55,0.36,0.45,0.45",20,,
br,geladeiras casas bahia consul,consul,,,,,590,29,0.14,1.00,168,"Navigational, Transactional","Image Pack, Site Links, Popular Products, Related Searches","0.00,0.00,0.36,0.00,0.00,0.00,1.00,0.00,0.66,0.00,0.00,0.00",20,,
br,inverter consul,consul,,,,,590,24,0.14,1.00,169,Transactional,"Video, Video Carousel, People Also Ask, Popular Products, Related Searches, Image Pack, Site Links","0.24,0.30,0.24,0.30,0.24,0.30,0.45,1.00,0.76,0.55,0.76,0.55",20,,
br,lava louças consul,consul,,,,,590,19,0.09,1.00,159,"Informational, Commercial","Related Searches, Image Pack, Site Links, Video, Adwords Bottom, Video Carousel, People Also Ask, Popular Products","0.72,0.72,0.88,0.88,0.72,0.72,0.59,0.59,0.59,0.48,0.48,0.48",20,,
br,lava seca consul,consul,,,,,590,27,0.14,1.00,167,Transactional,"Reviews, Video, Video Carousel, People Also Ask, Popular Products, Related Searches, Image Pack, Site Links","0.76,0.67,0.55,0.30,0.30,0.30,0.45,0.36,0.45,0.45,0.76,0.55",20,,
br,lavadora consul 11kg,consul,,,,,590,23,0.12,1.00,167,Commercial,"Site Links, Video, Video Carousel, People Also Ask, Popular Products, Related Searches, Image Pack","0.24,0.30,0.24,0.20,0.16,0.20,0.20,0.16,0.20,0.20,0.16,0.20",20,,
br,lavadora consul 12 kg,consul,,,,,590,24,0.21,1.00,170,"Informational, Commercial","Related Searches, Image Pack, Site Links, Reviews, Video, Video Carousel, People Also Ask, Popular Products","0.04,0.19,0.10,0.05,0.04,0.04,0.07,0.19,0.19,0.04,0.07,0.07",20,,
br,lavadora de roupas consul 12kg,consul,,,,,590,17,0.25,1.00,833000,Commercial,"Video, Video Carousel, People Also Ask, Popular Products, Related Searches, Short Videos, Site Links, Reviews","0.20,0.24,0.30,0.36,0.30,0.24,0.24,0.16,0.30,0.16,0.24,0.20",20,,
br,logo consul,consul,,,,,590,18,0.00,0.03,158,Navigational,"Image Pack, Site Links, Video, Image, Related Searches","1.00,0.81,1.00,1.00,0.81,1.00,0.81,0.36,0.36,0.44,0.36,0.29",20,,
br,maquina de lavar consul 8kg,consul,,,,,590,31,0.11,1.00,175,"Informational, Commercial","Site Links, Video, People Also Ask, Popular Products, Related Searches, Image Pack","0.45,0.55,0.45,0.45,0.45,0.30,0.36,0.36,0.45,0.30,0.30,0.30",20,,
br,maquina lavar consul,consul,,,,,590,25,0.15,1.00,208,Transactional,"Site Links, Video, Video Carousel, People Also Ask, Popular Products, Related Searches","0.59,0.48,0.59,0.48,0.48,0.48,0.59,0.39,0.48,0.39,0.48,0.48",20,,
br,micro-ondas consul,consul,,,,,590,21,0.14,1.00,160,Commercial,"Video, Video Carousel, People Also Ask, Popular Products, AI Overview, Site Links","0.03,0.05,0.04,0.03,0.04,0.10,0.00,0.00,0.00,0.03,0.28,0.15",20,,
br,microondas 32 litros consul,consul,,,,,590,23,0.15,1.00,166,Commercial,"Site Links, Video Carousel, People Also Ask, Popular Products, Related Searches","0.36,0.45,0.67,0.55,0.36,0.36,0.76,1.00,0.36,0.24,0.05,0.45",20,,
br,microondas consul inox,consul,,,,,590,18,0.15,1.00,184,Informational,"Popular Products, Related Searches, Image Pack, Site Links, Video","0.31,0.46,0.52,0.37,0.37,0.25,0.46,0.25,0.37,0.25,0.05,0.25",20,,
br,microondas de embutir consul,consul,,,,,590,21,0.22,1.00,169,"Informational, Commercial","Site Links, Video, Video Carousel, People Also Ask, Popular Products, Related Searches, Image Pack","0.36,0.45,0.45,0.24,0.36,0.36,0.55,0.36,0.30,0.20,0.30,0.24",20,,
br,máquina consul 15kg,consul,,,,,590,23,0.17,1.00,189,Informational,"Site Links, Video, Related Searches, Short Videos, Video Carousel, People Also Ask, Popular Products, AI Overview, Knowledge Panel","0.10,0.16,0.36,0.13,0.08,0.10,0.10,0.24,0.10,0.27,0.10,0.08",20,,
br,máquina de lavar consul 11kg,consul,,,,,590,22,0.11,1.00,165,Commercial,"Related Searches, Image Pack, Site Links, Video, Video Carousel, People Also Ask, Popular Products","0.20,0.20,0.24,0.20,0.24,0.16,0.20,0.20,0.24,0.20,0.20,0.24",20,,
br,máquina de lavar consul 12kg promoção,consul,,,,,590,24,0.18,1.00,197,Informational,"Video, Video Carousel, People Also Ask, Popular Products, Related Searches, Image Pack, Site Links","0.36,0.36,0.36,0.36,0.30,0.30,0.36,0.24,0.36,0.45,0.36,0.30",20,,
br,máquina de lavar roupas consul,consul,,,,,590,26,0.12,1.00,185,Commercial,"Video Carousel, People Also Ask, Popular Products, Related Searches, Image Pack, Site Links, Video","0.29,0.22,0.05,0.07,0.05,0.29,0.13,0.07,0.08,0.07,0.07,0.07",20,,
br,placa geladeira consul,consul,,,,,590,23,0.04,1.00,166,"Informational, Commercial","Popular Products, Related Searches, AI Overview, Site Links, Video, Video Carousel, People Also Ask","0.59,0.59,0.59,0.48,0.48,0.48,0.59,0.59,0.72,0.48,0.72,0.72",20,,
br,porque a máquina de lavar não centrifuga consul,consul,,,,,590,27,0.32,0.05,106,Informational,"Video, People Also Ask, Related Searches, Short Videos, AI Overview","1.00,1.00,0.66,0.54,0.54,0.44,0.36,0.19,0.23,0.12,0.15,0.12",90,,
br,prateleiras para geladeira consul,consul,,,,,590,17,0.05,1.00,183,Informational,"Image Pack, Site Links, Image, People Also Ask, Popular Products, Related Searches","0.45,0.36,0.24,0.36,0.36,0.45,0.55,0.55,0.76,0.55,0.55,0.67",20,,
br,promoção geladeira consul,consul,,,,,590,27,0.16,1.00,169,Commercial,"Site Links, People Also Ask, Popular Products, Related Searches","0.24,0.13,0.13,0.16,0.13,0.16,0.20,0.13,0.16,0.20,0.24,0.20",20,,
br,purificador de agua consul gelada,consul,,,,,590,26,0.14,1.00,165,"Informational, Commercial","Popular Products, Related Searches, AI Overview, Site Links, Reviews, Video, Video Carousel, People Also Ask","0.30,0.16,0.20,0.20,0.16,0.20,0.30,0.24,0.30,0.20,0.20,0.16",20,,
br,purificador de agua gelada consul,consul,,,,,590,24,0.14,1.00,196,"Navigational, Commercial","Video, Video Carousel, People Also Ask, Popular Products, Related Searches, Short Videos, Image Pack, Site Links","0.37,0.16,0.25,0.11,0.25,0.31,0.52,0.46,0.52,0.31,0.37,0.37",20,,
br,purificador de água gelada consul,consul,,,,,590,34,0.14,1.00,198,"Navigational, Transactional","Site Links, Video, Video Carousel, People Also Ask, Popular Products, Related Searches, Short Videos, Image Pack","0.45,0.36,0.30,0.45,0.30,0.45,0.67,0.45,0.55,0.55,0.45,0.55",20,,
br,reclame aqui consul,consul,,,,,590,33,0.76,0.02,107,Navigational,"Site Links, People Also Ask, Related Searches","0.48,0.48,0.59,0.48,0.48,0.59,0.72,0.72,0.59,0.59,0.72,0.48",20,,
br,refil filtro consul cpb34,consul,,,,,590,23,0.14,1.00,187,Commercial,"People Also Ask, Popular Products, Related Searches, Site Links","0.72,0.59,0.72,0.88,0.48,0.59,0.59,0.59,0.72,0.39,0.39,0.59",20,,
br,refil filtro de água consul,consul,,,,,590,21,0.16,1.00,173,Transactional,"Image Pack, Site Links, Video, People Also Ask, Popular Products, Related Searches, Local Pack","0.59,0.59,0.59,0.48,0.59,0.48,0.59,0.48,0.72,0.39,0.72,0.88",20,,
br,refil para purificador de agua consul,consul,,,,,590,25,0.11,1.00,163,Transactional,"Related Searches, Image Pack, Site Links, Video, People Also Ask, Popular Products","0.48,0.59,0.88,0.88,0.48,0.48,0.72,0.59,0.59,0.39,0.59,0.48",20,,
br,refil purificador de agua consul,consul,,,,,590,21,0.12,1.00,162,Transactional,"AI Overview, Site Links, Video, Popular Products, Related Searches","0.59,0.48,0.88,0.32,0.48,0.59,1.00,0.39,0.59,0.59,0.48,0.59",20,,
br,refrigerador consul 340 litros antiga,consul,,,,,590,26,0.05,1.00,180,Informational,"Video, People Also Ask, Popular Products, Related Searches, AI Overview, Image Pack, Site Links","0.36,0.30,0.36,0.36,0.36,0.45,0.45,0.36,0.55,0.45,0.30,0.36",20,,
br,rele de geladeira consul,consul,,,,,590,23,0.04,1.00,175,"Informational, Commercial","AI Overview, Image Pack, Site Links, Video Carousel, People Also Ask, Popular Products, Related Searches","0.44,0.67,0.54,0.67,0.54,0.67,0.67,0.81,1.00,0.67,0.81,0.81",20,,
br,sensor da geladeira consul,consul,,,,,590,18,0.04,1.00,176,"Informational, Transactional","Image Pack, Site Links, Video, Video Carousel, People Also Ask, Popular Products, Related Searches","0.59,0.59,0.59,0.59,0.59,0.59,0.59,0.72,0.72,0.72,0.48,0.59",20,,
br,sensor para geladeira consul,consul,,,,,590,23,0.02,1.00,177,Commercial,"Image Pack, Site Links, Video, Video Carousel, People Also Ask, Popular Products, Related Searches","0.39,0.72,0.88,0.48,0.48,0.59,0.48,0.59,0.59,0.48,0.39,0.59",20,,
br,site oficial consul,consul,,,,,590,36,1.05,1.00,0,"Navigational, Commercial","Site Links, Adwords Top, Adwords Bottom, People Also Ask, Related Searches","0.36,0.30,0.30,0.45,0.36,0.36,0.76,0.55,0.67,0.67,0.55,0.67",20,,
br,tanquinho consul,consul,,,,,590,24,0.08,1.00,208,Commercial,"Image Pack, Site Links, People Also Ask, Popular Products, Related Searches","0.72,0.59,0.72,0.59,0.59,0.59,0.88,0.48,0.48,0.59,0.59,0.59",20,,
br,the us consulate,consul,,,,,590,45,0.00,0.08,74,Navigational,"Local Pack, Reviews, Video, People Also Ask, Related Searches","1.00,0.66,0.54,0.02,1.00,1.00,0.81,0.66,0.81,0.66,1.00,0.81",90,,
br,us consulate embassy,consul,,,,,590,52,0.00,0.08,134,Navigational,"Video, People Also Ask, Related Searches, AI Overview, Local Pack","0.72,0.48,0.39,0.72,0.72,0.72,0.59,0.48,0.59,0.48,0.72,0.59",90,,
br,www consul com br,consul,,,,,590,24,0.45,1.00,0,Navigational,"Site Links, People Also Ask, Popular Products, Related Searches","0.45,0.36,0.45,0.45,0.30,0.45,0.67,0.55,0.45,0.45,0.45,0.45",20,,
br,adega consul,consul,,,,,480,32,0.15,1.00,158,"Informational, Commercial","Image Pack, Site Links, Adwords Bottom, People Also Ask, Popular Products, Related Searches","0.48,0.48,0.48,0.59,0.48,0.39,0.59,0.48,0.39,0.32,0.39,0.39",20,,
br,american consulate brazil,consul,,,,,480,59,0.91,0.04,123,Transactional,"Video, People Also Ask, Related Searches, Local Pack, Reviews","0.54,0.54,0.44,1.00,0.54,0.54,0.36,0.36,0.54,0.29,0.29,0.23",90,,
br,ar condicionado 10000 btus consul,consul,,,,,480,22,0.19,1.00,171,Commercial,"Related Searches, Site Links, People Also Ask, Popular Products","0.13,0.13,0.13,0.13,0.16,0.20,0.20,0.41,0.54,0.13,0.13,0.13",20,,
br,ar condicionado antigo consul,consul,,,,,480,21,0.10,0.92,158,Informational,"Related Searches, Image Pack, Site Links, Video, Video Carousel, People Also Ask, Popular Products","0.30,0.24,0.24,0.24,0.30,0.30,0.36,0.67,0.67,0.36,0.30,0.24",20,,
br,ar condicionado consul de janela 7500 btus,consul,,,,,480,17,0.16,1.00,164,Commercial,"Site Links, Video, People Also Ask, Popular Products, Related Searches, AI Overview, Image Pack","0.07,0.07,0.08,0.08,0.13,0.16,0.20,0.54,0.41,0.24,0.24,0.13",20,,
br,ar condicionado consul inverter 9000,consul,,,,,480,18,0.08,1.00,186,Commercial,"People Also Ask, Popular Products, Related Searches, Site Links, Video, Video Carousel","0.07,0.05,0.07,0.05,0.07,0.08,0.08,0.20,0.13,0.08,0.08,0.05",20,,
br,ar condicionado consul janela 7500,consul,,,,,480,22,0.18,1.00,167,Informational,"Video, People Also Ask, Popular Products, Related Searches, AI Overview, Image Pack, Site Links","0.00,0.01,0.08,0.13,0.01,0.00,0.13,0.82,0.55,0.01,0.01,0.01",20,,
br,ar condicionado de janela 7500 btus consul,consul,,,,,480,21,0.16,1.00,164,"Informational, Commercial","AI Overview, Image Pack, Site Links, Video Carousel, People Also Ask, Popular Products, Related Searches","0.08,0.08,0.07,0.11,0.16,0.20,0.25,0.68,0.52,0.31,0.31,0.16",20,,
br,ar condicionado de janela consul 10000 btus,consul,,,,,480,22,0.09,1.00,196,Informational,"Popular Products, Related Searches, Site Links, Video, Video Carousel, People Also Ask","0.07,0.04,0.04,0.05,0.13,0.13,0.10,0.41,0.36,0.16,0.13,0.10",20,,
br,ar condicionado inverter 12000 consul,consul,,,,,480,21,0.12,1.00,162,Transactional,"Site Links, Video Carousel, People Also Ask, Popular Products, Related Searches","0.08,0.07,0.04,0.07,0.08,0.10,0.07,0.29,0.10,0.08,0.08,0.07",20,,
br,ar condicionado janela 10000 consul,consul,,,,,480,20,0.25,1.00,161,"Informational, Transactional","Popular Products, Related Searches, Adwords Middle, Site Links","0.07,0.04,0.07,0.07,0.07,0.11,0.16,0.44,0.34,0.16,0.13,0.08",20,,
br,ar condicionado janela consul 10000,consul,,,,,480,17,0.25,1.00,193,Commercial,"Video, Video Carousel, People Also Ask, Popular Products, Related Searches, Site Links","0.07,0.05,0.05,0.07,0.10,0.10,0.13,0.27,0.27,0.10,0.08,0.05",20,,
br,ar condicionado manual consul,consul,,,,,480,21,0.00,0.03,163,Informational,"AI Overview, Site Links, Video, Video Carousel, Related Searches","0.20,0.20,0.13,0.10,0.20,0.16,0.20,0.45,0.30,0.30,0.30,0.24",20,,
br,autorizada brastemp consul,consul,,,,,480,45,0.31,0.12,175,Navigational,"Local Pack, Video, People Also Ask, Related Searches","0.66,0.44,0.54,0.66,0.29,1.00,0.81,0.81,0.66,0.54,0.54,0.54",90,,
br,autorizada consul brastemp,consul,,,,,480,27,0.31,0.12,163,Navigational,"Local Pack, Reviews, Video, Related Searches","0.54,0.36,0.44,0.54,0.36,1.00,0.36,0.44,0.67,0.44,0.44,0.54",90,,
br,autorizada consul e brastemp,consul,,,,,480,34,0.31,0.12,165,Navigational,"Local Pack, Reviews, Video, People Also Ask, Related Searches","0.44,0.36,0.44,0.54,0.36,1.00,0.36,0.44,0.67,0.44,0.44,0.54",90,,
br,av consul assaf trad,consul,,,,,480,24,0.00,0.03,106,Informational,"Image Pack, Reviews, Video, Video Carousel, Related Searches","0.10,0.03,0.30,0.24,1.00,0.45,0.36,0.55,0.45,0.30,0.30,0.45",90,,
br,bebedouro consul gela mais,consul,,,,,480,21,0.12,1.00,172,"Informational, Transactional","AI Overview, Image Pack, Site Links, Video, People Also Ask, Popular Products, Related Searches","0.36,0.30,0.24,0.24,0.36,0.36,0.45,0.45,0.67,0.30,0.30,0.30",20,,
br,cervejeira consul amarela,consul,,,,,480,20,0.13,1.00,171,Informational,"Related Searches, Image Pack, Site Links, Video","0.30,0.24,0.30,0.30,0.36,0.30,0.45,0.36,0.30,0.24,0.30,0.30",20,,
br,como limpar máquina de lavar consul,consul,,,,,480,30,0.05,0.19,106,Informational,"Short Videos, AI Overview, Video, People Also Ask, Related Searches","0.23,0.36,0.54,0.54,0.54,0.36,0.44,0.44,0.81,1.00,0.81,1.00",90,,
br,como troca o filtro da geladeira consul,consul,,,,,480,29,0.00,0.77,105,Informational,"Short Videos, Reviews, Video, People Also Ask, Related Searches","1.00,0.81,0.54,0.54,0.81,0.81,0.81,0.66,0.00,0.66,0.01,0.01",90,,
br,como trocar o filtro da geladeira consul,consul,,,,,480,30,0.00,0.77,106,Informational,"Reviews, Video, People Also Ask, Related Searches, Short Videos","0.54,0.54,0.67,0.81,0.44,0.44,0.36,0.36,0.81,0.67,0.54,0.54",90,,
br,consul 9 kg,consul,,,,,480,23,0.16,1.00,165,Commercial,"Site Links, Video, Video Carousel, People Also Ask, Popular Products, Related Searches, Image Pack","0.66,0.66,0.66,0.66,0.44,0.54,0.54,0.54,0.54,0.54,0.54,0.44",20,,
br,consul ar condicionado 18000 btus,consul,,,,,480,22,0.07,1.00,165,Commercial,"Site Links, People Also Ask, Popular Products, Related Searches","0.10,0.13,0.10,0.08,0.13,0.16,0.20,0.36,0.20,0.13,0.10,0.10",20,,
br,consul bem estar filtro,consul,,,,,480,22,0.10,1.00,176,"Informational, Transactional","AI Overview, Site Links, Video, People Also Ask, Popular Products, Related Searches","0.36,0.30,0.45,0.24,0.20,0.20,0.24,0.30,0.36,0.24,0.30,0.24",20,,
br,consul cpb36,consul,,,,,480,24,0.16,1.00,168,Informational,"Reviews, Video, Video Carousel, People Also Ask, Popular Products, Related Searches, Image Pack, Site Links","0.16,0.13,0.13,0.13,0.13,0.16,0.20,0.24,0.36,0.41,0.36,0.36",20,,
br,consul facilite 10kg ou 11kg qual o melhor,consul,,,,,480,16,0.00,0.00,185,Commercial,"Video, Video Carousel, People Also Ask, Related Searches, Site Links","1.00,0.00,0.00,0.00",20,,
br,consul facilite cooktop 5 bocas,consul,,,,,480,22,0.09,1.00,167,Commercial,"Site Links, Video, Video Carousel, People Also Ask, Popular Products, Related Searches, AI Overview, Image Pack","0.36,0.00,0.36,0.36,0.36,0.36,0.45,0.30,0.36,0.36,0.45,0.45",20,,
br,consul filtro bem estar,consul,,,,,480,21,0.10,1.00,168,Transactional,"Popular Products, Related Searches, AI Overview, Site Links, Video, Video Carousel, People Also Ask","0.30,0.36,0.24,0.36,0.24,0.20,0.30,0.36,0.30,0.24,0.24,0.24",20,,
br,consul fogao cooktop,consul,,,,,480,23,0.10,1.00,181,"Informational, Transactional","Related Searches, Adwords Middle, Image Pack, Site Links, Video, People Also Ask, Popular Products","0.55,0.45,0.67,0.45,0.30,0.36,0.36,0.30,0.30,0.30,0.30,0.30",20,,
br,consul forno de embutir a gás,consul,,,,,480,22,0.16,1.00,163,"Informational, Transactional","People Also Ask, Popular Products, Related Searches, AI Overview, Site Links, Reviews, Video, Video Carousel","0.68,0.25,0.31,0.03,0.16,0.01,0.52,0.01,0.37,0.02,0.02,0.02",20,,
br,consul forno eletrico de embutir,consul,,,,,480,16,0.27,1.00,167,Commercial,"Video Carousel, People Also Ask, Popular Products, Related Searches, AI Overview, Site Links, Reviews, Video","0.55,0.44,0.44,0.00,0.00,0.00,0.00,0.00,0.00,0.00,0.00,0.00",20,,
br,consul freezer vertical,consul,,,,,480,27,0.28,1.00,188,"Informational, Transactional","Video, People Also Ask, Popular Products, Related Searches, Image Pack, Site Links","0.05,0.04,0.05,0.07,0.08,0.05,0.10,0.08,0.08,0.08,0.08,0.07",20,,
br,consul lava e seca,consul,,,,,480,24,0.14,1.00,163,"Informational, Transactional","Site Links, Video, Video Carousel, People Also Ask, Related Searches, AI Overview","0.48,0.59,0.59,0.39,0.48,0.48,0.59,0.48,0.48,0.39,0.72,0.59",20,,
br,consul loja oficial,consul,,,,,480,28,0.71,1.00,173,"Navigational, Commercial","People Also Ask, Popular Products, Related Searches, Site Links, Video","0.39,0.32,0.32,0.32,0.32,0.39,0.59,0.59,0.59,0.48,0.59,0.48",20,,
br,consul micro ondas,consul,,,,,480,19,0.14,1.00,174,"Informational, Transactional","Site Links, Video Carousel, Popular Products, Related Searches","0.00,0.00,0.00,0.00,0.00,0.00,0.00,0.00,0.00,1.00,0.00,0.00",20,,
br,consul microondas espelhado,consul,,,,,480,20,0.12,1.00,167,"Informational, Transactional","Site Links, Video, People Also Ask, Popular Products, Related Searches, AI Overview","0.54,0.66,0.54,0.29,0.66,0.81,1.00,1.00,0.66,0.66,0.81,0.81",20,,
br,consul reclame aqui,consul,,,,,480,33,0.76,0.02,107,Navigational,"Site Links, People Also Ask, Related Searches","0.36,0.36,0.45,0.36,0.36,0.30,0.55,0.24,0.55,0.30,0.36,0.30",20,,
br,consul tanquinho,consul,,,,,480,28,0.07,1.00,196,Commercial,"Image Pack, Site Links, People Also Ask, Popular Products, AI Overview","0.39,0.48,0.21,0.39,0.59,0.48,0.32,0.39,0.39,0.39,0.48,0.48",20,,
br,consular,consul,,,,,480,51,0.57,0.28,106,Informational,"Video, People Also Ask, Related Searches, AI Overview, Knowledge Panel","0.48,0.59,0.48,0.48,0.48,0.48,0.39,0.32,0.48,0.48,0.59,0.39",70,,
br,consular cpf,consul,,,,,480,79,0.20,0.02,105,Informational,"Reviews, Video, People Also Ask","0.31,0.20,0.16,0.16,0.13,0.08,0.20,0.00,0.31,0.16,0.84,0.13",75,,
br,controle de ar condicionado da consul,consul,,,,,480,22,0.05,1.00,169,"Informational, Commercial","Video Carousel, Popular Products, Related Searches, AI Overview, Image Pack, Site Links, Reviews, Video, People Also Ask","0.16,0.13,0.16,0.16,0.20,0.25,0.20,0.46,0.37,0.20,0.25,0.16",20,,
br,controle remoto consul ar condicionado,consul,,,,,480,17,0.06,1.00,179,Informational,"Site Links, Video Carousel, Related Searches, Image Pack, Reviews, Video, People Also Ask, Popular Products, AI Overview","0.11,0.13,0.11,0.08,0.13,0.16,0.16,0.44,0.34,0.16,0.13,0.16",20,,
br,controle remoto do ar condicionado consul,consul,,,,,480,22,0.06,1.00,171,Informational,"Video, Video Carousel, Related Searches, AI Overview, Image Pack, Reviews, People Also Ask, Popular Products, Site Links","0.13,0.11,0.13,0.13,0.13,0.20,0.16,0.34,0.24,0.16,0.13,0.16",20,,
br,cooktop 5 bocas consul facilite,consul,,,,,480,24,0.09,1.00,168,Commercial,"Knowledge Panel, Image Pack, Site Links, Video, Video Carousel, People Also Ask, Related Searches","0.36,0.36,0.30,0.36,0.24,0.30,0.45,0.30,0.36,0.36,0.45,0.45",20,,
br,cooktop consul 5 bocas facilite,consul,,,,,480,23,0.09,1.00,162,Commercial,"Video Carousel, People Also Ask, Popular Products, Related Searches, Image Pack, Site Links, Video","0.36,0.36,0.45,0.36,0.36,0.30,0.45,0.30,0.36,0.36,0.45,0.45",20,,
br,cooktop consul facilite 5 bocas,consul,,,,,480,18,0.09,1.00,176,Commercial,"Image Pack, Site Links, Video, Video Carousel, People Also Ask, Popular Products, Related Searches","0.36,0.36,0.45,0.36,0.36,0.36,0.30,0.20,0.30,0.24,0.30,0.30",20,,
br,cooperativa consul,consul,,,,,480,14,0.00,0.33,171,Commercial,"Local Pack, Video, Video Carousel, People Also Ask, Related Searches","0.66,0.66,0.66,0.66,0.81,0.66,0.44,0.66,0.66,0.66,0.66,0.81",75,,
br,filtro ar condicionado consul,consul,,,,,480,21,0.02,1.00,178,"Informational, Transactional","Related Searches, Image Pack, Site Links, Video, Video Carousel, Popular Products","0.20,0.16,0.16,0.20,0.24,0.24,0.30,0.55,0.55,0.30,0.36,0.24",20,,
br,filtro consul bem estar,consul,,,,,480,24,0.10,1.00,192,"Informational, Commercial","Video Carousel, Popular Products, Related Searches, Image Pack, Site Links, Video","0.36,0.30,0.36,0.45,0.30,0.30,0.24,0.30,0.30,0.24,0.24,0.24",20,,
br,filtro de água consul refil,consul,,,,,480,17,0.16,1.00,226,Transactional,"Video, Video Carousel, People Also Ask, Popular Products, Related Searches, Short Videos, Image Pack, Site Links","0.24,0.16,0.30,0.24,0.24,0.36,1.00,0.20,0.30,0.24,1.00,0.36",20,,
br,fogao consul 5 bocas mesa de vidro,consul,,,,,480,24,0.12,1.00,187,Informational,"Image Pack, Image, Video Carousel, People Also Ask, Short Videos, Knowledge Panel, Site Links, Video, Popular Products, Related Searches","0.20,0.20,0.24,0.20,0.20,0.01,0.36,0.20,0.16,0.08,0.13,0.10",20,,
br,fogao consul inox 4 bocas,consul,,,,,480,23,0.18,1.00,167,Transactional,"Video Carousel, Popular Products, Related Searches, Site Links, Video","0.00,0.02,0.07,0.10,0.04,0.03,0.02,1.00,0.04,0.02,0.01,0.02",20,,
br,fogão 5 bocas branco consul,consul,,,,,480,21,0.16,1.00,159,Transactional,"Popular Products, Related Searches, Site Links, Video","0.30,0.24,0.36,0.36,0.24,0.36,0.36,0.24,0.30,0.24,0.30,0.24",20,,
br,fogão 5 bocas consul mesa de vidro,consul,,,,,480,16,0.15,1.00,163,"Informational, Transactional","Image Pack, Site Links, Video, People Also Ask, Popular Products, Related Searches","0.67,0.36,0.45,0.45,0.30,0.45,0.45,0.30,0.36,0.24,0.36,0.24",20,,
br,fogão consul 5 bocas mesa de vidro,consul,,,,,480,21,0.16,1.00,164,"Informational, Transactional","Image, People Also Ask, Popular Products, Related Searches, Image Pack, Site Links, Video","0.20,0.11,0.20,0.24,0.07,0.20,0.30,0.24,0.20,0.11,0.11,0.16",20,,
br,fogão consul 5 bocas mesa vidro,consul,,,,,480,20,0.21,1.00,162,Transactional,"Popular Products, Related Searches, AI Overview, Site Links, Video, Video Carousel","0.67,0.23,0.54,0.04,0.36,0.54,0.67,0.44,1.00,0.54,0.44,0.44",20,,
br,fogão consul 6 bocas inox,consul,,,,,480,23,0.17,1.00,166,Informational,"Site Links, Reviews, Video, Video Carousel, People Also Ask, Popular Products, Related Searches, Image Pack","0.32,0.48,0.72,0.59,0.32,0.32,1.00,0.59,0.26,0.32,0.26,0.32",20,,
br,fogão consul branco 5 bocas,consul,,,,,480,20,0.16,1.00,182,Transactional,"Image Pack, Site Links, Video, Popular Products, Related Searches","0.36,0.24,0.20,0.24,0.20,0.24,0.36,0.24,0.30,0.24,0.24,0.30",20,,
br,fogão consul inox,consul,,,,,480,27,0.24,1.00,190,Transactional,"Video, Image, Video Carousel, People Also Ask, Popular Products, Related Searches, Image Pack, Site Links","0.20,0.16,0.20,0.30,0.36,0.30,0.24,0.20,0.30,0.45,0.45,0.62",20,,
br,fogão cooktop 4 bocas consul,consul,,,,,480,18,0.10,1.00,165,Commercial,"Image Pack, Site Links, Video, People Also Ask, Popular Products, Related Searches","0.48,0.48,0.72,0.59,0.59,0.48,0.48,0.39,0.48,0.39,0.39,0.48",20,,
br,fogão cooktop consul 4 bocas,consul,,,,,480,21,0.10,1.00,173,"Informational, Transactional","Image Pack, Site Links, Video, Video Carousel, People Also Ask, Popular Products, Related Searches","0.48,0.48,0.72,0.59,0.48,0.48,0.48,0.39,0.32,0.32,0.32,0.26",20,,
br,forno consul facilite,consul,,,,,480,26,0.11,1.00,10,Informational,"Image Pack, Video, People Also Ask, Popular Products, Related Searches","0.54,0.54,0.67,0.67,0.54,0.44,0.54,0.81,0.54,0.36,0.36,0.54",90,,
br,forno eletrico facilite consul,consul,,,,,480,26,0.10,1.00,167,"Informational, Commercial","Popular Products, Related Searches, Image Pack, Site Links, Video, People Also Ask","0.81,0.81,0.66,0.66,0.54,0.66,0.81,0.81,0.66,0.66,0.81,0.66",20,,
br,freezer consul 220 litros,consul,,,,,480,26,0.14,1.00,164,Commercial,"Knowledge Panel, Image Pack, Site Links, Video, People Also Ask, Popular Products, Related Searches","0.59,0.48,0.48,0.59,0.48,0.48,0.72,0.59,0.39,0.26,0.39,0.32",20,,
br,freezer consul 231 litros,consul,,,,,480,24,0.21,1.00,169,Informational,"Popular Products, Related Searches, Image Pack, Site Links, Video, People Also Ask","0.36,0.30,0.30,0.30,0.30,0.30,0.55,0.55,0.55,0.30,0.24,0.20",20,,
br,freezer consul vertical frost free,consul,,,,,480,18,0.12,1.00,205,"Informational, Transactional","Video Carousel, Popular Products, Related Searches, Site Links, Video","0.36,0.30,0.30,0.30,0.24,0.30,0.45,0.45,0.45,0.30,0.55,0.36",20,,
br,freezer vertical consul frost free,consul,,,,,480,25,0.12,1.00,198,Commercial,"Site Links, Video, Popular Products, Related Searches, Image Pack","0.45,0.36,0.36,0.30,0.30,0.24,0.45,0.45,0.45,0.30,0.55,0.36",20,,
br,frezzer consul,consul,,,,,480,25,0.27,1.00,207,"Informational, Transactional","Image Pack, Site Links, Video, Video Carousel, People Also Ask, Popular Products, Related Searches","0.45,0.08,0.16,1.00,0.20,0.13,0.24,0.30,0.24,0.16,0.24,0.16",20,,
br,frigobar consul 47 litros,consul,,,,,480,24,0.12,1.00,162,"Informational, Transactional","Popular Products, Related Searches, Knowledge Panel, Image Pack, Site Links, Image, Video Carousel, People Also Ask","0.30,0.36,0.30,0.45,0.16,0.16,0.13,0.67,1.00,0.10,0.45,0.30",20,,
br,frigobar retro consul,consul,,,,,480,27,0.15,1.00,167,"Informational, Transactional","Site Links, Video, Image, Video Carousel, People Also Ask, Popular Products, Related Searches, Image Pack","0.45,0.36,0.45,0.45,0.45,0.30,0.45,0.30,0.36,0.30,0.30,0.24",20,,
br,frost free consul,consul,,,,,480,20,0.19,1.00,185,Transactional,"Popular Products, Related Searches, AI Overview, Image Pack, Site Links, Video, Video Carousel, People Also Ask","0.55,0.45,0.45,0.55,0.36,0.36,0.30,0.30,0.30,0.24,0.24,0.24",20,,
br,frost free geladeira consul,consul,,,,,480,25,0.17,1.00,192,Transactional,"Video Carousel, People Also Ask, Popular Products, Related Searches, Image Pack, Site Links, Reviews, Adwords Bottom","0.13,0.10,0.13,0.13,0.13,0.20,0.76,0.67,1.00,0.45,0.76,1.00",20,,
br,garantia consul,consul,,,,,480,30,0.15,0.17,191,"Informational, Navigational","AI Overview, Site Links, Reviews, People Also Ask, Related Searches","0.81,0.81,0.81,0.81,1.00,0.81,0.81,1.00,1.00,1.00,1.00,1.00",20,,
br,gavetas de geladeira consul,consul,,,,,480,21,0.07,1.00,196,Transactional,"Site Links, Popular Products, Related Searches, Image Pack","0.36,0.16,0.16,0.10,0.36,0.45,0.36,0.55,0.67,0.45,0.45,0.36",20,,
br,geladeira 240 litros consul,consul,,,,,480,24,0.13,1.00,177,Commercial,"People Also Ask, Popular Products, Related Searches, Image Pack, Site Links","0.45,0.36,0.36,0.45,0.30,0.30,0.30,0.36,0.55,0.45,0.45,0.45",20,,
br,geladeira 400 litros consul,consul,,,,,480,24,0.16,1.00,197,Commercial,"People Also Ask, Popular Products, Related Searches, Image Pack, Site Links","0.36,0.36,0.36,0.30,0.20,0.24,0.45,0.36,0.36,0.24,0.36,0.24",20,,
br,geladeira 480 litros consul,consul,,,,,480,23,0.13,1.00,181,Commercial,"Image Pack, Site Links, Video, People Also Ask, Popular Products, Related Searches","0.32,0.32,0.59,0.48,0.48,0.59,1.00,0.59,0.59,0.59,0.59,0.48",20,,
br,geladeira consul 377 litros inverter,consul,,,,,320,22,0.23,1.00,194,"Informational, Commercial","Site Links, Video, Popular Products, AI Overview, Adwords Bottom, Video Carousel, People Also Ask, Related Searches, Short Videos","0.00,0.00,0.00,0.00,0.02,0.14,0.48,0.59,0.88,0.88,1.00,1.00",20,,
br,geladeira consul 410 l,consul,,,,,320,18,0.18,1.00,163,Informational,"Popular Products, Related Searches, Knowledge Panel, Image Pack, Site Links, Video Carousel, People Also Ask","0.03,0.04,0.03,0.04,0.44,0.04,0.08,0.07,0.07,0.02,0.01,0.02",20,,
br,geladeira consul 410 litros inox,consul,,,,,320,24,0.00,1.00,168,Informational,"Image Pack, Site Links, Reviews, People Also Ask, Popular Products, Related Searches, Knowledge Panel","0.07,0.13,0.11,0.16,0.16,0.11,0.04,0.16,0.08,0.07,0.08,0.13",20,,
br,geladeira consul antiga 280 litros,consul,,,,,320,23,0.04,0.98,137000,Informational,"Video Carousel, People Also Ask, Popular Products, Related Searches, Image Pack, Site Links, Video","0.54,0.54,0.66,0.54,0.43,0.43,0.66,0.66,0.66,0.35,0.35,0.35",20,,
br,geladeira consul bem estar filtro,consul,,,,,320,16,0.10,1.00,195,"Informational, Commercial","Short Videos, AI Overview, Site Links, Video, Video Carousel, People Also Ask, Popular Products, Related Searches","0.54,0.35,0.44,0.35,0.54,0.54,0.54,0.66,0.81,0.81,1.00,1.00",20,,
br,geladeira consul crm44ab,consul,,,,,320,27,0.23,1.00,164,Commercial,"Image Pack, Site Links, Reviews, Image, Video Carousel, People Also Ask, Related Searches, Knowledge Panel","0.48,0.32,0.32,0.48,0.48,0.32,0.39,0.26,0.17,0.07,0.09,0.07",20,,
br,geladeira consul crm44mb,consul,,,,,320,14,0.27,1.00,168,Commercial,"Related Searches, Site Links, Video, Adwords Bottom, Shopping Ads, People Also Ask, Popular Products","0.00,0.00,0.00,0.00,0.01,0.15,0.67,0.44,1.00,0.67,0.81,0.81",20,,
br,geladeira consul filtro bem estar,consul,,,,,320,22,0.10,1.00,221,"Informational, Commercial","Site Links, Related Searches, Video, Adwords Bottom, Video Carousel, People Also Ask, Popular Products, Short Videos, AI Overview, Image Pack","0.54,0.35,0.44,0.35,0.54,0.54,0.54,0.66,0.81,0.81,1.00,1.00",20,,
br,geladeira consul frost free 275 litros,consul,,,,,320,24,0.10,1.00,161,"Informational, Commercial","People Also Ask, Popular Products, Related Searches, Knowledge Panel, Image Pack, Site Links, Video","0.36,0.29,0.44,0.36,0.23,0.29,0.54,0.54,0.66,0.36,0.36,0.29",20,,
br,geladeira consul frost free branca,consul,,,,,320,23,0.22,1.00,208,Transactional,"Image Pack, Site Links, Video, Video Carousel, People Also Ask, Popular Products, Related Searches","0.44,0.36,0.29,0.29,0.29,0.36,0.54,0.36,0.36,0.29,0.29,0.36",20,,
br,geladeira consul frost free duplex 386 litros,consul,,,,,320,23,0.20,1.00,167,"Informational, Transactional","Site Links, Reviews, Video, People Also Ask, Popular Products, Related Searches, Knowledge Panel, Image Pack","0.13,0.30,0.30,0.30,0.24,0.20,0.13,0.08,0.06,0.04,0.04,0.03",20,,
br,geladeira consul inox inverse,consul,,,,,320,24,0.20,1.00,199,Transactional,"Reviews, Video, People Also Ask, Popular Products, Related Searches, Image Pack, Site Links","0.20,0.16,0.20,0.24,0.24,0.24,0.36,0.30,0.30,0.30,0.36,0.36",20,,
br,geladeira consul modelos,consul,,,,,320,29,0.14,1.00,165,Informational,"Video, Video Carousel, People Also Ask, Popular Products, Related Searches, AI Overview, Image Pack, Site Links","0.54,0.54,0.66,0.66,0.66,0.54,0.81,0.81,0.66,0.54,0.54,0.54",20,,
br,geladeira consul parou de gelar,consul,,,,,320,30,0.46,0.17,174,Informational,"Video, People Also Ask, Related Searches, Short Videos, AI Overview","0.54,0.54,0.43,0.54,0.66,0.54,0.54,1.00,0.66,0.54,0.54,0.54",90,,
br,geladeira crd36 consul,consul,,,,,320,25,0.09,1.00,160,Informational,"AI Overview, Image Pack, Site Links, Reviews, Video, People Also Ask, Popular Products, Related Searches","0.29,0.36,0.36,0.29,0.29,0.44,0.36,0.54,0.44,0.44,0.44,0.44",20,,
br,geladeira frost free 1 porta consul,consul,,,,,320,24,0.15,1.00,212,Transactional,"Site Links, Video, People Also Ask, Popular Products, Related Searches","0.00,0.00,0.39,0.00,0.01,0.01,0.72,0.72,0.88,0.72,0.00,0.00",20,,
br,geladeira frost free consul 410 litros,consul,,,,,320,18,0.19,1.00,156,Informational,"Video, People Also Ask, Popular Products, Related Searches, AI Overview, Knowledge Panel, Site Links","0.29,0.23,0.36,0.29,0.36,0.36,0.44,0.44,0.36,0.19,0.23,0.10",20,,
br,geladeira frost free consul branca,consul,,,,,320,23,0.22,1.00,199,Transactional,"Related Searches, AI Overview, Site Links, People Also Ask, Popular Products","0.44,0.44,0.36,0.36,0.44,0.36,0.66,0.54,0.54,0.36,0.44,0.44",20,,
br,geladeira frost free consul pequena,consul,,,,,320,26,0.15,1.00,193,Commercial,"Site Links, Video Carousel, People Also Ask, Popular Products, Related Searches, AI Overview","0.44,0.36,0.44,0.44,0.29,0.36,0.44,0.54,0.66,0.54,0.66,0.54",20,,
br,geladeira frost free consul usada,consul,,,,,320,25,0.02,1.00,179,Commercial,"Image Pack, Site Links, Video, People Also Ask, Popular Products, Related Searches","0.82,0.66,0.66,0.82,0.82,0.82,0.66,0.66,1.00,0.66,0.82,0.82",20,,
br,geladeiras frost free consul,consul,,,,,320,33,0.23,1.00,196,Commercial,"Image Pack, Site Links, Video, People Also Ask, Popular Products, Related Searches","0.00,0.00,0.00,0.00,0.00,0.00,0.01,0.01,0.00,0.19,0.00,0.00",20,,
br,gold service autorizada brastemp consul e kitchenaid,consul,,,,,320,33,0.38,0.25,107,Navigational,"People Also Ask, Related Searches, Knowledge Panel, Site Links, Video","0.66,0.66,0.35,0.43,0.54,0.66,0.81,0.81,0.66,0.81,1.00,0.81",20,,
br,julius caesar consul,consul,,,,,320,41,0.00,0.33,176,"Informational, Transactional","Knowledge Panel, Video, Image, Video Carousel, People Also Ask, Related Searches","0.54,0.43,0.43,0.43,0.66,0.81,0.66,0.81,1.00,0.81,0.81,0.81",70,,
br,lav consul 9kg,consul,,,,,320,17,0.00,0.67,95,Informational,"Site Links, Video, People Also Ask, Related Searches","0.54,0.00,0.00,0.00,0.00,0.00,0.00,0.00,0.00,0.00,0.00,0.36",20,,
br,lava louça consul,consul,,,,,320,23,0.09,1.00,181,Informational,"Video, Video Carousel, People Also Ask, Popular Products, Related Searches, Image Pack, Site Links","0.66,0.66,0.66,0.81,0.54,0.54,0.66,0.54,0.54,0.35,0.54,0.35",20,,
br,lava louça consul 6 serviços,consul,,,,,320,24,0.07,1.00,174,Informational,"Related Searches, Image Pack, Site Links, Reviews, Video, Video Carousel, People Also Ask","0.54,0.66,0.66,0.54,0.54,0.54,0.66,0.44,0.66,0.35,0.44,0.44",20,,
br,lava louças 6 serviços consul,consul,,,,,320,19,0.07,1.00,167,Informational,"Reviews, Video, Video Carousel, Related Searches, Image Pack, Site Links","0.44,0.44,0.54,0.36,0.44,0.44,0.44,0.29,0.44,0.36,0.36,0.36",20,,
br,lava louças consul 6 serviços,consul,,,,,320,23,0.07,1.00,173,Informational,"Video, Adwords Bottom, Video Carousel, Related Searches, Image Pack, Site Links","0.44,0.54,0.54,0.44,0.44,0.44,0.44,0.36,0.44,0.29,0.36,0.36",20,,
br,lava roupas consul,consul,,,,,320,24,0.30,1.00,219,Transactional,"Related Searches, Short Videos, Image Pack, Site Links, Video, Video Carousel, People Also Ask, Popular Products","0.08,0.08,0.11,0.08,0.07,0.07,0.11,0.08,0.08,0.07,0.07,0.08",20,,
br,lavadora consul 8kg,consul,,,,,320,25,0.11,1.00,164,Informational,"Image Pack, Site Links, Video, Video Carousel, People Also Ask, Related Searches","0.54,0.66,0.81,0.66,0.44,0.35,0.44,0.44,0.44,0.54,0.28,0.44",20,,
br,lavadora de roupas consul 15kg,consul,,,,,320,17,0.21,1.00,191,Commercial,"Related Searches, Short Videos, Site Links, Video, Video Carousel, People Also Ask, Popular Products","0.32,0.39,0.39,0.32,0.32,0.39,0.39,0.21,0.48,0.26,0.26,0.32",20,,
br,loja consul oficial,consul,,,,,320,30,0.66,1.00,167,"Navigational, Commercial","Site Links, Video, People Also Ask, Popular Products, Related Searches","0.10,0.07,0.10,0.10,0.12,0.23,0.44,0.44,0.67,0.67,1.00,1.00",20,,
br,lâmpada geladeira consul,consul,,,,,320,17,0.03,1.00,184,Informational,"Site Links, Reviews, Video, Video Carousel, People Also Ask, Popular Products, Related Searches, Image Pack","0.44,0.54,0.44,0.44,0.66,0.54,0.44,0.81,0.81,0.66,0.66,0.81",20,,
br,mais top brastemp consul,consul,,,,,320,21,0.00,0.02,102,Informational,"Image Pack, Site Links, Video, Related Searches, AI Overview","0.20,0.20,0.20,0.16,0.20,0.55,0.36,0.24,0.16,0.20,0.30,0.24",20,,
br,manual consul ar condicionado,consul,,,,,320,14,0.00,0.02,162,Informational,"Reviews, Video, People Also Ask, Related Searches, AI Overview, Image Pack, Site Links","0.24,0.24,0.16,0.13,0.20,0.20,0.16,0.45,0.30,0.30,0.30,0.24",20,,
br,manual controle remoto ar condicionado consul,consul,,,,,320,23,0.00,0.04,154,Informational,"Image Pack, Site Links, Video, Video Carousel, People Also Ask, Related Searches, AI Overview","0.16,0.24,0.16,0.13,0.13,0.16,0.20,0.36,0.24,0.16,0.13,0.13",20,,
br,manual do ar condicionado consul,consul,,,,,320,13,0.00,0.02,157,Informational,"Site Links, Video, People Also Ask, Related Searches, AI Overview, Image Pack","0.20,0.24,0.16,0.13,0.24,0.16,0.24,0.55,0.36,0.30,0.30,0.24",20,,
br,maquina 12kg consul,consul,,,,,320,26,0.23,1.00,165,Informational,"Knowledge Panel, Site Links, Video, Video Carousel, People Also Ask, Related Searches, AI Overview","0.54,0.54,0.44,0.54,0.54,0.66,0.54,0.54,0.54,0.44,0.54,0.66",20,,
br,maquina consul 14kg,consul,,,,,320,23,0.12,1.00,189,Commercial,"People Also Ask, Popular Products, Related Searches, Image Pack, Site Links, Video, Video Carousel","0.36,0.36,0.44,0.29,0.36,0.29,0.36,0.36,0.29,0.29,0.29,0.36",20,,
br,maquina consul 9 kg,consul,,,,,320,19,0.15,1.00,162,Informational,"Knowledge Panel, Site Links, Video, Video Carousel, People Also Ask, Popular Products, Related Searches","0.20,0.01,0.05,0.07,0.04,0.02,0.04,0.04,0.05,0.03,0.04,0.52",20,,
br,maquina de lavar 8 kg consul,consul,,,,,320,21,0.10,1.00,162,Commercial,"People Also Ask, Related Searches, Image Pack, Site Links, Video, Video Carousel","0.24,0.30,0.20,0.30,0.30,0.20,0.30,0.24,0.30,0.10,0.30,0.10",20,,
br,maquina de lavar consul 14kg,consul,,,,,320,22,0.15,1.00,161,"Informational, Transactional","Video Carousel, People Also Ask, Popular Products, Related Searches, Image Pack, Site Links, Reviews, Video","0.20,0.20,0.24,0.16,0.20,0.13,0.20,0.13,0.24,0.24,0.24,0.24",20,,
br,maquina de lavar consul 15kg menor preço,consul,,,,,320,16,0.17,1.00,197,Commercial,"AI Overview, Site Links, Video, People Also Ask, Popular Products, Related Searches","0.44,0.44,0.36,0.44,0.44,0.44,0.44,0.44,0.54,0.44,0.54,0.54",20,,
br,maquina de lavar roupa consul 11kg,consul,,,,,320,25,0.07,1.00,187,Commercial,"Site Links, Video, Adwords Bottom, Video Carousel, Short Videos, People Also Ask, Popular Products, Related Searches, Image Pack","0.21,0.26,0.32,0.26,0.26,0.21,0.21,0.21,0.26,0.14,0.17,0.07",20,,
br,maquina de lavar roupas 8kg consul,consul,,,,,320,29,0.08,1.00,175,Commercial,"Image Pack, Site Links, Video, Video Carousel, People Also Ask, Related Searches","0.36,0.36,0.29,0.23,0.29,0.29,0.23,0.15,0.23,0.00,0.00,0.29",20,,
br,maquinas de lavar consul,consul,,,,,320,26,0.27,1.00,219,Transactional,"Image Pack, Site Links, Video, People Also Ask, Popular Products, Related Searches, Short Videos","0.03,0.03,0.03,0.03,0.05,0.03,0.08,0.07,0.04,0.44,0.08,0.07",20,,
br,microondas 30l consul,consul,,,,,320,22,0.13,1.00,187,Commercial,"Video, People Also Ask, Popular Products, Related Searches, AI Overview, Image Pack, Site Links","0.44,0.54,0.29,0.44,0.44,0.44,0.54,0.54,0.44,0.36,0.54,0.44",20,,
br,microondas consul 30 litros,consul,,,,,320,26,0.10,1.00,171,"Informational, Transactional","Image Pack, Site Links, Video, People Also Ask, Popular Products, Related Searches","0.30,0.30,0.24,0.24,0.24,0.20,0.24,0.24,0.20,0.20,0.20,0.16",20,,
br,microondas consul embutir,consul,,,,,320,17,0.21,1.00,174,Commercial,"Image Pack, Site Links, Video, Video Carousel, Popular Products, Related Searches","0.48,0.39,0.32,0.39,0.26,0.32,0.48,0.14,0.14,0.17,0.26,0.26",20,,
br,microondas embutir consul,consul,,,,,320,22,0.21,1.00,166,Informational,"People Also Ask, Popular Products, Related Searches, AI Overview, Site Links, Video, Video Carousel","0.36,0.30,0.24,0.24,0.24,0.30,0.45,0.20,0.16,0.16,0.24,0.20",20,,
br,microondas inox 20 litros consul,consul,,,,,320,27,0.13,1.00,168,Commercial,"Image Pack, Site Links, Reviews, Video, People Also Ask, Popular Products, Related Searches","0.32,0.32,0.21,0.32,0.32,0.26,0.32,0.39,0.32,0.32,0.39,0.39",20,,
br,minha geladeira liga mas não gela consul,consul,,,,,320,27,0.33,0.12,105,Informational,"Reviews, Video, People Also Ask, Related Searches, Short Videos, AI Overview","0.44,0.36,0.36,0.36,0.54,0.44,0.54,0.66,0.54,0.44,0.44,0.66",90,,
br,máquina consul 10kg,consul,,,,,320,29,0.13,1.00,192,Informational,"Image Pack, Site Links, Video, Video Carousel, People Also Ask, Related Searches","0.32,0.11,0.32,0.26,0.48,0.39,0.26,0.32,0.39,0.39,0.39,0.39",20,,
br,máquina consul 13 kg,consul,,,,,320,24,0.20,1.00,166,Informational,"Related Searches, Knowledge Panel, Image Pack, Site Links, Video, Video Carousel, People Also Ask, Popular Products","0.12,0.00,0.54,0.54,0.66,0.44,0.44,0.81,0.36,0.54,1.00,0.81",20,,
br,máquina consul 13kg,consul,,,,,320,25,0.20,1.00,164,Informational,"Reviews, Video, Video Carousel, Related Searches, AI Overview, Image Pack, Site Links, People Also Ask, Popular Products, Knowledge Panel","0.48,0.03,0.09,0.05,0.26,0.48,1.00,0.39,0.88,0.04,0.07,0.07",20,,
br,máquina consul 9 kg,consul,,,,,320,23,0.15,1.00,184,Informational,"Video Carousel, People Also Ask, Popular Products, Related Searches, Knowledge Panel, Image Pack, Site Links, Video","1.00,0.17,0.21,0.32,0.26,0.17,0.39,0.17,0.32,0.32,0.21,0.59",20,,
br,máquina de lavar 13kg consul,consul,,,,,320,19,0.21,1.00,162,Informational,"Video Carousel, People Also Ask, Popular Products, Related Searches, Short Videos, Site Links, Reviews, Video","0.81,0.66,0.81,0.66,0.54,0.66,0.81,0.54,0.81,0.66,0.81,0.81",20,,
br,máquina de lavar 9 kg consul,consul,,,,,320,21,0.20,1.00,167,Commercial,"People Also Ask, Popular Products, Related Searches, Short Videos, Site Links, Video, Adwords Bottom, Video Carousel","0.20,0.20,0.30,0.36,0.20,0.16,0.20,0.30,0.20,0.30,0.16,0.24",20,,
br,máquina de lavar consul 12kg é boa,consul,,,,,320,27,0.19,1.00,168,Informational,"Site Links, Video, Video Carousel, People Also Ask, Related Searches, Short Videos, AI Overview","0.30,0.36,0.45,0.20,0.30,0.16,0.08,0.05,0.10,0.16,0.06,0.16",20,,
br,máquina de lavar consul 8 kg,consul,,,,,320,23,0.10,1.00,168,Informational,"AI Overview, Image Pack, Site Links, Video, Video Carousel, People Also Ask, Related Searches","0.44,0.54,0.44,0.54,0.54,0.54,0.54,0.36,0.54,0.19,0.54,0.29",20,,
br,máquina de lavar roupa consul 9kg,consul,,,,,320,22,0.17,1.00,196,Commercial,"Short Videos, Site Links, Video, Video Carousel, People Also Ask, Popular Products, Related Searches","0.44,0.54,0.44,0.54,0.54,0.44,0.66,0.54,0.54,0.54,0.54,0.54",20,,
br,máquina de lavar roupas consul 12kg,consul,,,,,320,25,0.21,1.00,169,Commercial,"Popular Products, Related Searches, Short Videos, AI Overview, Site Links, Video, Video Carousel, People Also Ask","0.08,0.08,0.30,0.13,0.08,0.08,0.13,0.13,0.20,0.08,0.10,0.30",20,,
br,people's republic of china consulate,consul,,,,,320,36,0.00,0.09,118,Informational,"Reviews, Video, People Also Ask, Related Searches, AI Overview","0.66,0.44,0.54,0.44,0.00,0.00,0.00,0.54,0.54,0.54,0.54,0.44",90,,
br,placa da geladeira consul frost free,consul,,,,,320,21,0.04,1.00,165,"Informational, Transactional","People Also Ask, Popular Products, Related Searches, AI Overview, Image Pack, Site Links, Video, Video Carousel","0.44,0.35,0.44,0.35,0.44,0.44,0.44,0.66,0.66,0.66,0.66,0.66",20,,
br,placa máquina de lavar consul,consul,,,,,320,22,0.04,1.00,180,Transactional,"Popular Products, Related Searches, Image Pack, Site Links, Video, Adwords Top, Adwords Bottom, People Also Ask","0.44,0.44,0.29,0.44,0.36,0.44,0.44,0.02,0.02,0.02,0.12,0.07",20,,
br,prateleira de geladeira consul,consul,,,,,320,22,0.04,1.00,192,"Informational, Transactional","Image Pack, Site Links, Image, People Also Ask, Popular Products, Related Searches","0.54,0.44,0.35,0.54,0.54,0.54,0.44,0.81,0.66,0.54,0.66,0.54",20,,
br,preco de freezer vertical consul 180 litros,consul,,,,,320,21,0.04,1.00,170,Informational,"Image Pack, Site Links, Video, People Also Ask, Related Searches, AI Overview","0.32,0.39,0.32,0.39,0.32,0.26,0.39,0.39,0.39,0.21,0.26,0.17",20,,
br,preço da geladeira consul,consul,,,,,320,32,0.04,1.00,212,Transactional,"Image Pack, Site Links, People Also Ask, Popular Products, Related Searches","0.44,0.36,0.44,0.44,0.36,0.44,0.44,0.44,0.54,0.36,0.44,0.54",20,,
br,purificador consul gela facil,consul,,,,,320,26,0.16,1.00,219,"Informational, Commercial","Reviews, Popular Products, Short Videos, Video, Video Carousel, People Also Ask, Related Searches, Image Pack, Site Links","0.54,0.54,0.43,0.66,0.54,0.54,0.81,0.66,0.66,0.43,0.54,0.54",20,,
br,pé para geladeira consul antiga,consul,,,,,320,20,0.04,0.96,163,"Informational, Commercial","Site Links, Reviews, Video, Image, People Also Ask, Popular Products, Related Searches, AI Overview","0.44,0.29,0.44,0.54,0.36,0.36,0.36,0.23,0.36,0.23,0.12,0.29",20,,
br,refil consul cix06axona,consul,,,,,320,17,0.15,1.00,183,Commercial,"Site Links, Popular Products, Related Searches","0.44,0.36,0.44,0.54,0.36,0.44,0.44,0.36,0.44,0.36,0.36,0.29",20,,
br,refil consul purificador de agua,consul,,,,,320,20,0.12,1.00,162,Transactional,"Site Links, Video, Popular Products, Related Searches, Adwords Middle","0.55,0.36,0.30,0.00,0.00,0.00,0.00,0.00,0.55,0.00,0.45,0.45",20,,
br,refrigerador consul 300,consul,,,,,320,26,0.15,1.00,163,Commercial,"Image Pack, Site Links, Video, Image, People Also Ask, Popular Products, Related Searches, Knowledge Panel","0.44,0.29,0.36,1.00,0.66,0.36,0.44,0.54,0.44,0.29,0.29,0.29",20,,
br,refrigerador consul 300 litros,consul,,,,,320,23,0.15,1.00,164,Informational,"Image, People Also Ask, Popular Products, Related Searches, Adwords Middle, Knowledge Panel, Site Links, Reviews","0.54,0.36,0.36,1.00,0.44,0.36,0.44,0.54,0.44,0.29,0.29,0.00",20,,
br,refrigerador consul 386,consul,,,,,320,27,0.18,1.00,162,Informational,"Image Pack, Site Links, Related Searches, Knowledge Panel, Video, Video Carousel, People Also Ask, Popular Products, AI Overview","0.36,0.30,0.36,0.36,0.30,0.30,0.36,0.16,0.10,0.10,0.10,0.06",20,,
br,refrigerador consul 386 litros inox,consul,,,,,320,21,0.19,1.00,190,Informational,"Video, Popular Products, Knowledge Panel, Image, Video Carousel, People Also Ask, Related Searches, Image Pack, Site Links","0.66,0.35,0.54,0.66,0.54,0.54,0.66,0.44,0.44,0.28,0.28,0.28",20,,
br,refrigerador consul 410 litros inox,consul,,,,,320,22,0.17,1.00,163,Informational,"Adwords Bottom, People Also Ask, Popular Products, Related Searches, Knowledge Panel, Site Links, Video","0.29,0.23,0.23,0.29,0.36,0.54,0.67,0.54,0.54,0.29,0.29,0.15",20,,
br,refrigerador crd37 consul,consul,,,,,320,12,0.12,1.00,161,Informational,"Site Links, Video Carousel, People Also Ask, Popular Products, Related Searches, AI Overview","0.00,0.04,0.03,0.00,0.00,0.00,0.36,0.00,0.81,0.81,0.00,0.00",20,,
br,rele da geladeira consul,consul,,,,,320,26,0.04,1.00,168,Informational,"Site Links, Video, Video Carousel, People Also Ask, Popular Products, Related Searches, AI Overview, Image Pack","0.54,0.44,0.44,0.54,0.54,0.81,0.54,1.00,0.54,0.44,0.66,0.54",20,,
br,resistência da geladeira consul,consul,,,,,320,16,0.06,1.00,163,Informational,"Video, Video Carousel, Related Searches, Image Pack, Site Links, Reviews, People Also Ask, Popular Products, AI Overview","0.43,0.54,0.54,0.54,0.66,0.81,0.66,1.00,0.81,0.54,0.66,0.54",20,,
br,sensor de degelo da consul,consul,,,,,320,20,0.03,1.00,165,Informational,"Video, Video Carousel, People Also Ask, Popular Products, Related Searches, Image Pack, Site Links","0.44,0.44,0.54,0.44,0.44,0.54,0.36,0.44,0.54,0.54,0.54,0.54",20,,
br,sensor de geladeira consul,consul,,,,,320,10,0.04,1.00,167,"Informational, Commercial","Image Pack, Site Links, Video Carousel, People Also Ask, Popular Products, Related Searches, AI Overview, Video, Adwords Bottom","0.66,0.66,0.54,0.54,0.66,0.44,0.54,0.54,0.66,0.44,0.44,0.44",20,,
br,supermercado consul ideal,consul,,,,,320,10,0.00,0.04,160,"Informational, Transactional","Video, People Also Ask, Related Searches, Knowledge Panel, Image Pack, Site Links, Reviews","0.81,0.66,0.43,0.66,0.66,0.66,0.81,0.81,0.54,0.81,1.00,0.81",20,,
br,tampa congelador geladeira consul,consul,,,,,320,31,0.04,0.46,195,Commercial,"Image Pack, Site Links, Video, People Also Ask, Popular Products, Related Searches","0.14,0.14,0.14,0.17,0.26,0.17,0.21,0.26,0.39,0.59,1.00,1.00",20,,
br,tampa do congelador geladeira consul,consul,,,,,320,25,0.04,0.46,199,"Informational, Commercial","AI Overview, Image Pack, Site Links, People Also Ask, Popular Products","0.17,0.17,0.21,0.17,0.21,0.21,0.21,0.26,0.39,0.59,1.00,1.00",20,,
br,ventilador da geladeira consul frost free,consul,,,,,320,16,0.03,1.00,161,Informational,"Image Pack, Site Links, Video, Video Carousel, People Also Ask, Popular Products, Related Searches","0.44,0.44,0.35,0.35,0.35,0.44,0.44,0.66,0.81,0.81,0.81,1.00",20,,
br,ventilador geladeira consul frost free,consul,,,,,320,16,0.03,1.00,187,Informational,"Site Links, Video, Video Carousel, People Also Ask, Popular Products, Related Searches, AI Overview, Image Pack","0.54,0.43,0.43,0.54,0.54,0.66,0.54,0.81,0.66,0.66,0.81,1.00",20,,
br,acessorios para geladeira consul,consul,,,,,260,20,0.05,1.00,201,Commercial,"Site Links, People Also Ask, Popular Products, Related Searches, Local Pack, Image Pack","0.66,0.43,0.43,0.54,0.43,0.43,0.54,0.81,0.66,0.35,0.43,0.43",20,,
br,consular electronic application center ceac,consul,,,,,320,60,0.54,0.17,0,Navigational,"Site Links, Video, People Also Ask, Related Searches","0.67,0.44,1.00,0.29,0.19,0.15,0.29,0.23,0.29,0.12,0.15,0.19",20,,
br,consulate general of the people's republic of china,consul,,,,,320,48,0.00,0.09,138,Informational,"Video, People Also Ask, Related Searches, AI Overview, Reviews","0.66,0.44,0.54,0.44,0.00,0.00,0.00,0.54,0.54,0.54,0.54,0.44",90,,
br,consull,consul,,,,,320,50,1.58,1.00,190,Navigational,"Video Carousel, People Also Ask, Related Searches, Adwords Middle, AI Overview, Knowledge Panel, Site Links, Video","0.45,0.10,0.36,0.16,0.13,0.10,0.20,0.13,0.16,0.20,0.24,0.20",20,,
br,controle consul ar,consul,,,,,320,17,0.07,1.00,163,"Informational, Commercial","Video Carousel, Popular Products, Related Searches, Reviews, Video, People Also Ask, AI Overview, Image Pack, Site Links","0.20,0.10,0.20,0.08,0.30,0.24,0.30,0.67,0.30,0.24,0.30,0.24",20,,
br,controle do ar consul,consul,,,,,320,22,0.07,1.00,163,"Informational, Transactional","Video Carousel, People Also Ask, Related Searches, AI Overview, Image Pack, Reviews, Video","0.16,0.24,0.20,0.20,0.24,0.24,0.30,0.55,0.36,0.24,0.30,0.24",90,,
br,cooktop consul facilite 4 bocas,consul,,,,,320,21,0.09,1.00,160,Commercial,"Video, Video Carousel, People Also Ask, Popular Products, Related Searches, Image Pack, Site Links","0.36,0.36,0.54,0.36,0.44,0.44,0.44,0.29,0.44,0.29,0.36,0.36",20,,
br,cooktop da consul 5 bocas,consul,,,,,320,15,0.13,1.00,182,Informational,"Site Links, Video, Video Carousel, People Also Ask, Popular Products, Related Searches, Image Pack","0.00,0.00,0.07,0.00,0.00,0.00,0.00,0.00,0.00,0.10,0.00,0.24",20,,
br,cooktop facilite consul 5 bocas,consul,,,,,320,15,0.09,1.00,192,Commercial,"Video, Video Carousel, People Also Ask, Popular Products, Related Searches, Image Pack, Site Links","0.09,0.09,0.44,0.54,0.36,0.54,0.81,0.36,0.54,0.44,0.54,0.54",20,,
br,cre45mb 399 litros consul,consul,,,,,320,18,0.00,0.00,168,Informational,"Reviews, Video, Adwords Bottom, Related Searches, Site Links","1.00,0.00,0.00,0.00,0.00,0.00",20,,
br,filtro bem estar consul geladeira,consul,,,,,320,20,0.10,1.00,200,Commercial,"Popular Products, Related Searches, Short Videos, Image Pack, Site Links, Video, Video Carousel, People Also Ask","0.54,0.35,0.44,0.35,0.23,0.28,0.28,0.66,0.81,0.81,1.00,1.00",20,,
br,filtro consul bem estar geladeira,consul,,,,,320,20,0.10,1.00,193,Commercial,"Video Carousel, People Also Ask, Popular Products, Related Searches, Site Links, Video","0.54,0.35,0.44,0.35,0.54,0.54,0.54,0.66,0.81,0.81,1.00,1.00",20,,
br,filtro de água gelada consul,consul,,,,,320,28,0.14,1.00,177,"Navigational, Transactional","Image Pack, Site Links, Video, Video Carousel, People Also Ask, Popular Products, Related Searches, Short Videos","0.44,0.44,0.44,0.36,0.36,0.44,0.54,0.54,0.54,0.29,0.54,0.44",20,,
br,filtro do bebedouro consul,consul,,,,,320,29,0.14,1.00,175,Informational,"Site Links, Video, People Also Ask, Popular Products, Related Searches, Image Pack","0.04,0.01,0.02,0.04,0.81,1.00,0.66,0.66,0.66,0.54,0.66,0.66",20,,
br,filtro geladeira bem estar consul,consul,,,,,320,22,0.10,1.00,202,"Informational, Commercial","Image Pack, Site Links, Video Carousel, People Also Ask, Popular Products, Related Searches","0.54,0.35,0.44,0.35,0.54,0.54,0.54,0.66,0.81,0.81,1.00,1.00",20,,
br,fogao consul 4 bocas branco,consul,,,,,320,9,0.18,1.00,196,Informational,"Popular Products, Related Searches, Image Pack, Site Links, Video, Image, Video Carousel","0.05,0.41,0.05,0.10,0.07,0.07,0.13,0.10,0.10,0.10,0.16,0.13",20,,
br,fogao inox consul 6 bocas,consul,,,,,320,19,0.16,1.00,172,"Informational, Transactional","Knowledge Panel, Site Links, Video, Video Carousel, Related Searches","0.00,0.00,0.00,0.00,0.36,0.36,1.00,0.55,0.20,0.16,0.24,0.20",20,,
br,fogoes de embutir consul,consul,,,,,320,22,0.07,1.00,164,Commercial,"Site Links, Reviews, Video, Popular Products, Related Searches","0.54,0.44,0.29,0.29,0.44,0.44,0.54,0.29,0.36,0.36,0.36,0.36",20,,
br,fogão 6 bocas consul inox,consul,,,,,320,23,0.16,1.00,168,Informational,"Site Links, Video, People Also Ask, Related Searches, Image Pack","0.24,0.24,0.30,0.24,0.16,0.16,0.45,0.45,0.16,0.08,0.16,0.13",20,,
br,fogão consul 4 bocas menor preço,consul,,,,,320,27,0.11,1.00,167,Transactional,"Site Links, People Also Ask, Popular Products, Related Searches","0.54,0.54,0.54,0.36,0.29,0.29,0.36,0.23,0.23,0.15,0.15,0.19",20,,
br,fogão consul inox 6 bocas,consul,,,,,320,21,0.16,1.00,170,Commercial,"AI Overview, Site Links, Video, Related Searches","0.24,0.30,0.30,0.36,0.24,0.30,0.36,0.36,0.16,0.10,0.20,0.16",20,,
br,fogão consul mesa de vidro 5 bocas,consul,,,,,320,25,0.14,1.00,165,Informational,"Image Pack, Site Links, Video, Image, Popular Products, Related Searches, Knowledge Panel","0.66,0.44,0.44,0.54,0.54,0.66,0.81,0.54,0.54,0.35,0.28,0.44",20,,
br,fogão de embutir consul,consul,,,,,320,24,0.07,1.00,166,Transactional,"Video, People Also Ask, Popular Products, Related Searches, Image Pack, Site Links","0.44,0.36,0.44,0.44,0.44,0.36,0.54,0.29,0.44,0.29,0.29,0.36",20,,
br,fogão inox consul 6 bocas,consul,,,,,320,21,0.11,1.00,171,Commercial,"Image Pack, Site Links, Video, Image, Video Carousel, Related Searches","0.30,0.16,0.36,0.45,0.01,0.01,0.00,0.00,0.00,0.00,0.00,0.00",20,,
br,forno consul 47 litros,consul,,,,,320,17,0.19,1.00,166,Informational,"Video Carousel, People Also Ask, Popular Products, Related Searches, Knowledge Panel, Site Links, Video, Image","0.39,0.26,0.32,0.26,0.26,0.32,0.48,0.21,0.17,0.17,0.32,0.39",20,,
br,forno eletrico consul embutir,consul,,,,,320,22,0.23,1.00,167,Transactional,"Site Links, Video, People Also Ask, Popular Products, Related Searches","0.54,0.66,0.54,0.54,0.54,0.44,0.81,0.35,0.28,0.44,0.54,0.44",20,,
br,freezer 2 portas consul,consul,,,,,320,20,0.18,1.00,177,Commercial,"Site Links, Popular Products, Related Searches, AI Overview","0.29,0.36,0.36,0.44,0.54,0.54,0.44,0.54,0.54,0.44,0.44,0.44",20,,
br,freezer 231 litros consul,consul,,,,,320,21,0.21,1.00,161,Informational,"Knowledge Panel, Site Links, Video, Popular Products, Related Searches","0.20,0.20,0.13,0.16,0.16,0.16,0.30,0.45,0.24,0.16,0.16,0.16",20,,
br,freezer 534 litros consul,consul,,,,,320,21,0.25,1.00,164,"Informational, Transactional","Knowledge Panel, Site Links, People Also Ask, Popular Products, Related Searches","0.23,0.35,0.44,0.44,0.44,0.66,0.81,0.81,0.81,0.44,0.44,0.44",20,,
br,freezer consul 2 portas,consul,,,,,320,22,0.18,1.00,192,"Informational, Transactional","Image Pack, Site Links, People Also Ask, Popular Products, Related Searches","0.54,0.29,0.29,0.36,0.44,0.29,0.44,0.44,0.44,0.29,0.29,0.36",20,,
br,freezer consul 246 litros,consul,,,,,320,23,0.19,1.00,166,Commercial,"Site Links, Reviews, Video, People Also Ask, Popular Products, Related Searches","0.66,0.54,0.54,0.44,0.44,0.54,1.00,0.81,0.66,0.35,0.23,0.28",20,,
br,freezer consul 309 l,consul,,,,,320,23,0.16,1.00,160,Informational,"Video, Video Carousel, Reviews, People Also Ask, Popular Products, Related Searches, AI Overview, Knowledge Panel, Image Pack, Site Links","0.44,0.35,0.35,0.35,0.44,0.44,0.81,0.81,0.81,0.66,0.54,0.54",20,,
br,freezer consul 310 litros,consul,,,,,320,20,0.14,1.00,180,Commercial,"Video Carousel, People Also Ask, Popular Products, Related Searches, Image Pack, Site Links, Video","0.36,0.29,0.23,0.29,0.36,0.36,0.44,0.44,0.36,0.29,0.36,0.36",20,,
br,freezer consul pequeno,consul,,,,,320,24,0.09,1.00,214,"Informational, Transactional","People Also Ask, Popular Products, Related Searches, Adwords Middle, Image Pack, Site Links, Video","0.44,0.18,0.35,0.66,0.66,0.66,0.81,0.54,0.81,0.54,0.66,0.66",20,,
br,freezer consul vertical pequeno,consul,,,,,320,25,0.08,1.00,192,Informational,"Site Links, Video, Video Carousel, People Also Ask, Popular Products, Related Searches, Image Pack","0.54,0.35,0.44,0.44,0.35,0.44,0.44,0.44,0.54,0.44,0.35,0.44",20,,
br,freezer frost free consul vertical,consul,,,,,320,25,0.12,1.00,173,Commercial,"Site Links, Video, Popular Products, Related Searches","0.30,0.16,0.06,0.20,0.24,0.30,0.30,0.45,0.24,0.30,0.45,0.30",20,,
br,freezer vertical consul 121 litros menor preço,consul,,,,,320,19,0.11,1.00,163,Transactional,"People Also Ask, Popular Products, Related Searches, Site Links, Reviews, Image","0.54,0.44,0.44,0.36,0.36,0.36,0.44,0.44,0.44,0.36,0.54,0.54",20,,
br,freezer vertical consul 231 litros menor preço,consul,,,,,320,23,0.15,1.00,163,Commercial,"Related Searches, Site Links, Video, People Also Ask, Popular Products","0.66,0.81,0.54,0.44,0.54,0.28,0.54,0.54,0.54,0.28,0.28,0.23",20,,
br,gavetas da geladeira consul,consul,,,,,320,22,0.03,0.91,162,"Informational, Transactional","Site Links, Video, Adwords Top, People Also Ask, Popular Products, Related Searches, Adwords Middle, AI Overview","0.76,0.67,0.67,0.01,0.01,0.01,0.01,0.01,0.01,0.01,0.01,0.01",20,,
br,geladeira 380 litros consul,consul,,,,,320,25,0.14,1.00,185,Commercial,"Popular Products, Related Searches, Image Pack, Site Links, Video","0.39,0.26,0.26,0.39,0.32,0.32,0.39,0.39,0.39,0.26,0.32,0.26",20,,
br,geladeira consul 261 l,consul,,,,,320,12,0.14,1.00,191,Informational,"AI Overview, Knowledge Panel, Site Links, Video, Video Carousel, Popular Products, Related Searches","0.66,0.54,0.66,0.66,0.54,0.54,0.44,0.35,0.44,0.23,0.28,0.23",20,,
br,geladeira consul 300 litros antiga,consul,,,,,320,22,0.06,1.00,202,"Informational, Commercial","Image Pack, Site Links, Video, People Also Ask, Popular Products, Related Searches","0.81,0.54,0.66,0.81,0.54,0.54,0.66,0.66,0.66,0.43,0.43,0.54",20,,
br,geladeira consul 333 l,consul,,,,,320,0,0.22,1.00,190,Informational,"People Also Ask, Popular Products, Related Searches, Image Pack, Site Links, Video, Video Carousel","0.00,0.00,0.00,0.00,0.00,0.05,0.54,1.00,1.00,0.81,0.81,0.81",,,
br,geladeira consul 334 litros frost free,consul,,,,,320,22,0.20,1.00,172,Commercial,"Video Carousel, People Also Ask, Popular Products, Related Searches, AI Overview, Image Pack, Site Links, Video","0.28,0.23,0.35,0.28,0.28,0.35,0.54,0.81,1.00,0.66,0.66,0.66",20,,
br,purificador consul agua gelada,consul,,,,,390,26,0.14,1.00,188,"Informational, Transactional","People Also Ask, Popular Products, Related Searches, Short Videos, Site Links, Video, Video Carousel","0.44,0.44,0.44,0.54,0.54,0.81,0.81,0.81,0.81,0.66,0.66,0.54",20,,
br,purificador consul cpb33af,consul,,,,,390,26,0.16,1.00,164,Commercial,"Reviews, Video, Video Carousel, People Also Ask, Popular Products, Image Pack, Site Links, Shopping Ads, Related Searches, Adwords Middle","0.37,0.20,0.20,0.16,0.16,0.16,0.25,0.13,0.16,0.11,0.16,0.11",20,,
br,purificador de água consul cpb33,consul,,,,,390,30,0.13,1.00,188,Informational,"Video Carousel, Popular Products, Short Videos, AI Overview, Image Pack, People Also Ask, Related Searches, Site Links, Video","0.16,0.13,0.20,0.20,0.20,0.16,0.30,0.13,0.20,0.08,0.13,0.13",20,,
br,purificador de água consul cpb34af,consul,,,,,390,26,0.16,1.00,193,Commercial,"People Also Ask, Popular Products, Related Searches, Image Pack, Site Links, Video, Video Carousel","0.39,0.32,0.32,0.32,0.39,0.39,0.48,0.39,0.48,0.32,0.39,0.39",20,,
br,purificador de água consul eletrônico com refrigeração - cpb33af,consul,,,,,390,23,0.21,1.00,169,Informational,"Site Links, Reviews, Video, Video Carousel, People Also Ask, Popular Products, Related Searches","0.07,0.05,0.16,0.01,0.13,0.13,0.44,0.13,0.08,0.20,0.16,0.08",20,,
br,refil filtro consul cpc31 original,consul,,,,,390,19,0.12,1.00,185,Commercial,"Site Links, Video, Popular Products, Related Searches, Adwords Middle","0.81,0.81,0.81,0.81,0.81,0.54,0.81,0.54,0.81,0.81,0.81,1.00",20,,
br,refrigerador consul 261 litros,consul,,,,,390,19,0.14,1.00,163,Commercial,"Reviews, Video, People Also Ask, Popular Products, Related Searches, Site Links","0.66,0.54,0.81,0.66,0.66,0.66,0.54,0.36,0.44,0.19,0.23,0.19",20,,
br,refrigerador consul 386 litros,consul,,,,,390,18,0.18,1.00,162,Informational,"Related Searches, Knowledge Panel, Image Pack, Site Links, Video, People Also Ask, Popular Products","0.45,0.36,0.36,0.36,0.30,0.30,0.36,0.16,0.13,0.10,0.08,0.06",20,,
br,refrigerador consul inox 450 litros,consul,,,,,390,20,0.15,1.00,176,Commercial,"Related Searches, AI Overview, Site Links, Video, People Also Ask, Popular Products","0.20,0.20,0.08,0.13,0.10,0.13,0.16,0.16,0.20,0.13,0.20,0.16",20,,
br,rele geladeira consul,consul,,,,,390,23,0.05,1.00,182,"Informational, Transactional","Related Searches, Image Pack, Site Links, Video, Video Carousel, People Also Ask, Popular Products","0.24,0.20,0.36,0.24,0.36,0.36,0.36,0.36,0.30,0.30,0.30,0.36",20,,
br,rele para geladeira consul,consul,,,,,390,21,0.05,1.00,206,"Informational, Commercial","People Also Ask, Popular Products, Related Searches, AI Overview, Image Pack, Site Links, Image","0.30,0.16,0.05,0.13,0.30,0.36,0.30,0.45,0.30,0.30,0.30,0.30",20,,
br,site da consul é confiável,consul,,,,,390,35,0.69,1.00,160,"Informational, Commercial","Site Links, Reviews, Video, Adwords Bottom, People Also Ask, Related Searches, AI Overview","0.32,0.26,0.26,0.32,0.32,0.39,0.72,0.32,0.32,0.39,0.32,0.26",20,,
br,tanquinho da consul,consul,,,,,390,22,0.07,1.00,198,"Informational, Commercial","Site Links, People Also Ask, Popular Products, Related Searches, Image Pack","0.44,0.36,0.36,0.36,0.36,0.29,0.44,0.36,0.44,0.44,0.44,0.44",20,,
br,taxa consular para visto americano,consul,,,,,390,28,0.26,0.08,104,Informational,"Video, Video Carousel, People Also Ask, Related Searches, Short Videos, AI Overview","0.66,0.54,1.00,0.54,0.44,0.44,0.36,0.44,0.66,0.44,0.44,0.44",90,,
br,top consul,consul,,,,,390,26,0.47,0.12,160,Commercial,"Image Pack, Site Links, Reviews, Video, Popular Products, Related Searches","0.31,0.16,0.20,0.25,0.16,0.37,0.25,0.16,0.11,0.08,0.11,0.08",20,,
br,trocar filtro geladeira consul,consul,,,,,390,26,0.07,1.00,169,"Informational, Transactional","Image Pack, Video, People Also Ask, Related Searches, Short Videos","0.81,0.81,0.66,0.66,0.44,0.35,0.44,0.44,0.35,0.28,0.28,0.23",90,,
br,umidificador consul,consul,,,,,390,27,0.06,1.00,158,Informational,"Image Pack, Site Links, Video, People Also Ask, Popular Products, Related Searches, Adwords Middle","0.05,0.05,0.07,0.08,0.08,0.10,0.08,0.36,0.13,0.08,0.08,0.05",20,,
br,umidificador de ar consul,consul,,,,,390,22,0.05,1.00,160,Informational,"Related Searches, Image Pack, Site Links, Video, Video Carousel, People Also Ask, Popular Products","0.08,0.04,0.07,0.08,0.13,0.13,0.10,0.36,0.20,0.10,0.10,0.07",20,,
br,us consulate brazil,consul,,,,,390,53,0.88,0.05,106,Navigational,"Local Pack, Site Links, Video, People Also Ask, Related Searches","0.66,0.54,1.00,0.66,0.54,0.54,0.44,0.29,0.44,0.23,0.29,0.23",20,,
br,us consulate brazil sao paulo,consul,,,,,390,32,0.55,0.08,109,"Informational, Transactional","Video, People Also Ask, Related Searches, Knowledge Panel, Reviews","0.66,0.81,0.66,0.66,0.81,0.66,0.44,0.44,0.66,0.54,0.54,0.44",70,,
br,us consulate sao paulo,consul,,,,,390,38,0.55,0.08,109,"Informational, Navigational","Reviews, Video, People Also Ask, Related Searches, Knowledge Panel","0.66,0.54,1.00,0.81,1.00,0.81,0.54,0.54,0.81,0.54,0.35,0.44",70,,
br,us consulate sao paulo brasil,consul,,,,,390,34,0.55,0.08,110,"Navigational, Transactional","Knowledge Panel, Reviews, Video, People Also Ask, Related Searches","0.66,0.81,0.66,0.66,0.81,0.66,0.44,0.44,0.66,0.54,0.54,0.44",70,,
br,us consulate sp brazil,consul,,,,,390,52,0.55,0.08,62,"Navigational, Transactional","Knowledge Panel, Reviews, People Also Ask, Related Searches","0.66,0.81,0.66,0.66,0.81,0.66,0.44,0.44,0.66,0.54,0.54,0.44",70,,
br,ar 10000 consul,consul,,,,,320,22,0.17,1.00,164,Informational,"Popular Products, Related Searches, AI Overview, Site Links, People Also Ask","0.11,0.11,0.09,0.14,0.17,0.26,0.26,0.48,0.48,0.26,0.17,0.14",20,,
br,ar cond consul 7500,consul,,,,,320,23,0.08,1.00,185,"Informational, Commercial","Site Links, Video, Video Carousel, People Also Ask, Popular Products, Related Searches","0.13,0.00,0.00,0.00,0.00,0.00,0.00,0.00,0.00,0.00,0.00,0.00",20,,
br,ar condicionado 10000 btu consul,consul,,,,,320,14,0.19,1.00,165,"Informational, Commercial","Popular Products, Related Searches, AI Overview, Site Links, Video","0.00,0.00,0.04,0.07,0.00,0.00,0.10,0.29,0.22,0.08,0.00,0.00",20,,
br,ar condicionado 10000 btus janela consul,consul,,,,,320,16,0.21,1.00,160,Transactional,"Popular Products, Related Searches, Image Pack, Site Links, People Also Ask","0.01,0.01,0.05,0.02,0.02,0.02,0.02,0.34,0.55,0.03,0.02,0.01",20,,
br,ar condicionado 12000 inverter consul,consul,,,,,320,22,0.12,1.00,165,Commercial,"Site Links, Video Carousel, People Also Ask, Popular Products, Related Searches","0.00,0.00,0.08,0.08,0.00,0.00,0.16,0.27,0.20,0.10,0.10,0.07",20,,
br,ar condicionado consul 12000 btu,consul,,,,,320,22,0.11,1.00,192,Transactional,"Video Carousel, People Also Ask, Popular Products, Related Searches, Site Links, Reviews, Video","0.04,0.03,0.02,0.04,0.05,0.81,0.08,0.10,1.00,0.06,0.06,0.04",20,,
br,ar condicionado consul 7500 btu,consul,,,,,320,23,0.12,1.00,162,"Informational, Commercial","People Also Ask, Popular Products, Related Searches, AI Overview, Image Pack, Site Links, Video Carousel","0.04,0.04,0.04,0.30,0.10,0.08,0.08,0.30,1.00,0.13,0.13,0.08",20,,
br,ar condicionado consul 9000 inverter,consul,,,,,320,23,0.10,1.00,112,"Informational, Transactional","Popular Products, Related Searches, Image Pack, Site Links, Video, People Also Ask","0.07,0.05,0.07,0.05,0.08,0.08,0.13,0.20,0.13,0.08,0.08,0.05",20,,
br,ar condicionado consul bivolt,consul,,,,,320,26,0.15,1.00,188,Commercial,"Related Searches, AI Overview, Image Pack, Site Links, Video, Video Carousel, People Also Ask, Popular Products","0.08,0.06,0.08,0.13,0.16,0.20,0.16,0.67,1.00,0.16,0.16,0.24",20,,
br,ar condicionado consul manual controle remoto,consul,,,,,320,19,0.00,0.04,162,Informational,"Image Pack, Video, Video Carousel, People Also Ask, Related Searches, AI Overview","0.16,0.20,0.13,0.08,0.10,0.13,0.16,0.30,0.16,0.16,0.13,0.10",90,,
br,ar condicionado inverter 9000 consul,consul,,,,,320,15,0.10,1.00,163,Transactional,"Site Links, Video, Video Carousel, People Also Ask, Popular Products, Related Searches","0.07,0.05,0.07,0.07,0.10,0.08,0.13,0.16,0.16,0.07,0.07,0.05",20,,
br,ar condicionado inverter consul 9000,consul,,,,,320,13,0.10,1.00,169,"Informational, Commercial","People Also Ask, Related Searches, AI Overview, Image Pack, Video, Adwords Bottom, Video Carousel, Popular Products, Site Links","0.08,0.07,0.08,0.07,0.11,0.08,0.16,0.24,0.16,0.11,0.11,0.07",20,,
br,ar consul,consul,,,,,320,25,0.17,1.00,156,"Navigational, Commercial","Image Pack, Site Links, Video, People Also Ask, Popular Products, Related Searches, AI Overview","0.16,0.16,0.16,0.24,0.24,0.24,0.24,0.55,0.36,0.30,0.24,0.20",20,,
br,ar consul 7500,consul,,,,,320,24,0.12,1.00,161,"Informational, Transactional","Image Pack, Site Links, Video, People Also Ask, Popular Products, Related Searches","0.16,0.10,0.10,0.13,0.24,0.20,0.24,0.55,0.55,0.24,0.20,0.16",20,,
br,assistência técnica consul autorizada,consul,,,,,320,14,0.20,0.63,111,Navigational,"Related Searches, Local Pack, Site Links, Video, Adwords Top, Adwords Bottom, People Also Ask","0.13,0.08,0.13,0.24,0.36,0.30,0.10,0.24,0.55,0.20,0.24,0.36",20,,
br,atendimento consul,consul,,,,,320,28,0.14,0.27,166,"Informational, Navigational","Site Links, Video, People Also Ask, Related Searches, AI Overview","0.54,0.35,0.54,0.54,0.44,0.44,0.66,0.81,0.66,0.54,0.66,0.54",20,,
br,autorizada consul fortaleza,consul,,,,,320,26,0.27,0.69,102,Navigational,"Local Pack, Reviews, People Also Ask, Related Searches","0.39,0.32,0.32,0.26,0.21,0.26,0.32,0.26,0.39,0.26,0.26,0.32",90,,
br,autorizada da consul em fortaleza,consul,,,,,320,25,0.27,0.69,122,Commercial,"Local Pack, Reviews, People Also Ask, Related Searches","0.39,0.26,0.32,0.26,0.26,0.26,0.26,0.26,0.32,0.26,0.26,0.32",90,,
br,autorizada da consul fortaleza,consul,,,,,320,26,0.27,0.69,107,Commercial,"Local Pack, Reviews, People Also Ask, Related Searches","0.54,0.44,0.29,0.29,0.36,0.44,0.44,0.44,0.54,0.44,0.54,0.54",90,,
br,bebedouro de água consul,consul,,,,,320,28,0.13,1.00,196,Transactional,"Image Pack, Reviews, Video, Site Links, Video Carousel, People Also Ask, Popular Products, Related Searches, AI Overview","0.81,0.43,1.00,0.43,0.43,0.66,0.81,0.66,0.81,0.54,1.00,0.66",20,,
br,borracha geladeira consul antiga,consul,,,,,320,24,0.04,1.00,212,Commercial,"Related Searches, Image Pack, Site Links, Video, Image, Video Carousel, People Also Ask, Popular Products","0.26,0.17,0.26,0.26,0.26,0.21,0.32,0.39,0.32,0.39,0.39,0.32",20,,
br,borracha para geladeira consul antiga,consul,,,,,320,23,0.04,1.00,203,Informational,"Video, People Also Ask, Popular Products, Related Searches, AI Overview, Image Pack, Site Links","0.32,0.26,0.26,0.21,0.21,0.21,0.32,0.48,0.48,0.48,0.48,0.39",20,,
br,british consulate general sao paulo,consul,,,,,320,50,0.00,0.09,107,Navigational,"Knowledge Panel, Site Links, Reviews, Video, People Also Ask, Related Searches","0.81,0.81,1.00,0.81,0.66,0.81,1.00,0.66,0.66,0.06,0.81,0.54",20,,
br,cervejeira amarela consul,consul,,,,,320,14,0.13,1.00,160,Informational,"Site Links, Video, Adwords Bottom, Related Searches, Image Pack","0.44,0.66,0.35,0.54,0.54,0.44,0.54,0.54,0.44,0.54,0.66,0.44",20,,
br,cervejeira consul pequena,consul,,,,,320,17,0.12,1.00,161,"Informational, Transactional","Site Links, Video, Video Carousel, People Also Ask, Popular Products, Related Searches, Image Pack","0.54,0.36,0.44,0.44,0.36,0.36,0.54,0.44,0.29,0.29,0.29,0.36",20,,
br,cervejeira consul smartbeer,consul,,,,,320,31,0.11,1.00,163,Informational,"Related Searches, Site Links, Reviews, Video, Popular Products","0.10,0.07,0.10,0.10,0.08,0.07,0.08,0.08,0.05,0.03,0.04,0.10",20,,
br,como regular a temperatura da geladeira consul frost free,consul,,,,,320,22,0.00,0.33,108,Informational,"Video, Video Carousel, People Also Ask, Related Searches, Short Videos, AI Overview, Reviews","0.43,0.43,0.43,0.43,0.54,0.54,0.54,1.00,0.81,0.66,0.66,0.66",90,,
br,como tirar o agitador da maquina de lavar consul,consul,,,,,320,29,0.00,0.13,107,Informational,"People Also Ask, Related Searches, Short Videos, Video","0.44,0.44,0.54,0.66,0.54,0.44,0.66,0.54,0.66,0.66,1.00,1.00",90,,
br,como usar máquina de lavar consul 12kg,consul,,,,,320,29,0.00,0.04,109,Informational,"Video, People Also Ask, Related Searches","0.81,0.66,0.66,0.66,0.66,0.66,0.66,0.81,0.81,0.54,0.54,0.54",90,,
br,compressor de geladeira consul,consul,,,,,320,21,0.06,0.98,178,Informational,"Image Pack, Site Links, People Also Ask, Popular Products, Related Searches, AI Overview","0.66,0.44,0.44,0.66,0.44,0.54,0.66,0.81,0.66,0.54,0.54,0.44",20,,
br,compressor geladeira consul,consul,,,,,320,24,0.07,0.99,206,"Informational, Transactional","Popular Products, Related Searches, Image Pack, Site Links, People Also Ask","0.66,0.44,0.44,0.44,0.54,0.54,0.54,1.00,0.66,0.44,0.54,0.44",20,,
br,compressor para geladeira consul,consul,,,,,320,24,0.07,0.99,168,"Informational, Commercial","AI Overview, Site Links, People Also Ask, Popular Products, Related Searches","0.66,0.35,0.54,0.43,0.43,0.81,0.66,1.00,0.81,0.66,0.81,0.66",20,,
br,congelador consul,consul,,,,,320,25,0.20,1.00,196,"Informational, Transactional","Image Pack, Site Links, Video, Video Carousel, People Also Ask, Popular Products, Related Searches","0.44,0.36,0.36,0.36,0.36,0.36,0.36,0.54,0.44,0.29,0.36,0.36",20,,
br,consul 377 litros,consul,,,,,320,22,0.25,1.00,169,Transactional,"People Also Ask, Popular Products, Related Searches, Site Links","0.00,0.00,0.00,0.00,0.12,0.15,1.00,0.67,0.81,0.54,0.81,1.00",20,,
br,consul 455 litros,consul,,,,,320,15,0.25,1.00,174,Informational,"Site Links, Video Carousel, Popular Products, Related Searches, Image Pack","0.00,0.00,0.00,0.00,0.00,0.00,0.88,0.72,0.72,0.88,1.00,0.59",20,,
br,consul ar condicionado manual,consul,,,,,320,14,0.00,0.02,105,Informational,"Video, Video Carousel, People Also Ask, Related Searches, AI Overview, Image Pack, Site Links, Reviews","0.20,0.24,0.16,0.13,0.20,0.20,0.16,0.45,0.30,0.30,0.30,0.24",20,,
br,consul ar condicionado split,consul,,,,,320,22,0.13,1.00,160,Transactional,"Site Links, Video, Video Carousel, People Also Ask, Popular Products, Related Searches, Image Pack","0.00,0.00,0.16,0.16,0.24,0.20,0.20,0.67,0.36,0.20,0.24,0.20",20,,
br,consul assitencia tecnica,consul,,,,,320,20,0.23,0.53,107,Navigational,"Local Pack, Site Links, Reviews, Adwords Top, Adwords Bottom, People Also Ask, Related Searches","0.32,0.07,0.14,0.32,0.17,0.26,0.39,0.39,0.32,0.39,0.48,0.26",20,,
br,consul autorizada fortaleza,consul,,,,,320,14,0.27,0.69,108,Commercial,"Local Pack, Reviews, Video, People Also Ask, Related Searches","0.36,0.36,0.36,0.23,0.23,0.29,0.36,0.36,0.44,0.36,0.44,0.44",90,,
br,consul consul,consul,,,,,320,47,0.97,0.41,163,Navigational,"Related Searches, Knowledge Panel, Site Links, Video, Adwords Bottom, Video Carousel, People Also Ask, Popular Products","1.00,0.66,0.43,0.35,0.54,0.43,0.66,0.81,0.66,0.54,1.00,1.00",20,,
br,consul crb36ab,consul,,,,,320,21,0.20,1.00,166,Informational,"Related Searches, Knowledge Panel, Image Pack, Site Links, Video Carousel, People Also Ask","0.54,0.28,0.44,0.44,0.54,0.54,0.81,0.66,1.00,0.54,0.54,0.44",20,,
br,consul crb39,consul,,,,,320,23,0.19,1.00,166,"Informational, Commercial","Related Searches, Image Pack, Site Links, Video, Video Carousel, People Also Ask, Popular Products","0.32,0.26,0.39,0.32,0.26,0.26,0.32,0.32,0.32,0.26,0.32,0.32",20,,
br,consul crm44,consul,,,,,320,23,0.21,1.00,165,"Informational, Commercial","People Also Ask, Popular Products, Related Searches, AI Overview, Site Links, Video Carousel","0.43,0.43,0.43,0.43,0.54,0.66,0.66,0.81,1.00,0.81,0.81,0.43",20,,
br,consul crm44ak,consul,,,,,320,27,0.25,1.00,163,Informational,"Site Links, Video Carousel, People Also Ask, Related Searches, Knowledge Panel, Image Pack","0.81,0.81,0.81,0.81,0.81,0.54,0.66,0.66,0.54,0.43,0.35,0.22",20,,
br,consul engenharia,consul,,,,,320,29,0.48,0.03,0,Navigational,"Image Pack, Site Links, Reviews, Video, People Also Ask, Related Searches","0.48,0.32,0.32,0.39,0.32,0.39,0.21,0.21,0.26,0.21,0.26,0.21",20,,
br,consul facilite 11kg antiga,consul,,,,,320,24,0.08,0.97,156,Informational,"Site Links, Reviews, Video, Video Carousel, People Also Ask, Related Searches, AI Overview, Image Pack","0.81,0.54,0.66,0.54,0.54,0.54,0.54,0.44,0.44,0.44,0.54,0.54",20,,
br,consul facilite 5 bocas cooktop,consul,,,,,320,23,0.09,1.00,171,Commercial,"Related Searches, Image Pack, Site Links, Video, Video Carousel, People Also Ask, Popular Products","0.30,0.00,0.30,0.13,0.30,0.30,0.30,0.13,0.30,0.30,0.30,0.30",20,,
br,consul fogao 5 bocas,consul,,,,,320,27,0.16,1.00,166,Transactional,"Related Searches, Image Pack, Site Links, Video, People Also Ask, Popular Products","0.08,0.02,0.02,0.01,0.04,0.04,0.07,0.04,0.07,0.04,0.13,0.13",20,,
br,consul fogão mesa de vidro,consul,,,,,320,22,0.00,1.00,169,Informational,"Image Pack, Site Links, Video, Video Carousel, Popular Products, Related Searches, AI Overview, Reviews, People Also Ask","0.13,0.08,0.07,0.05,0.00,0.00,0.00,0.00,0.00,0.00,0.00,0.00",20,,
br,consul fortaleza autorizada,consul,,,,,320,26,0.27,0.69,106,Navigational,"Related Searches, Local Pack, People Also Ask","0.39,0.32,0.21,0.21,0.26,0.32,0.32,0.32,0.39,0.32,0.39,0.39",90,,
br,consul frost free 342 litros,consul,,,,,320,24,0.24,1.00,164,Informational,"Site Links, Video, People Also Ask, Related Searches, Knowledge Panel","0.35,0.82,0.35,0.66,0.82,0.66,1.00,1.00,1.00,0.66,0.66,0.66",20,,
br,consul ideal,consul,,,,,320,23,0.75,0.04,170,"Informational, Transactional","People Also Ask, Related Searches, Knowledge Panel, Image Pack, Site Links, Video, Image","0.44,0.54,0.36,0.44,0.36,0.36,0.44,0.54,0.54,0.44,0.44,0.54",20,,
br,consul inox,consul,,,,,320,26,0.31,1.00,175,Transactional,"Video Carousel, People Also Ask, Popular Products, Related Searches, AI Overview, Image Pack, Site Links, Video","0.54,0.44,0.54,0.44,0.54,0.54,0.66,0.44,0.44,0.44,0.44,0.44",20,,
br,consul inverter janela 10000,consul,,,,,320,18,0.19,1.00,165,Transactional,"Video, People Also Ask, Popular Products, Related Searches, Site Links","0.11,0.07,0.09,0.17,0.26,0.26,0.32,0.88,0.72,0.26,0.17,0.14",20,,
br,consul janela 10000 btus,consul,,,,,320,20,0.21,1.00,161,"Informational, Transactional","Site Links, Popular Products, Related Searches","0.13,0.06,0.08,0.08,0.10,0.16,0.20,0.62,0.55,0.30,0.20,0.16",20,,
br,consul lava louça 6 serviços,consul,,,,,320,23,0.07,1.00,167,Informational,"Image Pack, Site Links, Video, Video Carousel, Related Searches","0.54,0.66,0.54,0.44,0.44,0.54,0.54,0.44,0.54,0.00,0.44,0.44",20,,
br,consul oficial,consul,,,,,320,39,0.94,1.00,168,Navigational,"Site Links, Video, People Also Ask, Related Searches, Knowledge Panel","0.24,0.16,0.20,0.20,0.16,0.24,0.36,0.30,0.20,0.24,0.30,0.24",20,,
br,consul peças,consul,,,,,320,27,0.19,0.91,162,"Informational, Transactional","Knowledge Panel, Site Links, Adwords Bottom, People Also Ask, Related Searches","0.39,0.32,0.39,0.32,0.39,0.26,0.26,0.39,0.39,0.26,0.26,0.32",20,,
br,consul significa,consul,,,,,320,22,0.00,0.33,101,Informational,"Reviews, Video, People Also Ask, Related Searches, AI Overview","0.66,0.66,0.36,0.29,0.36,0.29,0.36,0.19,0.36,0.29,0.54,0.54",75,,
br,consul supermercado,consul,,,,,320,31,0.00,0.02,158,Navigational,"Video, Video Carousel, People Also Ask, Related Searches, Local Pack, Site Links, Reviews","0.54,0.44,0.54,0.54,0.54,0.44,0.44,0.54,0.44,0.35,0.44,0.44",20,,
br,consul é da brastemp,consul,,,,,320,26,0.20,0.89,157,Informational,"Video, Video Carousel, People Also Ask, Popular Products, Related Searches, AI Overview, Site Links","0.35,0.44,0.44,0.35,0.35,0.44,0.66,0.44,1.00,0.44,0.66,0.81",20,,
br,filtro para bebedouro consul,consul,,,,,390,22,0.14,1.00,177,"Informational, Transactional","Popular Products, Related Searches, Image Pack, Site Links, Reviews, People Also Ask","0.12,0.12,0.12,0.19,1.00,0.81,0.66,0.66,0.66,0.66,0.66,0.66",20,,
br,filtro purificador de água consul,consul,,,,,390,22,0.14,1.00,167,Transactional,"Reviews, Video, Video Carousel, People Also Ask, Popular Products, Related Searches, Image Pack, Site Links","0.54,0.54,0.66,0.66,0.81,0.66,0.66,0.81,0.81,0.54,0.66,0.81",20,,
br,fogao consul 5 bocas inox,consul,,,,,390,23,0.17,1.00,185,"Informational, Transactional","Image, Video Carousel, Popular Products, Related Searches, Image Pack, Site Links, Reviews, Video","0.16,0.10,0.10,0.08,1.00,0.16,0.20,0.10,0.62,0.08,0.10,0.13",20,,
br,fogao consul 6 bocas,consul,,,,,390,24,0.15,1.00,183,Commercial,"Image Pack, Site Links, Video, Video Carousel, People Also Ask, Related Searches","0.20,0.13,0.16,0.16,1.00,0.20,0.36,0.20,0.16,0.13,0.30,0.16",20,,
br,fogão 4 bocas cooktop consul,consul,,,,,390,21,0.10,1.00,183,Transactional,"Video, Video Carousel, People Also Ask, Popular Products, Related Searches, Image Pack, Site Links","0.20,0.24,0.24,0.24,0.45,0.30,0.30,0.24,0.30,0.20,0.30,0.30",20,,
br,fogão 6 bocas inox consul,consul,,,,,390,24,0.16,1.00,161,Informational,"Image Pack, Site Links, Reviews, Video, Image, People Also Ask, Related Searches","0.32,0.32,0.48,0.39,0.48,0.39,0.59,0.59,0.21,0.17,0.21,0.21",20,,
br,fogão consul 4 bocas cooktop,consul,,,,,390,23,0.09,1.00,196,Transactional,"People Also Ask, Popular Products, Related Searches, Image Pack, Site Links, Video, Video Carousel","0.20,0.24,0.24,0.30,0.30,0.30,0.30,0.24,0.30,0.24,0.30,0.30",20,,
br,fogão consul cooktop,consul,,,,,390,21,0.10,1.00,188,Informational,"Video Carousel, People Also Ask, Popular Products, Related Searches, AI Overview, Image Pack, Site Links, Video","0.30,0.30,0.36,0.24,0.36,0.36,0.30,0.24,0.36,0.30,0.24,0.20",20,,
br,fogão inox 6 bocas consul,consul,,,,,390,14,0.16,1.00,1740000,Commercial,"Related Searches, Image Pack, Site Links, Video, Image, Video Carousel, Popular Products","0.30,0.30,0.55,0.45,0.24,0.36,0.55,0.36,0.16,0.10,0.16,0.16",20,,
br,fogões consul,consul,,,,,390,23,0.21,1.00,178,"Informational, Transactional","Related Searches, Image Pack, Site Links, Video Carousel, People Also Ask, Popular Products","1.00,0.01,0.02,0.03,0.03,0.05,0.13,0.03,0.16,0.03,0.08,0.07",20,,
br,forno eletrico consul facilite,consul,,,,,390,21,0.10,1.00,19100,Informational,"Video, Video Carousel, People Also Ask, Popular Products, Related Searches, Image Pack, Site Links","0.81,0.66,0.66,0.81,0.54,0.54,0.81,0.81,0.54,0.54,0.66,0.54",20,,
br,forno eletrico embutir consul,consul,,,,,390,21,0.23,1.00,124,Transactional,"Site Links, Video, Popular Products, Related Searches","0.44,0.66,0.54,0.54,0.66,0.44,0.66,0.44,0.44,0.44,0.54,0.44",20,,
br,freezer 309 litros consul,consul,,,,,390,15,0.20,1.00,163,Commercial,"Video, Video Carousel, People Also Ask, Popular Products, Related Searches, Image Pack, Site Links","0.44,0.54,0.44,0.36,0.36,0.66,0.81,0.81,0.81,0.54,0.54,0.54",20,,
br,freezer consul pequena,consul,,,,,390,25,0.09,1.00,228,"Informational, Transactional","Image Pack, Site Links, Video, Popular Products, Related Searches","0.36,0.09,0.29,0.00,0.66,0.66,0.81,1.00,0.66,0.66,0.81,0.81",20,,
br,freezer da consul,consul,,,,,390,23,0.12,1.00,217,"Informational, Navigational","Site Links, Video, Video Carousel, People Also Ask, Popular Products, Related Searches, Image Pack","0.32,0.26,0.26,0.32,0.32,0.39,0.32,0.48,0.48,0.48,0.48,0.39",20,,
br,freezer frost free vertical consul,consul,,,,,390,21,0.12,1.00,210,Commercial,"People Also Ask, Popular Products, Related Searches, Site Links, Video","0.14,0.00,0.48,0.39,0.48,0.39,0.39,0.48,0.59,0.59,1.00,0.72",20,,
br,freezer horizontal 1 porta consul,consul,,,,,390,22,0.17,1.00,199,Commercial,"Related Searches, Image Pack, Site Links, Video, People Also Ask, Popular Products","0.20,0.20,0.16,0.13,0.13,0.13,0.20,0.16,0.20,0.08,0.16,0.16",20,,
br,freezer horizontal 2 portas consul,consul,,,,,390,24,0.26,1.00,164,"Informational, Transactional","Related Searches, Knowledge Panel, Site Links, People Also Ask, Popular Products","0.24,0.24,0.20,0.24,0.20,0.20,0.24,0.20,0.24,0.24,0.24,0.24",20,,
br,freezer horizontal consul 2 portas 534l - chb53eb,consul,,,,,390,25,0.46,1.00,164,Informational,"Site Links, Video, Related Searches, Adwords Middle, Knowledge Panel","0.02,0.01,0.00,0.00,0.03,0.00,0.00,0.00,0.00,0.00,0.00,0.00",20,,
br,freezer pequeno consul,consul,,,,,390,25,0.09,1.00,199,Informational,"People Also Ask, Popular Products, Related Searches, Image Pack, Site Links, Video","0.36,0.29,0.44,0.54,0.66,0.54,0.66,1.00,0.81,0.54,0.66,0.66",20,,
br,freezer vertical consul 142 litros menor preço,consul,,,,,390,20,0.13,1.00,10,Transactional,"Site Links, People Also Ask, Popular Products, Related Searches","0.36,0.44,0.44,0.36,0.44,0.54,1.00,0.81,0.81,0.54,0.66,0.54",20,,
br,frezer vertical consul,consul,,,,,390,23,0.18,1.00,196,"Informational, Transactional","Image Pack, Site Links, Reviews, Video, People Also Ask, Popular Products, Related Searches","0.02,0.03,0.04,0.03,0.02,0.36,0.07,0.04,0.04,0.04,0.08,0.05",20,,
br,frigobar consul 120 litros crc12cb,consul,,,,,390,21,0.10,1.00,164,Informational,"Video, Related Searches, Image Pack, Site Links","0.81,0.81,0.36,0.44,0.81,0.54,0.54,1.00,0.54,0.44,0.54,0.54",20,,
br,frigobar consul retro,consul,,,,,390,23,0.18,1.00,160,"Informational, Transactional","Site Links, Reviews, Video, Popular Products, Related Searches, Image Pack, Image, Video Carousel, People Also Ask","0.30,0.30,0.30,0.24,0.13,0.20,0.45,0.20,0.24,0.16,0.30,0.30",20,,
br,frigobar consul usado,consul,,,,,390,24,0.02,1.00,175,"Informational, Commercial","Video, Popular Products, Related Searches, Image Pack, Site Links","0.54,0.54,0.44,0.54,0.44,0.54,0.36,0.54,0.44,0.44,0.44,0.44",20,,
br,geladeira 1 porta consul,consul,,,,,390,27,0.17,1.00,214,Commercial,"People Also Ask, Popular Products, Related Searches, Image Pack, Site Links, Video","0.13,0.10,0.10,0.10,0.13,0.10,0.13,0.45,0.62,0.55,0.62,0.55",20,,
br,geladeira biplex consul,consul,,,,,390,19,0.08,1.00,188,"Informational, Commercial","Site Links, People Also Ask, Popular Products, Related Searches, AI Overview, Image Pack","0.39,0.39,0.39,0.39,0.32,0.39,0.48,0.48,0.48,0.48,0.48,0.39",20,,
br,geladeira cinza consul,consul,,,,,390,23,0.22,1.00,172,"Informational, Transactional","Image Pack, Site Links, Video, People Also Ask, Popular Products, Related Searches","0.66,0.44,0.54,0.54,0.54,0.54,0.66,0.54,0.54,0.54,0.54,0.54",20,,
br,geladeira consul 342 litros,consul,,,,,390,18,0.23,1.00,157,Informational,"Site Links, People Also Ask, Popular Products, Related Searches, Knowledge Panel","0.36,0.30,0.24,0.24,0.24,0.24,0.36,0.24,0.20,0.20,0.16,0.13",20,,
br,geladeira consul 380 litros,consul,,,,,390,19,0.14,1.00,191,"Informational, Commercial","Image Pack, Site Links, People Also Ask, Popular Products, Related Searches","0.54,0.54,0.44,0.54,0.44,0.44,0.54,0.44,0.54,0.44,0.36,0.44",20,,
br,geladeira consul 451 litros branca,consul,,,,,390,30,0.20,1.00,168,"Informational, Transactional","Video, People Also Ask, Popular Products, Related Searches, Site Links, Reviews","0.52,0.37,0.37,0.07,0.31,0.20,0.00,0.00,0.08,0.00,0.00,0.05",20,,
br,geladeira consul antiga branca,consul,,,,,390,24,0.00,0.99,199,Commercial,"People Also Ask, Popular Products, Related Searches, Image Pack, Site Links, Video","0.81,0.81,1.00,0.81,0.66,0.66,0.66,0.81,0.81,0.66,0.81,0.66",20,,
br,geladeira consul biplex antiga,consul,,,,,390,26,0.05,0.98,188,Commercial,"Video, People Also Ask, Popular Products, Related Searches, Image Pack, Site Links","0.44,0.54,0.44,0.54,0.44,0.44,0.29,0.23,0.36,0.29,0.36,0.36",20,,
br,geladeira consul cycle defrost duplex 334 litros,consul,,,,,390,23,0.23,1.00,165,Commercial,"Knowledge Panel, Image Pack, Site Links, Video Carousel, People Also Ask, Popular Products, Related Searches","0.59,0.26,0.26,0.26,0.32,0.32,0.48,0.32,0.39,0.39,0.21,0.39",20,,
br,geladeira consul e boa,consul,,,,,390,26,0.20,1.00,150,Informational,"Site Links, Reviews, Video, Video Carousel, People Also Ask, Popular Products, Related Searches, Adwords Middle","0.44,0.36,0.54,0.54,0.44,0.54,1.00,0.81,0.54,0.54,0.54,0.66",20,,
br,geladeira consul frost free 410 litros,consul,,,,,390,24,0.19,1.00,196,"Informational, Transactional","Knowledge Panel, Site Links, Video, Video Carousel, People Also Ask, Popular Products, Related Searches, Short Videos","0.32,0.32,0.32,0.26,0.32,0.39,0.72,0.48,0.39,0.21,0.26,0.32",20,,
br,geladeira consul frost free não gela embaixo,consul,,,,,390,29,0.28,0.11,170,Informational,"Image Pack, Video, People Also Ask, Related Searches, Short Videos, AI Overview","0.36,0.29,0.23,0.44,0.36,0.44,0.54,0.81,1.00,0.81,0.81,0.81",90,,
br,geladeira consul frost free não gela mas o congelador funciona,consul,,,,,390,29,0.30,0.09,105,Informational,"Video, People Also Ask, Related Searches, Short Videos, Adwords Middle, AI Overview, Image Pack","0.36,0.36,0.36,0.54,0.54,0.54,0.66,0.81,1.00,0.66,0.44,0.66",90,,
br,geladeira consul frost free pequena,consul,,,,,390,18,0.15,1.00,218,"Informational, Transactional","Popular Products, Related Searches, Image Pack, Site Links, Video, Video Carousel, People Also Ask","0.54,0.54,0.66,0.54,0.44,0.44,0.54,0.54,0.66,0.54,0.66,0.54",20,,
br,geladeira consul gelo seco,consul,,,,,390,21,0.10,1.00,201,Informational,"Image Pack, Site Links, Reviews, Video, Video Carousel, People Also Ask, Popular Products, Related Searches","0.24,0.24,0.24,0.24,0.30,0.36,0.36,0.24,0.30,0.30,0.36,0.36",20,,
br,geladeira consul inverse inox,consul,,,,,390,25,0.16,1.00,196,Informational,"Video Carousel, People Also Ask, Popular Products, Related Searches, Image Pack, Site Links, Video","0.24,0.20,0.24,0.30,0.30,0.30,0.45,0.45,0.45,0.36,0.55,0.55",20,,
br,geladeira consul não gela a parte de baixo,consul,,,,,390,27,0.26,0.10,107,Informational,"Short Videos, AI Overview, Reviews, Video, Related Searches","0.29,0.23,0.29,0.54,0.36,0.54,0.66,1.00,0.81,0.66,0.66,0.54",90,,
br,geladeira consul palito,consul,,,,,390,25,0.09,1.00,195,Informational,"People Also Ask, Popular Products, Related Searches, Image Pack, Site Links, Video, Video Carousel","0.44,0.36,0.54,0.44,0.36,0.44,0.44,0.54,0.66,0.66,0.66,0.81",20,,
br,geladeira consul pequena antiga,consul,,,,,390,26,0.04,1.00,231,"Informational, Commercial","Image, People Also Ask, Popular Products, Related Searches, Image Pack, Site Links, Video","0.66,0.66,0.66,0.66,0.54,0.54,0.44,0.66,0.66,0.44,0.54,0.44",20,,
br,geladeira consul preço,consul,,,,,390,28,0.08,1.00,208,Transactional,"Popular Products, Related Searches, Image Pack, Site Links, Video, People Also Ask","0.39,0.39,0.39,0.39,0.32,0.48,0.48,0.39,0.48,0.32,0.39,0.39",20,,
br,geladeira crd37 consul,consul,,,,,390,15,0.13,1.00,165,Informational,"Knowledge Panel, Site Links, Video Carousel, People Also Ask, Related Searches","0.48,0.39,0.39,0.48,0.32,0.32,0.39,0.48,0.48,0.48,0.48,0.59",20,,
br,geladeira frost free consul 340 litros,consul,,,,,390,23,0.18,1.00,195,Informational,"Video Carousel, Popular Products, Related Searches, Knowledge Panel, Image Pack, Site Links, Video","0.30,0.24,0.24,0.10,0.16,0.30,0.24,0.20,0.20,0.20,0.24,0.24",20,,
br,geladeira frost free duplex consul 455 litros branca - crm56mb,consul,,,,,390,33,0.34,1.00,196,"Informational, Transactional","Knowledge Panel, Site Links, Video, Video Carousel, People Also Ask, Related Searches","0.00,0.00,0.00,0.00,0.00,0.07,1.00,0.31,0.52,0.31,0.31,0.25",20,,
br,geladeira frost free duplex consul inox 410 litros - crm50lk,consul,,,,,390,21,0.36,1.00,166,Commercial,"Site Links, Video, People Also Ask, Popular Products, Related Searches","0.01,0.00,1.00,0.02,0.20,0.10,0.54,0.04,0.00,0.02,0.02,0.00",20,,
br,geladeira gelo seco consul,consul,,,,,390,22,0.10,1.00,205,"Informational, Commercial","Video, Video Carousel, People Also Ask, Popular Products, Related Searches, Image Pack, Site Links","0.24,0.16,0.20,0.20,0.20,0.20,0.20,0.20,0.45,0.45,0.45,0.45",20,,
br,geladeira grande consul,consul,,,,,390,25,0.15,1.00,174,Transactional,"Image Pack, Site Links, Video Carousel, Popular Products, Related Searches","0.48,0.48,0.39,0.39,0.39,0.39,0.48,0.48,0.39,0.39,0.48,0.48",20,,
br,geladeira inox consul 386 litros,consul,,,,,390,27,0.23,1.00,165,Informational,"Site Links, Video, Image, People Also Ask, Popular Products, Related Searches","0.13,0.16,0.13,0.24,0.16,0.20,0.11,0.08,0.13,0.07,0.07,0.08",20,,
br,geladeira inverse inox consul,consul,,,,,390,23,0.20,1.00,187,Transactional,"People Also Ask, Popular Products, Related Searches, Adwords Middle, Site Links, Video, Adwords Top","0.24,0.16,0.20,0.24,0.20,0.24,0.45,0.36,0.36,0.36,0.55,0.55",20,,
br,geladeira palito consul,consul,,,,,390,25,0.09,1.00,179,"Informational, Commercial","Related Searches, Image Pack, Site Links, Video, People Also Ask, Popular Products","0.44,0.36,0.44,0.44,0.44,0.44,0.36,0.54,0.66,0.66,0.66,0.81",20,,
br,geldeira consul,consul,,,,,390,24,0.21,1.00,168,Transactional,"People Also Ask, Popular Products, Related Searches, Adwords Middle, Image Pack, Site Links, Video, Video Carousel","1.00,0.00,0.08,0.00,0.00,0.00,0.31,0.37,0.00,0.00,0.52,0.00",20,,
br,lampada geladeira consul,consul,,,,,390,15,0.03,1.00,161,Informational,"Related Searches, AI Overview, Image Pack, Site Links, Video, Video Carousel, People Also Ask, Popular Products","0.66,0.44,0.54,0.54,0.54,0.54,0.54,0.54,0.44,0.54,0.54,0.54",20,,
br,lampada para geladeira consul,consul,,,,,390,17,0.03,1.00,205,"Informational, Commercial","Video, Video Carousel, People Also Ask, Popular Products, Related Searches, Image Pack, Site Links, Reviews","0.66,0.54,0.66,0.54,0.35,0.66,0.54,0.66,0.81,0.66,0.54,0.66",20,,
br,lava louca consul,consul,,,,,390,27,0.09,1.00,140,Informational,"Site Links, Video, Video Carousel, People Also Ask, Related Searches, Image Pack","0.39,0.39,0.88,0.59,0.14,0.17,0.59,0.21,0.17,0.39,0.17,0.32",20,,
br,lavadora consul 9 kg,consul,,,,,390,22,0.11,1.00,187,Commercial,"Related Searches, Short Videos, AI Overview, Site Links, Video, Video Carousel, People Also Ask, Popular Products","0.36,0.13,0.54,0.36,0.07,0.08,0.13,0.13,0.54,0.30,0.16,0.16",20,,
br,loja oficial da consul,consul,,,,,390,29,0.71,1.00,189,"Navigational, Commercial","Site Links, Video, People Also Ask, Popular Products, Related Searches","0.44,0.44,0.44,0.36,0.36,0.54,0.67,0.54,0.54,0.44,0.67,0.67",20,,
br,mais top consul brastemp,consul,,,,,390,21,0.00,0.02,155,Informational,"Site Links, Reviews, Video, Related Searches, Image Pack","0.20,0.10,0.10,0.10,0.10,1.00,0.36,0.30,0.16,0.13,0.16,0.13",20,,
br,manual ar condicionado consul,consul,,,,,390,14,0.00,0.02,162,Informational,"People Also Ask, AI Overview, Image Pack, Video, Video Carousel","0.20,0.24,0.16,0.13,0.20,0.16,0.20,0.55,0.36,0.30,0.30,0.24",90,,
br,manual da consul ar condicionado,consul,,,,,390,11,0.00,0.02,48,Informational,"Image Pack, Site Links, Reviews, Video, Related Searches, AI Overview","0.24,0.24,0.16,0.13,0.24,0.20,0.24,0.55,0.36,0.36,0.36,0.30",20,,
br,maquina consul 12 kg,consul,,,,,390,22,0.19,1.00,163,"Informational, Transactional","Image Pack, Site Links, Video, Video Carousel, People Also Ask, Popular Products, Related Searches","0.10,0.30,0.20,0.13,0.20,0.16,0.16,0.20,0.20,0.13,0.20,0.20",20,,
br,maquina consul 16kg,consul,,,,,390,21,0.09,1.00,163,Informational,"Video, People Also Ask, Popular Products, Related Searches, Image Pack, Site Links, Reviews","0.36,0.30,0.36,0.36,0.30,0.01,0.24,0.30,0.30,0.30,0.30,0.36",20,,
br,maquina consul 8 kg,consul,,,,,390,19,0.10,1.00,179,"Informational, Commercial","Related Searches, Image Pack, Site Links, Video, Video Carousel, People Also Ask, Popular Products","0.44,0.44,0.67,0.54,0.36,0.44,0.54,0.44,0.44,0.44,0.44,0.44",20,,
br,maquina de lavar 12kg consul,consul,,,,,390,22,0.29,1.00,160,Informational,"People Also Ask, Popular Products, Related Searches, Short Videos, Site Links, Video, Video Carousel","0.20,0.24,0.30,0.20,0.16,0.24,0.16,0.24,0.30,0.20,0.24,0.36",20,,
br,maquina de lavar 8kg consul,consul,,,,,390,27,0.10,1.00,166,Commercial,"Video Carousel, People Also Ask, Related Searches, AI Overview, Site Links, Video","0.39,0.48,0.59,0.48,0.48,0.39,0.48,0.39,0.48,0.17,0.39,0.26",20,,
br,maquina de lavar consul 11 kg,consul,,,,,390,20,0.13,1.00,168,Commercial,"Image Pack, Site Links, Video, Video Carousel, People Also Ask, Popular Products, Related Searches","0.54,0.44,0.66,0.54,0.54,0.54,0.54,0.44,0.54,0.44,0.54,0.66",20,,
br,maquina de lavar consul 13 kg,consul,,,,,390,19,0.24,1.00,159,Commercial,"Related Searches, Short Videos, Site Links, Reviews, Video, Video Carousel, People Also Ask, Popular Products","0.01,0.31,0.11,0.16,0.11,0.11,0.25,0.02,0.31,0.37,0.46,1.00",20,,
br,medida cervejeira consul,consul,,,,,390,21,0.09,1.00,157,Informational,"Video, Popular Products, Related Searches, AI Overview, Image Pack, Site Links","0.32,0.26,0.32,0.39,0.32,0.32,0.39,0.32,0.48,1.00,0.39,0.32",20,,
br,microondas consul inox 20 litros,consul,,,,,390,23,0.13,1.00,165,Commercial,"Popular Products, Related Searches, AI Overview, Site Links, Reviews, Video, People Also Ask","0.39,0.39,0.39,0.39,0.26,0.32,0.48,0.39,0.48,0.39,0.48,0.59",20,,
br,minha geladeira liga mas não gela consul frost free,consul,,,,,390,25,0.37,0.12,108,Informational,"Video, People Also Ask, Related Searches, Short Videos, AI Overview","0.29,0.29,0.29,0.29,0.29,0.36,0.54,1.00,1.00,0.66,0.66,0.66",90,,
br,mini freezer consul,consul,,,,,390,20,0.07,1.00,209,"Informational, Commercial","Video, People Also Ask, Popular Products, Related Searches, Image Pack, Site Links","0.16,0.13,0.16,0.20,0.20,0.20,0.20,0.20,0.25,0.20,0.16,0.16",20,,
br,modelo de geladeiras consul,consul,,,,,390,23,0.08,1.00,174,Transactional,"Image Pack, Site Links, Video, Video Carousel, People Also Ask, Popular Products, Related Searches","0.30,0.30,0.24,0.36,0.30,0.30,0.20,0.30,0.20,0.24,0.30,0.00",20,,
br,máquina consul 8kg,consul,,,,,390,21,0.10,1.00,166,"Informational, Commercial","Site Links, Video, Video Carousel, People Also Ask, Popular Products, Related Searches, Image Pack","0.48,0.32,0.39,0.59,0.39,0.32,0.32,0.48,0.48,0.39,0.39,0.48",20,,
br,máquina de lavar 10kg consul,consul,,,,,390,26,0.09,1.00,163,Commercial,"Video, People Also Ask, Related Searches, Site Links","0.36,0.24,0.36,0.36,0.24,0.24,0.30,0.20,0.20,0.16,0.24,0.24",20,,
br,máquina de lavar consul 8kg,consul,,,,,390,22,0.10,1.00,120,"Informational, Transactional","Top Stories, Site Links, Video, Video Carousel, People Also Ask","0.29,0.81,0.81,0.66,0.66,0.54,0.66,0.44,0.66,0.29,0.54,0.44",20,,
br,máquina de lavar roupa consul 12 kg,consul,,,,,390,21,0.21,1.00,167,Commercial,"Short Videos, AI Overview, Site Links, Video, Video Carousel, People Also Ask, Popular Products, Related Searches","0.03,0.03,0.02,0.03,0.03,0.03,0.44,0.03,0.03,0.02,0.03,0.03",20,,
br,máquina de lavar roupa consul 15kg,consul,,,,,390,21,0.11,1.00,195,Commercial,"Site Links, Video, Video Carousel, People Also Ask, Popular Products, Related Searches","0.44,0.44,1.00,0.44,0.66,0.66,0.66,0.54,0.66,0.66,0.66,0.81",20,,
br,o que é um consul,consul,,,,,390,12,0.00,0.33,109,Informational,"Related Searches, AI Overview, Video, People Also Ask","0.20,0.13,0.13,0.20,0.16,0.20,0.20,0.07,0.13,0.08,0.13,0.30",90,,
br,pecas geladeira consul,consul,,,,,390,23,0.09,1.00,185,Transactional,"Site Links, People Also Ask, Popular Products, Related Searches, Image Pack","0.81,0.81,0.81,0.66,0.66,0.66,0.66,0.81,1.00,0.44,0.66,1.00",20,,
br,peças consul,consul,,,,,390,21,0.19,0.91,166,Commercial,"Site Links, Adwords Bottom, Popular Products, Related Searches","0.54,0.44,0.44,0.36,0.44,0.36,0.36,0.44,0.44,0.36,0.44,0.36",20,,
br,peças da consul,consul,,,,,390,28,0.19,0.91,164,Transactional,"Popular Products, Related Searches, Knowledge Panel, Site Links, People Also Ask","0.48,0.32,0.21,0.32,0.32,0.32,0.32,0.39,0.39,0.32,0.39,0.39",20,,
br,peças para geladeira consul antiga,consul,,,,,390,21,0.04,0.96,190,Informational,"AI Overview, Image Pack, Site Links, Video, Adwords Bottom, People Also Ask, Popular Products, Related Searches","0.59,0.39,0.48,0.48,0.39,0.39,0.39,0.32,0.39,0.26,0.26,0.32",20,,
br,peças para geladeiras consul,consul,,,,,390,21,0.09,1.00,170,"Informational, Transactional","Site Links, Popular Products, Related Searches, AI Overview","0.16,0.08,0.02,0.05,0.00,0.00,0.16,0.30,0.24,0.24,0.30,0.30",20,,
br,placa da maquina de lavar consul,consul,,,,,390,25,0.05,1.00,180,Informational,"Related Searches, Image Pack, Site Links, Video, People Also Ask, Popular Products","0.54,0.67,0.23,0.44,0.36,0.29,0.36,0.44,0.36,0.44,0.44,0.54",20,,
br,placa da máquina de lavar consul,consul,,,,,390,25,0.05,1.00,180,"Informational, Transactional","Related Searches, Image Pack, Site Links, Video, People Also Ask, Popular Products","0.44,0.54,0.44,0.44,0.54,0.44,0.36,0.36,0.44,0.44,0.44,0.44",20,,
br,placa geladeira consul frost free,consul,,,,,390,22,0.04,1.00,167,Informational,"Related Searches, AI Overview, Image Pack, Site Links, Video, Video Carousel, People Also Ask, Popular Products","0.54,0.44,0.44,0.44,0.44,0.54,0.36,0.54,0.54,0.54,0.54,0.54",20,,
br,plural de consul,consul,,,,,390,23,0.00,0.33,101,Informational,"People Also Ask, Related Searches, AI Overview, Video","0.45,0.24,0.20,0.24,0.24,0.24,0.20,0.16,0.13,0.16,0.24,0.24",90,,
br,purificador agua gelada consul,consul,,,,,390,26,0.14,1.00,204,"Navigational, Transactional","Site Links, Video, Video Carousel, People Also Ask, Popular Products, Related Searches, Short Videos","0.54,0.44,0.44,0.54,0.54,0.54,0.81,0.81,0.81,0.66,0.66,0.54",20,,
br,colégio consul carlos renaux,consul,,,,,390,28,0.00,0.08,153,"Informational, Navigational","Site Links, Video, Image, People Also Ask, Related Searches, Knowledge Panel, Image Pack","0.81,0.81,0.28,0.54,1.00,1.00,0.81,0.23,0.44,0.54,0.66,0.81",20,,
br,consul 10000 btus janela,consul,,,,,390,22,0.21,1.00,165,"Informational, Transactional","People Also Ask, Popular Products, Related Searches, Image Pack, Site Links","0.16,0.08,0.10,0.10,0.10,0.16,0.20,0.62,0.62,0.36,0.20,0.20",20,,
br,consul 11 kg,consul,,,,,390,24,0.12,1.00,160,"Informational, Commercial","Related Searches, Image Pack, Site Links, Video, Video Carousel, People Also Ask, Popular Products","0.81,0.54,0.81,0.44,0.66,0.54,0.66,0.44,0.66,0.44,0.54,0.66",20,,
br,consul 14kg,consul,,,,,390,20,0.14,1.00,162,Informational,"Related Searches, Image Pack, Site Links, Video, Video Carousel, People Also Ask, Popular Products","0.39,0.39,0.39,0.39,0.32,0.39,0.32,0.26,0.32,0.32,0.26,0.39",20,,
br,consul 16kg,consul,,,,,390,22,0.14,1.00,164,Informational,"People Also Ask, Popular Products, Related Searches, Image Pack, Site Links, Video, Video Carousel","0.36,0.36,0.36,0.30,0.36,0.36,0.30,0.24,0.20,0.24,0.20,0.16",20,,
br,consul 334 litros,consul,,,,,390,23,0.23,1.00,159,Informational,"Knowledge Panel, Site Links, Video Carousel, People Also Ask, Related Searches","0.54,0.54,0.66,0.66,0.54,0.81,1.00,0.81,1.00,0.66,0.81,0.81",20,,
br,consul 340 litros,consul,,,,,390,26,0.19,1.00,171,"Informational, Transactional","Image Pack, Site Links, Reviews, Video, People Also Ask, Related Searches, Knowledge Panel","0.39,0.39,0.39,0.39,0.48,0.39,0.48,0.39,0.39,0.26,0.21,0.21",20,,
br,consul 8kg,consul,,,,,390,23,0.19,1.00,167,"Informational, Commercial","Image Pack, Site Links, Video, Video Carousel, People Also Ask, Popular Products, Related Searches","0.81,0.66,0.66,0.66,0.54,0.44,0.44,0.44,0.81,0.54,0.44,0.35",20,,
br,consul cariru,consul,,,,,390,20,0.00,0.01,163,"Informational, Transactional","Knowledge Panel, Video, People Also Ask, Related Searches","0.44,0.44,0.36,0.44,0.36,0.36,0.44,0.67,0.44,0.54,0.36,0.54",70,,
br,consul carlos renaux,consul,,,,,390,33,0.00,0.33,138,Navigational,"Reviews, Video, People Also Ask, Related Searches, Short Videos, Knowledge Panel, Site Links","1.00,0.13,0.11,0.13,0.13,0.13,0.11,0.11,0.11,0.16,0.13,0.13",20,,
br,consul cbmdf,consul,,,,,390,27,0.00,0.33,165,Navigational,"Site Links, Reviews, Video, Related Searches","0.54,0.44,0.54,0.66,1.00,0.81,0.66,0.44,0.66,0.54,0.66,0.81",20,,
br,consul cooperativa,consul,,,,,390,13,0.00,0.33,108,Commercial,"Local Pack, Reviews, Video, Related Searches","0.44,0.44,0.29,0.44,0.44,0.66,0.44,0.66,0.54,0.44,0.54,0.54",75,,
br,consul cpb34af,consul,,,,,390,24,0.19,1.00,162,Commercial,"Video, Video Carousel, People Also Ask, Related Searches, Short Videos, Knowledge Panel, Site Links, Reviews","0.54,0.36,0.44,0.44,0.36,0.36,0.54,0.23,0.29,0.23,0.29,0.36",20,,
br,consul crd36,consul,,,,,390,22,0.10,1.00,166,Informational,"Related Searches, AI Overview, Image Pack, Site Links, Video, Video Carousel, People Also Ask, Popular Products","0.54,0.66,0.54,0.54,0.44,0.54,0.54,0.66,0.81,0.44,0.54,0.54",20,,
br,consul crm39ab,consul,,,,,390,27,0.22,1.00,165,Informational,"Knowledge Panel, Image Pack, Site Links, Reviews, Video, People Also Ask, Related Searches","0.44,0.36,0.54,0.67,0.44,0.54,0.36,0.29,0.36,0.36,0.36,0.36",20,,
br,consul crm44ab,consul,,,,,390,26,0.22,1.00,164,Informational,"Video Carousel, People Also Ask, Related Searches, AI Overview, Knowledge Panel, Site Links, Reviews, Image","0.45,0.20,0.36,0.45,0.36,0.20,0.36,0.30,0.30,0.20,0.16,0.13",20,,
br,consul crm56,consul,,,,,390,24,0.18,1.00,171,"Informational, Commercial","Image Pack, Site Links, Video Carousel, People Also Ask, Popular Products","0.20,0.16,0.16,0.13,0.16,0.16,0.30,0.24,0.36,0.24,0.36,0.36",20,,
br,consul facilite forno,consul,,,,,390,27,0.11,1.00,155,Informational,"Related Searches, Image Pack, Site Links, Reviews, Video, Adwords Bottom, People Also Ask, Popular Products","0.66,0.44,0.81,0.81,0.54,0.66,0.54,0.66,0.54,0.54,0.54,0.66",20,,
br,consul garantia,consul,,,,,390,33,0.15,0.17,167,"Navigational, Transactional","Site Links, Adwords Top, Adwords Bottom, People Also Ask, Related Searches","0.81,0.81,0.81,0.54,0.54,0.66,0.81,0.66,1.00,0.66,0.81,1.00",20,,
br,consul inverse,consul,,,,,390,26,0.23,1.00,214,Informational,"Popular Products, Related Searches, Image Pack, Site Links, Video, Video Carousel, People Also Ask","0.16,0.16,0.20,0.20,0.25,0.16,0.31,0.16,0.20,0.20,0.37,0.20",20,,
br,consul japones,consul,,,,,390,41,0.00,0.33,188,Informational,"Knowledge Panel, Image Pack, Reviews, Video Carousel, People Also Ask, Related Searches, Short Videos, AI Overview, Video","0.30,0.36,0.30,0.30,0.30,0.36,0.36,0.13,0.20,0.30,0.30,0.30",70,,
br,consul lava louça,consul,,,,,390,23,0.09,1.00,132,Commercial,"Popular Products, Related Searches, Image Pack, Site Links, Video, Video Carousel, People Also Ask","0.21,0.32,0.48,0.11,0.48,0.39,0.59,0.48,0.39,0.39,0.39,0.39",20,,
br,consul lava louças,consul,,,,,390,29,0.09,1.00,166,"Informational, Transactional","People Also Ask, Popular Products, Related Searches, Adwords Middle, Image Pack, Site Links, Video, Video Carousel","0.39,0.32,0.48,0.59,0.32,0.32,0.72,0.32,0.32,0.32,0.32,0.48",20,,
br,consul o que é,consul,,,,,390,16,0.00,0.33,104,Informational,"Video, People Also Ask, Related Searches, AI Overview","0.36,0.30,0.24,0.36,0.30,0.30,0.06,0.20,0.24,0.20,0.36,0.62",90,,
br,consula nfe,consul,,,,,390,39,0.55,0.33,126,Navigational,"Video, Related Searches","0.20,0.11,0.20,0.05,0.00,0.00,0.07,0.05,0.02,0.30,0.20,0.05",75,,
br,consulate,consul,,,,,390,58,0.97,0.41,103,Informational,"AI Overview, Instant Answer, Knowledge Panel, Video, Image, Video Carousel, People Also Ask, Related Searches","0.24,0.30,0.20,0.16,0.24,0.20,0.20,0.30,0.24,0.24,0.20,0.30",20,,
br,consulate general of china,consul,,,,,390,39,0.00,0.09,136,Informational,"People Also Ask, Related Searches, AI Overview, Knowledge Panel, Reviews, Video","0.66,0.44,0.54,0.44,0.44,0.44,0.44,0.54,0.54,0.54,0.54,0.44",70,,
br,consulate general of portugal in sao paulo,consul,,,,,390,37,0.00,0.11,109,Navigational,"Site Links, Reviews, Video, People Also Ask, Related Searches, Knowledge Panel","0.54,0.54,0.44,0.35,0.54,0.66,0.54,0.54,0.81,1.00,0.81,0.66",20,,
br,consulate general of pr china,consul,,,,,390,36,0.00,0.09,131,Informational,"Video, People Also Ask, Related Searches, AI Overview, Knowledge Panel, Reviews","0.66,0.44,0.54,0.44,0.44,0.44,0.44,0.54,0.54,0.54,0.00,0.44",70,,
br,consulates china,consul,,,,,390,44,0.00,0.09,133,Informational,"Video, People Also Ask, Related Searches, AI Overview, Site Links","0.81,0.66,0.81,0.66,0.66,0.54,0.54,0.66,0.66,0.66,0.15,0.54",20,,
br,controle ar consul,consul,,,,,390,25,0.07,1.00,164,Informational,"Site Links, Video, Video Carousel, People Also Ask, Popular Products, Related Searches, AI Overview, Image Pack","0.24,0.24,0.24,0.20,0.30,0.30,0.30,0.76,0.30,0.30,0.24,0.24",20,,
br,cooktop 5 bocas da consul,consul,,,,,390,23,0.13,1.00,158,Informational,"Video, Video Carousel, People Also Ask, Popular Products, Related Searches, Site Links","0.00,0.00,0.03,0.00,0.00,0.00,0.00,0.07,0.00,0.10,0.00,0.16",20,,
br,cpb36 consul,consul,,,,,390,18,0.16,1.00,172,"Informational, Commercial","Related Searches, AI Overview, Image Pack, Site Links, Reviews, Video Carousel, People Also Ask, Popular Products","0.44,0.29,0.36,0.36,0.23,0.44,0.54,0.54,0.81,0.81,1.00,0.81",20,,
br,cupons de desconto consul,consul,,,,,390,22,0.73,0.99,151,Transactional,"Reviews, Video, People Also Ask, Related Searches, AI Overview, Site Links","0.54,0.44,0.36,0.54,0.54,0.67,0.81,0.44,0.44,0.29,0.67,0.44",20,,
br,escritório consular de portugal em santos,consul,,,,,390,21,0.80,0.06,108,"Informational, Transactional","People Also Ask, Related Searches, Knowledge Panel","0.66,0.35,0.66,0.66,0.66,1.00,0.66,0.44,0.81,0.54,0.66,0.66",70,,
br,filtro bebedouro consul,consul,,,,,390,24,0.14,1.00,187,"Informational, Transactional","Popular Products, Related Searches, Image Pack, Site Links, Reviews, Video, People Also Ask","0.66,0.66,0.04,0.81,0.81,0.81,0.66,0.06,0.66,0.54,0.66,0.66",20,,
br,filtro bem estar da consul,consul,,,,,390,22,0.10,1.00,178,Commercial,"Popular Products, Related Searches, AI Overview, Site Links, Video, Video Carousel, People Also Ask","0.20,0.30,0.05,0.08,0.24,0.30,0.16,0.30,0.36,0.24,0.30,0.24",20,,
br,filtro da consul,consul,,,,,390,26,0.12,1.00,197,Informational,"Image Pack, Site Links, People Also Ask, Popular Products, Related Searches","0.66,0.44,0.66,0.66,0.44,0.54,0.66,0.44,0.66,0.54,0.66,0.66",20,,
br,filtro da consul bem estar,consul,,,,,390,22,0.10,1.00,166,Commercial,"People Also Ask, Popular Products, Related Searches, AI Overview, Site Links, Video","0.24,0.20,0.20,0.20,0.20,0.16,0.20,0.24,0.30,0.36,0.20,0.24",20,,
br,filtro do ar condicionado consul,consul,,,,,390,16,0.04,1.00,164,"Informational, Commercial","Image Pack, Site Links, Video, Video Carousel, People Also Ask, Popular Products, Related Searches","0.21,0.21,0.26,0.21,0.32,0.32,0.32,1.00,0.59,0.59,0.59,0.39",20,,
br,filtro para ar condicionado consul,consul,,,,,390,22,0.04,1.00,188,Informational,"People Also Ask, Popular Products, Related Searches, AI Overview, Image Pack, Site Links, Reviews, Video","0.21,0.21,0.21,0.26,0.32,0.32,0.48,0.72,0.48,0.48,0.39,0.32",20,,
