name,prompts_count,volume,volume_trend,intents
Consul Definitions & References,16,376,49;54;55;53;72;83;73;100;67;68;71;73,task:5;informational:69;navigational:9;commercial:5;transactional:12
Consul e Consulado: significado e termos,46,13652,81;83;83;91;81;82;83;100;99;99;99;99,task:5;informational:80;navigational:7;commercial:5;transactional:3
Consulente: significado e umbanda,23,5313,39;48;49;47;86;88;89;94;100;100;100;100,task:4;informational:80;navigational:5;commercial:7;transactional:4
Cons em Português,22,4450,36;62;66;57;84;88;88;98;100;100;100;100,task:20;informational:62;navigational:5;commercial:10;transactional:3
Consul lojas e cupons,29,21332,84;89;95;98;96;96;96;99;100;100;100;100,task:2;informational:34;navigational:26;commercial:20;transactional:18
Conselho e sinônimos,67,79219,53;57;73;70;66;66;66;98;100;100;100;100,task:20;informational:65;navigational:4;commercial:9;transactional:2
Café Consulado,16,2300,52;60;58;56;65;63;62;100;95;95;97;97,task:5;informational:53;navigational:18;commercial:12;transactional:12
Consul Climatização e Bem-Estar,51,18598,44;48;49;50;70;70;70;99;100;100;100;100,task:2;informational:57;navigational:15;commercial:18;transactional:8
Cupons e promoções Consul,23,5027,53;63;46;74;73;74;75;91;100;100;100;100,task:2;informational:44;navigational:6;commercial:18;transactional:30
Consel Serviços e Concursos,15,225,11;11;12;60;61;69;48;100;81;77;66;17,task:7;informational:33;navigational:42;commercial:11;transactional:7
Diplomacia e Diplomatas,77,35791,50;53;53;91;91;92;92;97;100;100;100;100,task:4;informational:80;navigational:5;commercial:7;transactional:4
Imperium Domini,16,841,24;26;93;94;94;94;94;100;20;20;20;19,task:5;informational:75;navigational:5;commercial:10;transactional:5
Honores Latini,51,53885,77;83;85;83;90;90;90;100;99;99;99;99,task:2;informational:81;navigational:6;commercial:9;transactional:2
Consul Imóveis e Imobiliárias,15,304,33;88;94;83;66;53;53;100;81;62;51;64,task:5;informational:16;navigational:61;commercial:7;transactional:11
Legal Counsel and Definitions,19,696,39;45;43;44;45;47;45;100;99;100;97;100,task:2;informational:80;navigational:5;commercial:8;transactional:5
Embaixador: Significado e Contextos,49,21905,53;65;71;77;85;86;86;100;100;100;100;100,task:2;informational:76;navigational:11;commercial:5;transactional:6
Procônsul bíblico,22,3809,27;30;32;32;73;74;74;93;100;99;99;99,task:8;informational:84;navigational:3;commercial:2;transactional:3
Consolati e Ambasciate Italiane,15,140,69;68;76;73;73;76;75;75;78;80;79;100,task:3;informational:22;navigational:62;commercial:4;transactional:9
Consultoria e Conselhos de Advisor,24,3307,72;84;85;57;68;72;72;95;97;97;100;100,task:2;informational:70;navigational:5;commercial:15;transactional:8
Termini Latini Iuris Civilis,23,7820,79;88;90;100;95;96;96;87;87;87;86;86,task:8;informational:83;navigational:5;commercial:4
Conselho Consultivo Empresarial,17,1436,100;93;85;76;65;65;65;63;68;68;68;68,task:2;informational:70;navigational:5;commercial:10;transactional:13
Consort: meanings and definitions,24,2188,95;93;93;88;78;78;79;77;100;100;100;100,task:2;informational:83;navigational:5;commercial:5;transactional:5
Con Domain Clusters,16,1278,10;11;12;14;14;23;20;12;12;100;90;94,task:3;informational:59;navigational:19;commercial:11;transactional:8
Frigobares Consul,41,21522,97;100;45;50;63;63;63;97;97;99;98;98,informational:38;navigational:30;commercial:23;transactional:9
Consulados de Taiwán (ROC),16,6439,94;97;13;66;15;16;16;100;100;100;100;100,task:2;informational:44;navigational:31;commercial:7;transactional:16
Ar Condicionado Consul,92,21940,47;50;58;62;100;100;100;92;98;98;98;98,task:5;informational:40;navigational:10;commercial:25;transactional:20
Consolata Brasil - igrejas e escolas,17,829,90;99;100;75;77;81;81;80;62;62;63;62,informational:47;navigational:38;commercial:11;transactional:4
Embaixadores e Embaixadoras,21,3657,87;90;94;74;82;82;81;84;100;100;98;98,task:2;informational:73;navigational:5;commercial:15;transactional:5
Coifas e depuradores Consul,24,869,70;90;100;49;50;50;50;51;64;68;64;69,task:2;informational:40;navigational:29;commercial:13;transactional:16
Casa do Consolador – conteúdos e serviços,16,1861,58;82;85;92;91;97;97;100;84;83;84;82,task:2;informational:42;navigational:26;commercial:10;transactional:20
Consulados e Embaixadas no Brasil,137,79878,94;95;97;88;79;79;79;99;100;100;100;100,task:2;informational:56;navigational:22;commercial:8;transactional:12
Construtoras Factus,15,102,13;14;18;54;54;17;17;100;89;19;19;19,task:3;informational:15;navigational:70;commercial:7;transactional:5
Consulados de Portugal no Brasil,27,4488,51;69;71;69;74;78;79;99;100;100;100;99,task:3;informational:54;navigational:29;commercial:5;transactional:9
Conselheiros Profissionais,25,8895,63;71;74;66;65;67;67;48;99;99;100;100,task:3;informational:70;navigational:10;commercial:12;transactional:5
Grupo Condonal e Oportunidades,15,1371,6;31;28;30;35;49;38;100;74;55;62;86,task:10;informational:22;navigational:34;commercial:22;transactional:12
Condone: Meaning and Definition,25,1928,47;54;54;53;54;56;56;58;100;100;100;100,task:2;informational:88;navigational:5;commercial:3;transactional:2
ConsulFarma Congressos e Eventos,16,740,58;90;91;90;90;95;97;98;100;100;100;99,task:3;informational:24;navigational:59;commercial:4;transactional:10
Preposto e Carta de Preposto,67,57002,83;81;82;83;86;87;87;93;100;100;100;100,task:3;informational:79;navigational:5;commercial:10;transactional:3
Presidential salutations,15,1030,35;37;24;23;100;100;100;83;83;83;83;83,task:12;informational:65;navigational:5;commercial:8;transactional:10
English Consultation Definitions,20,1153,50;63;74;71;73;75;74;79;78;78;96;100,task:8;informational:78;navigational:5;commercial:6;transactional:3
Consiglog no Governo Brasileiro,31,4411,74;94;99;99;94;96;97;98;100;100;100;100,task:2;informational:27;navigational:54;commercial:4;transactional:13
Condomínios e SOS Condomínios,16,175,70;88;91;81;85;89;89;89;97;100;84;84,task:7;informational:42;navigational:33;commercial:10;transactional:8
Con: etimologia e significado,24,53353,18;15;16;99;99;100;100;100;100;100;100;100,task:7;informational:81;navigational:6;commercial:5;transactional:1
Clínicas Consulmed,16,879,66;78;80;48;57;69;55;77;70;77;79;100,task:2;informational:41;navigational:44;commercial:7;transactional:6
Voluptas Societas,15,620,23;32;33;51;51;41;36;27;25;100;97;99,task:10;informational:38;navigational:37;commercial:10;transactional:5
Cervejeiras Consul,35,4646,59;77;84;98;99;100;100;94;93;96;93;92,task:2;informational:51;navigational:15;commercial:15;transactional:17
Pastas Executivas de Convenção,18,294,98;99;100;100;95;98;98;97;98;98;98;99,task:2;informational:58;navigational:10;commercial:20;transactional:10
Servizi Consolari Italiani Online,16,66,53;56;70;73;74;78;73;100;87;85;97;83,task:7;informational:37;navigational:31;commercial:11;transactional:14
Counselling and Counselor Terminology,20,1162,59;97;100;83;79;81;81;86;89;88;97;98,task:5;informational:80;navigational:5;commercial:5;transactional:5
Síndico de Condomínio,47,22991,79;94;94;98;63;64;63;98;100;100;100;100,task:5;informational:71;navigational:10;commercial:10;transactional:4
Papas e Conclave,34,127164,46;63;65;74;76;76;76;100;100;100;100;100,task:2;informational:81;navigational:5;commercial:8;transactional:4
Chanceler e Whisky (PT),25,14543,12;48;18;88;93;94;94;99;100;100;100;100,task:2;informational:75;navigational:5;commercial:8;transactional:10
Numen Latine,15,1397,35;37;38;36;67;68;68;81;100;100;100;100,task:10;informational:60;navigational:16;commercial:10;transactional:4
Rebus sic stantibus: doctrina iuris,27,25952,85;100;100;100;79;79;79;86;86;86;86;86,task:8;informational:80;navigational:4;commercial:6;transactional:2
MEC 777,15,1709,5;6;6;6;6;29;23;98;73;46;37;100,task:10;informational:47;navigational:28;commercial:12;transactional:3
"Conferente: salários, funções e vagas",70,36904,98;100;100;100;97;97;97;97;99;98;99;100,task:2;informational:74;navigational:10;commercial:9;transactional:5
Prenotazioni consolari Italiane,17,1317,55;76;75;71;82;89;89;94;100;100;99;97,task:10;informational:24;navigational:31;commercial:8;transactional:27
Senate and Senators,16,138,19;100;67;69;44;96;63;63;55;70;52;21,task:3;informational:54;navigational:24;commercial:11;transactional:8
Fortiori Ratiocinatio,18,1525,96;99;63;93;93;94;94;100;100;94;94;94,task:5;informational:69;navigational:11;commercial:5;transactional:10
Consulado da Índia em São Paulo,15,79,68;72;86;82;82;100;89;89;88;81;88;98,task:1;informational:19;navigational:72;commercial:3;transactional:5
Candidato e Candidatura,30,4261,36;100;98;93;43;45;46;34;41;41;40;40,task:2;informational:74;navigational:8;commercial:12;transactional:4
Ar Condicionado Consul e Bem-Estar,18,131,67;89;100;97;90;85;85;100;87;96;86;91,task:3;informational:49;navigational:18;commercial:20;transactional:10
Formas de tratamento formais em PT,27,14676,39;43;44;47;50;53;53;51;100;100;100;100,task:4;informational:83;navigational:5;commercial:5;transactional:3
Septem Capulus,16,787,52;65;66;65;83;100;83;100;87;86;82;82,task:3;informational:51;navigational:31;commercial:7;transactional:8
Consulados italianos no Brasil,27,2809,57;58;66;69;85;86;86;100;92;92;93;92,task:5;informational:56;navigational:22;commercial:10;transactional:7
Brasileiro em Roma: embaixadas e consulados,18,1315,82;87;88;52;59;73;69;88;98;97;97;100,task:4;informational:60;navigational:14;commercial:18;transactional:4
Relações Exteriores do Brasil,22,5133,64;84;90;89;84;86;86;88;100;100;100;99,task:5;informational:67;navigational:13;commercial:9;transactional:6
Celestino Despachante,18,796,93;100;100;95;29;31;31;29;32;32;32;32,task:2;informational:34;navigational:45;commercial:13;transactional:6
Centro de Consultas,20,8016,86;98;100;99;90;92;92;92;94;94;94;93,task:2;informational:27;navigational:56;commercial:8;transactional:7
Eventos CONEC,16,6705,22;23;24;22;95;96;96;100;100;100;100;100,task:2;informational:62;navigational:19;commercial:14;transactional:3
Centros CEN,18,1280,67;88;90;89;89;95;95;91;92;92;100;100,task:3;informational:50;navigational:39;commercial:5;transactional:3
Rete Avictoris,16,278,15;16;22;32;49;34;32;100;61;28;28;40,task:10;informational:11;navigational:49;commercial:18;transactional:12
Quatenus Online Ecosystem,15,356,35;50;50;47;52;58;90;57;58;62;61;100,task:3;informational:58;navigational:21;commercial:14;transactional:4
Solucionador Regional,18,2403,33;38;38;37;37;39;38;96;99;100;94;94,task:5;informational:59;navigational:13;commercial:15;transactional:8
Publicaciones de Concilium,17,289,88;100;92;86;82;83;83;80;91;91;90;90,task:2;informational:68;navigational:23;commercial:5;transactional:2
Promotores Tales Fonseca Tranin,15,398,16;33;32;40;40;25;26;100;73;44;42;21,task:3;informational:60;navigational:18;commercial:12;transactional:7
Consulados e Embaixadas do Reino Unido,28,3552,80;89;89;76;74;76;77;97;100;100;100;99,task:2;informational:61;navigational:13;commercial:10;transactional:14
Ius sanguinis et ius soli,26,9202,62;96;96;96;99;100;100;100;100;100;99;99,informational:79;navigational:5;commercial:12;transactional:4
US Embassies and Consulates,20,2749,100;74;75;67;43;44;44;93;97;98;97;97,task:3;informational:45;navigational:36;commercial:10;transactional:6
Concierge: serviços e significados,45,66333,95;92;94;98;48;48;48;100;100;100;100;100,task:5;informational:83;navigational:5;commercial:5;transactional:2
Concurso e Educação no Brasil,79,80955,76;83;85;97;90;91;90;100;99;98;98;98,task:7;informational:59;navigational:16;commercial:11;transactional:7
Assessorado — Variantes em PT,20,2033,99;100;98;88;70;71;71;43;43;43;43;43,task:2;informational:80;navigational:5;commercial:10;transactional:3
Cargos de Confiança e Comissionados,101,41997,96;97;100;99;86;87;87;92;95;95;94;94,task:2;informational:85;navigational:5;commercial:5;transactional:3
Convention and Visitors Bureau (CVB),21,1975,100;98;96;93;93;94;94;44;48;48;47;47,task:2;informational:65;navigational:12;commercial:15;transactional:6
English Dictionary & Thesaurus,25,10535,24;48;49;51;64;65;65;100;100;100;100;100,task:5;informational:76;navigational:10;commercial:6;transactional:3
Consul - Purificadores de Água,24,3559,83;98;100;64;69;72;73;72;68;67;65;65,task:5;informational:42;navigational:14;commercial:26;transactional:13
Pronomes de Tratamento,371,207954,100;94;88;87;89;89;89;92;92;92;92;92,task:6;informational:83;navigational:2;commercial:5;transactional:4
Iuris pro societate,18,2283,89;99;99;99;26;27;25;93;93;100;97;98,task:2;informational:78;navigational:5;commercial:13;transactional:2
Hentai Kaiフレーズ集,15,10977,90;92;100;95;94;95;95;92;93;93;93;93,task:40;informational:37;navigational:15;commercial:4;transactional:4
Ciente e Ciência,84,79373,36;38;42;45;56;56;56;97;100;100;100;100,task:8;informational:74;navigational:5;commercial:10;transactional:3
Whirlpool e Consul no Brasil,54,37773,25;28;31;48;95;95;95;89;100;100;100;100,task:2;informational:43;navigational:27;commercial:19;transactional:9
PROCON SC,18,2709,76;98;100;85;82;86;87;95;95;95;95;94,task:2;informational:49;navigational:24;commercial:14;transactional:11
pururin系日本語フレーズ,17,419,92;100;100;53;40;41;42;36;37;37;37;37,task:5;informational:64;navigational:7;commercial:10;transactional:14
Conselho Tutelar Brasil,124,107381,100;100;97;92;85;85;85;91;86;86;86;86,task:9;informational:65;navigational:10;commercial:10;transactional:6
Geladeiras Consul no Brasil,16,930,19;29;34;33;32;27;38;91;71;100;88;64,task:4;informational:22;navigational:32;commercial:20;transactional:22
Variações de comungó,18,853,89;81;81;81;87;100;98;87;87;87;87;87,task:5;informational:80;navigational:5;commercial:8;transactional:2
English Email Sign-offs,28,16627,83;96;98;100;100;100;100;99;100;99;99;99,task:12;informational:70;navigational:5;commercial:10;transactional:3
Aprovação e Aprovadores,16,354,63;99;100;76;64;67;67;68;66;94;79;78,task:7;informational:45;navigational:33;commercial:10;transactional:5
Cartório e Tabelionato,96,32044,89;87;93;92;96;96;96;97;100;100;100;100,task:5;informational:74;navigational:10;commercial:9;transactional:2
Consulta CAUC,17,2883,59;87;89;88;73;78;79;96;100;100;99;94,task:7;informational:51;navigational:20;commercial:11;transactional:11
Lava-louças Consul,28,3081,85;100;100;98;94;97;97;76;70;79;86;100,informational:51;navigational:15;commercial:16;transactional:18
Officium Plataforma,15,325,39;100;90;73;73;57;53;51;29;29;25;26,task:2;informational:55;navigational:33;commercial:7;transactional:3
Condomínios e Condo,17,12887,75;44;18;16;72;73;73;100;100;100;100;99,task:8;informational:62;navigational:5;commercial:15;transactional:10
Consulados e embaixadas da América Latina em SP,17,1670,63;83;90;96;94;100;100;93;98;97;95;94,task:2;informational:33;navigational:41;commercial:5;transactional:19
Sessões Solenes,19,1959,37;50;45;76;98;100;97;71;89;89;89;89,task:2;informational:73;navigational:10;commercial:10;transactional:5
Concer: pedágios e vagas no Brasil,16,1049,32;42;41;26;100;98;98;25;31;38;23;23,task:3;informational:61;navigational:25;commercial:6;transactional:5
Aconselhamento,17,1993,19;58;56;20;19;19;18;100;100;100;100;100,task:12;informational:58;navigational:2;commercial:8;transactional:20
Diplomatas e concursos diplomáticos no Brasil,160,117883,78;72;98;99;72;72;72;100;96;96;96;96,task:7;informational:70;navigational:9;commercial:11;transactional:3
Consolo: significados e sinônimos,41,62035,10;12;66;68;72;73;73;100;100;100;100;100,task:5;informational:83;navigational:5;commercial:5;transactional:2
Headquarters and Office Terminology,23,4013,57;71;73;100;77;79;80;67;73;73;72;71,task:3;informational:81;navigational:5;commercial:6;transactional:5
Micro-ondas Consul,22,3300,84;99;100;51;47;50;52;54;61;62;75;76,task:2;informational:39;navigational:23;commercial:20;transactional:16
PROCON Manaus,19,1405,76;96;97;93;86;90;90;93;98;99;100;100,task:5;informational:49;navigational:39;commercial:4;transactional:3
Manus IA,45,86769,48;62;67;81;84;84;85;100;100;100;100;100,task:10;informational:55;navigational:22;commercial:9;transactional:4
Embaixadas e Consulados da Coreia,24,1880,77;75;79;68;45;46;46;61;100;89;75;75,task:2;informational:48;navigational:28;commercial:16;transactional:6
TCU e Contas da União,24,13186,77;85;91;96;96;97;97;99;100;100;100;100,task:2;informational:62;navigational:22;commercial:7;transactional:7
Ar condicionado portátil Consul,23,3615,85;98;100;50;72;75;75;71;72;72;72;71,task:2;informational:35;navigational:24;commercial:29;transactional:10
Consórcio Canopus,19,548,85;91;100;99;92;88;86;87;88;89;88;88,task:3;informational:55;navigational:26;commercial:9;transactional:7
Conveniadas e Conveniados – Significado,16,1107,78;79;80;80;88;88;89;88;88;98;95;100,task:5;informational:83;navigational:4;commercial:6;transactional:2
Stato e Consultoria,15,228,8;32;30;25;20;75;49;100;81;84;68;21,task:3;informational:31;navigational:46;commercial:8;transactional:12
PRONUNI: Documentos e Cronograma,55,26717,68;68;75;71;93;93;93;98;99;100;100;100,task:2;informational:54;navigational:26;commercial:9;transactional:9
Régua Online e Tradução,26,8430,27;36;38;86;85;88;88;100;97;97;97;97,task:2;informational:67;navigational:15;commercial:10;transactional:6
Consulados em Porto Alegre,27,7132,67;79;84;92;98;100;100;95;94;93;93;92,informational:60;navigational:31;commercial:5;transactional:4
Polícia Civil: Agentes de Telecomunicações,20,913,29;100;97;22;25;49;37;38;35;35;34;36,task:2;informational:83;navigational:5;commercial:8;transactional:2
Conselho Fiscal em Condomínios,33,6837,96;100;99;95;93;93;96;95;94;94;92;92,task:5;informational:78;navigational:5;commercial:10;transactional:2
Peças para Ar Condicionado Consul,15,446,57;66;68;52;51;50;54;72;43;99;87;100,task:2;informational:29;navigational:7;commercial:48;transactional:14
English-Latin Phrase Fragments,19,760,73;74;74;69;93;89;80;65;65;100;88;92,task:15;informational:70;navigational:5;commercial:5;transactional:5
Memorandos de Entendimento (MOU),26,9095,34;40;91;48;95;94;94;100;99;96;97;97,task:2;informational:73;navigational:5;commercial:12;transactional:8
Veni Vidi Vici Locutiones,63,85655,46;45;46;32;39;39;39;99;100;100;100;100,task:12;informational:71;navigational:8;commercial:8;transactional:1
Doctor Condo,16,236,25;47;39;38;33;49;37;49;49;100;34;33,task:7;informational:25;navigational:46;commercial:10;transactional:12
Contis e consultoria,16,262,40;63;62;45;25;57;50;100;83;54;68;68,task:9;informational:21;navigational:42;commercial:17;transactional:11
Concierge Services & Definitions,21,657,34;63;53;49;50;59;42;69;69;92;100;67,task:2;informational:80;navigational:5;commercial:10;transactional:3
Serviços públicos do Brasil,15,1495,25;44;45;53;64;69;69;100;74;74;81;88,task:7;informational:56;navigational:11;commercial:22;transactional:4
European Commission,17,2038,100;34;34;33;31;32;33;94;95;90;90;90,task:2;informational:52;navigational:35;commercial:5;transactional:6
Chief Translation,19,8456,12;16;17;21;21;23;23;100;98;98;98;98,task:5;informational:57;navigational:18;commercial:12;transactional:8
Institutos Ponte,15,259,14;60;100;73;73;70;33;57;47;47;29;26,task:3;informational:37;navigational:45;commercial:11;transactional:4
Conciliar: Significado e Sinônimos,43,40693,82;83;38;83;93;93;93;96;100;100;100;100,task:2;informational:86;navigational:5;commercial:4;transactional:3
Comportamento e Conduta,17,1712,90;92;92;100;82;82;82;57;57;65;63;58,task:5;informational:80;navigational:5;commercial:8;transactional:2
ProSindico para Condomínios,15,435,47;53;53;52;51;54;54;65;100;94;57;57,task:7;informational:36;navigational:24;commercial:22;transactional:11
Comunicare a chi,16,212,21;81;81;81;100;100;100;13;13;12;12;12,task:5;informational:75;navigational:5;commercial:10;transactional:5
Cortesia e Etiqueta,29,18640,28;32;76;26;71;72;72;98;100;100;100;100,task:5;informational:71;navigational:12;commercial:7;transactional:5
Procon: atendimento ao cidadão,96,30480,66;72;78;81;89;89;89;100;98;98;98;98,task:8;informational:61;navigational:14;commercial:13;transactional:4
Filtros e Purificadores Consul Facilite,25,1911,69;87;87;84;80;82;76;100;90;95;90;92,task:5;informational:35;navigational:19;commercial:31;transactional:10
Termos legais: anuente e interveniente,53,20276,93;97;97;96;90;91;91;90;100;100;100;100,task:2;informational:88;navigational:5;commercial:3;transactional:2
Concrelagos Contato e Telefones,16,670,69;84;84;88;95;100;99;91;93;92;93;92,informational:62;navigational:28;commercial:6;transactional:4
Procurações para assembleias de condomínio,30,2462,92;100;94;83;87;89;89;72;77;77;77;77,task:5;informational:72;navigational:5;commercial:10;transactional:8
Consórcios e Sitcon,16,2026,30;48;45;46;38;39;35;65;68;74;86;100,informational:65;navigational:17;commercial:15;transactional:3
Ministérios do Brasil,59,24585,65;69;70;76;76;76;76;100;81;81;82;82,informational:55;navigational:34;commercial:9;transactional:2
Cônego e Monsenhor: Significados,35,14654,72;41;42;41;41;42;42;97;100;100;100;100,task:5;informational:80;navigational:5;commercial:5;transactional:5
Conesul e Redes no Brasil,16,803,34;100;100;100;28;37;27;55;27;30;22;22,task:2;informational:55;navigational:16;commercial:7;transactional:20
Consortium Variants,17,362,21;52;39;30;39;42;33;29;100;97;48;54,task:10;informational:61;navigational:4;commercial:21;transactional:4
Correspondentes Jurídicos,46,29154,71;74;75;89;93;94;94;98;100;100;100;100,task:2;informational:65;navigational:12;commercial:12;transactional:9
Consolatio lojas e camisas,18,570,61;84;85;83;100;97;78;74;74;76;73;73,task:3;informational:36;navigational:34;commercial:13;transactional:14
Peças e prateleiras Consul,23,1536,86;99;100;56;50;52;53;63;53;54;57;57,task:3;informational:50;navigational:23;commercial:13;transactional:11
Aglutinadores,21,1566,42;40;82;97;100;100;100;79;90;90;90;90,task:2;informational:80;navigational:5;commercial:10;transactional:3
Consórcios e Contemplados no Brasil,15,510,20;80;60;100;100;99;63;61;50;96;67;99,task:3;informational:52;navigational:33;commercial:7;transactional:5
Embaixadas e Consulados da Espanha no Brasil,24,3598,63;71;71;81;88;91;91;95;100;100;100;99,task:5;informational:62;navigational:16;commercial:7;transactional:10
SPQR and Latin Phrases,35,13519,99;100;91;92;88;89;89;87;87;87;87;86,task:8;informational:83;navigational:2;commercial:3;transactional:4
Consulados alemães no Brasil,16,74,58;61;70;70;67;100;86;67;72;72;72;68,task:1;informational:29;navigational:58;commercial:4;transactional:8
Reuniões e Sinônimos,39,34968,34;38;40;100;92;92;92;88;92;92;92;92,task:5;informational:62;navigational:10;commercial:12;transactional:11
Procuração no Brasil,360,179865,100;99;98;97;89;89;89;94;92;92;92;92,task:10;informational:73;navigational:3;commercial:10;transactional:4
centrífugas de roupas Consul,18,350,35;40;42;100;100;100;100;89;59;53;52;52,task:8;informational:41;navigational:4;commercial:38;transactional:9
Custódio: Significado e Anjos Custódios,20,2870,63;67;92;96;97;98;98;100;100;99;100;100,task:5;informational:83;navigational:5;commercial:5;transactional:2
Micro-ondas Consul Facilite,15,999,8;15;18;14;32;44;11;100;28;65;64;72,task:7;informational:32;navigational:24;commercial:26;transactional:11
Consórcio Roma,17,1166,48;61;60;53;62;70;46;89;100;79;71;62,task:4;informational:44;navigational:39;commercial:9;transactional:4
Concur Travel & Expenses,18,16384,92;97;90;98;90;92;92;99;100;100;100;100,task:3;informational:42;navigational:32;commercial:9;transactional:14
Dominus Latine Verba et Fontes,18,12201,14;18;99;99;99;100;100;100;100;100;100;100,task:8;informational:62;navigational:1;commercial:25;transactional:4
Conforama et Conforma,17,452,41;42;42;42;42;44;44;100;88;67;67;67,task:8;informational:32;navigational:45;commercial:9;transactional:6
Portuguese Word Variants,352,688861,81;84;86;89;75;75;75;100;100;100;100;100,task:12;informational:75;navigational:5;commercial:8
Chamber and Commerce Terms,24,5042,43;52;46;37;98;100;100;70;70;70;71;70,task:2;informational:79;navigational:5;commercial:8;transactional:6
Coletiva de Imprensa,20,6508,42;49;53;53;23;25;25;98;100;100;100;100,task:2;informational:59;navigational:20;commercial:7;transactional:12
Model United Nations (MUN),19,1298,98;100;100;99;99;100;100;99;99;99;99;99,task:5;informational:64;navigational:10;commercial:7;transactional:14
Centros Automotivos Contauto,15,131,34;49;52;46;51;47;44;100;68;42;43;41,task:3;informational:22;navigational:56;commercial:11;transactional:8
Tribunais de Contas do Brasil,100,127733,50;86;49;63;60;60;60;94;100;100;100;100,informational:59;navigational:24;commercial:8;transactional:9
Korpus Academia,17,2400,14;40;37;23;23;28;24;41;36;57;51;100,task:3;informational:48;navigational:34;commercial:10;transactional:5
Embaixador Móveis,15,536,40;81;79;69;77;90;100;77;63;62;63;62,task:7;informational:18;navigational:52;commercial:15;transactional:8
Despachantes do Brasil,15,334,61;87;85;80;63;70;66;87;89;87;94;100,task:3;informational:35;navigational:17;commercial:40;transactional:5
Situator Platform,15,1110,91;93;95;95;96;97;96;93;94;94;99;100,task:8;informational:59;navigational:15;commercial:10;transactional:8
Cu em PT: usos e significados,78,151139,28;29;29;29;27;27;27;99;100;100;100;100,task:4;informational:82;navigational:5;commercial:5;transactional:4
Nomeação e Posse em Concursos Públicos,49,9126,47;50;55;100;58;60;60;92;56;56;56;55,task:2;informational:76;navigational:11;commercial:9;transactional:2
Portais e Contatos do Brasil,15,333,33;71;70;98;93;73;66;100;70;82;76;40,task:5;informational:10;navigational:64;commercial:5;transactional:16
Grupo Intercement,17,2576,83;100;96;72;79;81;82;57;68;67;67;66,informational:48;navigational:32;commercial:10;transactional:10
Fogões Consul 4-6 bocas,38,6893,100;45;48;47;42;43;44;53;47;47;47;46,task:2;informational:50;navigational:10;commercial:18;transactional:20
Grupo Exper,17,4304,100;88;93;93;70;71;71;92;85;86;88;92,task:5;informational:62;navigational:15;commercial:10;transactional:8
Reúna Instituto,19,1190,62;83;83;71;69;66;71;81;100;98;81;81,task:5;informational:33;navigational:50;commercial:6;transactional:6
Foreign Affairs Ministries,34,10026,81;91;91;87;89;91;92;98;100;100;100;99,task:5;informational:67;navigational:8;commercial:10;transactional:10
Comunicadores: significado e perfis,19,3554,18;19;20;19;64;65;65;94;100;100;100;100,task:5;informational:72;navigational:8;commercial:12;transactional:3
Civitatis Viagens e Tours,18,7001,72;92;96;96;96;97;98;99;100;100;100;100,task:2;informational:40;navigational:45;commercial:7;transactional:6
District Commissioner Terminology,19,12034,77;69;73;83;99;99;99;100;100;100;100;100,informational:89;navigational:5;commercial:5;transactional:1
Administração de condomínios,19,2874,73;79;79;88;98;99;99;100;93;91;91;91,task:8;informational:68;navigational:9;commercial:12;transactional:3
Atas de Condomínio e Assembleias,20,1278,96;100;100;95;77;81;80;80;84;84;84;84,task:4;informational:80;navigational:6;commercial:7;transactional:3
Commission meaning: dictionary definitions and usage,21,648,57;67;68;65;65;71;71;74;98;97;100;100,task:2;informational:85;navigational:5;commercial:6;transactional:2
Variações de Comon e domínios relacionados,17,2572,15;19;19;17;74;77;76;97;100;100;93;93,task:5;informational:72;navigational:5;commercial:10;transactional:8
Administrator Variants,23,1795,53;66;67;90;96;100;100;84;64;64;64;65,task:10;informational:70;navigational:5;commercial:10;transactional:5
SuperCon: convenções e construção,18,235,15;54;90;54;41;43;43;100;80;46;46;47,task:17;informational:63;navigational:5;commercial:12;transactional:3
Relações Franco-Brasileiras,25,1379,62;75;77;70;90;91;91;100;92;93;93;93,task:3;informational:78;navigational:5;commercial:8;transactional:6
Casus Belli,21,2794,46;49;50;83;100;100;100;98;97;97;97;97,task:2;informational:80;navigational:5;commercial:10;transactional:3
Consultas Online,15,1073,29;48;44;45;46;62;38;41;43;47;47;100,task:10;informational:59;navigational:16;commercial:11;transactional:4
Conferir e Sinônimos em Português,39,15184,88;46;90;93;88;89;90;97;100;100;100;100,task:25;informational:47;navigational:9;commercial:11;transactional:8
ConcReserv Concreto e Serviços,18,1509,60;70;63;60;57;59;61;62;63;63;93;100,informational:18;navigational:60;commercial:6;transactional:16
Secretary Translations,15,1627,14;18;17;17;84;85;85;72;100;70;72;73,task:25;informational:58;navigational:5;commercial:10;transactional:2
Ministry and Government Vocabulary,16,2470,79;86;86;85;97;99;100;68;69;69;67;67,task:2;informational:75;navigational:5;commercial:8;transactional:10
Conduent Brasil,16,1719,11;39;33;26;25;47;36;94;100;100;100;78,informational:37;navigational:49;commercial:11;transactional:3
Condomínios Excellence,15,133,85;91;100;99;96;98;99;95;94;98;94;94,task:7;informational:12;navigational:51;commercial:25;transactional:5
Consulados de Portugal em Belo Horizonte,15,125,84;100;89;90;85;89;99;92;92;95;92;92,task:1;informational:24;navigational:61;commercial:11;transactional:3
Agenda e Reuniões,15,726,36;64;59;84;92;78;52;100;96;82;80;90,task:12;informational:73;navigational:5;commercial:8;transactional:2
Newcon: Consórcios e Yamaha,18,491,26;32;43;47;50;44;43;100;46;46;46;48,task:3;informational:51;navigational:11;commercial:24;transactional:11
Despachante União Brasil,15,144,55;61;65;67;66;73;75;100;85;60;61;60,task:3;informational:18;navigational:37;commercial:37;transactional:5
Confatecie Congresso Universitário,15,327,73;98;100;99;82;78;74;86;86;81;81;91,task:10;informational:47;navigational:23;commercial:16;transactional:4
Assessoria e Acessoria,17,1488,86;96;100;96;94;96;94;96;28;28;28;39,task:8;informational:72;navigational:5;commercial:10;transactional:5
Desencargo/Descargo de Consciência,33,18590,81;86;87;92;82;82;83;100;100;100;100;100,task:8;informational:75;navigational:2;commercial:10;transactional:5
Termos jurídicos em Latim: ad corpus e variações,35,8794,51;54;66;62;71;72;73;100;95;95;94;93,task:3;informational:79;navigational:5;commercial:8;transactional:5
Dirigentes e Liderança Pública,26,6721,66;61;62;57;92;93;94;100;99;99;99;99,task:8;informational:84;navigational:3;commercial:5
Workplace and Labour Relations,17,926,39;57;58;56;60;65;64;100;77;77;69;68,task:7;informational:52;navigational:19;commercial:11;transactional:11
Comunicação 16 Brasil,15,74,9;100;80;65;65;61;46;66;53;11;13;11,task:5;informational:56;navigational:17;commercial:11;transactional:11
Contato e Canais de Atendimento,22,1876,43;100;97;90;85;58;58;66;69;70;69;69,task:5;informational:64;navigational:22;commercial:2;transactional:7
Representante legal e consultas societárias,38,18714,88;92;93;90;87;88;90;100;100;100;100;100,task:8;informational:73;navigational:2;commercial:9;transactional:8
Conciliação e Mediação,117,58239,100;95;95;73;91;91;91;89;91;91;91;91,task:5;informational:77;navigational:5;commercial:10;transactional:3
Condomínios e Secovi,33,6306,28;36;38;100;40;41;42;61;58;58;58;57,informational:53;navigational:23;commercial:16;transactional:8
Comar: termos de comarca e jurisdição,18,2812,78;88;93;90;81;80;79;98;98;100;83;83,task:5;informational:77;navigational:6;commercial:7;transactional:5
Iuris Interpretatio,16,287,100;96;96;97;41;31;31;31;31;31;31;31,task:2;informational:83;navigational:5;commercial:8;transactional:2
Soluções para Condomínios,16,414,93;98;100;65;65;66;66;64;65;65;75;77,task:2;informational:50;navigational:18;commercial:21;transactional:9
Concessões e Significados,155,175336,45;48;49;47;60;60;60;100;100;100;100;100,task:8;informational:70;navigational:7;commercial:10;transactional:5
Concurso e Provas Consulpam,25,6374,75;100;93;76;76;77;77;78;79;77;75;79,task:2;informational:40;navigational:41;commercial:7;transactional:10
English Thesaurus & Synonyms,18,342,56;81;79;83;72;68;67;88;86;89;90;100,task:13;informational:68;navigational:10;commercial:5;transactional:4
Grupo Actus,17,538,34;35;33;34;93;100;98;17;16;20;21;36,task:5;informational:54;navigational:17;commercial:15;transactional:9
Comptroller and Controller Resources,17,582,20;52;55;49;100;100;98;56;45;30;26;26,task:2;informational:69;navigational:10;commercial:10;transactional:9
Consorte real: significado e termos relacionados,32,16076,34;34;31;33;80;81;81;98;100;100;100;100,task:2;informational:83;navigational:5;commercial:8;transactional:2
CEJUSCs: Solução de Conflitos e Cidadania,51,31038,38;99;98;98;97;97;97;100;98;98;98;98,task:2;informational:66;navigational:12;commercial:12;transactional:8
CONICT Conferência,16,234,39;67;74;81;90;75;74;59;60;100;73;69,task:3;informational:43;navigational:38;commercial:8;transactional:8
CESS Brasil,17,1129,25;30;21;21;19;26;22;40;35;20;100;54,task:2;informational:47;navigational:35;commercial:8;transactional:8
Cidadania Portuguesa e Consulados,123,152970,100;100;100;97;97;97;97;97;97;97;97;97,task:3;informational:60;navigational:20;commercial:11;transactional:6
Consulados e Embaixadas da Itália no Brasil,44,13161,70;68;73;71;100;100;100;85;88;88;88;88,informational:38;navigational:48;commercial:5;transactional:9
Condomínio: Convenções e Estatutos,35,6696,97;100;96;94;87;88;88;92;95;94;93;93,task:2;informational:79;navigational:5;commercial:11;transactional:3
Consistem em Português,15,184,44;38;39;39;38;38;39;100;75;51;52;52,task:7;informational:44;navigational:24;commercial:11;transactional:14
Particípios de depositar (PT),18,1902,100;83;84;83;96;96;96;94;94;94;94;94,task:5;informational:80;navigational:5;commercial:5;transactional:5
Questor Zen,15,230,81;96;95;94;94;97;96;97;100;100;100;100,task:7;informational:53;navigational:18;commercial:15;transactional:7
Constinta Brasil,15,341,7;31;29;31;31;24;19;100;81;30;27;27,task:3;informational:24;navigational:53;commercial:15;transactional:5
Migalhas Jurídicas,16,1758,62;91;93;85;84;91;92;96;98;100;100;97,task:5;informational:31;navigational:46;commercial:7;transactional:11
Definiciones y traducciones,17,348,64;79;80;80;89;92;91;95;97;96;100;100,task:17;informational:67;navigational:5;commercial:8;transactional:3
Confianca de Agentes e Portais de Turismo,17,1404,55;77;78;78;82;88;92;92;100;100;100;100,task:3;informational:63;navigational:16;commercial:9;transactional:9
Herba Scutellaria baicalensis,16,1289,18;33;33;25;25;26;25;28;26;25;25;100,task:4;informational:71;navigational:5;commercial:10;transactional:10
Congêneres: significado e sinônimos,33,12461,48;52;53;52;69;71;71;89;100;100;100;100,task:4;informational:85;navigational:5;commercial:5;transactional:1
Concurso para oficial de chancelaria,30,5855,57;70;69;71;82;100;88;97;95;95;92;96,task:2;informational:75;navigational:5;commercial:10;transactional:8
Cunhas e Cunhãs,18,2948,19;23;23;23;21;21;22;100;100;97;97;97,task:5;informational:70;navigational:12;commercial:5;transactional:8
CONDER licitações e desenvolvimento regional,17,5663,89;95;96;97;98;99;99;100;100;100;100;100,task:2;informational:42;navigational:36;commercial:11;transactional:9
Sussantur Turismo,15,226,19;95;100;99;83;57;40;96;85;48;37;35,task:7;informational:31;navigational:37;commercial:14;transactional:11
Gestão de Clientes,41,50656,74;41;42;42;20;21;21;100;78;78;78;78,task:5;informational:71;navigational:9;commercial:10;transactional:5
EU Information Hub,60,247431,15;14;80;15;17;17;17;100;98;98;98;98,task:3;informational:60;navigational:22;commercial:8;transactional:7
Classecon e Condomínios,16,546,92;100;100;100;92;94;94;53;54;54;54;53,task:4;informational:61;navigational:22;commercial:9;transactional:4
Congresso Consad,17,1617,37;42;38;37;42;43;42;100;100;100;100;100,task:2;informational:49;navigational:32;commercial:7;transactional:10
Portais ComG do Brasil,17,2840,31;70;63;52;48;85;90;13;13;26;81;100,task:5;informational:44;navigational:41;commercial:7;transactional:3
Locutiones Latine Religiosae,19,1713,67;74;54;53;97;100;100;91;96;93;94;93,task:8;informational:70;navigational:3;commercial:8;transactional:11
Senado Federal do Brasil,153,117751,31;37;40;45;57;57;57;100;85;85;85;85,task:2;informational:59;navigational:20;commercial:10;transactional:9
Consultoria Contato,15,121,13;15;18;85;74;57;16;100;71;56;50;52,task:3;informational:52;navigational:26;commercial:12;transactional:7
雑旅ボキャブラリー,15,137,21;24;25;24;26;25;25;100;77;25;25;29,task:7;informational:66;navigational:5;commercial:8;transactional:14
Confea e Conselhos Regionais de Engenharia no Brasil,16,6404,26;30;30;97;97;98;100;100;100;100;99;99,task:3;informational:59;navigational:28;commercial:6;transactional:4
Contato e Significado,17,534,100;97;98;98;92;92;93;93;94;94;94;94,task:5;informational:60;navigational:22;commercial:10;transactional:3
Vida de Síndico e Gestão Condominial,15,399,71;80;81;85;85;90;91;98;100;100;100;100,task:3;informational:48;navigational:34;commercial:7;transactional:8
Comunicação em Português,19,3586,100;86;90;93;28;29;29;78;77;77;78;77,task:5;informational:75;navigational:5;commercial:10;transactional:5
Contato e Suporte ao Cliente,22,2362,54;75;81;79;65;73;66;71;62;63;90;100,task:2;informational:58;navigational:30;commercial:8;transactional:2
Titre médicaux français : docteur et docteure,18,940,95;84;85;84;99;100;100;79;79;79;78;78,task:2;informational:78;navigational:5;commercial:8;transactional:7
Gestão de Condomínios,18,878,60;74;74;86;96;100;92;88;92;92;92;91,task:8;informational:56;navigational:15;commercial:17;transactional:4
Corpore Clínicas e Saúde,19,1137,79;99;100;98;90;95;93;89;96;94;93;93,task:2;informational:42;navigational:21;commercial:13;transactional:22
Conversa Online,17,745,57;87;100;91;76;67;67;63;64;63;64;73,task:5;informational:60;navigational:15;commercial:10;transactional:10
Tractatus Logico-Philosophicus,15,1379,52;75;78;76;86;92;94;100;94;93;94;92,task:13;informational:70;navigational:2;commercial:5;transactional:10
Condomínios e Síndicos,17,618,100;73;73;79;40;40;40;41;43;44;33;33,task:5;informational:73;navigational:10;commercial:10;transactional:2
Conselho Nacional de Saúde,52,20150,71;83;84;63;94;97;93;100;96;95;95;95,task:1;informational:68;navigational:23;commercial:7;transactional:1
Communicare Network,15,145,62;66;71;70;92;98;99;99;100;98;98;98,task:3;informational:34;navigational:38;commercial:11;transactional:14
Vistos Consulares no Brasil,15,565,26;27;27;28;33;33;31;36;32;33;85;100,task:3;informational:38;navigational:33;commercial:14;transactional:12
Contemplação e Negócios em Português,20,8861,93;96;98;58;99;100;100;99;100;100;99;99,task:8;informational:57;navigational:16;commercial:7;transactional:12
Condutec Brasil,16,218,20;23;25;51;51;55;36;100;76;76;73;45,task:3;informational:32;navigational:49;commercial:5;transactional:11
Collegium Brasiliae,15,239,11;4;36;36;36;49;36;100;92;36;36;36,task:5;informational:70;navigational:15;commercial:8;transactional:2
Simulações de Nações Unidas (Model United Nations),29,8453,90;96;100;52;45;46;46;100;58;58;58;59,task:8;informational:62;navigational:14;commercial:8;transactional:8
Proteção ao Consumidor (Procon/Sindec),17,3158,67;95;100;100;85;91;91;94;95;95;94;93,task:3;informational:51;navigational:21;commercial:14;transactional:11
Condomínio Online & Gestão,15,179,75;96;100;89;79;83;85;65;79;83;80;81,task:3;informational:53;navigational:16;commercial:15;transactional:13
Fóruns Cogn3,15,558,20;54;49;48;67;82;52;100;44;52;40;36,task:3;informational:15;navigational:67;commercial:10;transactional:5
Conciergerie Paris,15,946,82;83;84;82;95;99;98;100;100;100;100;100,task:3;informational:53;navigational:30;commercial:7;transactional:7
Acessórios para cervejeiras Consul,15,85,7;41;54;64;17;18;100;12;11;39;30;28,task:1;informational:38;navigational:18;commercial:18;transactional:25
Nyakumi ニャンコふたなりポルノ,15,2945,90;97;100;62;59;65;65;66;67;67;64;64,informational:40;navigational:56;commercial:1;transactional:3
Consig Paraná e Serviços Públicos,18,3226,58;87;90;89;90;97;97;95;99;100;100;99,task:3;informational:27;navigational:52;commercial:9;transactional:9
Condomínios do Rei,15,1321,34;41;41;40;40;84;58;44;45;59;77;100,task:3;informational:41;navigational:23;commercial:25;transactional:8
Despachante Dok online,23,17431,50;53;63;57;58;58;58;100;60;60;60;60,task:3;informational:34;navigational:50;commercial:8;transactional:5
Otorrinos Reunidos,15,800,52;63;64;78;76;78;78;80;78;81;81;100,task:3;informational:34;navigational:35;commercial:18;transactional:10
Ambassador Curitiba: hospedagem e condomínio,15,1014,15;19;19;18;18;46;22;23;21;42;64;100,task:10;informational:38;navigational:11;commercial:24;transactional:17
Consulado da Carne - restaurantes e carnes,15,548,14;15;16;37;38;66;50;100;62;74;80;71,task:3;informational:36;navigational:45;commercial:5;transactional:11
Condomínios e Administração Condominial,21,1810,100;99;100;100;99;99;99;88;100;100;100;100,task:8;informational:72;navigational:5;commercial:10;transactional:5
Tabeliões e Notariado no Brasil,22,14536,86;91;91;42;97;98;99;98;100;100;100;100,task:8;informational:78;navigational:5;commercial:6;transactional:3
E-mails profissionais,307,117854,90;96;99;100;91;91;91;94;96;96;96;96,task:12;informational:67;navigational:3;commercial:10;transactional:8
CEA Expertise e Consultoria,18,638,79;98;100;99;87;91;90;95;94;95;100;100,task:5;informational:38;navigational:19;commercial:14;transactional:24
Coren AP,15,442,61;91;91;86;86;99;98;100;97;98;90;89,task:5;informational:22;navigational:60;commercial:7;transactional:6
Contendores e Contendor,18,1314,93;94;95;91;100;100;100;100;100;100;100;100,task:2;informational:75;navigational:5;commercial:10;transactional:8
Coronel em Português,20,19535,33;32;33;33;29;30;30;39;100;100;100;100,task:2;informational:83;navigational:5;commercial:8;transactional:2
Condomínios e Síndicos Profissionais,23,2115,65;66;66;89;92;92;92;90;98;98;100;100,task:5;informational:78;navigational:5;commercial:10;transactional:2
Condominium Glossary,20,1058,90;100;100;96;89;89;90;45;54;54;53;53,task:5;informational:73;navigational:5;commercial:12;transactional:5
Recon Consórcios,18,1710,63;100;100;98;84;89;83;97;100;100;99;97,task:4;informational:42;navigational:35;commercial:13;transactional:6
Graal e Postos Embaixador no Brasil,16,1222,80;100;97;56;48;50;51;67;65;63;64;65,task:2;informational:65;navigational:10;commercial:8;transactional:15
Imóveis em Condomínios Nações Unidas,15,1371,23;60;52;63;62;64;52;66;51;80;77;100,task:7;informational:56;navigational:4;commercial:29;transactional:4
Papas e Papáveis,18,10497,80;84;84;91;89;90;91;98;100;100;100;99,task:2;informational:75;navigational:8;commercial:10;transactional:5
Expédition et expédié,17,820,100;85;85;85;26;27;27;26;26;26;26;26,task:2;informational:73;navigational:5;commercial:10;transactional:10
Recinto: significado e sinônimos,24,9947,24;31;31;31;81;82;82;100;100;100;100;100,task:5;informational:83;navigational:5;commercial:5;transactional:2
Solicitors and the Legal Profession,19,1951,30;37;56;77;86;90;91;100;100;100;97;96,task:5;informational:64;navigational:4;commercial:19;transactional:8
Conexão Profissional,17,187,12;44;53;19;19;40;33;44;38;95;100;26,task:13;informational:35;navigational:34;commercial:10;transactional:8
Controle Interno e Documentos (CI) no Brasil,17,971,100;20;20;18;69;80;76;53;60;60;60;60,task:2;informational:63;navigational:7;commercial:22;transactional:6
Rete Vox Dei,17,1083,79;83;83;83;98;100;100;45;48;47;47;47,task:7;informational:57;navigational:26;commercial:7;transactional:3
Tribunal de Contas de São Paulo,15,418,29;41;42;41;84;100;32;39;39;33;33;33,task:3;informational:37;navigational:31;commercial:11;transactional:18
Sinônimos e Correspondência,40,14128,91;100;71;71;65;67;67;92;100;100;100;100,task:12;informational:73;navigational:6;commercial:5;transactional:4
Clarification needed for language of phrases,16,173,17;18;46;100;46;46;46;46;46;46;46;46,task:5;informational:75;navigational:5;commercial:10;transactional:5
Promoção de Consórcios,18,1767,74;100;99;96;92;100;89;79;72;74;82;96,task:10;informational:51;navigational:14;commercial:16;transactional:9
Concursos e Fatos,15,1642,15;49;58;49;47;60;41;53;46;89;78;100,task:7;informational:61;navigational:14;commercial:11;transactional:7
Direito Condominial,20,1445,79;85;85;74;98;100;94;47;55;54;46;46,task:8;informational:59;navigational:4;commercial:23;transactional:6
Japanese Honorifics & Titles,22,1183,99;100;100;98;99;99;99;89;87;87;87;87,task:2;informational:80;navigational:5;commercial:8;transactional:5
Sumulas do STJ,34,6498,100;94;96;89;96;97;97;98;91;90;90;90,task:2;informational:64;navigational:13;commercial:10;transactional:11
Curias Diocesanas,22,12068,94;99;99;96;95;96;97;97;100;100;100;100,task:5;informational:73;navigational:5;commercial:12;transactional:5
Condomínios e Imóveis Evidence,15,1437,66;97;97;97;83;90;90;97;100;100;100;100,task:3;informational:55;navigational:11;commercial:27;transactional:4
O que é CCU,19,2959,72;21;39;39;98;99;98;100;100;100;100;100,task:2;informational:83;navigational:3;commercial:10;transactional:2
Deputy: meanings and definitions,27,1013,85;85;100;66;69;72;72;58;74;74;75;74,task:5;informational:83;navigational:7;commercial:5
Curadores e Curadoras de Arte,17,1974,30;48;73;56;83;100;92;91;91;91;92;91,task:5;informational:78;navigational:5;commercial:10;transactional:2
embaixada do Canadá no Brasil,17,569,22;23;24;25;100;100;100;81;80;81;81;81,informational:65;navigational:29;commercial:5;transactional:1
Geladeiras Consul,103,50804,80;79;82;88;89;89;89;98;100;100;100;100,task:3;informational:50;navigational:10;commercial:21;transactional:16
Acta Scientiarum,17,1176,17;26;26;28;21;27;24;24;23;100;74;66,task:2;informational:60;navigational:23;commercial:9;transactional:6
Manu Cit: Perfis e Biografia,25,11451,47;44;45;45;76;77;77;92;96;99;99;100,task:3;informational:66;navigational:17;commercial:10;transactional:4
Conserto vs Concerto – Português (PT),205,542345,76;56;74;83;84;84;84;100;100;100;100;100,task:3;informational:82;navigational:6;commercial:5;transactional:4
Magister Unit e Certificados,27,15935,93;97;100;100;100;100;100;49;50;50;50;50,task:6;informational:40;navigational:38;commercial:6;transactional:10
Conjuntos Habitacionais Juscelino Kubitschek,17,2669,45;29;29;19;46;46;49;85;89;100;93;100,task:8;informational:73;navigational:7;commercial:9;transactional:3
English assent terminology,17,196,93;95;97;99;99;100;100;97;100;100;100;100,task:5;informational:54;navigational:34;commercial:3;transactional:4
Condomínios e Administradoras,69,59758,55;97;100;54;61;61;61;62;63;63;63;63,task:2;informational:57;navigational:13;commercial:23;transactional:5
Pontual Serviços e Termos,29,16927,32;95;38;87;89;89;89;92;100;100;100;100,task:2;informational:65;navigational:10;commercial:11;transactional:12
Rei da Cutelaria,16,1785,59;87;90;87;89;96;95;97;100;100;100;99,task:13;informational:29;navigational:27;commercial:16;transactional:15
Nunciaturas Apostólicas do Brasil,21,1656,57;62;54;54;53;54;54;79;99;98;100;100,task:3;informational:68;navigational:15;commercial:7;transactional:7
Talken Brasil,15,147,51;63;64;53;100;83;77;63;61;57;57;57,task:1;informational:22;navigational:56;commercial:8;transactional:13
Executor e variações,21,16285,13;78;79;20;18;20;19;99;100;100;100;100,task:8;informational:78;navigational:2;commercial:10;transactional:2
pt - Português: Dicionários e Sinônimos,17,2028,21;28;26;18;18;19;16;87;90;100;81;82,task:2;informational:78;navigational:10;commercial:8;transactional:2
Koré e Kore Qoya: termos curiosos,16,2352,78;69;68;67;82;84;82;89;83;84;97;100,task:2;informational:76;navigational:5;commercial:5;transactional:12
Embaixadas e Consulados dos EUA no Brasil,42,23573,57;50;55;72;58;58;59;86;100;100;100;100,task:5;informational:39;navigational:38;commercial:9;transactional:9
Advogados Fernando,15,121,23;62;64;47;87;100;89;94;70;57;53;63,task:3;informational:13;navigational:55;commercial:24;transactional:5
Assessores de Juiz,33,6133,79;88;93;99;83;87;85;100;100;99;95;98,task:2;informational:83;navigational:5;commercial:8;transactional:2
Verba in Verbis,19,3962,95;96;96;100;100;100;100;84;84;84;84;84,task:2;informational:70;navigational:12;commercial:7;transactional:9
Prodabel concursos e serviços,15,657,28;39;37;34;53;70;49;100;69;64;36;37,task:7;informational:34;navigational:35;commercial:14;transactional:10
Síndico Profissional e Administração de Condomínios,40,10677,95;100;100;97;83;85;85;88;86;86;86;85,task:5;informational:66;navigational:8;commercial:16;transactional:5
Advogados e Doutores,30,10446,81;81;89;96;74;75;75;95;100;100;100;99,task:5;informational:73;navigational:10;commercial:10;transactional:2
Embaixadas e Consulados da Arábia Saudita no Brasil,15,106,16;19;21;23;23;100;77;23;24;24;24;24,task:3;informational:57;navigational:28;commercial:8;transactional:4
Tacitus Historiae Romanae (Tacitus Latine),15,647,92;99;99;98;98;100;96;100;98;97;98;95,task:2;informational:80;navigational:5;commercial:5;transactional:8
HC Assessoria e Consultoria,16,793,54;67;65;65;83;89;89;91;100;100;100;99,task:3;informational:15;navigational:64;commercial:10;transactional:8
Consórcios MyCon,26,9720,87;98;100;97;93;94;94;96;98;98;97;97,task:2;informational:51;navigational:27;commercial:14;transactional:6
Quórum e Relógios,20,10851,24;26;95;94;98;100;100;100;100;100;100;100,task:5;informational:63;navigational:11;commercial:14;transactional:7
Ministros da Palavra,19,4613,100;96;97;92;90;91;91;98;98;98;98;98,task:5;informational:70;navigational:4;commercial:15;transactional:6
Benestare e similares,32,14084,10;14;17;77;90;91;89;100;98;98;97;97,task:8;informational:69;navigational:5;commercial:10;transactional:8
Call Work Terms,18,1348,31;35;34;34;40;39;39;78;88;84;95;100,task:2;informational:75;navigational:5;commercial:10;transactional:8
Papelaria Diplomata,17,1171,65;71;72;72;91;100;100;100;99;99;95;95,informational:42;navigational:42;commercial:12;transactional:4
Procon Brasil,53,18855,52;59;63;78;68;68;68;99;100;100;100;100,task:1;informational:56;navigational:22;commercial:11;transactional:10
Assessoria jurídica no Brasil,145,237923,44;31;33;43;57;57;57;99;100;100;100;100,task:5;informational:76;navigational:3;commercial:8;transactional:8
Conclave: críticas e cinema,21,15423,96;100;100;71;75;76;76;61;67;67;67;67,task:8;informational:68;navigational:2;commercial:14;transactional:8
Concorde Imóveis e Condomínios,15,521,35;43;43;51;58;56;57;100;80;58;59;58,task:3;informational:18;navigational:37;commercial:37;transactional:5
Lex Latinitatis: Ratio Decidendi et Obiter Dicta,25,11660,72;77;77;74;60;61;61;99;100;100;100;99,task:2;informational:80;navigational:5;commercial:5;transactional:8
e-mail funcional,16,500,27;29;28;38;96;100;87;86;86;94;95;96,task:2;informational:83;navigational:5;commercial:8;transactional:2
Portal Cidadão e Serviços,103,168057,100;100;87;92;81;81;81;79;89;89;89;89,task:1;informational:53;navigational:33;commercial:8;transactional:5
Grupo Deltacon TI e Consultoria,15,277,26;32;31;34;34;37;36;38;53;100;90;66,task:1;informational:39;navigational:38;commercial:8;transactional:14
Inter-relações,41,11404,83;90;95;92;67;68;67;96;100;100;100;100,task:5;informational:72;navigational:3;commercial:10;transactional:10
Condomínios e Administração,16,187,89;98;100;98;74;76;77;78;78;79;81;82,task:3;informational:53;navigational:29;commercial:7;transactional:8
Suporte a cotações,17,1286,54;91;100;90;74;79;86;76;81;82;80;78,task:10;informational:38;navigational:18;commercial:14;transactional:20
Cônjuge: significado e uso,128,104130,31;59;71;72;69;69;69;100;74;74;74;74,task:2;informational:82;navigational:3;commercial:10;transactional:3
Processos e Consultas Jurídicas do Brasil,20,1547,53;59;72;98;100;97;95;60;59;64;62;57,task:2;informational:83;navigational:5;commercial:8;transactional:2
Procon RN,19,1632,31;42;42;41;78;96;88;88;89;89;100;96,task:4;informational:66;navigational:13;commercial:5;transactional:12
Professional Contacts,15,79,61;29;33;100;100;90;71;58;50;30;32;36,task:3;informational:58;navigational:24;commercial:9;transactional:6
Cartas de anuência e consentimento,95,96620,72;54;67;55;52;52;52;99;100;100;100;100,task:10;informational:72;navigational:5;commercial:8;transactional:5
Consórcios no Brasil,962,675878,100;100;100;93;92;92;92;98;98;98;98;98,task:2;informational:66;navigational:7;commercial:18;transactional:7
Casa Civil Brasil,29,6355,40;45;48;100;51;52;52;53;53;52;52;51,informational:64;navigational:30;commercial:4;transactional:2
Missões Diplomáticas da Venezuela no Brasil,17,1193,57;80;100;82;82;66;66;65;74;74;74;74,task:8;informational:57;navigational:12;commercial:17;transactional:6
Sapient Brand Ecosystem,18,365,36;37;38;86;94;94;100;90;52;50;52;53,task:3;informational:45;navigational:40;commercial:8;transactional:4
すくな／カミノ／フーガ用語集,22,1575,65;64;77;100;86;86;86;83;80;80;80;80,task:12;informational:75;navigational:5;commercial:5;transactional:3
Verbos de assessorar em PT,24,15641,70;52;53;76;47;48;48;73;100;100;100;100,task:5;informational:84;navigational:4;commercial:5;transactional:2
Suporte ao Cliente,44,16318,58;74;77;76;55;55;55;80;100;100;100;100,task:3;informational:62;navigational:17;commercial:13;transactional:5
Serviços e Recursos Eletrônicos,19,2070,55;71;83;72;75;100;76;81;78;78;82;81,task:3;informational:55;navigational:15;commercial:20;transactional:7
Consultas Públicas,20,6857,11;35;32;19;21;25;20;30;100;92;92;91,task:3;informational:70;navigational:10;commercial:12;transactional:5
Póstumos e Homenagens,35,9241,82;85;90;95;95;97;97;98;100;100;100;100,task:5;informational:75;navigational:5;commercial:10;transactional:5
Conclave e eleição do Papa,49,91618,58;77;78;69;78;78;78;82;100;100;100;100,task:2;informational:82;navigational:5;commercial:8;transactional:3
Imóveis e Condomínios,15,1054,30;56;56;51;52;54;50;67;59;65;76;100,task:7;informational:37;navigational:7;commercial:38;transactional:11
Portal de Condomínios,16,656,72;74;75;86;85;86;86;84;100;100;100;100,informational:49;navigational:35;commercial:14;transactional:2
import hub,16,1584,37;43;43;43;43;93;100;84;63;62;63;64,task:5;informational:70;navigational:5;commercial:10;transactional:10
Fale com o Governo do Brasil,46,22731,65;72;77;85;82;82;82;98;100;100;100;100,task:5;informational:45;navigational:36;commercial:6;transactional:8
Advogados e Escola no Brasil,15,582,23;75;79;64;64;100;63;34;37;60;58;77,task:7;informational:55;navigational:26;commercial:7;transactional:5
Unk Group,16,94,31;32;33;79;77;47;42;100;44;46;30;30,task:5;informational:49;navigational:15;commercial:18;transactional:13
Ouvidoria Brasil,25,5309,81;86;64;63;61;62;63;76;78;79;79;100,task:1;informational:61;navigational:30;commercial:5;transactional:3
Gratificação de função para servidor público,18,2538,61;66;64;61;60;75;45;75;78;79;64;100,task:2;informational:83;navigational:6;commercial:6;transactional:3
Contatar e Sinônimos em Português,79,57919,88;77;79;92;80;80;80;84;100;100;100;100,task:3;informational:79;navigational:5;commercial:5;transactional:8
Condomínios Caravelas,16,1828,38;50;51;42;42;45;45;46;98;100;79;79,task:2;informational:35;navigational:32;commercial:26;transactional:5
Procon: Significado e Função,25,3166,100;98;98;89;77;78;77;99;99;99;99;100,task:2;informational:81;navigational:5;commercial:5;transactional:7
Condomínios Master,15,103,90;94;98;93;96;97;98;100;100;100;100;100,task:3;informational:28;navigational:41;commercial:20;transactional:8
Chamados e Suporte,17,2070,77;93;92;100;98;84;76;76;74;75;75;75,task:18;informational:56;navigational:8;commercial:5;transactional:13
Audiências Judiciais,27,2236,94;98;96;100;79;80;80;73;89;89;89;88,task:8;informational:69;navigational:10;commercial:7;transactional:6
e-Consultas do Governo,17,412,17;63;64;81;82;66;50;84;81;100;73;56,task:3;informational:51;navigational:34;commercial:11;transactional:1
Professional English,17,419,34;39;42;47;49;61;41;100;79;54;54;58,task:12;informational:56;navigational:4;commercial:24;transactional:4
Comunicação Institucional,42,18427,42;45;46;45;45;45;45;53;100;100;100;100,task:2;informational:72;navigational:8;commercial:10;transactional:8
Concrelongo Concretagem Brasil,15,208,33;59;57;55;41;44;42;100;63;61;40;40,informational:18;navigational:64;commercial:7;transactional:11
Counseling and Counselor Terms,19,2375,14;17;17;17;17;18;18;93;93;94;94;100,task:5;informational:80;navigational:5;commercial:8;transactional:2
Rodrigo Cunha Pereira – Pessoas e Sites,15,414,14;94;91;69;57;78;53;17;17;100;43;47,task:7;informational:72;navigational:5;commercial:11;transactional:5
Vitae Latine Medicae Terminologia,18,5454,17;100;18;17;83;84;84;84;96;96;84;84,task:5;informational:67;navigational:8;commercial:14;transactional:6
Confirmation: Meaning and Translation,18,4743,88;76;80;78;66;68;68;100;100;99;99;100,task:5;informational:83;navigational:5;commercial:2;transactional:5
Transuniao Transportes,16,843,24;94;100;63;42;59;50;88;66;75;93;83,task:3;informational:19;navigational:66;commercial:7;transactional:5
Senior Consultant,18,544,59;100;91;63;63;83;72;70;65;75;78;87,task:2;informational:73;navigational:15;commercial:8;transactional:2
Police Officer Terms,29,22110,59;87;83;82;94;94;94;100;100;100;100;100,task:2;informational:80;navigational:7;commercial:7;transactional:4
Concretizar Concretos,15,43,14;100;93;99;15;21;19;11;11;11;11;11,task:10;informational:47;navigational:4;commercial:31;transactional:8
Concurso CPCon e concursos públicos,16,5903,82;88;95;95;93;98;96;98;100;99;100;99,task:2;informational:40;navigational:34;commercial:8;transactional:16
Condomínios no Brasil,15,606,72;100;99;89;74;79;80;87;88;88;85;84,task:3;informational:49;navigational:21;commercial:20;transactional:7
Embaixadas e Consulados do Japão,24,4774,50;60;62;59;67;70;71;88;100;100;100;100,task:2;informational:51;navigational:31;commercial:9;transactional:7
Gestão Condominial no Brasil,16,1763,94;99;99;98;98;99;99;100;100;100;100;100,task:7;informational:60;navigational:18;commercial:9;transactional:6
João Carioca,15,126,10;100;29;38;38;31;24;57;43;45;30;30,task:10;informational:63;navigational:8;commercial:8;transactional:11
Portais ICIM,16,434,63;88;87;78;100;82;81;89;89;89;95;93,task:5;informational:53;navigational:35;commercial:5;transactional:2
Atendimento Fácil,30,8974,28;32;34;34;100;100;100;36;39;39;39;38,task:2;informational:43;navigational:38;commercial:7;transactional:10
Master Concursos,15,2243,5;52;49;44;21;74;43;35;31;53;72;100,task:3;informational:38;navigational:41;commercial:4;transactional:14
Congresso e Declarações Brasileiras,22,2953,66;26;32;33;99;100;97;59;70;75;61;63,task:5;informational:62;navigational:23;commercial:4;transactional:6
Caucus: definitions and terms,17,3371,33;36;36;35;34;35;35;65;100;100;100;100,task:5;informational:76;navigational:12;commercial:4;transactional:3
Concurso e Apostilas,19,8314,78;90;100;100;91;93;94;93;95;95;95;95,task:2;informational:52;navigational:19;commercial:12;transactional:15
Abogado en español,16,318,91;93;94;100;79;82;79;69;87;75;75;75,task:5;informational:50;navigational:15;commercial:22;transactional:8
Jurídico Corporativo,23,2620,68;66;73;69;84;84;82;83;95;97;96;100,task:2;informational:83;navigational:5;commercial:8;transactional:2
Conselhos de Educação do Brasil,25,11136,93;93;99;100;94;95;96;88;87;87;86;85,informational:60;navigational:19;commercial:16;transactional:5
Cooktops Consul 4-5 bocas,39,5950,93;97;100;100;38;39;39;40;41;41;41;40,task:3;informational:50;navigational:15;commercial:15;transactional:17
Conasems e COSEMS Brasil,22,14264,100;51;56;59;57;57;57;51;52;52;52;52,informational:52;navigational:29;commercial:10;transactional:9
Filtro de Ar Condicionado Consul,20,748,82;95;59;57;61;62;62;100;56;57;57;58,task:1;informational:50;navigational:30;commercial:12;transactional:7
Consorciei: avaliações e cotas,17,1131,58;61;62;82;85;89;88;96;97;100;87;87,task:2;informational:50;navigational:33;commercial:8;transactional:7
Government Departments & Agencies,18,1531,91;97;100;99;51;56;47;56;82;86;80;85,task:2;informational:65;navigational:15;commercial:8;transactional:10
Banese Banco - Termos,16,356,55;80;100;87;96;96;94;87;87;99;97;89,task:3;informational:9;navigational:80;commercial:3;transactional:5
Concrete Variants,17,3582,91;95;95;99;99;100;100;100;99;99;100;100,task:6;informational:70;navigational:7;commercial:13;transactional:4
Concurso de Procuradores,55,15645,68;80;34;44;52;52;52;100;54;54;54;54,task:2;informational:67;navigational:11;commercial:14;transactional:6
Controller Contábil,32,18439,100;97;100;95;45;46;46;100;99;100;100;100,task:5;informational:68;navigational:11;commercial:10;transactional:6
"Consórcios: Conceitos, Contemplação e Benefícios",56,12961,95;92;93;92;79;80;80;96;100;100;100;100,informational:84;navigational:5;commercial:9;transactional:2
Sr Contábil e Contabilidade,15,885,50;68;68;66;76;84;85;86;100;100;95;94,task:3;informational:27;navigational:58;commercial:4;transactional:8
Advocacia e Serviços Jurídicos,16,1553,85;100;100;99;91;96;96;52;54;55;56;64,task:2;informational:47;navigational:32;commercial:12;transactional:7
Consórcios Triângulo,15,2004,24;50;45;47;47;53;39;40;40;45;78;100,task:7;informational:23;navigational:50;commercial:10;transactional:10
Emprego Público,38,7671,88;89;93;88;81;83;89;85;95;93;94;100,task:2;informational:78;navigational:10;commercial:8;transactional:2
Colégios Civitatis,15,781,48;60;60;57;38;52;51;64;38;52;53;100,task:3;informational:44;navigational:36;commercial:8;transactional:9
crise CIA,16,236,17;39;50;35;25;30;26;100;27;28;23;24,task:7;informational:50;navigational:22;commercial:16;transactional:5
Provas e Questões Consulplan,19,702,19;76;77;75;87;100;82;91;88;44;44;45,task:2;informational:69;navigational:14;commercial:10;transactional:5
Locutiones Latinas de Homo Lupus,18,3112,92;100;100;64;78;78;78;80;81;81;81;81,task:12;informational:73;navigational:5;commercial:8;transactional:2
Smart Consign Brasil,18,2297,32;46;43;47;45;45;54;38;95;100;84;84,task:2;informational:53;navigational:30;commercial:10;transactional:5
Cupola Summit Events,15,569,26;100;94;69;68;64;48;55;45;66;77;97,task:7;informational:33;navigational:40;commercial:10;transactional:10
Cargos Executivos em Português,16,1353,24;60;61;53;40;43;37;69;50;48;100;73,task:8;informational:78;navigational:5;commercial:6;transactional:3
Cartas contempladas e consórcios,39,6335,87;94;100;98;71;74;74;92;98;95;95;95,task:8;informational:70;navigational:7;commercial:12;transactional:3
Conexão Contábil,15,594,6;100;81;12;9;41;32;60;35;70;63;72,task:2;informational:18;navigational:34;commercial:40;transactional:6
Conferencistas: significado e definição,19,1177,26;27;27;21;21;36;31;39;100;100;100;100,task:2;informational:85;navigational:5;commercial:5;transactional:3
Província: significado e móveis,48,14322,79;78;79;100;95;96;96;90;67;67;67;67,task:3;informational:78;navigational:7;commercial:5;transactional:7
Conpasul Construção e Serviços,16,221,15;52;49;46;46;41;33;100;46;44;18;18,informational:29;navigational:51;commercial:14;transactional:6
Master Cidadania,15,1201,15;27;27;60;90;100;100;97;98;96;96;95,task:7;informational:18;navigational:44;commercial:10;transactional:21
Meu Condomínio e Prédio,15,191,81;92;93;92;93;96;97;98;100;100;100;99,task:3;informational:64;navigational:15;commercial:8;transactional:10
Dicionários e Traduções,18,444,33;36;60;74;73;74;72;100;91;71;68;74,task:2;informational:72;navigational:10;commercial:8;transactional:8
Caio Vicentino / Caio Vincentino,15,192,8;89;100;13;12;43;35;97;47;27;26;30,task:10;informational:53;navigational:12;commercial:8;transactional:17
Condomínios Assiscon,17,432,71;85;84;84;69;73;74;75;95;100;76;75,task:3;informational:37;navigational:40;commercial:12;transactional:8
Condomínios Coliseu,15,454,37;70;71;75;75;100;71;66;66;74;56;56,task:3;informational:20;navigational:41;commercial:29;transactional:7
Condec: cupons e construção,17,1706,63;86;88;85;91;97;96;94;98;99;100;100,task:5;informational:50;navigational:16;commercial:14;transactional:15
Reuniões de Empresa,23,2283,64;63;64;80;90;90;90;100;99;99;99;99,task:15;informational:68;navigational:7;commercial:5;transactional:5
Consignado Brasil,140,59711,85;78;84;92;97;97;97;99;100;100;100;100,task:2;informational:64;navigational:10;commercial:11;transactional:13
Portais do Servidor Público,504,515396,80;94;83;84;79;79;79;93;100;100;100;100,task:2;informational:39;navigational:40;commercial:12;transactional:7
Loci Amoeni et Fuga Urbis,22,7530,97;100;99;99;96;96;97;95;96;96;95;95,task:2;informational:85;navigational:5;commercial:5;transactional:3
ConsigFácil - serviços públicos no MA/PA,16,377,100;47;50;52;46;60;59;49;50;51;50;49,task:2;informational:50;navigational:25;commercial:7;transactional:16
Residência e Residentes,20,11247,35;38;39;31;31;31;31;100;100;100;100;100,task:8;informational:70;navigational:10;commercial:10;transactional:2
Conteção/Contenção de Despesas,29,9348,30;34;35;33;44;45;46;96;100;100;100;100,task:10;informational:78;navigational:5;commercial:5;transactional:2
Declarações de Contingência,19,1640,87;100;86;82;86;80;79;66;65;65;63;64,task:5;informational:80;navigational:5;commercial:8;transactional:2
Escopo e Tradução,17,1194,12;17;17;100;16;18;18;19;19;19;19;19,task:5;informational:72;navigational:5;commercial:10;transactional:8
Fogões Consul 5 Bocas Inox,17,475,34;47;48;45;35;44;80;100;43;50;40;57,task:3;informational:36;navigational:32;commercial:12;transactional:17
Convites para Reuniões,22,2841,41;57;86;92;89;92;91;99;100;100;100;99,task:30;informational:65;navigational:3;commercial:2
Conversão de Julgamento em Diligência,26,2599,100;99;87;98;99;85;85;76;76;79;79;76,task:12;informational:73;navigational:5;commercial:8;transactional:2
Painel 7,15,703,34;45;45;49;49;100;56;63;64;69;70;69,task:3;informational:47;navigational:42;commercial:5;transactional:3
Redação Jurídica,21,1559,23;44;56;55;33;36;35;64;100;95;76;82,task:15;informational:69;navigational:5;commercial:7;transactional:4
Sican Brasil,16,528,47;65;66;68;71;73;97;78;79;100;91;91,task:3;informational:27;navigational:48;commercial:8;transactional:14
Acquaintance: meanings and translations,19,4974,36;41;41;97;97;97;97;100;100;100;100;100,task:5;informational:75;navigational:5;commercial:10;transactional:5
Advocacia Koetz,15,127,47;100;100;78;78;77;73;91;76;55;55;55,task:3;informational:33;navigational:56;commercial:4;transactional:4
Cognon e Cogniplus: Suplementos no Brasil,21,3945,95;99;100;100;87;86;86;91;92;95;92;92,task:5;informational:80;navigational:3;commercial:10;transactional:2
Facilita Jurídico Online,17,850,59;87;88;86;78;85;86;87;98;100;87;87,task:3;informational:35;navigational:22;commercial:18;transactional:22
"Português do Brasil: dicionários, sinônimos e negócios",15,2189,66;74;79;71;95;97;92;100;100;97;97;97,task:2;informational:83;navigational:5;commercial:8;transactional:2
"Servicon: Administração, Contabilidade e Condomínios no Brasil",16,938,17;50;46;41;41;48;39;100;89;68;43;52,task:3;informational:21;navigational:60;commercial:11;transactional:5
Consórcio de Crédito,16,2446,4;25;20;24;25;31;22;13;14;22;14;100,task:7;informational:42;navigational:33;commercial:13;transactional:5
Museo Egizio di Torino,16,123,87;92;95;93;93;96;96;98;100;100;100;100,task:3;informational:33;navigational:46;commercial:5;transactional:13
Contabilização em Português,18,1891,11;12;12;23;23;23;23;65;100;100;78;78,task:4;informational:80;navigational:5;commercial:7;transactional:4
Post Scriptum et Vinum,20,1757,97;98;99;98;98;100;100;100;91;91;91;91,task:5;informational:68;navigational:7;commercial:17;transactional:3
Faccin Brasil,17,190,78;80;85;83;90;96;97;99;97;97;98;100,task:3;informational:25;navigational:53;commercial:11;transactional:8
English Email Openings,33,5559,66;73;75;94;99;100;100;93;87;87;88;88,task:17;informational:74;navigational:4;commercial:3;transactional:2
ConsWeb e Intranet Corporativa,15,263,59;69;70;67;58;70;66;100;90;73;73;64,task:3;informational:23;navigational:53;commercial:11;transactional:10
Grupo Secon Brasil,15,2810,95;100;99;100;82;83;82;83;83;83;83;83,task:8;informational:36;navigational:29;commercial:16;transactional:11
Procon Brasil - Cidades,49,19476,48;52;57;58;69;69;69;100;95;94;94;94,task:5;informational:60;navigational:17;commercial:7;transactional:11
Contadoria Judicial,25,2330,84;87;91;87;76;84;80;100;95;79;79;79,task:12;informational:75;navigational:5;commercial:8
Concilig: Telemarketing e Cobrança,29,6999,26;52;53;48;35;36;36;100;46;46;46;46,task:3;informational:54;navigational:26;commercial:12;transactional:5
Advocacia em Português,21,3701,49;55;47;51;100;100;100;92;92;92;92;92,task:3;informational:67;navigational:15;commercial:12;transactional:3
UN General Assembly,20,413,37;52;48;82;65;65;61;77;100;88;74;71,task:2;informational:44;navigational:41;commercial:6;transactional:7
Condomínios Essenciais,15,324,69;78;73;77;86;90;91;98;100;100;100;100,task:7;informational:58;navigational:10;commercial:21;transactional:4
Micro-ondas Consul 32/34L,16,292,30;40;41;38;100;83;82;50;52;62;40;45,task:7;informational:39;navigational:18;commercial:16;transactional:20
Assessores Parlamentares Brasileiros,56,19908,100;98;97;88;76;77;77;69;71;71;71;71,task:5;informational:76;navigational:8;commercial:9;transactional:2
CEO e cargos executivos,280,308209,80;88;94;92;93;93;93;93;100;100;100;100,task:2;informational:80;navigational:5;commercial:8;transactional:5
Concursos de Relações Internacionais,21,2186,35;100;81;69;73;85;64;71;62;63;64;66,task:5;informational:75;navigational:5;commercial:10;transactional:5
Canais de Atendimento e Informações,17,2037,42;61;65;42;61;69;68;56;93;76;100;96,task:5;informational:75;navigational:4;commercial:6;transactional:10
Ofício e Oração em Português,82,61589,69;65;92;89;96;96;96;96;100;100;100;100,task:2;informational:79;navigational:8;commercial:5;transactional:6
Concilios da Igreja Católica,51,21632,74;81;82;69;59;60;60;100;68;68;68;68,task:2;informational:79;navigational:5;commercial:10;transactional:4
Gestão Intergestores em Saúde (CIB/CIT SUS),35,30266,61;24;25;60;61;63;60;99;100;100;100;100,task:1;informational:84;navigational:9;commercial:4;transactional:2
Consórcios Bancários no Brasil,59,21108,100;81;86;80;80;81;81;79;82;82;82;82,task:2;informational:66;navigational:16;commercial:10;transactional:6
Relações Públicas,53,29030,99;99;100;100;97;97;97;93;95;95;95;95,task:5;informational:74;navigational:8;commercial:11;transactional:2
Cunhado: significados e usos,24,27810,14;17;18;19;19;20;20;100;100;100;100;100,task:5;informational:74;navigational:11;commercial:6;transactional:4
Concresul RS e cidades gaúchas,15,602,19;25;25;24;59;54;45;100;65;86;89;55,task:7;informational:25;navigational:45;commercial:11;transactional:12
Conceive: meanings & definitions,19,2618,35;47;47;43;99;100;100;84;89;89;89;89,task:2;informational:80;navigational:9;commercial:4;transactional:5
Sumula 24 STF,23,3423,73;83;82;87;89;100;93;89;94;90;90;92,task:1;informational:80;navigational:10;commercial:5;transactional:4
Consignado de Servidores Públicos,21,3117,70;98;100;100;92;98;98;96;98;98;98;97,task:10;informational:51;navigational:19;commercial:12;transactional:8
Condomínios Comerciais,16,376,72;73;73;73;73;73;73;100;74;74;74;74,task:5;informational:45;navigational:4;commercial:42;transactional:4
Mandato e Procuração,32,18996,26;33;33;32;96;97;98;97;100;100;100;99,task:2;informational:75;navigational:5;commercial:10;transactional:8
Cervejeiras Consul amarelas e vermelhas,15,1048,12;29;33;31;30;40;26;34;29;100;88;69,task:3;informational:59;navigational:18;commercial:16;transactional:4
Cargos e Funções de Trabalho,17,559,90;97;100;100;100;100;97;31;29;17;17;17,task:10;informational:72;navigational:8;commercial:8;transactional:2
Contest meanings and definitions,24,2451,33;36;37;37;87;89;89;85;100;100;100;100,task:8;informational:81;navigational:4;commercial:7
Consulting and Consultants,17,324,66;35;100;89;88;73;73;27;37;47;38;37,task:1;informational:70;navigational:5;commercial:15;transactional:9
Doutor IA,17,304,10;12;11;10;16;16;15;28;15;99;100;23,task:8;informational:75;navigational:5;commercial:10;transactional:2
Conesp: preparação para concursos,16,1269,13;58;54;49;50;100;75;61;60;74;65;87,task:10;informational:53;navigational:16;commercial:7;transactional:14
Canect Brand Presence,15,330,42;68;69;63;54;58;57;63;62;100;53;53,task:10;informational:32;navigational:33;commercial:17;transactional:8
Consultório ao Vivo,17,171,21;39;40;26;26;25;23;100;82;24;24;31,task:7;informational:18;navigational:44;commercial:10;transactional:21
Convênios Reais,15,215,30;100;94;99;57;59;45;31;32;94;88;85,task:10;informational:38;navigational:37;commercial:10;transactional:5
Global Communications Commissions,18,2850,85;99;100;58;68;74;75;80;84;81;79;77,task:5;informational:60;navigational:19;commercial:7;transactional:9
Condomínios e Edifícios Residenciais,15,169,38;93;87;84;43;56;100;50;55;50;50;50,task:4;informational:61;navigational:4;commercial:27;transactional:4
Imobiliárias Senador,15,476,69;100;97;94;90;95;94;84;89;88;90;87,task:3;informational:20;navigational:56;commercial:10;transactional:11
Pintos e Pintões,18,608,59;62;65;55;100;99;99;26;30;30;30;29,task:2;informational:80;navigational:5;commercial:10;transactional:3
Dicionários e sinônimos (PT),18,1603,14;16;17;17;30;34;34;100;75;73;73;73,task:2;informational:65;navigational:4;commercial:25;transactional:4
Superintendente: significado e funções,30,29088,33;36;56;54;54;55;55;100;98;98;98;98,task:4;informational:80;navigational:5;commercial:7;transactional:4
Subordinação e Submissão (PT),32,10636,88;94;96;50;55;57;57;100;99;98;98;98,task:4;informational:77;navigational:6;commercial:8;transactional:5
Comunicação do Governo do Brasil,16,908,21;95;100;81;81;41;41;29;60;58;59;54,task:7;informational:52;navigational:21;commercial:11;transactional:9
Política e Figuras Públicas do Brasil,16,1420,55;93;88;100;94;94;82;83;79;75;74;75,task:6;informational:69;navigational:10;commercial:7;transactional:8
Concursos Públicos,16,1828,18;39;39;35;32;44;28;75;100;60;44;49,task:3;informational:46;navigational:27;commercial:11;transactional:13
Représentations,17,6831,30;35;36;35;22;22;22;100;100;100;100;100,task:5;informational:80;navigational:5;commercial:8;transactional:2
Professional Email Writing,22,1918,55;56;57;64;61;61;61;84;73;96;100;57,task:22;informational:52;navigational:5;commercial:13;transactional:8
Condomínio Clube,17,1032,24;29;29;37;99;100;100;48;42;41;42;41,task:5;informational:56;navigational:9;commercial:26;transactional:4
Nice-to-Meet You Greetings,17,1201,73;84;84;100;84;86;86;80;83;82;83;82,task:12;informational:74;navigational:5;commercial:5;transactional:4
Credenciamento e Autorização,16,1693,5;9;9;26;26;38;64;29;23;38;22;100,task:7;informational:62;navigational:19;commercial:8;transactional:4
Grupos S.A. e Vendas,16,582,17;100;94;73;21;22;22;54;23;23;24;24,task:2;informational:54;navigational:22;commercial:16;transactional:6
Conselho Tutelar — Atribuições e Funções,55,14476,99;100;98;96;95;97;97;95;95;95;95;95,task:2;informational:88;navigational:5;commercial:3;transactional:2
SC Conecta,16,66,28;35;36;57;61;100;71;89;76;48;45;54,task:3;informational:33;navigational:56;commercial:4;transactional:4
Quadro de Pessoal no Governo Público,43,52904,98;99;100;98;81;81;81;79;78;78;78;78,task:2;informational:56;navigational:21;commercial:4;transactional:17
Concurso Público: Aprovação e Nomeação,25,3399,89;98;91;96;97;100;95;86;83;83;83;85,task:3;informational:76;navigational:6;commercial:10;transactional:5
Termos Jurídicos Brasileiros,22,3915,74;86;83;83;79;80;81;83;81;81;81;100,task:12;informational:66;navigational:7;commercial:10;transactional:5
Despachantes de Cubatão,15,142,40;76;69;85;79;100;63;83;76;85;75;84,task:3;informational:32;navigational:17;commercial:40;transactional:8
Despachante Expresso,15,130,41;44;45;53;55;61;57;100;85;63;62;62,task:5;informational:27;navigational:37;commercial:25;transactional:6
Adviser vs Advisor Usage,17,502,93;95;97;92;93;98;100;88;88;90;93;93,task:2;informational:69;navigational:4;commercial:21;transactional:4
Concursos e inscrições,17,3153,11;29;29;26;26;24;19;73;73;100;77;80,task:12;informational:70;navigational:5;commercial:5;transactional:8
Perguntas e Respostas,21,13130,39;44;54;70;100;100;99;97;98;98;98;99,task:2;informational:75;navigational:5;commercial:10;transactional:8
Eleição de Síndico e Assembleias de Condomínio,25,2474,76;77;87;85;100;100;100;96;89;89;89;89,task:8;informational:74;navigational:7;commercial:9;transactional:2
AGU Brasil,17,1778,8;82;90;64;40;61;47;23;21;41;38;100,task:1;informational:24;navigational:62;commercial:7;transactional:6
Cursos de Conferente,20,1664,63;80;83;86;84;100;87;91;83;89;87;100,task:5;informational:75;navigational:2;commercial:10;transactional:8
Vagas de Conferente no Rio de Janeiro,15,2330,18;40;40;46;45;58;47;89;71;53;65;100,task:7;informational:43;navigational:5;commercial:32;transactional:13
Vínculos e Sinônimos (PT),37,5863,65;77;84;89;89;92;93;81;100;100;100;100,task:8;informational:49;navigational:33;commercial:7;transactional:3
Respostas rápidas,20,983,43;43;43;49;67;98;100;76;65;58;58;51,task:5;informational:72;navigational:5;commercial:10;transactional:8
Curadores Especiais no CPC,24,5205,85;100;75;72;40;41;41;71;76;72;78;79,task:2;informational:75;navigational:10;commercial:10;transactional:3
Hague Apostille Convention,19,1582,85;88;89;88;87;88;88;89;90;90;93;100,task:2;informational:80;navigational:10;commercial:5;transactional:3
Procon municipais do Brasil,20,1073,49;58;58;71;61;100;88;75;100;90;94;97,task:3;informational:56;navigational:15;commercial:10;transactional:16
Global Conferences,17,10131,10;17;17;14;17;19;19;25;100;100;98;98,task:12;informational:60;navigational:5;commercial:17;transactional:6
Contato e Contabilidade,16,495,33;36;37;47;47;44;39;99;98;100;99;99,task:5;informational:54;navigational:15;commercial:20;transactional:6
Congresso Nacional do Brasil,51,82314,27;29;31;34;37;37;37;39;100;100;100;100,task:2;informational:67;navigational:18;commercial:10;transactional:3
Despachantes Lumma,15,108,25;49;45;41;37;37;33;62;100;25;25;25,informational:18;navigational:67;commercial:10;transactional:5
Passagens Salutaris,24,2917,85;92;90;85;91;92;92;100;85;85;86;86,task:5;informational:34;navigational:28;commercial:16;transactional:17
banca de concursos,21,1831,79;100;99;92;45;83;46;52;44;43;43;60,task:5;informational:72;navigational:8;commercial:10;transactional:5
Vestuário Jurídico: Togas e Becas,42,9535,74;90;92;94;99;100;100;90;95;95;94;94,task:2;informational:80;navigational:5;commercial:10;transactional:3
Servidores Públicos Federais,106,83598,73;72;74;56;68;68;68;96;100;100;100;100,task:2;informational:76;navigational:10;commercial:8;transactional:4
Consultoria e concursos no Brasil,17,1312,9;49;45;38;38;96;56;37;31;60;53;100,task:3;informational:48;navigational:4;commercial:37;transactional:8
Acumen: Business Acumen Glossary,22,1543,94;87;100;96;95;97;96;75;97;98;71;73,task:5;informational:80;navigational:5;commercial:8;transactional:2
Concurso Procon Brasil,23,3616,22;53;48;84;75;89;77;100;90;87;83;100,task:2;informational:66;navigational:12;commercial:12;transactional:8
Camerlengo e Cardeais em Português,21,19064,94;99;100;98;94;94;95;98;100;100;100;100,task:2;informational:78;navigational:8;commercial:8;transactional:4
Call Center e Contato (Centro de Atendimento),17,1562,82;100;93;89;86;90;91;88;92;92;92;91,task:6;informational:47;navigational:23;commercial:21;transactional:3
Súmulas STJ Brasil,26,2755,88;99;96;81;75;77;76;84;85;88;93;100,task:2;informational:70;navigational:15;commercial:10;transactional:3
PSC SM EC103 - Significados e Termos,22,7655,88;94;100;92;34;34;35;92;96;96;96;96,task:8;informational:77;navigational:5;commercial:8;transactional:2
Procuração para Inventário e Representação,18,442,63;89;86;100;78;62;61;64;71;55;55;55,task:8;informational:70;navigational:2;commercial:12;transactional:8
Consulados e vistos dos EUA no Brasil,26,2762,92;100;100;79;80;82;80;79;86;86;86;86,task:2;informational:63;navigational:11;commercial:11;transactional:13
Contilnet Notícias,15,8010,94;92;100;88;74;76;76;76;77;77;77;77,task:1;informational:20;navigational:63;commercial:10;transactional:6
Grupo Soluções e Cia,15,635,73;93;91;87;89;95;96;97;100;100;100;99,informational:28;navigational:57;commercial:10;transactional:5
Conserbras Serviços e Assistência Técnica,15,309,19;23;23;23;62;100;80;67;35;37;30;33,task:3;informational:38;navigational:33;commercial:11;transactional:15
Concurso e cargos do Senado Federal,44,14892,75;82;81;77;87;92;89;85;96;100;95;90,task:2;informational:72;navigational:10;commercial:10;transactional:6
Centro de Controle de Zoonoses (CCZ),29,7402,37;49;55;62;69;71;70;100;93;93;93;93,task:5;informational:41;navigational:32;commercial:14;transactional:8
Clientela e significado,17,873,42;44;60;62;60;74;73;81;82;93;96;100,task:5;informational:73;navigational:12;commercial:7;transactional:3
Questor soluções corporativas,18,1695,85;98;95;99;97;100;99;54;57;57;57;56,informational:32;navigational:52;commercial:6;transactional:10
General Master,17,300,12;37;37;34;32;48;73;100;75;17;17;47,task:8;informational:60;navigational:14;commercial:10;transactional:8
Capuchini Cebus et Sapajus,16,2880,5;42;37;30;7;7;21;8;7;7;7;100,task:10;informational:62;navigational:5;commercial:5;transactional:18
Procuradoria Jurídica (Brasil),15,669,63;86;85;83;77;66;61;100;91;48;48;48,task:2;informational:54;navigational:9;commercial:31;transactional:4
Ability: Tecnologia e Serviços,19,6722,82;91;29;97;93;95;94;99;100;100;100;100,task:7;informational:60;navigational:13;commercial:13;transactional:7
Diplomacy Games,18,1249,95;100;100;98;30;31;32;77;77;77;77;77,task:2;informational:69;navigational:8;commercial:10;transactional:11
Comunicação e Sinônimos,22,4729,79;77;76;61;74;75;75;96;100;100;100;100,task:8;informational:70;navigational:5;commercial:10;transactional:7
specimen terminology,18,1391,48;56;100;99;90;91;91;65;65;65;65;65,task:4;informational:57;navigational:1;commercial:34;transactional:4
Quintas e condomínios no Brasil,15,1353,17;42;39;33;34;72;51;81;59;66;69;100,task:3;informational:71;navigational:5;commercial:17;transactional:4
Sumulas STJ,23,4841,57;62;62;61;65;66;65;62;64;68;87;100,task:5;informational:65;navigational:15;commercial:10;transactional:5
Cartões e Concursos Brasil,16,1008,10;82;78;78;80;100;58;88;76;62;57;77,task:5;informational:31;navigational:49;commercial:7;transactional:8
Situação eleitoral e cadastral,36,27869,17;74;75;39;90;90;90;95;100;100;100;100,task:5;informational:72;navigational:14;commercial:6;transactional:3
Direc e Direções no Brasil,21,3473,15;26;45;57;92;100;91;81;81;83;96;97,task:2;informational:63;navigational:19;commercial:8;transactional:8
Customs Brokerage,16,275,32;45;70;69;60;62;60;100;61;65;66;62,task:5;informational:75;navigational:5;commercial:10;transactional:5
Amicus Curiae no Brasil,35,15572,95;100;100;100;87;88;89;97;97;97;97;97,task:2;informational:79;navigational:11;commercial:5;transactional:3
CIAA: Centro de Instrução Almirante Alexandrino,16,2684,71;96;94;92;87;94;95;98;100;100;100;98,task:3;informational:30;navigational:41;commercial:7;transactional:19
Compliance terms,17,701,46;48;50;76;80;81;81;98;99;99;100;100,task:5;informational:78;navigational:5;commercial:10;transactional:2
Tradução de Reuniões,17,2020,48;57;57;47;47;50;51;100;78;78;78;78,task:30;informational:56;navigational:5;commercial:6;transactional:3
Bellum Antiquitatis,17,494,71;92;94;91;85;95;92;100;95;95;87;87,task:10;informational:70;navigational:5;commercial:5;transactional:10
Conversa e Sinônimos em Português,77,54500,88;87;88;28;57;57;57;95;100;100;100;100,task:7;informational:67;navigational:4;commercial:13;transactional:9
Caesar Augustus Capri Hospitia,20,262,71;80;84;87;87;89;89;91;93;93;100;100,task:3;informational:64;navigational:18;commercial:8;transactional:7
Exercer funções e cargos,22,6691,96;100;99;97;97;97;99;96;96;98;98;96,task:5;informational:75;navigational:5;commercial:10;transactional:5
Traslado e Translados,66,64873,60;60;59;56;56;56;56;92;100;100;100;100,task:6;informational:67;navigational:3;commercial:16;transactional:8
Supercomunicadores,15,246,58;77;79;68;100;70;68;53;54;54;55;54,task:5;informational:44;navigational:35;commercial:11;transactional:5
Condomínios Argus,15,219,19;78;70;48;49;58;45;100;68;29;29;30,informational:30;navigational:38;commercial:29;transactional:3
Portarias e Atos Oficiais,23,23677,85;26;27;88;84;85;85;100;99;99;99;99,task:2;informational:78;navigational:10;commercial:8;transactional:2
Portal Accon,15,159,25;59;60;57;54;74;54;100;64;68;37;36,task:5;informational:17;navigational:50;commercial:11;transactional:17
Emprego e Demissão,18,16283,14;100;84;82;13;13;13;76;75;75;75;75,task:2;informational:78;navigational:5;commercial:8;transactional:7
Condes e títulos de nobreza,42,11073,47;51;51;50;57;57;57;99;100;100;100;100,task:5;informational:79;navigational:5;commercial:8;transactional:3
Marcas e Exame de Mérito,24,5042,97;100;98;96;97;99;98;95;96;100;95;96,task:2;informational:75;navigational:5;commercial:10;transactional:8
Maximus corporate entities,19,3343,60;81;84;85;92;97;97;100;99;95;96;97,task:5;informational:46;navigational:33;commercial:10;transactional:6
"Concepção, Consultoria e Concursos",16,1317,28;38;36;33;38;38;33;100;82;66;60;87,task:3;informational:35;navigational:40;commercial:10;transactional:12
Relações Institucionais no Governo,23,5384,47;56;48;52;99;100;100;56;61;63;64;70,task:2;informational:64;navigational:16;commercial:7;transactional:11
CIES no Brasil,19,10844,11;15;15;87;99;100;100;78;74;74;74;73,task:2;informational:37;navigational:48;commercial:8;transactional:5
Tutela e Curatela no Brasil,42,7471,96;98;95;92;99;96;95;92;100;100;99;98,task:4;informational:79;navigational:5;commercial:9;transactional:3
Scouts e Scouting,41,18379,100;89;89;80;71;71;71;74;71;70;71;70,task:5;informational:80;navigational:5;commercial:5;transactional:5
Neoconsig e Consignados,15,438,93;100;100;100;89;91;91;91;51;51;44;44,task:2;informational:15;navigational:65;commercial:8;transactional:10
CEAC: Consular Electronic Application Center,15,222,41;91;100;69;64;68;66;71;70;73;67;78,informational:46;navigational:47;commercial:3;transactional:4
Controle na mão,17,303,20;100;98;84;37;42;33;69;45;30;31;35,task:10;informational:42;navigational:29;commercial:14;transactional:5
Condomínios Botânica,15,787,34;100;92;64;60;75;57;86;66;63;66;92,task:3;informational:47;navigational:23;commercial:23;transactional:4
Consórcios RACON e Randon no Brasil,17,9889,52;61;62;96;95;99;98;98;100;100;99;99,task:2;informational:51;navigational:27;commercial:9;transactional:11
Convocação e Editais no Brasil,26,25937,12;21;23;24;19;20;20;25;100;100;100;100,task:2;informational:78;navigational:10;commercial:7;transactional:3
Frontur: Portais de Turismo,15,331,51;65;68;64;59;63;64;100;52;53;50;50,task:3;informational:58;navigational:21;commercial:8;transactional:10
Senado do Brasil e eleições,34,20651,46;60;64;57;83;83;83;92;100;100;100;100,task:2;informational:66;navigational:14;commercial:10;transactional:8
Representantes Comerciais,71,58503,95;100;100;100;93;93;93;93;93;93;93;93,task:2;informational:65;navigational:10;commercial:17;transactional:6
Palavras em Português,44,89580,19;22;23;44;46;46;46;55;100;100;100;100,task:2;informational:75;navigational:5;commercial:10;transactional:8
Tutoria e Tutores: Conceitos e Significados,42,18151,79;85;91;91;88;89;89;99;100;100;100;100,task:5;informational:83;navigational:5;commercial:5;transactional:2
Imobiliárias Contil,15,871,76;89;88;87;93;89;89;100;59;55;50;51,task:6;informational:35;navigational:45;commercial:8;transactional:6
Urbi et Orbi: Significationes Ecclesiae,19,5275,85;88;88;90;54;54;55;92;100;100;100;100,task:2;informational:80;navigational:5;commercial:10;transactional:3
Zona dos Concursos,18,942,23;65;63;61;78;100;69;84;81;74;54;65,task:3;informational:29;navigational:39;commercial:8;transactional:21
Gestão de Condomínios Móvel,15,109,77;98;100;77;77;79;79;79;80;79;80;79,task:3;informational:35;navigational:34;commercial:23;transactional:5
Consulado Italiano RJ,19,1579,69;92;100;98;88;94;96;98;97;98;98;97,task:2;informational:27;navigational:47;commercial:9;transactional:15
Assessoria Contábil e Consultoria,20,5215,44;47;31;31;27;28;28;93;100;100;100;99,informational:50;navigational:9;commercial:32;transactional:9
Sumulas Judiciárias Brasileiras,29,5434,65;69;69;74;75;79;74;84;93;88;88;100,task:10;informational:77;navigational:4;commercial:9
Giustizia Civile e Atti Online,20,773,39;49;43;40;92;100;97;35;35;33;33;33,task:2;informational:71;navigational:5;commercial:10;transactional:12
CERICE Ceará,17,5399,45;52;49;45;44;45;45;100;100;100;100;100,task:2;informational:39;navigational:37;commercial:16;transactional:6
Câmbio e Confiança,33,10768,57;65;66;66;65;66;66;68;100;100;100;100,task:5;informational:45;navigational:27;commercial:16;transactional:7
Consultas Processuais do Judiciário,19,2736,79;100;94;90;86;100;94;57;44;44;61;76,informational:70;navigational:10;commercial:10;transactional:10
Renúncia de Mandato e Procuração,85,21934,87;91;94;95;100;100;100;97;99;99;100;100,task:2;informational:77;navigational:5;commercial:10;transactional:6
Universidade do Contestado (UnC),27,4382,50;84;87;83;98;100;100;76;82;82;85;84,task:2;informational:27;navigational:57;commercial:6;transactional:8
Intercâmbio CI,15,163,75;100;98;97;33;34;33;26;27;28;28;28,informational:24;navigational:64;commercial:7;transactional:5
UN Climate Change Conference (COP/UNFCCC),25,4499,52;54;56;60;91;92;92;97;100;99;98;98,task:2;informational:51;navigational:31;commercial:9;transactional:7
Cumprimentos em Português,81,72075,59;64;68;77;83;83;84;100;100;100;100;100,task:8;informational:76;navigational:3;commercial:8;transactional:5
Cargos profissionais em inglês,23,1529,56;59;59;64;95;95;95;95;100;100;96;96,task:12;informational:73;navigational:5;commercial:8;transactional:2
Condomínios The Sun,15,1736,10;25;24;27;24;32;23;29;42;36;60;100,task:1;informational:29;navigational:39;commercial:22;transactional:9
Advocacia e Procuradorias Digitais,17,6731,28;37;38;37;98;100;99;100;100;100;98;98,task:8;informational:46;navigational:32;commercial:6;transactional:8
Grupo Comporte e Família Constantino,23,10259,48;100;22;96;94;95;95;100;75;75;75;74,task:5;informational:40;navigational:37;commercial:12;transactional:6
Palabra cese,15,213,75;83;86;75;75;78;74;100;100;100;100;100,task:7;informational:52;navigational:33;commercial:3;transactional:5
Concursos no Brasil,23,4922,50;63;63;57;54;60;59;100;100;93;92;92,task:5;informational:56;navigational:21;commercial:12;transactional:6
Samsung Galaxy A235M/A236M (Smartphones),28,7088,31;37;37;32;65;67;67;95;98;98;100;100,task:2;informational:57;navigational:7;commercial:30;transactional:4
Nomes parecidos de figuras públicas no Brasil,17,1405,13;80;91;81;87;78;48;59;80;64;87;100,task:5;informational:77;navigational:5;commercial:8;transactional:5
Cartórios de São Paulo,21,1683,85;100;100;67;68;71;75;78;71;70;70;70,informational:40;navigational:43;commercial:13;transactional:4
Aluguel de consultórios e salas comerciais,24,2272,74;87;92;78;82;90;90;96;96;96;100;100,task:5;informational:52;navigational:5;commercial:29;transactional:9
Escolas Alberto Conte,16,896,30;98;100;70;66;43;43;100;58;56;66;48,task:3;informational:44;navigational:42;commercial:5;transactional:6
"Componentes: educação, tecnologia e linguagem",50,9620,100;76;78;75;69;70;71;66;75;75;74;74,task:4;informational:76;navigational:6;commercial:12;transactional:2
fogões Consul 6 bocas,21,925,67;78;80;45;43;47;52;100;69;73;49;52,task:2;informational:22;navigational:21;commercial:48;transactional:7
SAU - Serviço de Atendimento ao Usuário (Brasil),20,4211,14;19;100;19;21;25;22;22;24;24;24;24,task:2;informational:41;navigational:33;commercial:20;transactional:4
Assembleias em Condomínios,49,11128,96;85;87;80;89;90;90;94;100;100;99;99,task:5;informational:75;navigational:5;commercial:10;transactional:5
Honorários advocatícios,27,2938,77;90;89;76;73;85;76;78;100;80;81;81,informational:80;navigational:3;commercial:15;transactional:2
Cici — assistente virtual de IA,20,3838,43;60;63;71;89;92;92;96;100;100;100;100,task:10;informational:41;navigational:11;commercial:25;transactional:13
Mesas Coloniais,15,846,43;64;66;59;50;62;62;48;61;65;100;100,task:7;informational:60;navigational:4;commercial:24;transactional:5
Interessados no Processo,41,18790,100;54;60;57;56;58;57;49;97;97;97;97,task:8;informational:71;navigational:9;commercial:7;transactional:5
Face a Face com Óculos,22,3652,95;100;26;25;23;25;25;50;51;51;50;50,task:4;informational:49;navigational:29;commercial:13;transactional:5
Regina e Nestor Gonçalves: figuras públicas brasileiras,16,2183,81;60;59;59;63;67;56;100;68;98;87;94,task:2;informational:78;navigational:8;commercial:5;transactional:7
Anuidades de órgãos profissionais no Brasil,41,21618,47;79;53;83;86;87;87;86;100;100;100;100,task:2;informational:68;navigational:14;commercial:7;transactional:9
Consultoria Zello,15,163,19;54;48;42;46;80;76;100;79;34;32;30,task:3;informational:25;navigational:44;commercial:20;transactional:8
ProView Thomson Reuters,16,164,59;88;91;78;66;71;71;100;60;64;75;81,task:5;informational:18;navigational:63;commercial:4;transactional:10
Termos em Português e Referências Brasileiras,15,826,12;43;99;41;37;42;26;33;28;100;91;65,task:7;informational:45;navigational:33;commercial:7;transactional:8
Ministerial & Government Resources,19,8967,18;59;59;59;57;58;59;100;92;92;89;89,task:2;informational:67;navigational:13;commercial:10;transactional:8
Consórcios Embracon VW,102,56874,35;37;45;43;100;100;100;45;53;53;53;53,task:1;informational:37;navigational:46;commercial:8;transactional:8
Guia e Traduções,24,3183,55;80;90;100;95;98;99;92;97;97;97;96,task:3;informational:70;navigational:16;commercial:6;transactional:5
Certidões e documentos judiciais do Brasil,15,1672,22;35;33;32;32;92;73;28;29;95;79;100,task:3;informational:53;navigational:20;commercial:11;transactional:13
Condomínios Residenciais Integrados,18,808,55;94;89;85;85;94;92;39;97;100;100;97,task:8;informational:63;navigational:5;commercial:16;transactional:8
Tribunal de Justiça de São Paulo,24,146462,100;84;85;85;85;85;85;86;87;87;87;87,task:2;informational:40;navigational:43;commercial:5;transactional:10
Suites administratives du Ceará,17,2758,66;97;100;86;83;90;90;96;99;98;99;97,task:3;informational:58;navigational:30;commercial:4;transactional:5
Sumulas e competências legais brasileiras,25,2939,53;99;96;76;73;72;71;97;100;73;73;81,task:12;informational:78;navigational:3;commercial:5;transactional:2
Couth words,17,2198,26;100;13;12;14;15;15;16;16;16;17;16,task:8;informational:77;navigational:5;commercial:5;transactional:5
Missão e Sinônimos,20,20102,27;30;30;61;92;93;93;100;64;64;64;64,task:9;informational:74;navigational:5;commercial:6;transactional:6
Even: Construtora e Incorporadora,31,23965,69;85;90;100;95;95;95;96;100;100;100;100,task:3;informational:42;navigational:45;commercial:4;transactional:6
Concu r s o s em P iuma,17,2075,41;98;100;88;41;50;42;71;78;69;65;78,task:5;informational:55;navigational:8;commercial:12;transactional:20
E-Consulting,16,690,24;25;27;37;37;38;38;43;65;64;85;100,task:2;informational:54;navigational:10;commercial:26;transactional:8
Rotunno Cidadania,15,91,85;90;100;99;99;100;100;95;78;84;85;78,task:3;informational:42;navigational:33;commercial:11;transactional:11
Incorp Brasil,16,688,25;44;56;63;33;37;36;82;46;47;95;100,task:3;informational:51;navigational:38;commercial:4;transactional:4
Conectja avaliações,16,1195,30;40;41;41;41;51;47;100;75;44;43;72,task:10;informational:20;navigational:17;commercial:38;transactional:15
Concursos Públicos Brasil,1496,2499691,69;72;83;80;78;78;78;100;98;98;98;98,task:2;informational:67;navigational:8;commercial:15;transactional:8
Vistas de Condomínios,15,489,69;88;89;88;80;85;86;81;83;100;83;82,task:3;informational:57;navigational:18;commercial:16;transactional:6
Purificadores de Água Consul CPC31,21,2486,67;79;79;78;77;79;80;99;98;100;100;100,task:2;informational:39;navigational:27;commercial:21;transactional:11
Refunds and Translations,21,2870,78;76;87;87;96;100;99;87;83;82;89;94,task:10;informational:70;navigational:7;commercial:5;transactional:8
Significados e Sinônimos para Concursos,20,2796,56;79;83;62;61;62;73;72;72;93;89;100,task:3;informational:84;navigational:5;commercial:4;transactional:4
Colombo Consórcios,15,310,25;68;58;64;77;100;61;50;36;36;34;35,task:3;informational:35;navigational:47;commercial:10;transactional:5
Consolato Generale d'Italia a San Paolo,17,218,57;65;66;67;71;73;72;87;84;96;100;94,task:3;informational:24;navigational:57;commercial:4;transactional:12
Vendas Consultivas,23,4122,93;86;86;93;88;90;90;94;100;100;98;98,task:5;informational:75;navigational:5;commercial:10;transactional:5
Consignet: Portais Previdenciários,16,1148,100;54;56;48;46;49;50;51;53;53;54;53,task:5;informational:25;navigational:46;commercial:3;transactional:21
Instituto Ser e SerMais,17,556,48;55;52;55;66;70;69;76;88;100;65;65,task:2;informational:40;navigational:46;commercial:8;transactional:4
Customer Experience Consulting,17,639,56;68;68;68;87;90;90;100;97;92;92;92,task:2;informational:65;navigational:5;commercial:25;transactional:3
English Dictionary & Translation Glossary,23,4064,42;59;61;58;95;99;100;100;98;98;98;98,task:5;informational:75;navigational:5;commercial:10;transactional:5
Consignar - Significados e Sinônimos,33,6535,60;65;65;71;72;73;73;89;100;100;100;100,task:5;informational:79;navigational:6;commercial:8;transactional:2
Associações e clubes de servidores públicos,21,2827,56;73;80;92;77;80;80;100;88;87;84;84,task:5;informational:60;navigational:11;commercial:17;transactional:7
Embaixadas e Consulados da China no Brasil,35,9620,87;95;98;100;90;91;91;86;92;91;91;91,task:2;informational:59;navigational:24;commercial:7;transactional:8
Relator no Judiciário,29,6873,40;45;61;58;95;98;95;100;91;91;89;89,task:2;informational:80;navigational:5;commercial:10;transactional:3
Procuração Ad Judicia,64,29922,92;97;98;97;91;91;91;99;100;100;100;100,task:8;informational:70;navigational:5;commercial:10;transactional:7
Omnia Consulting,15,59,47;49;54;52;100;56;54;46;47;47;47;47,task:3;informational:38;navigational:37;commercial:17;transactional:5
CAU e Arquitetura no Brasil,38,16843,66;72;74;100;70;70;70;76;81;81;81;81,task:5;informational:57;navigational:20;commercial:11;transactional:7
Embracon Consórcios Brasil,15,307,7;46;46;43;39;100;52;22;23;48;39;51,task:3;informational:41;navigational:29;commercial:12;transactional:15
empresas e executivos,15,716,85;100;97;91;54;61;56;66;39;33;32;27,task:12;informational:76;navigational:2;commercial:8;transactional:2
Institutos Fala,15,29,49;100;90;94;90;96;84;90;92;74;66;60,task:7;informational:34;navigational:40;commercial:11;transactional:8
Reservas Online,20,2765,26;100;100;32;31;33;33;34;35;35;36;36,task:8;informational:43;navigational:25;commercial:11;transactional:13
controle jurídico,15,1270,22;42;43;42;39;77;60;82;74;67;78;100,task:3;informational:48;navigational:24;commercial:11;transactional:14
Convenção de Vendas,17,1339,62;53;54;54;54;54;54;96;97;100;97;97,task:2;informational:60;navigational:15;commercial:17;transactional:6
Troca entre Pessoas,21,4137,46;56;56;54;48;50;50;87;97;96;97;100,task:5;informational:70;navigational:5;commercial:10;transactional:10
DIC Brasil,22,10752,21;27;100;86;83;84;83;88;83;85;80;80,task:5;informational:50;navigational:31;commercial:10;transactional:4
English: consist variations,18,167,85;81;83;77;77;77;77;83;79;100;79;79,task:5;informational:75;navigational:4;commercial:13;transactional:3
CCS Brasil e Órgãos Públicos,28,5465,17;26;27;100;31;31;31;29;32;33;32;34,task:3;informational:66;navigational:12;commercial:13;transactional:6
Representação Comercial - CNAE,26,5557,91;97;100;98;95;96;96;96;96;96;94;93,task:1;informational:80;navigational:5;commercial:10;transactional:4
Kumon Brasil,15,237,8;11;10;10;11;19;10;10;45;10;100;12,task:1;informational:36;navigational:51;commercial:4;transactional:8
Suporte ao Consumidor,17,801,37;100;100;98;80;69;69;73;75;76;79;79,task:3;informational:51;navigational:24;commercial:14;transactional:8
Alumni Dictionary & Meanings,27,1352,56;63;84;83;99;100;100;73;73;73;75;76,task:2;informational:67;navigational:16;commercial:12;transactional:3
Condomínios e Edifícios de Orquídeas,16,1913,50;76;80;77;83;90;91;100;99;99;99;99,task:17;informational:45;navigational:2;commercial:28;transactional:8
Imóveis: ruas e condomínios,16,599,49;80;86;86;71;79;76;81;81;65;83;100,task:3;informational:58;navigational:11;commercial:21;transactional:7
Constellis corporate presence,18,629,12;22;21;20;20;28;23;69;100;41;36;46,task:2;informational:45;navigational:38;commercial:8;transactional:7
Cognify and Cognification,16,274,19;19;19;19;18;52;38;100;77;31;37;52,task:5;informational:77;navigational:5;commercial:10;transactional:3
Dinheiro e Aviação,16,476,5;100;92;26;27;80;61;53;42;54;62;29,task:5;informational:75;navigational:5;commercial:10;transactional:5
Forno de Embutir Consul Facilite,15,264,37;51;54;48;43;48;46;79;64;100;86;56,task:3;informational:32;navigational:38;commercial:18;transactional:9
Invictus Negociações,18,3071,26;30;30;30;69;99;87;77;74;100;89;96,task:2;informational:44;navigational:32;commercial:19;transactional:3
Agentes de Integração e Estágio,21,2166,71;76;70;68;69;87;79;82;100;96;71;72,task:5;informational:78;navigational:5;commercial:10;transactional:2
Grupos de Condomínios,23,8175,78;85;86;99;98;100;100;87;88;88;88;88,task:5;informational:64;navigational:14;commercial:9;transactional:8
English Legal Terms for Lawyers,52,29144,76;86;77;82;70;70;71;93;100;100;100;100,task:10;informational:74;navigational:2;commercial:10;transactional:4
Cumans history,17,2295,81;69;69;68;66;67;66;100;100;100;100;100,task:5;informational:83;navigational:5;commercial:5;transactional:2
Receptação - Artigo 180 do Código Penal,98,80521,74;75;98;99;99;99;99;100;80;80;80;80,task:4;informational:78;navigational:5;commercial:9;transactional:4
Pretor Romano e Magistrados,23,4113,56;55;56;59;93;100;96;65;91;91;91;91,task:2;informational:85;navigational:5;commercial:5;transactional:3
Despachantes Lima e Matão,15,102,34;48;47;51;41;100;63;51;50;53;53;51,task:2;informational:25;navigational:39;commercial:28;transactional:6
Colón da Costa Rica,15,1351,65;98;100;97;63;68;68;61;59;59;60;60,task:5;informational:79;navigational:6;commercial:5;transactional:5
Conscam e Concursos no Brasil,16,1502,46;76;94;79;80;96;79;58;100;94;53;53,task:8;informational:50;navigational:31;commercial:8;transactional:3
Condomínios Dom e Imóveis,15,511,33;40;41;43;63;79;66;100;93;80;83;90,task:3;informational:32;navigational:35;commercial:26;transactional:4
Intercâmbio Vital,18,494,52;69;67;100;97;92;92;100;84;79;79;81,task:5;informational:68;navigational:15;commercial:10;transactional:2
Cômodos da Casa,47,41883,100;99;49;50;75;75;75;80;79;79;79;79,task:2;informational:82;navigational:6;commercial:8;transactional:2
Procurações para empresas e órgãos no Brasil,20,717,73;100;97;95;76;69;64;93;71;68;67;93,task:12;informational:70;navigational:5;commercial:8;transactional:5
Centros de Atendimento CommCenter no Brasil,17,1508,57;82;89;81;73;100;96;61;52;53;58;60,task:4;informational:72;navigational:8;commercial:10;transactional:6
Tradução Online e Dicionários,75,25886,69;70;71;74;73;74;74;98;100;100;100;100,task:2;informational:79;navigational:3;commercial:10;transactional:6
AABB Siclus - Domínios em Português,17,1119,36;69;72;63;63;68;54;59;61;59;100;100,task:1;informational:39;navigational:36;commercial:12;transactional:12
Consultoria Contábil,15,132,77;83;96;92;84;86;87;88;89;100;92;91,task:7;informational:32;navigational:15;commercial:32;transactional:14
Marcio Rachkorsky: dúvidas sobre condomínios,17,954,52;63;64;96;96;99;92;97;98;98;97;100,task:5;informational:78;navigational:2;commercial:8;transactional:7
Vistos e Assessoria para a América,15,67,82;66;68;67;46;49;47;46;47;100;49;50,task:3;informational:36;navigational:18;commercial:32;transactional:11
Cob Odontologia Brasil,15,332,9;9;11;46;82;76;26;47;36;100;100;43,task:1;informational:24;navigational:41;commercial:28;transactional:6
Reconvenção e Contestações no CPC,86,39831,98;99;100;98;90;91;91;95;94;94;94;94,task:5;informational:77;navigational:5;commercial:10;transactional:3
Advocacia Pro Bono,37,21462,94;97;96;92;82;83;83;98;100;100;100;100,task:5;informational:70;navigational:7;commercial:10;transactional:8
CTO e cargos de tecnologia,36,11083,93;92;93;93;61;62;61;99;100;100;100;100,task:5;informational:72;navigational:6;commercial:10;transactional:7
Clarice IA,17,704,56;81;85;79;76;81;82;100;74;74;75;74,task:7;informational:41;navigational:32;commercial:10;transactional:10
Perguntas e Respostas (Q&A),25,3951,23;25;28;39;37;36;37;96;100;98;98;100,task:7;informational:59;navigational:13;commercial:11;transactional:10
CNJ e Justiça Brasileira,41,23590,84;79;83;91;94;94;94;100;96;96;96;95,task:1;informational:57;navigational:28;commercial:7;transactional:7
Contênte: sinônimos e antônimos,33,4048,52;66;67;64;75;77;78;96;100;100;100;100,task:8;informational:65;navigational:3;commercial:10;transactional:14
Nucont Platform & Pro,16,364,58;98;98;95;89;85;84;80;100;84;84;82,task:7;informational:18;navigational:44;commercial:11;transactional:20
Gestão de Condomínios Exatta,15,114,39;43;46;47;50;51;100;47;46;46;47;46,task:7;informational:28;navigational:27;commercial:30;transactional:8
Sinônimos de Excelente,69,125363,38;45;42;83;90;90;90;100;100;100;100;100,task:3;informational:85;navigational:4;commercial:5;transactional:3
Forponto Portal,20,3600,54;64;64;63;63;65;66;98;98;98;100;100,task:5;informational:50;navigational:37;commercial:5;transactional:3
Provectum Imobiliária,15,1818,59;80;81;80;79;87;94;88;100;99;92;92,task:3;informational:29;navigational:58;commercial:5;transactional:5
Consultancy Resources,17,451,91;100;100;38;48;50;46;47;48;55;57;48,task:4;informational:71;navigational:6;commercial:15;transactional:4
Cinquentenário: grafia em PT,17,1436,51;55;55;54;54;57;63;60;99;100;100;100,task:4;informational:80;navigational:5;commercial:7;transactional:4
Grupo de Portais Governamentais Brasileiros,24,13032,28;18;19;20;20;22;22;98;100;100;100;100,task:2;informational:50;navigational:32;commercial:8;transactional:8
Portal da Presidência e Governo,23,3753,44;69;78;73;65;71;65;74;100;100;100;95,informational:42;navigational:48;commercial:5;transactional:5
Conversa entre Pessoas,30,2868,57;59;86;100;81;84;84;97;96;95;94;94,task:17;informational:63;navigational:5;commercial:7;transactional:8
Cumprimentos ao Sr. Gu,16,212,90;96;100;97;80;81;82;76;76;76;76;76,task:47;informational:36;navigational:5;commercial:5;transactional:7
Ministério Público do Brasil,153,84801,91;93;95;86;80;80;80;100;96;96;96;96,task:5;informational:55;navigational:27;commercial:6;transactional:7
Campus e Educação,44,15320,98;78;77;76;100;100;100;97;100;99;99;99,task:8;informational:66;navigational:12;commercial:8;transactional:6
Anéis Comendador,18,1253,22;27;26;61;100;100;100;53;54;54;54;52,task:2;informational:64;navigational:5;commercial:21;transactional:8
Consenso e IA,25,4027,67;90;95;94;91;93;94;99;100;100;100;99,task:5;informational:58;navigational:24;commercial:6;transactional:7
Bolsas Constance,17,2285,57;78;79;78;80;84;88;99;100;99;100;98,task:3;informational:19;navigational:38;commercial:18;transactional:22
Condomínios Garden Ecoville,15,208,29;36;34;34;30;100;68;33;37;35;35;40,informational:47;navigational:45;commercial:5;transactional:3
GranCursos e Concursos,17,2366,32;66;61;62;68;100;80;40;40;40;66;89,task:1;informational:44;navigational:40;commercial:7;transactional:8
CRECI Ceará: Corretores de Imóveis,15,784,100;47;48;60;53;56;58;45;47;47;47;46,informational:45;navigational:25;commercial:10;transactional:20
Charter: meanings and translations,22,2431,19;22;34;34;37;38;39;98;98;100;100;100,task:5;informational:75;navigational:2;commercial:10;transactional:8
Açougue Recantus,15,159,35;37;38;30;29;30;100;52;43;47;30;30,task:3;informational:20;navigational:52;commercial:20;transactional:5
Barão do Brasil,31,20601,21;26;26;24;25;25;25;100;100;100;100;100,task:5;informational:73;navigational:9;commercial:9;transactional:4
Consultoria Jurídica e Advocacia,26,7745,84;92;83;100;96;97;98;88;92;92;93;92,task:2;informational:63;navigational:6;commercial:21;transactional:8
Dia a Dia,17,1071,25;42;44;39;39;73;29;28;28;28;98;100,task:17;informational:49;navigational:14;commercial:8;transactional:12
Visitas e Calendários de Visita,21,13124,17;25;23;60;64;65;65;100;100;100;100;100,task:8;informational:69;navigational:10;commercial:9;transactional:4
Conjunções concessivas em Português,98,98264,44;45;46;39;40;40;40;47;100;100;100;100,task:5;informational:77;navigational:6;commercial:8;transactional:4
Tulios e Tullios,15,187,28;63;100;71;83;36;31;95;34;32;32;41,task:7;informational:57;navigational:15;commercial:8;transactional:13
Novem Network,16,1717,14;16;42;42;35;36;36;100;52;20;20;20,task:2;informational:58;navigational:30;commercial:8;transactional:2
Cessão de Servidores Públicos,28,5052,82;84;85;89;91;100;92;83;81;83;82;81,task:8;informational:77;navigational:5;commercial:8;transactional:2
Lamartine Posella: pastor e igreja,16,1722,53;69;72;95;95;100;100;72;73;72;73;72,task:2;informational:62;navigational:11;commercial:10;transactional:15
Fernando Haddad: político e economista,58,27373,92;90;92;99;86;86;86;95;100;100;100;100,task:5;informational:76;navigational:5;commercial:6;transactional:8
Condor Distribuidora,15,203,39;40;42;45;93;48;100;57;66;64;64;64,task:3;informational:23;navigational:54;commercial:10;transactional:10
Concurso Câmara BH,15,1710,11;65;54;20;20;85;49;100;81;66;55;89,task:3;informational:51;navigational:22;commercial:16;transactional:8
Consórcios União,15,2950,82;97;99;98;97;100;100;99;55;55;54;54,task:2;informational:44;navigational:37;commercial:8;transactional:9
Pont em Domínios,17,893,54;64;65;40;40;53;47;100;43;43;44;43,task:2;informational:75;navigational:5;commercial:10;transactional:8
Procon: Defesa do Consumidor no Brasil,29,5407,53;67;82;90;90;93;94;92;100;100;100;99,task:2;informational:64;navigational:16;commercial:9;transactional:9
Fóruns de Discussão,34,6478,100;89;89;87;36;37;37;40;39;38;38;37,task:2;informational:56;navigational:22;commercial:12;transactional:8
Grupo Cene Cuidados Domiciliares,18,3015,44;58;56;55;72;76;75;100;93;92;90;93,task:4;informational:42;navigational:37;commercial:9;transactional:8
Imobiliária Continente,15,282,28;34;35;56;56;100;67;84;72;36;36;36,task:3;informational:19;navigational:56;commercial:10;transactional:12
ACCS no Brasil,21,5823,66;78;74;78;87;86;86;85;84;84;97;100,task:5;informational:65;navigational:20;commercial:7;transactional:3
Conpel - Papel Nordeste Brasil,15,163,11;12;13;13;13;14;42;100;74;15;14;15,task:5;informational:25;navigational:46;commercial:11;transactional:13
Purificadores e filtros Consul,69,18820,96;98;100;43;41;41;41;43;44;44;44;44,task:2;informational:41;navigational:11;commercial:26;transactional:20
Grupo CTJ Brasil,15,482,15;100;83;32;33;84;73;79;60;47;45;56,task:3;informational:29;navigational:50;commercial:8;transactional:10
exequatur e cartas rogatórias,22,2182,50;100;100;91;90;92;70;65;65;64;64;73,task:1;informational:83;navigational:5;commercial:7;transactional:4
Condec Reclame Aqui,15,52,23;59;67;62;61;72;54;100;86;93;96;24,informational:18;navigational:64;commercial:10;transactional:8
Assistentes jurídicos litisconsorciais,26,3065,83;97;82;80;95;100;93;92;93;83;83;82,task:2;informational:80;navigational:5;commercial:8;transactional:5
Despachantes e DETRAN no Brasil,70,38149,55;46;47;45;100;100;100;52;43;43;43;43,task:5;informational:59;navigational:10;commercial:21;transactional:5
Cidadania Simonato,15,127,60;64;67;66;74;100;95;78;79;79;80;79,task:4;informational:49;navigational:21;commercial:22;transactional:4
Termos jurídicos em PT,27,5322,51;61;62;63;84;86;86;100;96;96;96;96,task:2;informational:73;navigational:5;commercial:12;transactional:8
Insper Vestibular,21,1236,22;41;44;31;38;40;42;50;53;100;55;46,task:2;informational:39;navigational:30;commercial:5;transactional:24
A/C e Cuidados em Emails,34,15561,64;69;68;100;73;74;74;97;100;100;100;100,task:2;informational:83;navigational:5;commercial:8;transactional:2
Conceber: significado e clínica,26,15375,70;75;75;74;77;78;77;91;100;100;100;100,task:5;informational:76;navigational:9;commercial:7;transactional:3
Contel Telecom e Automação Brasil,15,337,3;9;9;8;9;7;6;9;100;5;5;4,informational:18;navigational:68;commercial:10;transactional:4
Conselhos Regionais de Odontologia do Brasil,21,6298,64;81;86;86;83;85;86;100;100;100;100;99,task:5;informational:16;navigational:65;commercial:4;transactional:10
Relógios Curren,26,6886,53;62;73;83;99;100;100;84;78;78;78;78,task:3;informational:28;navigational:29;commercial:25;transactional:15
Consultas Inteligentes,15,298,14;18;19;31;23;16;16;100;77;28;26;44,task:3;informational:48;navigational:34;commercial:10;transactional:5
Conforto em Português,20,3235,93;96;97;97;41;41;39;98;98;98;98;100,task:8;informational:75;navigational:7;commercial:5;transactional:5
Conac: serviços imobiliários e administrativos,18,966,85;100;100;99;58;61;61;68;62;62;55;55,task:5;informational:49;navigational:29;commercial:12;transactional:5
Registos Centrais e Conservatórias,16,1586,60;87;89;88;88;95;98;94;100;99;100;99,task:3;informational:55;navigational:14;commercial:12;transactional:16
Bulchi İfadeleri,16,201,44;45;46;48;88;100;96;53;46;48;49;39,task:2;informational:78;navigational:5;commercial:10;transactional:5
Aprovação e seus sinônimos,42,16104,100;85;85;58;64;64;64;78;75;75;75;75,task:5;informational:74;navigational:9;commercial:5;transactional:7
Portal Único de Comércio Exterior,17,965,17;92;84;74;40;28;31;28;29;29;95;100,task:3;informational:33;navigational:56;commercial:4;transactional:4
Concursos Funcern e Afins,17,4880,51;81;86;92;91;93;93;92;93;93;95;100,task:7;informational:41;navigational:21;commercial:10;transactional:21
Sumulas brasileiras de direito,25,3042,60;65;65;60;54;54;52;78;100;86;67;75,task:4;informational:75;navigational:11;commercial:6;transactional:4
Domus Vet e Pet,15,94,84;100;93;100;92;86;86;87;88;88;88;88,task:3;informational:25;navigational:52;commercial:8;transactional:12
Legislação e Jurisprudência Brasil,30,6146,95;99;100;91;64;65;64;64;73;73;74;77,task:5;informational:70;navigational:12;commercial:10;transactional:3
Rapport e Comunicação,78,57004,100;96;97;94;83;83;83;81;81;81;81;81,task:2;informational:82;navigational:6;commercial:8;transactional:2
Procon MG,17,424,49;54;81;100;68;61;94;62;62;59;59;59,task:2;informational:48;navigational:30;commercial:8;transactional:12
Colômbia em São Paulo: consulados e embaixadas,19,3597,85;90;54;50;41;42;43;100;89;89;89;88,task:2;informational:69;navigational:12;commercial:8;transactional:9
Conforme: significados e sinônimos,31,26696,98;99;100;97;89;89;89;93;95;95;95;95,task:2;informational:84;navigational:6;commercial:5;transactional:3
Anexos e Anexar,39,12707,85;77;77;74;56;57;57;82;100;100;100;100,task:10;informational:69;navigational:8;commercial:5;transactional:8
Transul Transportes,19,1874,100;94;95;81;84;89;90;85;94;94;89;88,informational:35;navigational:40;commercial:13;transactional:12
COMAC: aeronaves e informações,17,1272,77;100;92;88;85;91;92;100;99;92;97;96,task:2;informational:73;navigational:15;commercial:5;transactional:5
Murano Condomínios e Residenciais,15,1913,41;55;56;56;67;72;72;82;85;85;86;100,task:5;informational:25;navigational:44;commercial:20;transactional:6
Grupo Coonecta,15,152,56;84;90;95;76;77;79;93;94;100;100;86,task:7;informational:23;navigational:45;commercial:11;transactional:14
Concursos e missões no Brasil,19,7398,63;58;61;68;59;61;61;100;92;89;89;89,task:8;informational:60;navigational:18;commercial:9;transactional:5
Espaços Coloniais para Eventos,15,316,74;95;97;92;93;100;100;92;98;98;98;97,task:7;informational:33;navigational:18;commercial:18;transactional:24
Precision Castparts Corporation,16,2398,60;78;70;80;79;85;88;96;100;98;91;90,task:1;informational:50;navigational:43;commercial:4;transactional:2
Bunge Brasil,16,159,56;100;97;88;90;94;77;80;95;81;85;85,task:3;informational:44;navigational:37;commercial:6;transactional:10
CLIA e Logística Aduaneira,19,3996,42;100;100;99;98;99;99;77;77;77;78;78,task:3;informational:68;navigational:17;commercial:9;transactional:3
Geladeiras CRB36 Consul,17,354,59;72;78;72;71;72;69;57;53;100;90;92,task:2;informational:64;navigational:10;commercial:21;transactional:3
Concursos Públicos Colaborativos,15,1331,11;36;38;32;30;82;50;100;76;72;54;77,task:7;informational:45;navigational:33;commercial:10;transactional:5
Gestão de Condomínios Online,15,160,77;100;100;91;88;100;100;74;75;76;75;72,task:3;informational:38;navigational:34;commercial:17;transactional:8
cruz credo significado,32,8079,33;100;100;36;70;71;72;76;76;76;76;76,task:2;informational:82;navigational:2;commercial:8;transactional:6
Marinoni Advocacia,15,516,40;75;75;63;62;67;61;75;71;80;72;100,task:2;informational:40;navigational:33;commercial:8;transactional:17
Maximus Academia,15,224,54;85;85;68;68;70;71;99;100;98;99;77,task:10;informational:39;navigational:28;commercial:12;transactional:11
Ferramentas e dicionários de Português,17,508,58;95;85;94;88;81;69;100;89;96;80;89,task:5;informational:80;navigational:5;commercial:8;transactional:2
Conab - Intranet e Serviços Digitais,17,445,20;100;97;26;24;26;26;32;32;35;34;33,task:3;informational:28;navigational:44;commercial:10;transactional:15
Shipment Translations,20,593,40;42;42;74;84;94;100;41;40;39;40;41,task:28;informational:57;navigational:5;commercial:8;transactional:2
Recursos de Português,16,509,53;41;36;31;29;30;30;40;81;100;39;40,task:2;informational:80;navigational:5;commercial:10;transactional:3
Pregoeiros e Licitações,26,5569,51;91;93;97;99;100;100;89;89;89;90;90,task:2;informational:80;navigational:5;commercial:10;transactional:3
Aspone: significado e usos,23,7757,81;52;52;54;92;93;93;99;100;100;100;100,task:2;informational:76;navigational:5;commercial:10;transactional:7
Secretarias de Comunicação do Governo,19,3626,59;79;81;79;93;93;94;98;97;97;100;99,task:2;informational:57;navigational:26;commercial:8;transactional:7
Cartão Concil,16,722,7;19;17;33;37;36;25;34;26;8;9;100,task:7;informational:51;navigational:27;commercial:11;transactional:4
Complô e Cervejarias,22,11324,15;21;60;90;98;99;100;100;100;100;100;100,task:3;informational:63;navigational:15;commercial:11;transactional:8
Colônia do Saber,15,181,49;100;99;75;42;46;46;44;45;71;59;40,task:3;informational:54;navigational:29;commercial:5;transactional:9
Vistos Mundiais,15,129,83;88;95;94;94;100;97;98;99;99;100;99,task:3;informational:51;navigational:18;commercial:14;transactional:14
English Administration Terms,17,16015,59;63;64;63;63;64;64;100;100;100;100;99,task:8;informational:78;navigational:6;commercial:6;transactional:2
Síndicos profissionais em condomínios,18,4186,100;87;89;90;90;91;91;60;70;70;70;70,task:3;informational:60;navigational:7;commercial:24;transactional:6
Clinicas Clinicor Brasil,21,2237,82;96;100;87;87;91;91;88;96;95;95;93,task:2;informational:43;navigational:39;commercial:6;transactional:10
Assessores Comerciais,17,1054,52;54;46;96;99;100;100;63;74;71;69;72,task:5;informational:80;navigational:3;commercial:10;transactional:2
"Delegate inseticidas: bula, preço e significado",25,3775,77;86;95;96;94;96;96;96;100;100;100;99,task:2;informational:74;navigational:10;commercial:10;transactional:4
Câmbio Executivo,15,303,13;12;13;13;67;100;56;12;14;54;50;58,task:4;informational:45;navigational:23;commercial:23;transactional:5
Consultoria Comercial e Vendas,23,8049,100;99;98;85;93;94;94;93;94;94;95;95,task:5;informational:70;navigational:2;commercial:15;transactional:8
Inova Condomínios,15,192,83;92;98;94;89;93;93;95;98;98;99;100,task:7;informational:21;navigational:43;commercial:21;transactional:8
Intercâmbio Educacional,154,105543,79;72;72;92;98;98;98;98;100;100;100;100,task:2;informational:61;navigational:15;commercial:14;transactional:8
Ambassador Hotels e Flats em João Pessoa,25,1335,63;86;88;83;84;90;90;83;96;96;97;100,task:3;informational:31;navigational:42;commercial:9;transactional:15
Frigobares Consul Retrô,15,200,16;63;83;46;46;53;39;100;89;41;30;30,task:3;informational:52;navigational:18;commercial:12;transactional:15
Turíbulo litúrgico,36,20775,35;39;82;100;100;100;100;90;89;89;89;89,task:2;informational:74;navigational:5;commercial:10;transactional:9
Vaticano e Paulo VI,18,576,66;63;63;100;100;100;100;72;48;46;46;46,task:5;informational:83;navigational:5;commercial:5;transactional:2
Disal Consórcios e Serviços,38,24242,41;45;48;49;49;50;50;43;100;100;100;100,task:5;informational:41;navigational:42;commercial:7;transactional:5
Consulados Brasileiros em Nova York,16,250,76;87;88;92;97;100;96;97;97;97;97;96,task:6;informational:26;navigational:57;commercial:6;transactional:5
Consulados bolivianos no Brasil,20,1023,48;56;100;100;52;57;56;67;64;64;64;63,task:3;informational:54;navigational:23;commercial:11;transactional:9
Concursos e Direitos Públicos,16,148,8;89;80;79;89;96;69;100;84;56;51;15,task:3;informational:48;navigational:34;commercial:10;transactional:5
Consultoria em inglês,17,1391,46;62;63;60;69;66;66;97;99;99;100;100,task:2;informational:53;navigational:5;commercial:28;transactional:12
Conização e câncer de colo do útero,85,32047,96;100;100;98;96;96;96;87;93;93;93;92,task:2;informational:82;navigational:6;commercial:5;transactional:5
Businessman Terms & Variants,22,2850,26;90;90;100;48;50;51;99;100;100;97;97,task:2;informational:81;navigational:5;commercial:8;transactional:4
Funcesi Portal Acadêmico,15,1494,54;72;74;74;80;87;87;82;100;92;84;83,task:7;informational:11;navigational:60;commercial:7;transactional:15
EC-Council Certification & Learning,15,194,68;85;83;82;90;85;86;83;85;97;93;100,task:3;informational:45;navigational:40;commercial:7;transactional:5
CICC – Centro Integrado de Comando e Controle e Citologia/Colposcopia,16,1357,23;31;32;30;95;100;66;74;37;37;40;40,task:2;informational:66;navigational:11;commercial:16;transactional:5
Variações de Salubridade,16,6429,23;25;25;25;26;27;27;100;100;100;89;89,task:4;informational:84;navigational:5;commercial:4;transactional:3
Formolo Serviços Funerários,16,468,74;99;100;98;83;94;94;81;83;83;84;85,task:3;informational:23;navigational:65;commercial:4;transactional:5
Ato de Negociação e Revisão no Brasil,17,806,18;100;99;87;90;40;39;44;45;42;58;68,task:7;informational:45;navigational:33;commercial:10;transactional:5
Consórcio Govesa,15,874,8;39;32;30;31;79;42;42;34;51;35;100,task:2;informational:22;navigational:42;commercial:28;transactional:6
Consep e concursos públicos,16,2152,40;58;70;61;62;91;73;72;68;90;82;100,task:4;informational:65;navigational:18;commercial:9;transactional:4
CSIRT e Resposta a Incidentes,16,969,87;90;90;76;84;86;85;87;86;100;96;89,task:5;informational:75;navigational:5;commercial:7;transactional:8
Núcleo Expert,17,375,88;91;93;85;83;89;88;100;71;69;78;80,task:5;informational:20;navigational:62;commercial:8;transactional:5
Transcon Contagem: trânsito e transporte municipal,17,1696,62;83;88;82;93;99;100;87;88;90;87;85,task:3;informational:37;navigational:33;commercial:9;transactional:18
Conversa com Inteligência Artificial,18,935,19;27;21;80;85;93;88;100;89;60;59;68,task:20;informational:57;navigational:5;commercial:10;transactional:8
English dictionary: appoint and its forms,18,100,73;91;96;98;98;100;100;91;93;93;93;93,task:10;informational:81;navigational:3;commercial:5;transactional:1
Condomínios Phoenix,15,493,55;64;65;62;65;71;70;86;100;100;84;83,task:3;informational:35;navigational:22;commercial:27;transactional:13
Perfis Zaneti,16,262,12;26;26;67;24;68;49;100;71;41;33;30,task:3;informational:58;navigational:24;commercial:5;transactional:10
Supletivo Digital e Urgente,15,621,7;50;58;8;8;8;35;28;21;84;100;61,task:4;informational:44;navigational:22;commercial:22;transactional:8
Elaboração de Contratos,17,668,39;39;40;100;98;83;68;94;87;68;68;68,task:22;informational:52;navigational:8;commercial:8;transactional:10
epol-sinic serviços públicos,17,812,54;81;82;79;79;87;84;87;89;88;88;100,task:3;informational:56;navigational:15;commercial:12;transactional:14
US Homeland Security and Immigration,61,21964,54;58;67;70;67;68;68;97;100;100;100;100,task:2;informational:53;navigational:32;commercial:6;transactional:7
Certificados de Reconhecimento,18,85,29;100;93;45;43;66;63;50;45;27;28;28,task:3;informational:70;navigational:8;commercial:12;transactional:7
Condomínios Monalisa,15,605,54;69;70;74;69;73;74;100;99;83;83;82,task:5;informational:12;navigational:58;commercial:19;transactional:6
Financial Services Councils & Commissions,15,1456,33;59;55;54;53;55;49;100;95;90;60;67,task:7;informational:66;navigational:19;commercial:4;transactional:4
Núcleo de Atendimento Integrado (NAI),19,5034,70;74;74;86;86;92;89;100;88;84;83;93,task:2;informational:61;navigational:4;commercial:26;transactional:7
Dr. Júnior,16,170,4;39;31;25;25;66;52;100;75;13;15;16,task:3;informational:44;navigational:42;commercial:8;transactional:3
Observador: termos e imprensa,27,18881,98;41;42;44;100;100;100;98;99;99;98;98,task:5;informational:68;navigational:13;commercial:11;transactional:3
English Word Resources,17,819,30;35;35;34;95;100;97;30;43;49;41;42,task:5;informational:75;navigational:10;commercial:8;transactional:2
Communication synonyms,17,421,94;100;100;61;61;94;86;76;95;89;91;92,task:12;informational:75;navigational:5;commercial:8
Capsul Brasil e Cap-Sul,19,2897,22;29;30;30;96;98;99;100;100;99;99;98,task:5;informational:56;navigational:17;commercial:12;transactional:10
Guia de Missões,22,1588,90;92;89;81;90;91;86;66;87;88;89;100,task:8;informational:70;navigational:5;commercial:7;transactional:10
Visao Contábil,16,153,60;99;70;64;64;66;66;76;97;98;100;93,task:3;informational:47;navigational:11;commercial:26;transactional:13
Peças de Geladeira Consul,18,1957,34;38;38;36;61;62;62;62;85;100;86;86,task:5;informational:53;navigational:10;commercial:22;transactional:10
akemi-sama の表記と敬称,19,905,79;86;79;83;87;90;91;93;94;99;100;93,task:5;informational:63;navigational:24;commercial:4;transactional:4
Centros CTO no Brasil,19,4843,95;99;99;96;97;98;98;100;25;25;25;24,task:7;informational:63;navigational:7;commercial:17;transactional:6
Termos e Palavras em Português,21,145139,77;79;81;98;98;98;98;99;100;100;100;100,task:4;informational:64;navigational:21;commercial:7;transactional:4
Imóveis em condomínios,16,904,49;77;77;76;77;84;84;98;91;90;91;100,task:3;informational:60;navigational:12;commercial:14;transactional:11
Consolação SP: imóveis e endereços,15,728,12;71;64;39;39;78;57;64;51;67;65;100,informational:77;navigational:12;commercial:8;transactional:3
Lloyd Administração de Condomínios,17,4323,25;25;25;26;100;100;100;86;87;87;87;87,task:2;informational:53;navigational:29;commercial:10;transactional:6
Prestação de Contas de Condomínio,19,1255,98;99;100;100;99;99;99;75;91;91;91;91,task:8;informational:77;navigational:5;commercial:8;transactional:2
Grupo Falconi,21,8170,68;75;76;23;43;44;44;100;100;100;100;100,informational:50;navigational:33;commercial:13;transactional:4
Condomínios e Moradores,21,6134,16;19;20;19;82;84;84;100;99;99;99;99,task:2;informational:74;navigational:11;commercial:10;transactional:3
Assessoria de Vistos,17,788,70;87;89;90;89;99;96;92;100;100;96;95,task:3;informational:46;navigational:20;commercial:22;transactional:9
Termo Circunstanciado (TCO) — Guia Jurídico,68,53535,91;94;97;98;96;96;96;97;100;100;100;100,task:2;informational:75;navigational:10;commercial:8;transactional:5
Gestão de Condomínios MGM,15,145,76;81;89;83;80;82;82;72;74;91;92;100,task:3;informational:24;navigational:61;commercial:7;transactional:5
Academic Tenure,26,4224,94;100;100;90;94;96;96;61;81;81;81;81,informational:78;navigational:10;commercial:10;transactional:2
Condomínios Refinatto,15,1446,33;59;54;58;56;74;59;86;81;69;72;100,task:3;informational:48;navigational:32;commercial:13;transactional:4
SPU: Serviços e Consultas Governamentais,20,5669,100;45;48;49;48;49;49;58;61;61;61;60,task:2;informational:59;navigational:21;commercial:10;transactional:8
U Condo Platform,16,1253,59;79;80;66;66;77;76;99;100;100;95;94,task:3;informational:25;navigational:46;commercial:11;transactional:15
Prime Minister Email Contacts,19,2814,70;43;42;39;95;98;98;98;100;99;99;99,task:2;informational:67;navigational:15;commercial:13;transactional:3
Sumula 444 STJ,26,6654,79;84;86;87;87;94;91;95;98;98;98;100,task:1;informational:57;navigational:30;commercial:8;transactional:4
Cotações Prontur,15,100,88;93;96;95;95;96;97;99;100;100;100;100,task:3;informational:12;navigational:63;commercial:10;transactional:12
Painel Administrativo,17,277,11;16;17;25;40;91;100;83;61;17;17;17,task:6;informational:47;navigational:36;commercial:6;transactional:5
Legal Translation Services,17,906,76;79;80;79;100;100;100;71;100;100;100;100,task:5;informational:57;navigational:2;commercial:30;transactional:6
English Competence & Meaning,20,956,59;60;61;60;59;60;60;100;68;68;68;68,task:10;informational:73;navigational:3;commercial:2;transactional:12
Contabilidade e Consultoria,16,242,48;76;76;78;85;100;84;76;73;73;78;76,task:10;informational:51;navigational:8;commercial:20;transactional:11
Ademicon Consórcios,51,98985,19;22;82;91;97;97;97;100;98;98;98;98,task:2;informational:48;navigational:34;commercial:9;transactional:7
Portal de Administradores,17,779,24;54;52;45;41;45;45;36;32;34;100;100,task:3;informational:21;navigational:61;commercial:8;transactional:7
Legislação Processual Civil,68,25969,100;97;96;97;97;97;97;98;100;100;100;100,task:5;informational:80;navigational:5;commercial:8;transactional:2
Intercom Brasil - Eventos e Sistemas,20,3335,59;78;79;81;69;73;76;97;100;100;99;98,task:2;informational:40;navigational:40;commercial:11;transactional:7
CAPS Brasil,15,638,11;12;13;18;17;20;13;13;13;100;97;71,task:3;informational:32;navigational:29;commercial:31;transactional:5
Cotai IA e Simuladores,15,567,57;86;100;98;85;93;92;76;78;78;78;78,task:10;informational:56;navigational:17;commercial:8;transactional:9
Cona: gírias e significados em PT,22,2927,53;61;63;67;68;71;72;74;100;100;100;100,task:2;informational:81;navigational:7;commercial:8;transactional:2
Legal Opinion,22,2484,88;100;100;94;91;84;83;80;82;82;83;83,task:12;informational:73;navigational:5;commercial:8;transactional:2
Conecta Plus,17,171,55;58;64;67;64;65;65;78;79;99;95;100,task:3;informational:34;navigational:41;commercial:18;transactional:4
Siscon Condomínios,16,447,71;86;87;85;85;90;91;96;99;100;100;98,task:3;informational:38;navigational:34;commercial:16;transactional:9
Concrecon Construção e Concreto,15,642,63;69;68;68;67;70;69;100;83;80;84;100,informational:47;navigational:37;commercial:10;transactional:6
Canais do Governo e Reclamações no Brasil,15,1077,5;14;16;22;22;23;20;46;34;69;45;100,task:3;informational:68;navigational:6;commercial:9;transactional:14
Conssetra SC: exames admissional,16,446,73;88;88;87;94;99;100;97;99;99;100;99,task:7;informational:54;navigational:24;commercial:7;transactional:8
Concursos e Consultorias OM,15,1315,30;48;48;84;84;100;77;88;100;93;78;89,task:7;informational:35;navigational:36;commercial:10;transactional:12
Procon Jundiaí,17,591,71;97;99;94;86;91;92;92;93;99;98;100,task:2;informational:28;navigational:42;commercial:4;transactional:24
Comando no Brasil,16,14808,14;98;98;98;97;98;98;100;99;99;99;99,task:2;informational:73;navigational:10;commercial:12;transactional:3
Embaixadores da China no Brasil,18,465,51;55;56;61;63;100;81;80;79;65;68;65,task:4;informational:75;navigational:5;commercial:6;transactional:10
Advocacia e CNAE,22,1826,83;86;86;86;92;93;92;96;93;93;98;100,task:2;informational:83;navigational:5;commercial:8;transactional:2
Fóruns Jurídicos e Comarcas,47,36499,60;56;62;48;48;48;48;100;72;72;72;72,task:5;informational:59;navigational:16;commercial:12;transactional:8
Art Commissions,19,484,50;73;71;56;40;43;69;100;65;56;54;55,task:5;informational:59;navigational:5;commercial:15;transactional:16
Purificadores de água Consul CPB34,26,7227,46;54;54;30;35;37;38;90;93;94;100;100,task:1;informational:56;navigational:9;commercial:24;transactional:10
Tribunais de Contas de Sergipe,15,270,75;86;89;88;88;93;90;99;100;94;95;94,task:3;informational:31;navigational:33;commercial:11;transactional:22
Meu Assessor Online,18,2106,80;88;92;100;91;95;97;73;74;74;74;75,task:7;informational:54;navigational:18;commercial:10;transactional:11
Constância: significado e sinônimos,50,46136,15;38;20;20;23;23;24;97;100;100;100;100,task:2;informational:90;navigational:3;commercial:3;transactional:2
Tribunais de Contas do Estado (TCE),15,317,39;48;59;54;54;100;74;63;63;53;53;53,task:3;informational:42;navigational:33;commercial:7;transactional:15
Concursos e Provas Online,48,83459,83;94;87;87;98;98;98;100;100;100;100;100,task:2;informational:62;navigational:15;commercial:13;transactional:8
CCJ e legislação brasileira,29,16839,25;31;35;41;42;43;43;100;98;98;98;98,task:5;informational:61;navigational:15;commercial:10;transactional:9
Zeladores de Condomínios,26,10797,40;100;100;41;41;42;42;98;98;98;97;97,task:5;informational:71;navigational:5;commercial:11;transactional:8
Diego Cunha - Nomes em Português,17,2600,28;52;55;54;52;38;32;93;89;87;94;100,task:8;informational:80;navigational:5;commercial:5;transactional:2
Condomínios e Edifícios Composite Des Arts,15,888,21;46;46;43;43;50;41;73;55;44;45;100,task:3;informational:64;navigational:18;commercial:12;transactional:3
Conver no Brasil,18,6728,13;16;19;98;100;100;99;97;98;98;98;99,task:2;informational:70;navigational:15;commercial:10;transactional:3
Cc e Cco em Emails,152,78291,90;93;94;100;98;98;99;96;91;91;91;91,task:5;informational:86;navigational:3;commercial:5;transactional:1
E-Solutions Group,15,108,21;37;36;35;52;89;82;100;68;70;67;56,task:3;informational:27;navigational:48;commercial:8;transactional:14
Consultec Contabilidade,15,1505,29;31;31;33;33;32;32;100;100;100;100;100,task:2;informational:15;navigational:28;commercial:50;transactional:5
"Count: Meaning, Usage & Translations",30,12298,100;92;97;100;94;95;95;88;88;88;88;88,task:2;informational:79;navigational:6;commercial:10;transactional:3
Notas Fiscais em Contingência (NF-e/SVC),25,4236,98;95;96;97;99;98;99;100;100;99;99;100,task:2;informational:69;navigational:11;commercial:13;transactional:5
Dono e Expressões de Posse,20,3534,50;56;63;61;62;63;63;100;84;84;84;84,task:5;informational:80;navigational:3;commercial:10;transactional:2
Concursos dos Tribunais de Contas (TCU/TCE),103,131474,34;46;53;80;98;98;98;100;100;100;100;100,task:10;informational:68;navigational:5;commercial:8;transactional:9
Conjugação de isentar,19,7330,16;20;20;100;84;85;85;85;86;86;86;86,task:8;informational:73;navigational:4;commercial:8;transactional:7
Concurseiro Nômade,15,1730,7;15;14;14;26;43;34;28;20;83;73;100,task:3;informational:39;navigational:40;commercial:10;transactional:8
Centros de Especialidades Municipais,16,1938,90;92;92;92;52;52;68;100;88;58;58;53,task:2;informational:64;navigational:10;commercial:18;transactional:6
"Despachantes do Nordeste (PB, RN, MA)",15,261,54;72;72;71;61;97;81;100;62;62;74;77,task:7;informational:35;navigational:10;commercial:40;transactional:8
Grupo Simpla,16,447,22;49;48;49;47;100;76;58;46;56;56;63,task:10;informational:22;navigational:56;commercial:7;transactional:5
Capitol Services & Government Presence,17,6787,34;35;36;36;36;38;39;42;100;100;99;99,informational:30;navigational:57;commercial:8;transactional:5
ONU: Conselho de Segurança,46,18812,98;100;100;83;67;68;68;79;82;82;82;82,task:4;informational:80;navigational:5;commercial:5;transactional:6
Seleção de Professores Substitutos,20,4248,45;19;20;24;54;54;53;100;94;92;90;89,task:12;informational:73;navigational:3;commercial:5;transactional:7
CCUS - Captura e Armazenamento de Carbono,19,1997,96;100;100;99;69;69;69;69;68;68;69;68,task:2;informational:83;navigational:3;commercial:4;transactional:8
CECON: Centros de Educação em Economia no Brasil,16,7505,17;22;21;19;19;20;20;30;95;94;99;100,task:2;informational:70;navigational:10;commercial:10;transactional:8
Ius Navigandi,17,484,71;100;100;98;90;95;95;99;91;90;94;91,task:3;informational:48;navigational:27;commercial:7;transactional:15
Envio de Mensagens Online,28,1627,30;47;62;75;100;97;94;54;56;60;63;65,task:5;informational:65;navigational:5;commercial:10;transactional:15
Concurso Público - Preparação,17,227,81;100;99;98;64;85;83;48;49;93;49;49,task:10;informational:54;navigational:14;commercial:11;transactional:11
Competir e Comércio em PT,17,1746,79;100;100;86;87;92;93;95;95;96;93;91,task:2;informational:67;navigational:14;commercial:12;transactional:5
magistrados e magistradas,16,3270,21;52;37;32;32;47;42;100;97;89;93;98,task:2;informational:83;navigational:5;commercial:8;transactional:2
Sintegra Brasil,36,8411,63;75;42;67;96;97;97;98;100;100;100;100,informational:54;navigational:36;commercial:5;transactional:5
Políticos Poubel no Brasil,15,1036,84;99;100;93;88;90;90;45;47;52;49;51,task:2;informational:69;navigational:10;commercial:11;transactional:8
Contestação e Sinônimos em Português,59,27259,68;71;46;52;61;62;62;98;100;100;100;100,task:8;informational:82;navigational:3;commercial:3;transactional:4
Correitoria e controle interno em São Paulo,16,451,18;37;33;44;44;67;52;100;71;28;28;23,task:3;informational:58;navigational:19;commercial:8;transactional:12
Domina Concursos e Apostilas,20,2762,37;46;48;53;60;78;57;65;79;78;89;100,task:2;informational:39;navigational:41;commercial:7;transactional:11
ConteA Finanças e Investimentos,15,163,17;55;49;41;41;56;73;96;73;100;85;73,task:7;informational:45;navigational:35;commercial:7;transactional:6
Despachantes Rocha,15,153,13;43;38;49;49;49;33;100;71;28;30;34,task:1;informational:24;navigational:39;commercial:33;transactional:3
Termini porno italiani,17,3953,56;72;80;80;90;92;92;99;100;100;98;97,task:5;informational:71;navigational:6;commercial:5;transactional:13
UX e Comércio Exterior Brasil,15,333,19;20;22;20;20;21;21;34;34;51;91;100,task:7;informational:54;navigational:22;commercial:7;transactional:10
Patrulha do Consumidor,89,53807,62;44;45;52;74;74;74;99;100;100;100;100,task:3;informational:64;navigational:13;commercial:11;transactional:9
Documentos Eletrônicos do Brasil,19,15612,94;100;96;96;84;84;84;96;97;97;97;97,task:5;informational:67;navigational:18;commercial:7;transactional:3
Balcões Digitais do Governo,24,1704,86;100;60;59;56;63;63;50;58;58;54;53,task:2;informational:71;navigational:7;commercial:10;transactional:10
Despachantes Imobiliários,18,2358,88;87;87;87;99;100;100;98;86;86;84;84,task:3;informational:57;navigational:9;commercial:25;transactional:6
Empire Escort,15,476,64;81;82;82;82;100;98;98;98;98;98;97,task:3;informational:34;navigational:35;commercial:12;transactional:16
Contmatic Gestão Contábil e Transporte,18,902,91;99;100;61;57;60;61;57;60;60;60;59,task:3;informational:39;navigational:40;commercial:9;transactional:9
Tribunais e Justiça do Brasil,17,25434,100;89;93;91;91;91;91;93;96;94;94;94,task:1;informational:53;navigational:26;commercial:12;transactional:8
Capitanias dos Portos e Marinha do Brasil,28,6591,88;100;84;83;85;87;87;88;86;86;86;86,task:2;informational:50;navigational:28;commercial:5;transactional:15
Rede Republicana Brasileira,15,703,45;61;62;58;58;90;100;47;48;45;44;45,task:7;informational:29;navigational:51;commercial:6;transactional:7
Chapter Resources,17,3969,96;100;100;77;78;78;78;75;77;76;77;77,task:2;informational:58;navigational:22;commercial:10;transactional:8
Legal Letters,18,2035,22;23;25;58;67;57;57;79;100;99;76;76,task:10;informational:55;navigational:9;commercial:12;transactional:14
Escolas PENSI,26,5515,54;67;69;69;100;98;98;78;78;79;79;78,task:5;informational:35;navigational:38;commercial:7;transactional:15
Guarda-roupas Diplomata,15,1107,11;32;38;21;21;32;32;97;100;64;58;58,task:3;informational:31;navigational:35;commercial:20;transactional:11
Comic Conventions,32,18847,55;28;32;66;72;73;73;93;100;100;100;100,task:2;informational:60;navigational:19;commercial:10;transactional:9
Controladorias Gerais do Brasil,46,33134,42;46;48;100;89;89;89;64;65;65;65;65,task:3;informational:48;navigational:31;commercial:10;transactional:8
Condomínios Suprema,15,238,72;83;87;96;86;96;95;100;96;96;97;100,task:3;informational:31;navigational:45;commercial:14;transactional:7
English verb forms of conduct,18,447,73;76;77;77;68;68;68;82;83;83;83;100,task:8;informational:58;navigational:2;commercial:8;transactional:24
Revisão e Consultoria,18,517,45;74;72;75;75;58;64;100;93;69;71;68,task:8;informational:59;navigational:15;commercial:10;transactional:8
Email em Português,98,56264,95;99;100;99;73;73;73;87;88;88;88;88,task:29;informational:62;navigational:5;commercial:4
Conectando Palavras,18,3011,96;100;100;100;83;84;84;83;83;86;85;86,task:15;informational:73;navigational:2;commercial:8;transactional:2
Plataforma Brasil Governamental,50,35013,68;65;71;76;79;79;79;100;100;100;100;100,task:1;informational:44;navigational:47;commercial:5;transactional:3
Embracon Simulações e Consultoria,15,177,32;43;47;54;66;72;68;100;73;72;71;68,task:3;informational:35;navigational:41;commercial:10;transactional:11
Constanza/Costanza: Perfis de pessoas públicas,21,3711,78;88;89;100;94;89;89;96;84;84;86;79,task:5;informational:75;navigational:5;commercial:10;transactional:5
Procon Campinas e Sorocaba,20,2471,89;100;99;54;58;62;62;74;75;75;75;75,task:3;informational:36;navigational:50;commercial:6;transactional:5
Attendees and Attendance Terms,19,215,30;50;47;42;40;42;41;48;100;80;51;57,task:5;informational:74;navigational:5;commercial:11;transactional:5
Grupo Enforce,16,485,33;46;46;46;46;48;48;55;87;100;51;52,task:7;informational:28;navigational:57;commercial:4;transactional:4
Gama Concursos e Consultoria,15,951,54;51;42;70;70;13;84;100;86;72;63;91,task:3;informational:38;navigational:24;commercial:12;transactional:23
"Verba Latina: animi, animis",16,272,75;85;86;85;85;88;89;100;100;99;100;99,task:10;informational:77;navigational:5;commercial:5;transactional:3
