name,country,visibility,difficulty,mentions,volume,volume_trend,intents
Brastemp Lavadoras – Problemas de Ligar e Painel Piscando,br,100,89,19,1993,95;98;99;98;97;97;97;100;99;99;100;100,task:8;informational:81;navigational:2;commercial:5;transactional:4
Micro-ondas Brastemp,br,100,89,23,1225,83;99;100;49;47;49;50;54;56;56;55;55,task:2;informational:47;navigational:25;commercial:18;transactional:8
Painel da Geladeira Brastemp,br,100,89,19,924,38;42;43;75;75;75;74;95;97;98;97;100,task:2;informational:69;navigational:5;commercial:10;transactional:14
Lava-louças Brastemp 14 Serviços,br,100,87,18,689,62;76;78;71;70;68;66;67;77;86;95;100,task:5;informational:59;navigational:10;commercial:15;transactional:11
Brastemp Maxi Micro-ondas,br,100,89,22,541,59;69;100;60;41;42;41;62;57;60;51;51,task:2;informational:62;navigational:15;commercial:16;transactional:5
Forno Brastemp com Air Fryer,br,100,89,18,397,41;65;70;59;55;57;56;100;52;55;82;86,task:3;informational:46;navigational:12;commercial:20;transactional:19
Manutenção e Desmontagem de Máquinas de Lavar Brastemp,br,100,88,15,191,55;76;83;77;74;76;69;77;77;90;80;100,task:3;informational:64;navigational:8;commercial:12;transactional:13
Lavadoras Brastemp 13kg e 15kg,br,99,77,102,32892,88;89;93;98;99;99;99;100;97;98;97;98,task:2;informational:45;navigational:5;commercial:30;transactional:18
Lavadoras Brastemp 12kg,br,99,71,78,27681,100;100;46;49;66;66;67;73;73;74;73;73,informational:46;navigational:4;commercial:30;transactional:20
Manuais Brastemp,br,99,78,35,5151,34;37;38;71;82;83;83;100;98;98;99;98,informational:57;navigational:33;commercial:5;transactional:5
Geladeiras Brastemp Frost Free,br,99,83,28,4034,84;99;100;56;52;55;55;90;92;93;93;92,task:2;informational:51;navigational:7;commercial:29;transactional:11
Forno Brastemp Embutido 67L,br,99,86,16,1184,45;56;58;53;62;55;53;84;72;79;95;100,informational:51;navigational:9;commercial:28;transactional:12
Brastemp Lava-Louças: Tabela de Erros,br,99,87,18,839,96;100;100;99;84;85;84;88;88;87;86;88,task:2;informational:73;navigational:10;commercial:10;transactional:5
Lava-louças Brastemp 10 serviços,br,99,82,21,792,58;91;93;100;96;97;93;92;94;94;94;93,task:3;informational:54;navigational:18;commercial:17;transactional:8
Brastemp Embutir Micro-ondas,br,99,86,16,710,53;72;76;69;63;67;66;74;83;100;84;95,task:3;informational:35;navigational:35;commercial:19;transactional:8
Lava-Louças Brastemp e Eletrodomésticos,br,99,87,19,641,21;48;55;53;74;78;77;68;69;100;82;82,task:1;informational:38;navigational:37;commercial:15;transactional:9
Brastemp lavadoras não centrifugam,br,99,90,16,340,94;93;70;64;64;66;100;68;57;74;80;76,task:5;informational:71;navigational:9;commercial:7;transactional:8
Geladeiras Brastemp,br,98,59,208,116014,66;67;71;76;94;94;94;86;100;100;100;100,task:2;informational:37;navigational:23;commercial:16;transactional:22
Brastemp fogões 5 bocas,br,98,53,69,25861,92;89;92;93;91;91;91;100;99;99;99;99,task:5;informational:33;navigational:15;commercial:27;transactional:20
Fornos Brastemp Embutidos,br,98,66,72,18924,98;99;100;44;46;47;47;44;44;44;44;44,task:2;informational:41;navigational:34;commercial:12;transactional:11
Secadoras Brastemp,br,98,85,45,14199,96;100;47;47;55;56;56;77;76;76;76;76,task:10;informational:38;navigational:4;commercial:28;transactional:20
Lavadoras Brastemp 9kg,br,98,84,42,7655,94;49;51;65;80;81;81;93;100;100;100;99,task:2;informational:44;navigational:5;commercial:35;transactional:14
Brastemp 10kg: Máquinas de lavar,br,98,79,33,5382,46;62;64;69;64;68;68;100;100;100;100;100,task:2;informational:52;navigational:5;commercial:27;transactional:14
Geladeiras Brastemp Inverse,br,98,73,31,4416,56;77;81;89;82;86;87;98;100;100;100;99,task:2;informational:40;navigational:25;commercial:19;transactional:14
Brastemp Coifa e Depuradores,br,98,77,29,3629,87;98;100;99;46;48;48;45;51;51;51;50,task:2;informational:38;navigational:26;commercial:18;transactional:16
Lavadoras Brastemp 14kg,br,98,86,20,1755,74;99;100;92;51;44;45;44;49;49;49;48,task:2;informational:56;navigational:15;commercial:13;transactional:14
Painel de máquina de lavar Brastemp,br,98,88,25,1607,85;100;100;50;46;47;47;86;89;89;91;91,task:2;informational:69;navigational:3;commercial:12;transactional:14
Brastemp BNC10 Lava e Seca,br,98,86,17,1043,19;23;23;22;22;23;22;100;59;79;65;87,task:5;informational:64;navigational:15;commercial:10;transactional:6
Brastemp 7kg Lavadoras (Lava e Seca),br,98,78,17,713,21;36;42;34;33;54;82;36;34;37;34;100,task:7;informational:46;navigational:14;commercial:23;transactional:10
Lava-louças Brastemp,br,97,39,151,51660,36;37;42;70;76;76;76;100;83;83;83;83,task:2;informational:56;navigational:11;commercial:18;transactional:13
Geladeiras Brastemp com gelo,br,97,83,20,3933,36;40;29;39;88;89;89;40;80;79;94;100,task:2;informational:62;navigational:2;commercial:28;transactional:6
Micro-ondas Brastemp 40L Embutir,br,97,81,21,2699,86;100;100;58;62;65;65;70;73;74;74;71,task:2;informational:52;navigational:15;commercial:15;transactional:16
fornos Brastemp Ative - manuais,br,97,89,21,1902,22;29;40;76;87;88;88;100;75;79;78;78,task:5;informational:70;navigational:5;commercial:13;transactional:7
Geladeiras Brastemp 500 litros Frost Free,br,97,82,17,1510,42;96;97;82;49;52;51;95;73;100;83;95,task:3;informational:52;navigational:4;commercial:29;transactional:12
Borrachas de Geladeira Brastemp,br,97,83,19,1428,51;59;59;38;35;38;37;77;77;100;78;77,task:2;informational:48;navigational:14;commercial:22;transactional:14
Freezers Brastemp 228 litros,br,97,82,15,999,6;13;14;12;13;26;16;60;53;100;89;89,task:3;informational:53;navigational:12;commercial:25;transactional:7
Brastemp Micro-ondas,br,96,49,90,22880,61;63;71;77;100;100;100;94;95;95;95;95,task:4;informational:35;navigational:21;commercial:22;transactional:18
Termostatos Brastemp para Geladeira,br,96,69,20,1984,29;33;48;98;98;100;100;60;73;73;73;73,task:2;informational:58;navigational:9;commercial:20;transactional:11
Prateleiras Brastemp,br,96,76,16,588,69;100;100;93;86;84;84;83;87;88;83;84,task:3;informational:31;navigational:38;commercial:15;transactional:13
Brastemp: Geladeiras e Eletrodomésticos,br,96,71,17,568,61;96;100;62;67;43;42;98;76;80;43;43,task:5;informational:24;navigational:27;commercial:36;transactional:8
Fogões Brastemp com forno,br,96,77,16,321,65;79;85;100;100;100;98;44;44;64;54;63,task:2;informational:63;navigational:5;commercial:15;transactional:15
Cooktops Brastemp de Indução 4 Bocas,br,95,61,46,10184,93;97;100;47;44;45;45;44;45;45;45;45,task:2;informational:60;navigational:10;commercial:15;transactional:13
Peças e mecanismos Brastemp Lavadora,br,95,72,23,1892,30;39;40;74;99;100;100;77;72;71;71;71,informational:59;navigational:10;commercial:9;transactional:22
Geladeiras Brastemp 573 litros,br,95,76,18,1615,35;39;41;38;55;58;60;82;34;40;70;100,task:2;informational:52;navigational:15;commercial:19;transactional:12
Cooktops e Fornos a Gás Brastemp,br,95,84,18,946,47;55;54;41;57;58;58;100;62;62;63;63,task:3;informational:58;navigational:10;commercial:19;transactional:10
lava-louças gourmand Brastemp,br,95,85,15,382,6;16;18;46;40;38;9;100;54;33;28;32,task:3;informational:41;navigational:31;commercial:16;transactional:9
Brastemp Retrô: Frigobar e Geladeira,br,94,61,46,20987,100;97;42;46;48;48;48;44;44;44;44;44,task:2;informational:41;navigational:26;commercial:17;transactional:14
Motores e Ventilação Brastemp de Geladeira,br,94,67,34,7849,17;22;25;48;95;96;96;99;100;100;100;100,task:2;informational:60;navigational:9;commercial:19;transactional:10
Adegas Brastemp Climatizadas,br,94,66,32,5988,90;97;100;46;44;45;45;47;51;51;50;50,task:2;informational:40;navigational:33;commercial:16;transactional:9
Brastemp: Garantias e Assistência Técnica,br,94,72,25,3222,35;42;72;100;87;90;89;96;92;92;94;94,informational:52;navigational:34;commercial:10;transactional:4
Brastemp 15kg lava e seca,br,94,84,17,2314,39;50;54;50;45;46;54;91;61;69;90;100,task:5;informational:27;navigational:19;commercial:37;transactional:12
Placas de Geladeira Brastemp,br,94,60,22,1706,62;33;34;96;59;61;61;100;86;86;85;85,task:5;informational:57;navigational:7;commercial:16;transactional:15
Brastemp Geladeiras,br,94,81,15,653,29;41;42;40;40;43;43;100;79;39;38;38,task:7;informational:52;navigational:18;commercial:12;transactional:11
Brastemp micro-ondas: problemas comuns,br,94,88,17,647,68;75;76;83;83;82;82;82;96;96;100;100,task:5;informational:67;navigational:10;commercial:10;transactional:8
Fogões Brastemp Unique 4 Bocas,br,94,85,15,324,9;15;16;12;26;12;12;41;53;100;54;22,task:4;informational:40;navigational:17;commercial:31;transactional:8
Lavadoras Brastemp 11kg,br,93,42,46,19228,52;54;59;60;58;58;58;93;98;100;99;100,task:2;informational:50;navigational:15;commercial:25;transactional:8
Brastemp Gourmand Fogões,br,93,73,22,4836,85;98;100;96;95;98;99;82;72;72;74;74,informational:44;navigational:20;commercial:22;transactional:14
Geladeiras Brastemp 479 litros,br,93,70,22,2024,43;62;62;62;58;59;59;65;72;82;95;100,task:3;informational:55;navigational:8;commercial:24;transactional:10
Cooktops e Fogões Brastemp 2 a 5 Bocas,br,93,68,19,850,82;96;96;93;100;92;91;89;57;61;65;79,task:2;informational:39;navigational:5;commercial:40;transactional:14
Geladeiras Brastemp Antigas,br,93,77,15,822,66;87;89;85;84;90;91;94;97;97;100;99,task:3;informational:64;navigational:4;commercial:23;transactional:6
Frigobar Brastemp Marsala,br,93,80,15,469,8;21;23;41;50;57;36;92;100;91;53;54,task:3;informational:51;navigational:18;commercial:16;transactional:12
Brastemp BWK12 Lavadoras,br,92,67,17,1095,44;49;50;47;50;51;49;100;72;72;70;71,task:4;informational:44;navigational:25;commercial:21;transactional:6
Geladeiras Brastemp Bre59,br,92,61,15,309,14;21;23;21;51;59;23;30;74;100;26;27,task:3;informational:39;navigational:26;commercial:15;transactional:17
Brastemp BRM56,br,92,81,15,289,15;30;33;56;54;44;21;28;24;100;84;40,task:7;informational:28;navigational:13;commercial:44;transactional:8
Tampas de Fogão Brastemp,br,92,73,16,214,32;94;100;85;71;65;49;57;58;56;48;49,task:4;informational:43;navigational:18;commercial:17;transactional:18
Lavadoras Brastemp 8kg,br,91,71,21,4337,57;74;75;76;78;81;82;82;85;83;84;100,task:5;informational:58;navigational:7;commercial:23;transactional:7
Geladeiras Brastemp 462 L,br,91,68,19,4201,92;98;100;42;40;41;41;36;38;48;44;48,task:3;informational:59;navigational:5;commercial:20;transactional:13
Lavadoras Brastemp Double Wash,br,91,55,20,1695,63;84;86;46;59;60;52;40;79;100;82;98,task:2;informational:46;navigational:14;commercial:29;transactional:9
Geladeiras Brastemp BRM35B,br,91,51,20,531,37;60;78;55;80;81;80;72;94;100;94;95,informational:69;navigational:23;commercial:7;transactional:1
Logotipos e branding da Brastemp,br,91,63,17,493,60;82;84;83;89;98;90;88;100;98;76;76,task:1;informational:71;navigational:17;commercial:6;transactional:5
Válvulas Brastemp para Máquinas de Lavar,br,91,67,18,296,53;75;78;68;88;100;68;69;67;74;73;72,task:7;informational:51;navigational:3;commercial:20;transactional:19
Geladeiras Brastemp 588 litros,br,90,55,29,8956,93;100;60;62;55;56;57;72;74;73;73;72,task:8;informational:58;navigational:3;commercial:16;transactional:15
Geladeiras Brastemp BRM44 375L,br,90,40,37,7903,86;97;100;99;76;77;77;97;100;100;99;99,task:1;informational:44;navigational:27;commercial:20;transactional:8
Refrigeradores Brastemp 461L,br,90,57,22,2717,64;80;80;48;52;53;49;68;52;64;91;100,task:2;informational:49;navigational:7;commercial:31;transactional:11
Brastemp Lava-Louças 12 Serviços,br,90,77,21,2324,73;98;100;54;53;47;48;45;77;86;84;91,task:2;informational:48;navigational:15;commercial:12;transactional:23
Lavadoras Brastemp com Água Quente,br,90,71,16,673,12;17;19;15;35;34;46;100;54;60;49;47,task:5;informational:70;navigational:2;commercial:15;transactional:8
Peças Brastemp — secadoras e lavadoras,br,90,62,18,187,69;91;95;100;92;95;96;98;90;91;86;86,task:3;informational:34;navigational:35;commercial:13;transactional:15
Fogões Brastemp 4 Bocas,br,89,53,104,38059,80;81;88;94;100;100;100;100;99;99;99;99,task:5;informational:35;navigational:15;commercial:26;transactional:19
Fogões Brastemp 6 Bocas,br,89,41,33,5093,91;98;100;49;46;47;47;46;46;46;45;44,task:2;informational:32;navigational:25;commercial:32;transactional:9
Geladeiras Brastemp 443 L,br,89,43,24,4604,81;95;95;92;93;95;96;77;83;100;93;100,task:2;informational:59;navigational:15;commercial:18;transactional:6
Lavadoras Brastemp 13kg,br,89,64,24,4031,83;97;100;52;52;53;53;57;56;59;57;57,task:10;informational:45;navigational:5;commercial:23;transactional:17
Brastemp vs Electrolux: Eletrodomésticos,br,89,89,21,1837,37;41;67;81;94;96;95;97;96;96;96;100,informational:52;navigational:4;commercial:39;transactional:5
Geladeiras Brastemp com porta aberta e alarme,br,89,86,13,334,77;82;84;89;89;87;87;100;90;88;82;93,task:3;informational:76;navigational:5;commercial:10;transactional:6
Frigobar Brastemp Retrô Dourado,br,89,89,12,190,8;24;24;100;29;17;12;77;67;38;26;26,task:3;informational:28;navigational:26;commercial:23;transactional:20
Brastemp geladeiras que não gelam,br,88,34,34,5955,88;91;91;95;98;99;99;91;99;99;100;100,task:5;informational:78;navigational:4;commercial:3;transactional:10
Geladeiras Brastemp Side by Side,br,88,84,20,4133,88;98;100;48;42;42;42;43;44;44;44;44,informational:55;navigational:4;commercial:29;transactional:12
Fogões Brastemp 4 Bocas com Grill,br,88,61,22,2233,84;100;100;58;79;81;83;69;72;76;63;63,task:5;informational:50;navigational:15;commercial:19;transactional:11
Brastemp Eclipse,br,88,76,15,1620,8;18;20;18;18;19;33;95;57;37;80;100,task:5;informational:67;navigational:11;commercial:12;transactional:5
Geladeiras Brastemp no Amazon,br,88,83,16,350,27;37;38;100;100;90;87;53;49;49;47;47,informational:44;navigational:41;commercial:5;transactional:10
Lavadoras Brastemp 12kg BWT12,br,88,69,15,187,8;92;100;77;77;56;60;60;39;61;47;71,task:5;informational:46;navigational:18;commercial:26;transactional:5
Fogões Brastemp 5 Bocas com Timer Digital,br,88,71,14,140,18;58;74;50;90;68;50;55;42;100;73;81,task:3;informational:56;navigational:5;commercial:18;transactional:18
Purificadores Brastemp,br,87,46,65,20562,98;100;46;50;60;60;60;55;57;57;57;57,task:5;informational:39;navigational:16;commercial:25;transactional:15
Geladeiras Brastemp Inox 375L,br,87,63,19,1248,62;84;87;79;47;53;56;70;66;100;93;79,task:2;informational:57;navigational:6;commercial:22;transactional:13
Lava-louças Brastemp 8 serviços,br,87,50,20,984,37;59;65;61;59;57;58;54;100;77;57;56,task:3;informational:53;navigational:12;commercial:20;transactional:12
Coifa Brastemp Gourmand Ilha,br,87,64,15,544,28;47;86;74;74;67;48;77;67;100;64;77,task:3;informational:25;navigational:38;commercial:12;transactional:22
Refrigeradores Brastemp BRM47B,br,87,58,19,524,34;40;49;40;48;48;47;66;80;100;93;89,informational:66;navigational:15;commercial:12;transactional:7
Geladeira Brastemp BRM55BK,br,87,71,15,195,7;20;36;88;88;48;38;100;67;25;18;25,task:1;informational:32;navigational:42;commercial:11;transactional:14
Brastemp: Assistência Técnica e Loja,br,86,60,93,67554,85;89;95;100;99;99;99;100;100;100;100;100,task:3;informational:27;navigational:47;commercial:14;transactional:9
fogões Brastemp 5 bocas embutidos,br,86,74,17,2012,31;46;47;44;39;41;44;54;49;100;97;97,task:3;informational:52;navigational:8;commercial:25;transactional:12
Tampa de máquina de lavar Brastemp,br,86,59,21,1597,66;94;95;86;87;93;94;99;100;100;97;96,task:3;informational:51;navigational:12;commercial:15;transactional:19
Refrigeradores Brastemp BRM48 403 litros,br,86,51,24,875,14;33;41;32;32;23;33;100;46;55;37;52,task:8;informational:51;navigational:4;commercial:31;transactional:6
Geladeiras Brastemp 490L,br,86,71,17,832,8;36;58;44;41;30;46;100;50;62;53;68,task:3;informational:45;navigational:11;commercial:31;transactional:10
Tampas de Geladeira Brastemp,br,86,68,15,160,39;49;63;48;49;52;48;78;66;100;77;81,task:10;informational:27;navigational:25;commercial:17;transactional:21
Placas de Lavadoras Brastemp,br,85,43,44,10997,58;28;32;37;58;59;59;100;77;77;77;77,task:5;informational:57;navigational:4;commercial:23;transactional:11
Geladeiras e Freezers Brastemp 400L,br,85,57,43,8915,97;100;48;49;49;50;51;50;52;53;52;52,task:2;informational:38;navigational:14;commercial:28;transactional:18
Filtros e purificadores Brastemp,br,85,51,29,4993,85;97;100;62;56;56;56;55;62;63;62;62,task:2;informational:43;navigational:16;commercial:20;transactional:19
Fogões Brastemp 5 Bocas Brancos,br,85,68,15,1850,67;76;76;44;43;43;38;83;66;100;92;88,task:5;informational:11;navigational:26;commercial:23;transactional:35
Cooktops Brastemp 5 bocas com timer digital,br,85,46,20,769,62;100;77;53;51;69;55;90;93;90;66;68,task:3;informational:55;navigational:4;commercial:32;transactional:6
Brastemp Cooktop 5 Bocas,br,84,48,79,37317,48;48;59;66;100;100;100;97;96;96;96;96,task:2;informational:49;navigational:20;commercial:18;transactional:11
Micro-ondas Brastemp 20L,br,84,64,21,2838,83;98;100;87;78;81;83;75;73;75;76;72,task:5;informational:42;navigational:16;commercial:21;transactional:16
Ar-condicionado Brastemp,br,84,71,18,1893,50;59;59;34;32;36;42;38;60;71;78;100,task:5;informational:52;navigational:10;commercial:22;transactional:11
Geladeiras Brastemp BRM45,br,84,67,18,1696,10;23;26;22;22;27;23;100;20;23;68;72,task:7;informational:51;navigational:12;commercial:14;transactional:16
Geladeiras Brastemp BRM55,br,84,62,15,1568,6;15;18;32;23;42;38;96;92;77;63;100,task:3;informational:49;navigational:18;commercial:19;transactional:11
Freezers e Geladeiras Brastemp/Electrolux,br,84,78,19,1385,87;100;100;65;63;64;64;81;70;70;70;71,task:2;informational:50;navigational:9;commercial:30;transactional:9
Botões de Fogão Brastemp,br,84,48,23,927,79;93;93;51;61;65;65;100;85;92;53;53,task:3;informational:46;navigational:27;commercial:12;transactional:12
Geladeiras Brastemp 463L Frost Free,br,83,66,17,1809,18;41;45;33;33;32;37;90;72;100;93;83,task:7;informational:65;navigational:1;commercial:19;transactional:8
Lavadoras 17kg Brastemp & Electrolux,br,82,79,31,6552,95;98;100;45;39;40;40;39;40;39;39;39,task:2;informational:54;navigational:2;commercial:32;transactional:10
Gavetas de Geladeira Brastemp,br,82,54,19,1361,87;99;100;49;47;52;52;50;50;51;52;51,task:5;informational:42;navigational:4;commercial:37;transactional:12
Peças de micro-ondas Brastemp,br,82,43,18,724,69;77;78;67;66;67;66;100;69;67;66;70,task:3;informational:64;navigational:7;commercial:16;transactional:10
Geladeiras Brastemp 560 L,br,82,53,15,579,2;14;21;34;32;24;30;100;84;33;28;32,task:5;informational:52;navigational:11;commercial:12;transactional:20
Placas de Interface Brastemp Ative 11kg,br,82,50,15,240,79;89;94;82;80;82;89;86;80;100;95;95,task:7;informational:49;navigational:2;commercial:31;transactional:11
Brastemp Indução: Cooktop 1 Boca,br,81,42,19,850,12;40;50;22;21;41;45;60;47;100;89;96,task:3;informational:43;navigational:26;commercial:15;transactional:13
Brastemp Cupons e Descontos,br,80,51,30,13208,41;48;26;35;32;34;35;100;99;99;100;100,task:3;informational:38;navigational:6;commercial:16;transactional:37
Geladeiras Brastemp Gourmand,br,80,59,15,1964,35;53;60;51;63;56;56;100;77;86;96;99,task:1;informational:55;navigational:15;commercial:20;transactional:9
Geladeiras de 463 litros (Midea/Brastemp),br,80,80,14,1878,53;79;75;65;62;63;63;100;77;88;85;80,task:3;informational:29;navigational:5;commercial:32;transactional:31
Geladeiras Brastemp Inverse 3,br,80,41,19,1693,30;47;51;31;84;100;90;50;46;58;33;69,task:4;informational:49;navigational:25;commercial:12;transactional:10
Geladeiras Brastemp no Mercado Livre,br,80,82,15,424,41;59;61;70;68;70;68;100;83;60;55;56,task:3;informational:26;navigational:43;commercial:8;transactional:20
Lavadoras 16kg Brastemp e Electrolux,br,79,78,24,4187,89;100;58;57;55;55;56;58;53;88;65;53,task:5;informational:53;navigational:2;commercial:27;transactional:13
Geladeiras Brastemp Brm50 e 429 litros,br,79,42,27,2798,83;100;55;72;97;100;100;62;68;72;86;87,task:2;informational:45;navigational:25;commercial:21;transactional:7
Peças de Fogão Brastemp,br,79,42,21,2386,64;73;48;79;74;76;77;100;98;98;98;98,task:5;informational:31;navigational:12;commercial:32;transactional:20
Peças Brastemp: Geladeira e Lavadora,br,79,38,24,1723,87;100;100;52;66;68;68;84;71;71;71;71,task:3;informational:40;navigational:26;commercial:22;transactional:9
Frigobares Brastemp com Porta de Vidro,br,79,42,16,1283,38;58;68;60;69;69;58;94;79;89;96;100,task:3;informational:55;navigational:5;commercial:26;transactional:11
Bombas de água para máquinas Brastemp/Consul,br,79,58,19,1062,43;51;50;42;42;44;44;100;81;79;79;78,task:2;informational:58;navigational:3;commercial:16;transactional:21
lava-louças Brastemp 8 serviços preta,br,79,66,16,727,9;43;53;51;51;35;39;80;69;100;89;94,task:7;informational:32;navigational:31;commercial:21;transactional:9
Micro-ondas Brastemp Ative 30L,br,78,44,16,2486,84;100;56;53;48;51;51;49;80;93;69;70,task:2;informational:42;navigational:14;commercial:27;transactional:15
Lavadoras Brastemp 17kg,br,78,52,14,589,35;48;55;49;46;44;53;100;63;72;29;35,task:2;informational:52;navigational:7;commercial:27;transactional:12
Placas Brastemp 12kg,br,78,39,19,382,33;47;44;41;39;42;42;100;93;76;71;47,task:3;informational:49;navigational:18;commercial:23;transactional:7
Peças e reparos para máquina de lavar Brastemp,br,77,57,20,1536,38;40;41;27;89;89;90;100;87;87;87;87,task:3;informational:54;navigational:5;commercial:19;transactional:19
Brastemp lava-louças BLF62AR,br,77,50,18,1279,8;48;55;43;70;55;53;75;62;81;76;100,task:3;informational:48;navigational:31;commercial:14;transactional:4
Geladeiras Amarelas Retrô Brastemp,br,77,53,17,600,49;87;100;84;65;69;68;74;62;64;74;80,task:7;informational:37;navigational:17;commercial:31;transactional:8
Controles de Ar Condicionado Brastemp,br,77,50,19,405,30;69;89;64;61;51;65;79;75;100;90;96,task:2;informational:59;navigational:7;commercial:26;transactional:6
Frigobar Brastemp Rosa e Dourado,br,77,51,14,350,22;100;90;84;83;27;26;94;25;27;25;25,task:3;informational:41;navigational:18;commercial:27;transactional:11
Brastemp BFS5XAR - Eletrodomésticos,br,77,48,15,271,5;24;36;29;27;16;36;100;54;39;32;33,task:1;informational:32;navigational:39;commercial:22;transactional:6
Brastemp e Consul: Eletrodomésticos Top,br,76,72,21,4252,34;46;46;45;74;76;77;97;99;98;100;100,task:5;informational:55;navigational:18;commercial:14;transactional:8
Geladeiras Brastemp BRM54,br,76,51,15,715,15;48;49;49;48;47;53;47;31;28;26;100,task:2;informational:45;navigational:22;commercial:14;transactional:17
Brastemp fogões BFS5NCR,br,75,51,14,1157,24;65;74;40;44;39;45;70;38;100;81;81,task:2;informational:19;navigational:31;commercial:44;transactional:4
peças para geladeira Brastemp,br,75,44,17,277,71;97;100;87;87;89;89;86;86;90;82;85,task:7;informational:32;navigational:8;commercial:23;transactional:30
Geladeiras Brastemp Inverse 447L,br,74,42,17,1275,46;70;71;68;60;66;67;86;80;100;76;78,task:1;informational:28;navigational:33;commercial:23;transactional:15
Filtros Brastemp Side by Side,br,74,29,18,226,45;89;100;95;82;65;62;66;66;68;70;70,task:3;informational:56;navigational:12;commercial:12;transactional:17
Compressores de Geladeira Brastemp,br,72,31,16,259,60;77;82;91;98;100;98;75;74;80;76;76,task:2;informational:83;navigational:5;commercial:8;transactional:2
Agitadores de máquina de lavar Brastemp,br,71,36,21,4432,58;68;37;43;89;91;91;100;95;95;98;96,informational:58;navigational:5;commercial:19;transactional:18
Geladeiras Brastemp 540 litros,br,71,50,16,1663,14;20;22;18;40;41;35;98;85;100;70;82,task:5;informational:47;navigational:11;commercial:19;transactional:18
Capas para Máquina de Lavar Brastemp,br,71,59,17,747,46;77;86;66;56;58;58;60;94;100;93;94,task:7;informational:28;navigational:2;commercial:21;transactional:42
Guia de reset de lavadoras e lava-louças,br,70,78,12,1693,30;54;44;74;81;80;80;98;88;94;96;100,task:18;informational:58;navigational:2;commercial:10;transactional:12
Assistência técnica Brastemp e Consul,br,70,79,15,1003,99;100;84;69;66;69;69;81;95;96;97;97,task:2;informational:62;navigational:23;commercial:7;transactional:6
Agitadores de Lavadora Brastemp/Consul,br,70,63,13,356,50;64;68;63;63;69;100;63;63;100;93;96,task:2;informational:64;navigational:5;commercial:11;transactional:18
Micro-ondas 32 L,br,69,63,33,10048,47;55;69;86;99;100;100;84;92;92;92;91,task:5;informational:37;navigational:14;commercial:30;transactional:14
Geladeiras que congelam na parte de baixo,br,69,86,12,1288,73;94;94;83;73;72;71;77;70;74;92;100,task:8;informational:64;navigational:2;commercial:15;transactional:11
Geladeiras com Ice Maker,br,68,84,11,1152,27;20;21;40;39;26;24;92;60;82;71;100,task:3;informational:63;navigational:2;commercial:22;transactional:10
Cilindro de gás B Blend Brastemp,br,68,48,12,121,60;87;100;80;77;77;74;58;59;85;74;74,task:7;informational:28;navigational:38;commercial:8;transactional:19
Mangueiras de máquina de lavar Brastemp/Consul,br,67,56,18,1190,62;72;42;46;99;100;100;42;53;54;55;54,task:2;informational:54;navigational:5;commercial:15;transactional:24
Geladeiras Brastemp e Philco no Reclame Aqui,br,67,72,16,1100,83;93;95;94;95;97;100;80;90;90;92;93,task:3;informational:46;navigational:41;commercial:6;transactional:4
Lava-louças 6 serviços,br,66,62,19,2633,85;100;57;53;46;49;50;51;52;52;52;51,task:4;informational:53;navigational:4;commercial:28;transactional:11
Suportes e bases para lava-louças,br,66,69,12,1967,61;89;90;87;83;89;90;90;93;100;91;90,task:10;informational:43;navigational:5;commercial:34;transactional:8
Mecanismos de Lavadoras Consul e Brastemp,br,66,76,12,802,56;63;52;76;87;88;88;95;96;100;97;96,task:3;informational:64;navigational:2;commercial:15;transactional:16
Churrasqueiras Brastemp,br,66,57,14,57,15;72;100;60;63;65;46;20;91;50;47;41,task:7;informational:53;navigational:18;commercial:12;transactional:10
Melhores Lava-Louças,br,65,75,24,7659,29;38;42;65;93;86;85;96;100;100;100;100,informational:42;commercial:56;transactional:2
Problemas de Lavadoras com Nível de Água,br,65,87,9,440,100;89;82;78;76;84;89;66;84;83;83;83,task:8;informational:63;navigational:5;commercial:10;transactional:14
Fogões com Air Fryer,br,64,76,14,5131,80;85;52;68;89;91;91;86;99;100;95;95,task:2;informational:63;navigational:5;commercial:22;transactional:8
Refrigeradores com French Door,br,64,58,15,4001,49;70;74;76;75;79;80;66;100;100;100;100,task:2;informational:55;navigational:2;commercial:28;transactional:13
Lava-Louças 14 Serviços,br,63,76,22,8435,85;91;44;45;71;72;72;100;62;62;62;61,task:2;informational:54;navigational:4;commercial:28;transactional:12
lavadoras 17kg Consul/Brastemp,br,62,74,12,1276,61;99;100;56;35;36;36;53;57;58;57;57,task:10;informational:46;navigational:4;commercial:30;transactional:10
Lava-louças: guias e marcas,br,61,87,241,204827,37;38;53;71;100;100;100;84;69;69;69;69,task:2;informational:59;navigational:4;commercial:27;transactional:8
Pressostatos de Lavadoras Brastemp e Similar,br,61,48,14,685,56;78;79;71;84;84;82;90;92;93;93;100,task:3;informational:60;navigational:5;commercial:15;transactional:17
Placas de Geladeira,br,60,62,17,8245,37;43;43;27;75;77;77;97;100;100;100;100,task:5;informational:52;navigational:5;commercial:22;transactional:16
Lava-louças 8 serviços 220V,br,60,85,9,721,49;72;70;66;66;62;61;97;94;100;81;91,task:3;informational:41;navigational:4;commercial:39;transactional:13
Forno Elétrico 84L,br,60,48,15,530,34;63;63;60;43;42;41;100;52;56;75;84,task:3;informational:51;navigational:11;commercial:29;transactional:6
Sensores de Geladeira,br,59,67,23,7015,38;50;52;67;82;85;85;100;96;96;96;96,task:5;informational:59;navigational:4;commercial:19;transactional:13
Desmontagem de agitadores de máquinas de lavar,br,59,76,14,811,54;58;58;88;90;89;92;100;68;67;68;68,task:8;informational:82;navigational:3;commercial:5;transactional:2
Geladeiras 430 litros Frost Free,br,59,59,11,372,30;91;100;80;73;58;58;92;72;90;38;48,task:3;informational:47;navigational:7;commercial:36;transactional:7
Lava-louças Carrefour,br,58,85,10,2719,7;26;22;20;19;22;21;21;17;19;86;100,task:3;informational:26;navigational:29;commercial:15;transactional:27
Geladeiras Electrolux DM84X,br,58,88,7,2277,62;72;73;70;86;81;80;73;71;79;91;100,task:2;informational:52;navigational:28;commercial:11;transactional:7
Lavadora Brastemp BWK11 11kg,br,58,58,18,1530,35;41;47;41;76;90;91;97;72;71;69;100,task:3;informational:28;navigational:23;commercial:10;transactional:36
Bandejas e Reservatórios de Geladeira,br,58,48,15,1176,51;58;59;58;58;55;55;74;52;53;88;100,task:2;informational:69;navigational:5;commercial:10;transactional:14
Fogões de Embutir 6 Bocas,br,58,68,10,1139,70;96;97;88;85;90;90;100;92;90;87;87,task:10;informational:44;navigational:4;commercial:27;transactional:15
Suportes de cesto de máquina de lavar Brastemp/Consul,br,58,62,13,388,69;90;86;82;82;91;89;91;91;100;100;93,task:10;informational:51;navigational:2;commercial:15;transactional:22
Geladeiras de 350 litros,br,58,55,11,196,15;78;100;69;58;37;61;87;60;21;21;24,task:3;informational:45;commercial:47;transactional:5
Assistência técnica de geladeiras em Santos,br,58,31,13,100,72;93;100;85;85;100;96;85;83;87;85;83,task:27;informational:34;navigational:4;commercial:24;transactional:11
Máquinas de lavar com água quente,br,57,44,26,12558,16;23;34;55;99;100;100;98;96;96;96;96,task:5;informational:62;navigational:2;commercial:26;transactional:5
Motores de Lavadora Brastemp,br,57,57,23,4936,29;16;17;37;56;57;55;100;93;94;94;98,task:2;informational:65;navigational:5;commercial:19;transactional:9
Aspiradores de pó Brastemp,br,57,49,16,616,22;50;65;57;44;36;31;45;35;96;84;100,task:10;informational:40;navigational:11;commercial:25;transactional:14
Lavadoras de Roupas 15kg (Electrolux),br,56,60,20,18060,55;23;25;59;100;100;100;70;37;37;37;37,task:2;informational:36;navigational:12;commercial:33;transactional:17
Lava-Louças e Máquinas de Lavar Louça (10 serviços),br,56,36,27,9666,50;53;25;100;28;29;29;27;27;27;27;27,task:5;informational:51;navigational:5;commercial:31;transactional:8
Atuadores de freio e lavadoras (Electrolux/Brastemp),br,56,42,18,8136,50;58;40;61;79;81;81;85;100;100;100;100,task:5;informational:58;navigational:4;commercial:16;transactional:17
Microondas com Airfryer,br,56,46,18,6606,21;29;29;35;99;100;100;64;71;72;72;70,task:2;informational:53;navigational:4;commercial:32;transactional:9
Retentores para Lavadoras Brastemp/Consul,br,56,34,18,1303,39;44;49;66;79;80;79;85;100;97;97;97,task:8;informational:37;navigational:6;commercial:29;transactional:20
Geladeiras Preto Inox,br,55,84,9,1004,20;67;72;57;53;42;42;100;68;76;49;71,task:3;informational:57;navigational:5;commercial:24;transactional:11
Suportes e Instalação de Secadoras,br,54,47,13,1550,61;77;84;74;57;52;53;61;59;59;90;100,task:15;informational:62;navigational:5;commercial:11;transactional:7
Geladeiras Colombo,br,54,70,17,1317,86;100;100;67;69;72;72;65;64;65;66;65,task:2;informational:32;navigational:26;commercial:12;transactional:28
Cooktops Electrolux de 5 bocas,br,53,66,56,36001,27;30;32;44;96;96;97;96;100;100;100;100,task:6;informational:29;navigational:7;commercial:46;transactional:12
Fogões 6 Bocas Inox,br,53,62,65,23395,72;75;80;88;93;93;93;100;95;95;95;95,task:5;informational:36;navigational:10;commercial:31;transactional:18
Forno de Embutir Elétrico,br,52,38,40,111086,33;33;37;41;47;47;47;47;100;100;100;100,task:5;informational:45;navigational:9;commercial:32;transactional:9
Válvulas e Solenoides para Lavadoras,br,52,76,19,4271,30;36;32;48;59;61;61;95;100;100;100;100,task:5;informational:63;navigational:5;commercial:13;transactional:14
Eggo Waffles and Brastemp Eggo,br,52,28,9,2760,31;35;38;44;98;97;95;96;90;91;100;100,task:5;informational:59;navigational:5;commercial:20;transactional:11
Máquinas de lavar usadas no OLX,br,52,75,15,1414,67;99;100;94;88;94;97;99;100;100;99;98,informational:12;navigational:56;commercial:5;transactional:27
Geladeiras de Inox,br,52,75,11,478,20;54;91;62;62;41;54;100;68;66;54;71,task:3;informational:51;navigational:4;commercial:31;transactional:11
Fogões 4 bocas com grill,br,52,61,11,407,23;35;43;33;33;34;53;100;72;42;37;44,task:3;informational:46;navigational:1;commercial:46;transactional:4
Cooktops Gourmand e Eletrodomésticos de Cozinha,br,52,44,12,359,20;38;43;32;50;33;30;43;42;66;58;100,task:7;informational:57;navigational:5;commercial:18;transactional:13
Fornos a gás embutidos,br,51,55,33,21263,59;83;91;84;97;97;98;98;100;100;100;100,task:2;informational:37;navigational:4;commercial:45;transactional:12
Máquinas de lavar com vazamento de água,br,51,73,13,9663,91;97;82;79;88;88;89;98;100;100;100;100,task:2;informational:78;navigational:5;commercial:13;transactional:2
Rolamentos de máquina de lavar,br,51,60,10,3591,37;43;43;64;100;100;100;75;89;89;88;88,task:5;informational:61;navigational:5;commercial:14;transactional:15
Geladeiras de 550 litros e peso,br,51,77,11,3094,16;40;42;60;60;54;52;100;77;82;74;91,task:3;informational:71;navigational:4;commercial:16;transactional:6
Freezers Inox Verticais Frost Free,br,51,53,12,2996,85;99;100;51;43;46;47;51;52;52;55;54,task:5;informational:32;navigational:9;commercial:37;transactional:17
Torneiras e Adaptadores para Máquina de Lavar,br,51,72,7,712,50;59;59;57;98;100;76;64;65;69;65;66,task:5;informational:56;navigational:5;commercial:24;transactional:10
Pés e peças para máquinas de lavar,br,50,67,20,10810,44;52;54;57;98;99;99;95;99;100;98;98,task:5;informational:36;navigational:2;commercial:29;transactional:28
Mangueiras para Lava-Louças,br,50,71,13,658,21;42;43;27;39;29;43;37;34;100;86;92,task:5;informational:40;navigational:3;commercial:29;transactional:23
Refrigeradores Frigocopa,br,50,55,7,612,8;12;15;44;44;15;15;21;16;100;97;78,task:3;informational:31;navigational:31;commercial:17;transactional:18
Lâmpadas de Geladeira Consul e Frost Free,br,50,48,10,571,36;46;47;76;93;94;94;100;62;70;61;43,task:3;informational:61;navigational:4;commercial:25;transactional:7
Atuadores de freio para Brastemp e Consul,br,50,38,18,557,50;56;56;52;54;57;56;100;66;78;77;76,task:2;informational:47;navigational:5;commercial:19;transactional:27
Lavadoras Midea 13kg com sistema ciclone,br,50,83,5,452,27;43;43;86;86;100;92;58;55;72;51;54,task:2;informational:70;navigational:3;commercial:15;transactional:10
Adegas Dual Zone 29 Garrafas,br,50,55,6,204,21;84;100;34;34;39;91;95;88;98;85;84,task:7;informational:53;navigational:4;commercial:29;transactional:7
Máquinas de Lavar Roupa,br,49,88,464,671917,53;52;62;71;94;94;94;100;99;99;99;99,task:5;informational:45;navigational:5;commercial:36;transactional:9
Whirlpool e Consul no Brasil,br,49,25,34,37773,25;28;31;48;95;95;95;89;100;100;100;100,task:2;informational:43;navigational:27;commercial:19;transactional:9
Fogões de Embutir 4/5 Bocas no Brasil,br,49,39,31,28579,71;69;71;69;82;82;82;100;71;71;71;71,task:2;informational:42;navigational:10;commercial:31;transactional:15
Geladeiras: melhores marcas e custo-benefício,br,49,53,43,24218,24;27;33;45;88;89;89;98;100;100;100;100,task:5;informational:42;navigational:1;commercial:48;transactional:4
Melhores Fogões e Marcas,br,49,49,35,17062,25;30;28;44;63;64;64;100;100;100;100;100,task:2;informational:37;navigational:3;commercial:48;transactional:10
Fogões com forno duplo,br,49,53,15,8943,93;97;100;49;51;52;52;43;48;48;48;48,task:2;informational:44;navigational:4;commercial:37;transactional:13
Fogões de Embutir 4 Bocas,br,49,62,14,4587,55;74;77;72;86;90;91;88;100;100;99;99,task:5;informational:40;navigational:2;commercial:40;transactional:13
Resistências de Geladeira,br,49,40,13,3896,32;36;33;85;100;100;100;86;82;83;82;82,task:8;informational:62;navigational:5;commercial:19;transactional:6
Geladeiras e Freezers Usados no OLX,br,49,85,5,1014,45;64;100;82;73;60;61;58;60;61;61;61,task:3;informational:21;navigational:48;commercial:11;transactional:17
Gabinetes para Máquina de Lavar,br,49,58,14,823,79;94;100;56;63;64;67;46;64;66;52;53,task:3;informational:52;navigational:2;commercial:18;transactional:25
Fogões a gás 4 bocas,br,48,39,52,30925,60;61;63;76;85;85;85;97;100;100;100;100,task:4;informational:21;navigational:3;commercial:53;transactional:19
Lavadoras Electrolux 14kg,br,48,76,12,8493,100;42;46;48;58;59;59;45;44;44;44;44,task:2;informational:46;navigational:12;commercial:28;transactional:12
Secadoras de Roupas 17kg,br,48,80,8,1468,12;42;42;36;40;31;33;67;76;100;69;83,task:3;informational:47;navigational:1;commercial:40;transactional:9
Geladeiras Electrolux IB45,br,48,53,7,1185,20;75;74;62;59;40;38;100;47;59;57;74,task:1;informational:53;navigational:40;commercial:5;transactional:1
Geladeiras Bemol e Electrolux,br,48,74,7,755,61;86;88;84;100;76;76;80;81;80;83;83,task:3;informational:38;navigational:18;commercial:18;transactional:23
Fornos Embutidos Nardelli,br,48,56,5,692,91;100;36;29;27;37;33;34;42;41;41;39,task:2;informational:37;navigational:32;commercial:19;transactional:10
Geladeiras 320 litros,br,48,76,8,482,29;56;77;58;50;42;63;32;36;100;59;72,task:3;informational:38;navigational:4;commercial:49;transactional:6
"OLX Salvador: Geladeiras, Fogões e Móveis Usados",br,48,76,6,354,20;32;73;54;56;37;41;100;71;40;34;35,task:5;informational:18;navigational:65;commercial:3;transactional:9
Melhores Micro-ondas com Grill,br,47,64,27,14828,25;30;39;48;100;100;100;100;94;94;95;95,task:2;informational:36;navigational:1;commercial:54;transactional:7
Geladeiras e freezers usados no OLX Brasil,br,47,74,12,6523,85;95;100;97;89;91;92;92;94;94;94;93,task:3;informational:20;navigational:52;commercial:6;transactional:19
Secadoras Carrefour,br,47,53,10,1213,27;92;75;76;49;81;74;53;55;100;84;76,task:2;informational:32;navigational:23;commercial:15;transactional:28
Alvitek em São Paulo,br,47,45,14,732,8;32;30;13;13;16;39;100;66;66;73;62,task:1;informational:22;navigational:58;commercial:5;transactional:14
Geladeiras: preço e tamanho,br,47,63,10,548,15;58;65;42;47;45;42;100;57;29;26;30,informational:57;navigational:2;commercial:30;transactional:11
Freezers Verticais 300L,br,47,60,9,397,30;51;60;46;42;48;57;100;56;37;37;35,task:5;informational:62;navigational:10;commercial:20;transactional:3
Refrigeração em São José dos Pinhais,br,47,63,9,355,21;92;100;63;62;67;58;30;30;31;50;77,task:7;informational:38;navigational:3;commercial:47;transactional:5
Geladeiras Azuis Retrô,br,47,59,8,297,60;93;100;88;87;90;90;67;69;93;91;90,task:3;informational:47;navigational:11;commercial:29;transactional:10
Assistência Técnica Kitchenaid,br,47,57,5,265,82;94;96;95;95;97;98;97;100;97;98;97,task:7;informational:18;navigational:49;commercial:11;transactional:15
Eletromaq Refrigeração e Serviços,br,47,43,6,263,59;70;74;75;78;81;79;72;74;100;74;73,task:3;informational:24;navigational:43;commercial:26;transactional:4
geladeiras brancas frost free,br,47,67,9,228,17;90;92;30;47;46;50;100;77;31;29;36,informational:47;navigational:4;commercial:35;transactional:14
Anúncios de lava-louças no OLX,br,47,78,9,150,46;65;81;100;92;74;48;80;62;62;58;56,task:1;informational:11;navigational:67;commercial:4;transactional:17
Adegas para Vinhos,br,46,43,20,148816,21;21;27;93;22;22;22;100;99;99;99;99,task:2;informational:47;navigational:15;commercial:30;transactional:6
Fogões de Inox 4 Bocas,br,46,36,18,3475,75;99;100;95;90;92;93;87;89;88;90;90,task:7;informational:30;navigational:5;commercial:47;transactional:11
Compressores Embraco EM2U,br,46,35,12,2999,23;25;25;40;98;99;99;91;99;98;100;100,task:2;informational:57;navigational:15;commercial:22;transactional:4
Freezers Verticais 197 Litros,br,46,44,12,1440,24;73;65;54;47;20;31;100;34;40;74;74,task:5;informational:60;navigational:5;commercial:20;transactional:10
Máquinas de lavar 9 kg,br,46,56,8,1041,21;51;55;46;77;61;64;100;60;40;63;93,task:3;informational:49;navigational:1;commercial:43;transactional:4
Geladeiras na Fast Shop,br,46,78,16,874,31;61;63;68;57;53;54;100;62;39;38;39,task:5;informational:32;navigational:19;commercial:23;transactional:21
Geladeiras 580 litros,br,46,61,10,709,18;80;100;66;49;45;46;85;49;73;57;86,task:3;informational:28;navigational:1;commercial:50;transactional:18
Peças de Geladeira Brastemp/Consul,br,46,34,17,570,89;99;100;94;94;99;98;63;58;84;79;57,task:2;informational:44;navigational:15;commercial:14;transactional:25
Botões de Fogão,br,46,46,10,499,55;80;80;77;83;80;78;81;86;87;85;100,task:10;informational:30;navigational:18;commercial:21;transactional:21
Fogões e Cooktops,br,46,71,8,382,14;85;100;19;33;32;30;30;25;31;29;31,task:2;informational:50;navigational:19;commercial:15;transactional:14
Fogões LG e Cooktops,br,46,84,4,350,22;64;70;95;95;61;39;86;64;100;92;100,task:3;informational:49;navigational:16;commercial:15;transactional:17
Lavagem Turbo,br,46,75,5,234,21;89;100;95;100;84;75;40;40;40;40;40,task:5;informational:68;navigational:10;commercial:7;transactional:10
Geladeiras OLX Manaus,br,46,61,7,142,20;47;100;67;77;28;28;54;58;88;65;62,task:4;informational:6;navigational:82;commercial:2;transactional:6
Geladeiras com freezer embaixo,br,45,41,27,26686,98;100;46;51;64;64;64;77;75;75;75;75,task:5;informational:39;navigational:4;commercial:42;transactional:10
Geladeiras Retrô e Vintage,br,45,30,8,3697,71;95;100;95;94;96;98;94;98;98;98;97,task:2;informational:44;navigational:2;commercial:44;transactional:8
Lava-louças Consul,br,45,53,8,3081,85;100;100;98;94;97;97;76;70;79;86;100,informational:51;navigational:15;commercial:16;transactional:18
LG Lava-Louças,br,45,61,9,1671,54;67;70;65;73;74;75;100;73;84;80;77,task:4;informational:56;navigational:17;commercial:11;transactional:12
Secadoras de Roupas Latinas,br,45,46,8,1627,28;65;64;61;57;47;46;67;76;100;88;96,task:2;informational:55;navigational:10;commercial:20;transactional:13
Geladeiras 420 litros,br,45,67,9,1095,13;20;23;20;18;33;32;58;34;76;75;100,task:7;informational:50;navigational:1;commercial:33;transactional:9
Micro-ondas em aço inox,br,45,67,10,1015,100;86;88;91;53;54;54;49;67;67;70;72,task:8;informational:51;navigational:4;commercial:26;transactional:11
Geladeiras com Painel Digital,br,45,71,8,872,20;74;89;66;66;51;50;20;20;100;65;97,task:7;informational:66;navigational:3;commercial:21;transactional:3
Geladeiras Electrolux If55b,br,45,79,4,763,23;40;26;24;52;48;41;100;84;78;57;69,task:3;informational:40;navigational:28;commercial:22;transactional:7
Geladeiras Brastemp 4 portas no Brasil,br,45,54,16,684,6;39;49;24;23;19;37;100;54;68;62;51,task:3;informational:57;navigational:2;commercial:18;transactional:20
Lavadoras Consul 12kg Inox,br,45,83,4,437,24;35;42;28;35;38;48;100;91;48;47;43,task:2;informational:49;navigational:10;commercial:26;transactional:13
Gelomaq Refrigeração e Peças,br,45,26,11,268,53;74;80;82;92;93;85;100;94;89;89;89,task:3;informational:29;navigational:52;commercial:8;transactional:8
Dream Services and Parts,br,45,24,6,165,28;27;31;35;42;62;50;100;63;54;50;49,task:4;informational:35;navigational:25;commercial:18;transactional:18
Conserto de Geladeiras e Assistência Técnica,br,44,62,8,21060,62;67;71;72;63;64;64;100;100;100;100;100,task:5;informational:21;navigational:18;commercial:18;transactional:38
Peças de Fogão,br,44,47,11,10720,87;94;50;56;86;87;87;98;100;100;100;100,task:5;informational:31;navigational:5;commercial:44;transactional:15
Forno Multifuncional com Micro-ondas,br,44,55,9,10156,7;17;21;96;96;97;97;100;100;100;100;100,task:6;informational:50;navigational:5;commercial:29;transactional:10
Lâmpadas de Geladeira e Refrigeração,br,44,45,17,5839,24;34;35;42;82;84;85;100;95;95;97;99,task:2;informational:55;navigational:2;commercial:27;transactional:14
Borrachas de geladeira Consul/Brastemp,br,44,52,7,4828,21;29;32;44;71;73;73;100;99;100;98;97,task:5;informational:43;navigational:9;commercial:23;transactional:20
Lâmpadas para Forno e Fogão,br,44,44,11,2483,32;45;46;46;74;77;77;100;93;93;92;91,task:3;informational:52;navigational:5;commercial:23;transactional:17
Fogões 5 bocas no Magazine Luiza,br,44,70,11,2160,68;98;100;95;92;98;99;90;96;96;97;95,task:3;informational:17;navigational:53;commercial:5;transactional:22
Geladeiras 80 cm de largura,br,44,56,15,1774,12;41;48;32;40;24;24;100;65;77;63;82,task:2;informational:56;navigational:2;commercial:31;transactional:9
Fogões e Cooktops Inox 5 Bocas,br,44,56,8,1370,85;100;59;57;59;62;63;67;67;67;66;66,task:5;informational:31;navigational:2;commercial:47;transactional:15
Geladeiras e Freezers na Americanas,br,44,76,13,1182,69;96;98;94;90;96;97;94;90;90;90;100,task:3;informational:20;navigational:40;commercial:11;transactional:26
Micro-ondas na Fast Shop,br,44,80,14,769,38;55;59;54;72;71;89;100;82;65;65;67,task:5;informational:42;navigational:23;commercial:10;transactional:20
Molduras e embutidos para microondas,br,44,65,6,684,77;90;91;53;52;57;56;71;60;98;96;100,task:8;informational:50;navigational:10;commercial:14;transactional:18
Fogões 4 bocas com forno duplo,br,44,71,6,535,59;69;83;43;38;39;47;100;36;36;36;38,task:2;informational:59;navigational:7;commercial:20;transactional:12
Micro-ondas usados no OLX,br,44,77,8,477,67;91;96;89;70;100;86;83;89;94;94;91,task:7;informational:11;navigational:58;commercial:7;transactional:17
Geladeiras e Fogões no Magazine Luiza,br,44,45,12,424,33;78;100;79;79;47;47;33;34;50;43;47,task:1;informational:26;navigational:43;commercial:11;transactional:19
Máquinas de lavar água não drena,br,44,72,5,272,40;41;65;72;100;88;88;59;59;77;75;73,task:2;informational:78;navigational:2;commercial:10;transactional:8
Freezers verticais frost free 121 litros,br,44,79,4,221,14;70;100;81;41;24;20;75;55;48;47;54,task:7;informational:48;navigational:5;commercial:30;transactional:10
Faltec João Pessoa,br,44,32,13,122,12;21;23;18;19;21;18;100;91;38;18;19,task:7;informational:53;navigational:32;commercial:5;transactional:3
Geladeiras e Refrigeradores Frost Free e Inox,br,43,89,283,715796,27;27;29;35;100;100;100;48;46;46;46;46,task:2;informational:43;navigational:6;commercial:37;transactional:12
Fogões 5 Bocas com Mesa de Vidro,br,43,47,57,77404,73;74;76;83;97;97;97;99;100;100;100;100,task:5;informational:34;navigational:4;commercial:42;transactional:15
Micro-ondas de 20 litros,br,43,71,13,23071,76;80;85;94;97;98;98;97;100;100;100;100,task:2;informational:51;navigational:2;commercial:30;transactional:15
Lavadoras Colormaq,br,43,53,9,12907,93;100;49;57;80;81;82;96;98;98;98;97,task:3;informational:52;navigational:23;commercial:13;transactional:9
Fogões com Forno Elétrico,br,43,44,16,8762,23;31;41;54;99;100;100;74;84;84;84;84,task:2;informational:49;navigational:5;commercial:33;transactional:11
"Geladeiras, freezers e móveis na Lojas Cem",br,43,54,14,6076,20;25;25;35;60;61;61;87;89;90;94;100,task:2;informational:32;navigational:33;commercial:14;transactional:19
Geladeiras 360 litros,br,43,48,10,2144,23;36;42;45;42;43;47;60;92;100;88;94,task:2;informational:41;navigational:19;commercial:35;transactional:3
Pés de Fogão e Acessórios,br,43,37,18,1459,100;58;61;67;62;65;66;52;57;57;56;56,task:4;informational:57;navigational:15;commercial:17;transactional:7
Geladeiras IT70s,br,43,71,4,1204,12;13;16;42;42;32;30;100;53;78;63;74,task:3;informational:38;navigational:29;commercial:12;transactional:18
Micro-ondas 33L,br,43,77,6,1032,39;46;47;82;83;75;74;100;71;62;60;61,task:2;informational:38;navigational:9;commercial:26;transactional:25
Lava-louças e lavadoras compactas,br,43,39,8,929,73;100;71;62;68;56;55;73;66;76;64;69,task:2;informational:65;navigational:5;commercial:22;transactional:6
Geladeiras com Vazamento de Água,br,43,83,6,798,67;70;100;83;80;81;80;85;57;76;68;91,task:2;informational:78;navigational:5;commercial:10;transactional:5
Altimaris Refrigeração em Balneário Camboriú,br,43,43,12,450,56;76;78;79;88;73;70;70;96;100;94;95,task:2;informational:41;navigational:45;commercial:8;transactional:4
Lavadoras Panasonic 16 kg,br,43,63,4,447,56;63;62;60;84;73;77;100;35;44;33;39,task:1;informational:62;navigational:7;commercial:18;transactional:12
lava-louças Tramontina,br,43,93,3,423,55;70;71;84;85;73;74;75;76;90;88;100,task:3;informational:29;navigational:41;commercial:11;transactional:16
Cooktops Oster de 5 bocas,br,43,60,5,306,3;6;6;6;6;14;11;100;83;29;26;27,task:3;informational:47;navigational:5;commercial:18;transactional:27
Forno de Embutir Consul Facilite,br,43,85,3,264,37;51;54;48;43;48;46;79;64;100;86;56,task:3;informational:32;navigational:38;commercial:18;transactional:9
Micro-ondas Elettromec,br,43,61,3,135,43;48;46;57;100;70;91;89;81;61;65;60,task:3;informational:32;navigational:35;commercial:12;transactional:18
Friocontrol Brasil,br,43,49,4,72,44;63;64;62;71;77;66;100;85;50;50;50,task:7;informational:18;navigational:63;commercial:7;transactional:5
Congelamento incorreto em geladeiras,br,42,77,8,9237,91;91;95;96;97;98;98;100;99;100;100;100,task:8;informational:75;navigational:2;commercial:15
Ferramentas para máquinas de lavar,br,42,57,22,6480,20;29;43;60;98;100;100;91;90;90;90;90,task:5;informational:60;navigational:5;commercial:22;transactional:8
Geladeiras Inteligentes e Conectadas,br,42,49,11,3672,33;42;44;25;38;39;39;100;83;87;84;88,task:2;informational:69;navigational:5;commercial:21;transactional:3
Geladeiras e Eletrodomésticos no Ponto Frio,br,42,41,11,3197,72;96;100;96;84;88;89;90;92;87;90;89,task:3;informational:11;navigational:66;commercial:5;transactional:15
Fogões usados no OLX,br,42,72,6,2519,68;98;100;97;90;97;98;92;96;95;95;94,task:7;informational:21;navigational:55;commercial:2;transactional:15
Cooktop Electrolux inox 5 bocas,br,42,83,3,1929,59;85;87;84;77;81;85;78;88;100;86;89,informational:36;navigational:35;commercial:18;transactional:11
Geladeiras Dako,br,42,42,6,1821,82;100;100;96;73;76;76;86;89;90;90;90,task:3;informational:45;navigational:21;commercial:23;transactional:8
Fogões 4 bocas a gás encanado,br,42,44,12,1622,73;83;85;65;70;74;76;80;100;100;98;99,task:2;informational:42;navigational:4;commercial:47;transactional:5
Microondas 40–45 litros,br,42,48,8,1470,80;92;94;50;51;54;56;100;77;77;77;77,task:7;informational:43;navigational:1;commercial:47;transactional:2
Geladeiras Magazine Luiza,br,42,72,10,1292,83;96;61;77;97;98;100;84;48;47;48;47,task:2;informational:43;navigational:33;commercial:8;transactional:14
Válvulas de fogão a gás,br,42,44,6,1275,42;49;34;43;99;100;100;83;91;86;86;92,task:2;informational:76;navigational:5;commercial:14;transactional:3
Lava-louças Continental 14 serviços,br,42,53,5,935,12;80;100;54;52;19;16;29;21;26;24;95,task:3;informational:55;navigational:18;commercial:17;transactional:7
Geladeiras Electrolux IF43 390L,br,42,85,4,889,24;69;72;60;65;54;51;100;42;49;45;41,task:3;informational:55;navigational:11;commercial:19;transactional:12
Frigobars usados OLX Brasil,br,42,72,5,821,68;97;100;97;92;99;100;97;100;100;88;87,task:10;informational:12;navigational:41;commercial:14;transactional:23
Colombo Máquinas de Lavar,br,42,42,8,763,24;82;93;71;63;48;48;82;66;79;77;100,informational:38;navigational:25;commercial:18;transactional:19
Maremais Consertos,br,42,63,5,551,22;57;57;59;19;19;19;100;31;33;53;55,task:7;informational:29;navigational:52;commercial:8;transactional:4
Fogões cinza a gás (4 ou 5 bocas),br,42,55,8,391,29;45;46;49;49;50;41;100;89;45;45;46,task:7;informational:28;navigational:7;commercial:47;transactional:11
Tecmaq Assistência Técnica,br,42,55,4,107,21;22;23;57;57;100;92;24;25;25;25;25,task:3;informational:18;navigational:50;commercial:11;transactional:18
Peças de máquina de lavar,br,41,66,23,27921,27;30;36;45;74;75;75;96;100;100;100;100,task:3;informational:46;navigational:3;commercial:33;transactional:15
Black Friday Brasil: Casas Bahia e Geladeiras,br,41,71,9,6005,22;33;34;42;69;70;71;100;98;99;98;98,task:5;informational:29;navigational:13;commercial:33;transactional:20
Capacitores para máquina de lavar,br,41,41,15,5764,12;18;29;44;69;70;70;100;98;98;99;98,task:5;informational:57;navigational:5;commercial:22;transactional:11
Pés e Suportes para Geladeira,br,41,53,17,5569,39;53;55;56;72;75;76;100;86;86;85;85,task:8;informational:46;navigational:4;commercial:25;transactional:17
Fogões a gás em Lojas Cem,br,41,41,8,4396,37;41;44;41;85;85;87;97;89;100;98;99,task:3;informational:53;navigational:27;commercial:14;transactional:3
Geladeiras 410 litros em inox,br,41,52,8,2901,88;100;100;97;44;47;48;42;43;41;60;61,task:5;informational:42;navigational:10;commercial:22;transactional:21
Geladeiras Frost Free de 400 Litros em Inox,br,41,65,10,1423,22;35;38;30;30;28;28;67;41;49;68;100,task:7;informational:27;navigational:4;commercial:48;transactional:14
Geladeiras db44s,br,41,45,6,1291,10;65;65;53;53;43;50;100;66;80;71;84,task:3;informational:47;navigational:35;commercial:5;transactional:10
Geladeiras 460 litros,br,41,39,9,1198,38;68;75;50;50;53;52;100;71;78;72;76,task:3;informational:44;navigational:8;commercial:32;transactional:13
Refrigeração e Eletrodomésticos,br,41,56,9,1089,13;38;41;43;43;42;36;56;49;63;57;100,task:8;informational:72;navigational:5;commercial:15
Sardanha Refrigeração Joinville,br,41,58,4,1083,49;98;100;92;90;90;75;84;89;86;84;84,task:3;informational:12;navigational:55;commercial:22;transactional:8
Forno de Embutir Casas Bahia,br,41,51,14,987,15;49;44;42;36;21;29;100;75;86;64;68,task:3;informational:15;navigational:54;commercial:11;transactional:17
Forno a gás embutido 78L,br,41,44,14,761,45;53;53;51;55;56;41;72;90;100;41;55,task:4;informational:49;navigational:11;commercial:28;transactional:8
Conserto Lava-Louças,br,41,34,9,659,11;16;16;16;15;15;14;22;19;63;100;91,task:3;informational:38;navigational:9;commercial:26;transactional:24
Geladeiras no Armazém Paraíba,br,41,57,8,454,46;95;100;51;42;48;48;100;65;48;48;49,task:2;informational:24;navigational:45;commercial:9;transactional:20
Geladeiras e Freezers 260 litros,br,41,65,4,280,11;92;100;43;36;25;42;41;29;32;27;34,task:3;informational:46;navigational:11;commercial:30;transactional:10
Fogões 4 bocas e promoções no Brasil,br,40,82,98,233534,32;30;100;33;42;42;42;45;44;44;44;44,task:2;informational:28;navigational:6;commercial:47;transactional:17
Cooktops com Forno Embutido,br,40,47,15,19149,42;46;49;60;90;90;90;100;95;95;95;95,task:5;informational:53;navigational:9;commercial:26;transactional:7
Drenos de Geladeira: Limpeza e Desentupimento,br,40,77,8,8151,55;62;64;73;75;76;76;91;99;99;100;100,task:2;informational:70;navigational:3;commercial:15;transactional:10
Filtros de Máquina de Lavar,br,40,51,13,4200,15;21;23;42;48;46;46;73;75;82;94;100,task:5;informational:59;navigational:7;commercial:17;transactional:12
Tele Rio: Eletrodomésticos e Lojas,br,40,49,5,4140,76;95;100;97;90;91;92;96;95;95;98;97,task:1;informational:38;navigational:41;commercial:12;transactional:8
Geladeiras Samsung 460L Inverter,br,40,62,4,2223,11;65;65;48;41;30;26;100;50;78;61;89,task:5;informational:46;navigational:7;commercial:15;transactional:27
lava-louças 16 serviços,br,40,48,12,1621,33;39;44;40;74;74;77;89;77;72;68;100,task:2;informational:48;navigational:6;commercial:34;transactional:10
Geladeiras 380 litros,br,40,43,9,1413,35;69;81;62;47;48;50;94;76;86;84;100,task:3;informational:54;navigational:4;commercial:28;transactional:11
Fogões e cooktops brancos,br,40,60,7,1290,63;97;100;88;83;82;82;92;82;82;79;79,task:3;informational:56;navigational:5;commercial:25;transactional:11
Evaporadores de Geladeira,br,40,80,5,1201,31;40;40;37;48;48;33;75;66;100;92;100,task:5;informational:63;navigational:4;commercial:20;transactional:8
Lavadoras que transbordam,br,40,81,4,1149,62;62;63;72;72;72;72;74;66;71;88;100,task:9;informational:73;navigational:4;commercial:4;transactional:10
Portas de Geladeira,br,40,40,8,828,60;45;100;97;97;89;87;48;48;51;45;85,task:5;informational:63;navigational:5;commercial:13;transactional:14
Lavadoras Consul 10kg,br,40,54,5,691,88;99;100;56;75;70;72;98;52;53;51;53,task:2;informational:57;navigational:15;commercial:18;transactional:8
Ventiladores para Freezer,br,40,50,6,674,31;41;43;30;44;45;46;100;54;53;53;55,task:2;informational:64;navigational:5;commercial:20;transactional:9
Refrigeração e Peças Refrilar,br,40,24,5,305,46;50;53;54;53;53;53;54;53;47;47;100,task:3;informational:29;navigational:41;commercial:22;transactional:5
Fogões Novo Mundo,br,40,33,8,288,10;24;31;20;19;24;19;100;68;20;19;20,task:1;informational:24;navigational:47;commercial:11;transactional:17
Secadoras de roupas no Brasil,br,39,75,52,49370,45;47;50;59;68;68;68;100;73;73;73;73,task:8;informational:42;navigational:6;commercial:35;transactional:9
Geladeiras: transporte e ligar após mudança,br,39,55,16,24700,91;94;93;100;100;100;100;96;98;98;98;98,task:10;informational:71;navigational:5;commercial:10;transactional:4
Lavadoras e Lava-Louças Hisense,br,39,50,6,11699,12;19;21;30;87;89;89;96;100;100;99;100,task:2;informational:60;navigational:10;commercial:17;transactional:11
Coifas de ilha para fogão 5 bocas,br,39,31,9,7469,74;85;91;97;98;100;100;85;92;92;92;91,task:2;informational:24;navigational:8;commercial:53;transactional:13
Geladeiras Midea 425 litros,br,39,62,4,4534,14;18;18;19;89;91;93;82;84;100;95;83,task:2;informational:43;navigational:5;commercial:38;transactional:12
Geladeiras Consul Inverse com Freezer embaixo,br,39,85,4,4031,56;63;65;98;99;100;100;99;34;33;33;33,task:2;informational:47;navigational:11;commercial:20;transactional:20
Assistência técnica Lava e Seca (Brasil),br,39,85,5,2907,58;77;76;74;88;93;94;93;100;100;100;99,task:10;informational:41;navigational:22;commercial:15;transactional:12
Máquinas de lavar 8kg,br,39,59,6,2720,61;73;77;39;42;44;45;100;66;72;60;60,task:4;informational:42;navigational:1;commercial:43;transactional:10
Secadoras 11kg STL11 e Similares,br,39,53,5,1252,43;83;79;57;56;46;45;76;85;100;76;83,task:5;informational:44;navigational:12;commercial:27;transactional:12
Motores e Compressores Consul para Geladeiras,br,39,43,5,1072,40;48;42;57;63;65;71;100;65;65;67;68,task:2;informational:48;navigational:10;commercial:22;transactional:18
Geladeiras compactas para apartamento,br,39,69,5,1029,22;86;92;88;91;94;93;79;100;70;69;72,task:3;informational:63;navigational:5;commercial:21;transactional:8
Geladeiras 300 litros no Brasil,br,39,56,8,894,10;31;46;31;30;29;39;67;40;100;84;82,task:10;informational:34;navigational:4;commercial:35;transactional:17
Geladeiras Pretas Frost Free,br,39,61,12,695,40;61;73;97;96;89;85;96;63;100;86;82,task:2;informational:57;navigational:2;commercial:25;transactional:14
Máquinas de lavar Ferreira Costa,br,39,63,13,613,5;37;41;17;15;17;17;100;66;39;30;34,informational:28;navigational:48;commercial:8;transactional:16
OLX móveis e eletrodomésticos em Recife e região,br,39,78,3,478,37;42;100;76;76;39;39;39;39;49;47;47,task:2;informational:10;navigational:66;commercial:8;transactional:14
Fogão de Embutir: Instalação e Acessórios,br,39,82,4,342,47;83;98;89;85;67;68;90;87;100;88;99,task:3;informational:74;navigational:5;commercial:14;transactional:4
Forno e micro-ondas embutidos,br,38,55,19,29573,79;81;40;49;73;73;73;100;87;87;87;87,task:2;informational:52;navigational:4;commercial:33;transactional:9
Lavadoras de 18kg Panasonic e Electrolux,br,38,64,10,12143,78;86;43;60;89;90;90;94;100;100;100;100,task:8;informational:47;navigational:2;commercial:31;transactional:12
Borrachas de Geladeira (Electrolux/Brastemp),br,38,54,7,8780,16;22;22;28;51;52;52;94;100;100;100;100,task:2;informational:49;navigational:5;commercial:26;transactional:18
Geladeiras em aço inox,br,38,63,7,6792,20;29;29;34;99;100;100;73;77;77;77;77,task:3;informational:54;navigational:4;commercial:35;transactional:4
Embraco: Compressores e motores de geladeira,br,38,25,7,4522,85;48;50;74;95;99;100;93;97;97;100;100,task:2;informational:56;navigational:16;commercial:15;transactional:11
Geladeiras Electrolux IB55 488L,br,38,44,5,3693,73;93;59;54;70;64;64;56;62;65;70;100,task:2;informational:57;navigational:10;commercial:21;transactional:10
Lava-louças com função de higienizar,br,38,61,6,3674,24;33;43;72;78;74;74;100;72;73;84;85,task:2;informational:63;navigational:5;commercial:22;transactional:8
Capas para Máquina de Lavar,br,38,62,9,3122,68;96;99;95;90;96;98;94;100;100;100;100,task:3;informational:56;navigational:8;commercial:24;transactional:9
Códigos de erro de lava e seca,br,38,55,6,2991,88;92;100;94;88;88;89;85;88;88;89;89,task:2;informational:76;navigational:5;commercial:8;transactional:9
Capas para Máquinas de Lavar,br,38,44,14,2360,67;96;98;91;90;96;99;92;100;100;100;99,task:3;informational:47;navigational:8;commercial:27;transactional:15
Fogões Fischer Embutidos,br,38,46,6,2277,75;89;88;55;54;56;57;44;70;72;87;100,task:2;informational:28;navigational:38;commercial:22;transactional:10
Geladeiras 440 litros,br,38,49,13,1018,25;60;69;50;49;34;37;100;37;41;46;73,task:3;informational:40;navigational:6;commercial:30;transactional:21
Bemol: promoções e eletrodomésticos,br,38,47,4,923,40;54;62;51;48;49;49;100;71;71;66;70,task:2;informational:40;navigational:30;commercial:14;transactional:14
Panasonic Fogões e Cooktops,br,38,50,5,891,38;57;60;56;51;55;55;80;83;100;61;62,task:3;informational:33;navigational:32;commercial:23;transactional:9
Vertical Freezers 220V/127V,br,38,80,5,699,51;74;75;73;63;77;67;61;73;78;93;100,task:3;informational:51;navigational:4;commercial:38;transactional:4
Geladeiras e freezers 230 litros,br,38,63,5,615,8;22;28;16;26;36;14;100;82;52;44;42,task:3;informational:49;navigational:4;commercial:29;transactional:15
Reparos de Refrigeração,br,38,28,7,568,58;79;80;77;85;95;75;84;100;100;89;89,task:17;informational:40;navigational:19;commercial:8;transactional:16
Praxis Eletrodomésticos,br,38,45,3,533,70;58;59;100;94;83;78;91;82;59;58;72,task:5;informational:48;navigational:23;commercial:13;transactional:11
Fogões embutidos em bancada de mármore,br,38,63,5,519,86;97;100;62;66;66;63;64;59;69;64;91,task:5;informational:49;navigational:2;commercial:36;transactional:8
Microondas 25 litros,br,38,70,5,483,57;85;100;80;100;72;69;80;76;72;77;78,task:7;informational:40;navigational:4;commercial:38;transactional:11
Geladeiras Frost Free Brasil,br,38,64,13,422,34;91;87;71;67;48;43;100;34;34;28;34,task:2;informational:39;navigational:12;commercial:31;transactional:16
Conserto de Geladeiras em Florianópolis e Palhoça,br,38,38,8,149,44;63;58;51;64;63;66;93;100;84;72;83,task:3;informational:22;navigational:33;commercial:37;transactional:5
Relés e protetores térmicos para geladeiras,br,37,54,21,27756,15;19;29;56;79;79;79;99;100;100;100;100,task:10;informational:54;navigational:5;commercial:23;transactional:8
Geladeiras 2 portas e side by side,br,37,72,11,14122,54;60;71;84;88;88;88;100;95;95;95;95,task:2;informational:54;navigational:2;commercial:32;transactional:10
Geladeiras Vazando Água,br,37,58,11,8859,98;100;100;99;93;94;94;96;92;92;92;92,task:5;informational:76;navigational:5;commercial:5;transactional:9
Fogões de Indução 5 Bocas,br,37,46,5,5452,39;22;26;28;29;29;29;92;87;87;94;100,task:8;informational:56;navigational:7;commercial:16;transactional:13
Geladeiras Panasonic 387L,br,37,76,4,3610,86;98;100;51;47;50;51;56;56;56;55;56,task:2;informational:60;navigational:10;commercial:18;transactional:10
Fogões Samsung,br,37,64,4,2389,41;78;88;72;60;60;61;58;67;81;98;100,task:3;informational:36;navigational:21;commercial:16;transactional:24
Geladeiras Consul 400 litros,br,37,52,5,2133,11;21;27;20;31;22;37;19;15;33;41;100,task:3;informational:45;navigational:4;commercial:36;transactional:12
Geladeiras Samsung RS52 490L,br,37,74,3,1905,6;42;50;41;42;41;30;100;49;83;65;82,task:2;informational:44;navigational:9;commercial:34;transactional:11
Whirlpool Brasil: Vagas e Contatos,br,37,30,16,1846,42;54;59;56;63;75;67;100;85;85;60;61,task:2;informational:36;navigational:34;commercial:20;transactional:8
Beko Ev Aletleri,br,37,30,5,1482,71;96;100;99;76;76;76;94;78;96;92;93,informational:32;navigational:55;commercial:9;transactional:4
Lava-louças Panasonic,br,37,47,6,1293,68;79;83;79;77;86;85;100;54;82;68;94,task:5;informational:61;navigational:10;commercial:16;transactional:8
Eletrodomésticos Bertazzoni,br,37,16,4,1175,88;99;100;100;53;56;54;57;60;60;62;62,task:5;informational:40;navigational:10;commercial:18;transactional:27
Micro-ondas Oster,br,37,48,5,980,19;22;22;21;21;49;34;22;22;46;95;100,task:3;informational:31;navigational:41;commercial:10;transactional:15
Máquinas de lavar Zema,br,37,51,4,964,13;14;15;27;27;25;22;27;21;24;21;100,task:4;informational:33;navigational:30;commercial:11;transactional:22
Forno de Embutir Mueller,br,37,60,3,856,42;56;55;55;64;68;63;65;81;100;78;79,task:3;informational:35;navigational:35;commercial:15;transactional:12
Lavadoras de roupas,br,37,60,9,774,36;74;82;68;41;51;53;41;64;84;56;100,task:7;informational:37;navigational:10;commercial:18;transactional:28
Geladeiras Midea 347 litros,br,37,68,3,599,52;32;30;30;33;38;38;100;67;63;41;43,task:2;informational:46;navigational:5;commercial:25;transactional:22
Fogões 5 bocas com grill,br,37,68,5,584,89;99;100;55;41;41;43;37;28;29;28;30,task:5;informational:59;navigational:2;commercial:26;transactional:8
Fogões Colombo,br,37,54,6,521,38;52;54;48;47;51;50;100;68;86;57;64,task:3;informational:26;navigational:39;commercial:11;transactional:21
Painel/placa de máquinas de lavar Consul 10–11 kg,br,37,29,6,476,80;93;96;93;88;87;100;64;58;79;76;69,task:5;informational:19;navigational:10;commercial:18;transactional:48
Freezers verticais Frost Free 234 litros,br,37,42,6,380,17;33;57;41;49;46;34;100;84;95;37;46,task:7;informational:39;navigational:6;commercial:31;transactional:17
Fogões 4 Bocas no Magazine Luiza,br,37,60,9,283,39;53;100;79;78;48;46;49;44;44;45;52,task:3;informational:22;navigational:42;commercial:12;transactional:21
Freezers verticais usados no OLX,br,37,74,4,260,33;50;59;45;50;46;43;100;75;52;48;52,task:3;informational:16;navigational:64;commercial:7;transactional:10
Peletro Refrigeração Brasil,br,37,45,3,221,40;47;49;78;78;100;80;78;68;48;48;48,task:3;informational:30;navigational:44;commercial:19;transactional:4
Brasfrio Refrigeração,br,37,26,3,137,65;70;73;72;72;100;96;76;76;76;77;76,task:3;informational:39;navigational:34;commercial:20;transactional:4
Mangueiras para Máquina de Lavar,br,36,48,12,31780,31;15;17;40;51;51;51;100;97;97;97;97,task:3;informational:37;navigational:4;commercial:29;transactional:27
Cooktops inox 5 bocas,br,36,41,14,13779,49;53;66;73;99;100;100;84;79;79;79;79,task:2;informational:55;navigational:4;commercial:32;transactional:7
Geladeiras e Freezers,br,36,34,9,13701,18;23;24;44;80;81;81;90;100;100;100;100,task:6;informational:69;navigational:4;commercial:16;transactional:5
Geladeiras 450 litros,br,36,43,9,10298,79;89;91;87;83;84;84;82;99;100;99;100,task:5;informational:39;navigational:4;commercial:42;transactional:10
Ventiladores de Geladeira,br,36,51,8,4203,74;41;50;59;89;92;93;100;99;99;100;99,task:5;informational:60;navigational:5;commercial:15;transactional:15
Filtros para depuradores de cozinha,br,36,38,8,3532,35;51;52;70;78;82;80;73;100;100;100;100,task:5;informational:58;navigational:3;commercial:21;transactional:13
Micro-ondas 31 litros Electrolux MI41S,br,36,74,4,3393,86;100;100;56;55;58;59;53;56;55;55;55,task:3;informational:53;navigational:14;commercial:22;transactional:8
Geladeiras Esquentando: Guia de Suporte,br,36,89,4,3199,93;96;95;91;92;93;93;99;100;100;100;100,task:2;informational:83;navigational:5;commercial:5;transactional:5
Geladeiras com Condensação,br,36,76,4,2375,59;73;75;73;65;61;60;67;57;57;95;100,task:8;informational:67;navigational:5;commercial:15;transactional:5
Fogões Bosch 4 e 5 bocas,br,36,46,7,1895,84;98;100;96;43;47;48;54;63;80;60;58,task:2;informational:46;navigational:4;commercial:39;transactional:9
Speed Queen Washers,br,36,48,3,1874,45;50;89;89;94;95;96;100;97;98;95;96,task:5;informational:50;navigational:17;commercial:12;transactional:16
Fogões Cooktop Mueller 4 Bocas,br,36,51,3,1415,46;100;100;90;67;71;71;76;71;71;72;72,task:7;informational:44;navigational:4;commercial:28;transactional:17
Geladeiras de 60–75 cm de largura,br,36,54,12,1293,13;59;65;25;25;18;31;100;65;92;86;97,task:2;informational:45;navigational:4;commercial:40;transactional:9
Geladeiras com gavetas,br,36,67,7,1259,24;68;68;60;59;36;36;80;98;71;74;100,task:7;informational:61;navigational:2;commercial:23;transactional:7
Geladeira Electrolux DF35A,br,36,84,3,1141,40;41;41;49;49;55;55;100;88;98;88;90,task:2;informational:59;navigational:15;commercial:14;transactional:10
Fogões Fischer 4 Bocas,br,36,63,3,892,74;94;100;91;83;84;84;75;86;89;82;83,task:3;informational:29;navigational:5;commercial:30;transactional:33
Geladeiras Electrolux TF55S,br,36,44,4,757,26;95;100;90;82;68;61;54;61;72;59;64,task:1;informational:39;navigational:38;commercial:12;transactional:10
Gaseificadores de água com gás,br,36,26,4,712,38;51;51;50;61;62;54;100;59;54;54;56,task:5;informational:46;navigational:11;commercial:21;transactional:17
Micro-ondas Philco 26L,br,36,64,4,550,41;47;49;46;100;89;72;42;30;50;34;40,task:3;informational:53;navigational:14;commercial:22;transactional:8
Fogões Mueller Decorato 5 Bocas,br,36,38,4,505,25;45;53;47;69;68;65;100;88;46;40;47,task:7;informational:33;navigational:21;commercial:25;transactional:14
Fogões Consul 5 Bocas Inox,br,36,53,3,475,34;47;48;45;35;44;80;100;43;50;40;57,task:3;informational:36;navigational:32;commercial:12;transactional:17
Fogões Bemol,br,36,63,6,371,63;84;89;80;97;75;75;94;91;100;97;90,task:7;informational:31;navigational:29;commercial:11;transactional:22
Adegas para Apartamento,br,36,72,6,354,95;100;68;73;80;78;78;97;85;91;86;95,task:8;informational:70;navigational:2;commercial:18;transactional:2
Fogões Atlas,br,35,38,8,7015,38;50;37;37;87;90;88;100;99;99;99;99,task:2;informational:44;navigational:21;commercial:24;transactional:9
Freezers verticais Consul,br,35,53,7,5560,77;91;100;99;83;84;85;88;92;93;92;92,task:3;informational:55;navigational:19;commercial:14;transactional:9
Ventiladores de Geladeira Electrolux,br,35,77,3,5032,32;38;34;41;80;80;80;100;94;95;96;99,informational:54;navigational:5;commercial:25;transactional:16
Medidas de Micro-ondas,br,35,78,6,3102,20;24;37;61;70;73;73;99;100;100;100;100,task:8;informational:64;navigational:4;commercial:20;transactional:4
Geladeiras Samsung Twin Cooling Plus,br,35,49,4,2514,11;40;52;41;48;39;31;100;71;66;88;83,task:3;informational:54;navigational:15;commercial:9;transactional:19
Fornos Venax embutidos,br,35,60,3,2217,89;100;100;56;81;84;84;83;91;98;85;85,task:2;informational:49;navigational:15;commercial:16;transactional:18
Instalação e Nicho de Lava-Louças,br,35,86,3,2094,89;93;98;89;76;77;76;66;76;77;95;100,task:2;informational:76;navigational:5;commercial:8;transactional:9
Lavadoras Consul 13kg,br,35,81,3,1981,56;68;69;74;77;78;79;100;66;60;60;60,informational:34;navigational:30;commercial:20;transactional:16
Indução Electrolux IE80P: Cooktops e Fogões,br,35,74,3,1669,81;100;79;92;96;98;98;76;70;74;72;78,task:2;informational:47;navigational:30;commercial:15;transactional:6
Geladeiras Electrolux 382 litros,br,35,62,3,1578,28;45;55;47;50;46;37;100;77;93;77;94,task:7;informational:39;navigational:15;commercial:29;transactional:10
Fogões Espelhados,br,35,40,7,1434,27;40;47;41;37;39;40;65;58;59;91;100,task:7;informational:51;navigational:4;commercial:27;transactional:11
Geladeiras 470 litros,br,35,48,10,1345,19;62;69;50;48;37;37;100;50;57;49;85,task:7;informational:39;navigational:4;commercial:32;transactional:18
Máquinas de lavar Midea 15kg,br,35,59,3,1290,35;58;63;56;67;58;70;73;60;100;89;86,informational:26;navigational:17;commercial:15;transactional:42
Lavadora Consul 15kg (CWH15AB),br,35,69,3,1071,14;30;35;26;25;44;45;35;28;100;87;63,task:2;informational:39;navigational:31;commercial:21;transactional:7
Geladeiras na Angeloni,br,35,55,12,1060,19;77;82;70;33;29;38;100;70;80;73;93,informational:33;navigational:34;commercial:14;transactional:19
Geladeiras GE Profile Side by Side,br,35,57,3,914,48;51;53;46;46;58;56;82;50;86;89;100,task:4;informational:64;navigational:6;commercial:23;transactional:3
Refrigeradores e Freezers 600 litros,br,35,48,10,894,12;59;100;66;49;37;33;94;46;39;56;84,task:5;informational:45;navigational:11;commercial:33;transactional:6
Fogões/Cooktops Fischer Platinium,br,35,45,3,890,88;100;82;79;92;94;85;100;100;100;80;80,task:2;informational:47;navigational:25;commercial:12;transactional:14
Freezers com gavetas,br,35,78,5,839,45;67;68;65;64;66;66;68;90;100;68;68,task:3;informational:53;navigational:4;commercial:31;transactional:9
Lavadoras Mueller Popmatic 8kg,br,35,37,3,804,2;4;5;25;29;42;33;100;99;74;53;52,task:10;informational:57;navigational:5;commercial:18;transactional:10
Porta e cestos de talheres para lava-louças,br,35,43,15,785,16;24;25;25;32;34;30;64;52;86;77;100,task:7;informational:36;navigational:11;commercial:32;transactional:14
Fogões Electrolux 76GS com 5 bocas,br,35,63,3,715,11;12;12;16;45;58;54;100;70;89;86;86,task:3;informational:72;navigational:2;commercial:12;transactional:11
Geladeiras até 2500 reais,br,35,76,5,703,16;62;78;72;63;60;77;100;80;66;65;69,task:5;informational:29;navigational:1;commercial:56;transactional:9
Lavadoras Consul 14 kg,br,35,82,2,561,25;36;35;32;49;53;39;37;90;100;46;50,task:3;informational:24;navigational:31;commercial:29;transactional:13
Casas Bahia em Barueri,br,35,77,2,509,13;14;15;14;14;31;48;63;47;100;86;55,task:3;informational:15;navigational:58;commercial:5;transactional:19
Eletrovel: Serviços e Peças para Eletrodomésticos,br,35,44,4,507,29;42;43;43;34;98;76;36;38;38;38;100,task:3;informational:51;navigational:18;commercial:16;transactional:12
Refrigeração Barni Joinville,br,35,37,6,322,30;98;100;89;87;31;31;43;43;44;40;39,task:3;informational:27;navigational:48;commercial:8;transactional:14
Forno de Embutir Electrolux 73 L,br,35,77,2,317,13;15;14;13;35;27;47;100;84;54;46;34,task:3;informational:73;navigational:5;commercial:12;transactional:7
Freezers Artico,br,35,56,2,275,37;51;51;48;68;77;100;49;39;41;52;52,task:1;informational:53;navigational:18;commercial:22;transactional:6
Frigobar Midea Retrô,br,35,83,2,268,34;52;56;48;66;100;73;40;43;42;46;49,task:1;informational:45;navigational:20;commercial:20;transactional:14
Duporto Refrigeração e Indústria Alimentícia,br,35,40,3,224,16;18;18;17;17;17;18;18;19;100;87;19,task:1;informational:18;navigational:62;commercial:8;transactional:11
Magazine Luiza em Viamão e Santa Isabel,br,35,94,2,161,78;82;83;88;76;80;76;100;93;75;77;84,task:1;informational:28;navigational:38;commercial:31;transactional:2
Motores de Geladeira,br,34,34,9,27302,18;22;25;36;98;98;98;100;99;99;99;99,task:2;informational:64;navigational:5;commercial:19;transactional:10
Lavadoras Midea 13kg,br,34,63,5,15305,19;27;29;33;100;100;100;100;83;83;82;82,task:2;informational:48;navigational:5;commercial:27;transactional:18
Geladeiras Bosch,br,34,41,5,14193,27;30;32;70;79;80;82;99;100;100;100;100,task:2;informational:62;navigational:8;commercial:21;transactional:7
Termostatos de Geladeira Consul,br,34,33,5,8195,22;27;26;43;99;100;100;98;99;99;99;99,informational:65;navigational:5;commercial:20;transactional:10
Geladeiras com portas reversíveis,br,34,42,8,6626,29;36;33;49;93;93;93;97;100;100;100;100,task:5;informational:69;navigational:4;commercial:20;transactional:2
Geladeiras no Mercado Livre,br,34,74,13,4139,87;98;100;54;69;71;71;52;56;56;56;56,task:1;informational:24;navigational:37;commercial:12;transactional:26
Finish Lava Louças e Powerball,br,34,82,4,4016,67;87;92;93;92;95;96;97;99;99;100;100,task:3;informational:62;navigational:7;commercial:18;transactional:10
Refrigeradores e freezers de 300 litros,br,34,47,4,2082,83;99;100;96;93;96;98;94;52;55;53;51,task:2;informational:50;navigational:4;commercial:27;transactional:17
Compre Certo Brasil,br,34,37,6,1622,100;59;61;57;69;67;62;60;66;65;65;64,task:8;informational:12;navigational:23;commercial:10;transactional:47
Geladeiras Samsung RL4353 e Barosa,br,34,46,5,1485,8;70;71;52;49;33;29;92;46;100;83;65,task:2;informational:66;navigational:5;commercial:18;transactional:9
Geladeiras TCL,br,34,65,4,1325,28;62;70;51;51;45;40;100;71;84;68;76,task:3;informational:59;navigational:13;commercial:13;transactional:12
Geladeiras Philco French Door,br,34,57,3,1259,15;24;25;50;28;39;36;84;53;73;59;100,task:10;informational:40;navigational:7;commercial:24;transactional:19
Geladeiras com Filtro de Água,br,34,47,11,1182,40;75;77;58;64;57;54;35;36;70;84;100,task:3;informational:67;navigational:5;commercial:15;transactional:10
Fornos Elétricos Venâncio,br,34,48,2,891,92;100;100;48;47;52;52;58;60;62;53;52,task:2;informational:40;navigational:19;commercial:30;transactional:9
Coifas e depuradores Consul,br,34,71,3,869,70;90;100;49;50;50;50;51;64;68;64;69,task:2;informational:40;navigational:29;commercial:13;transactional:16
Cooktop Fischer Infinity 4 Bocas,br,34,44,4,838,9;16;21;15;38;43;28;47;39;100;83;89,informational:32;navigational:31;commercial:21;transactional:16
Geladeiras Consul 405 litros Frost Free,br,34,85,2,687,39;51;46;37;54;45;37;42;34;100;59;70,task:5;informational:60;navigational:5;commercial:17;transactional:13
Conserto de geladeiras e fogões na Zona Norte,br,34,43,4,500,10;9;11;14;17;12;12;28;21;13;12;100,task:1;informational:12;navigational:2;commercial:33;transactional:52
Fornos Atlas Embutidos,br,34,54,3,452,36;38;39;38;74;38;38;48;46;76;69;100,task:5;informational:35;navigational:35;commercial:19;transactional:6
Fornos Elétricos Colombo,br,34,36,8,452,56;71;74;65;79;73;67;80;56;100;94;100,task:2;informational:27;navigational:39;commercial:7;transactional:25
Cooktops Electrolux 4 Bocas,br,34,49,3,407,9;50;61;15;23;22;38;100;86;26;23;37,task:3;informational:52;navigational:11;commercial:30;transactional:4
Fogões e Cooktops no Magazine Luiza,br,34,52,9,343,65;89;93;88;78;100;86;81;77;77;79;81,task:7;informational:16;navigational:26;commercial:21;transactional:30
Fogões e Cooktops 4 Bocas Inox,br,34,48,3,339,38;59;67;50;73;61;53;98;87;100;89;76,informational:38;navigational:4;commercial:27;transactional:31
Lavadoras Gazin,br,34,46,3,311,16;53;62;39;36;32;28;100;61;83;67;55,task:7;informational:31;navigational:32;commercial:11;transactional:19
Liquidae no Brasil,br,34,51,5,224,30;95;100;88;90;89;75;43;44;46;45;34,task:3;informational:52;navigational:25;commercial:8;transactional:12
Máquinas de lavar Bemol,br,34,54,11,209,17;90;100;58;58;33;35;63;42;24;25;25,task:1;informational:47;navigational:24;commercial:11;transactional:17
Britânia Lava-Louças,br,34,74,2,202,12;16;18;17;33;21;17;27;24;100;83;18,task:3;informational:40;navigational:35;commercial:15;transactional:7
Whirlpool GS3 B2B,br,34,31,3,133,24;29;34;34;34;45;36;30;28;100;70;86,task:3;informational:18;navigational:63;commercial:4;transactional:12
Conserto de Eletrodomésticos em Caxias do Sul,br,34,34,9,122,42;94;100;91;91;50;49;59;62;69;66;58,task:10;informational:12;commercial:50;transactional:28
Conserto de Geladeiras Gravataí,br,34,32,6,69,52;66;73;53;50;58;56;100;65;52;56;69,task:3;informational:12;navigational:23;commercial:47;transactional:15
Micro-ondas e Fornos de Micro-ondas,br,33,89,99,378717,18;21;22;100;45;45;45;46;46;46;46;46,task:8;informational:45;navigational:8;commercial:28;transactional:11
Temperatura da Geladeira,br,33,50,11,21710,94;97;100;99;92;92;92;94;94;94;94;94,task:5;informational:79;navigational:5;commercial:5;transactional:6
Fogão com grill e churrasqueira,br,33,51,9,7853,24;32;33;52;97;98;99;100;100;100;100;100,task:2;informational:62;navigational:4;commercial:21;transactional:11
Cooktops Itatiaia,br,33,40,4,7689,94;100;48;51;54;55;56;61;62;62;62;62,task:2;informational:35;navigational:22;commercial:31;transactional:10
Frigobar Electrolux e Similares,br,33,47,7,6062,88;96;99;99;98;99;99;100;50;50;49;49,task:8;informational:39;navigational:2;commercial:22;transactional:29
Geladeiras e Freezers usados no Brasil,br,33,49,12,5463,56;72;76;88;90;91;91;100;100;99;99;98,task:2;informational:44;navigational:14;commercial:20;transactional:20
Fogões de vidro,br,33,56,10,4988,66;81;86;96;97;100;100;87;91;91;90;90,task:8;informational:55;navigational:5;commercial:22;transactional:10
Micro-ondas 23 litros Electrolux,br,33,53,4,4915,83;98;100;65;78;79;80;67;68;69;70;77,task:3;informational:51;navigational:4;commercial:31;transactional:11
Geladeiras com liga/desliga intermitente,br,33,70,5,4820,78;81;83;100;92;92;93;95;89;89;88;88,task:2;informational:82;navigational:2;commercial:8;transactional:6
Micro-ondas 27 litros (Electrolux e similares),br,33,69,4,4122,90;100;52;59;60;61;61;60;58;58;58;57,task:2;informational:60;navigational:5;commercial:17;transactional:16
Geladeiras Electrolux 431 L,br,33,52,5,3922,89;98;100;100;53;54;54;44;44;45;44;44,task:2;informational:45;navigational:9;commercial:28;transactional:16
Fogões brancos 4 bocas,br,33,48,15,3805,79;96;100;96;85;89;90;96;94;94;93;93,task:2;informational:40;navigational:2;commercial:47;transactional:9
Dishwashers and How to Choose Them,br,33,48,5,3589,37;45;45;45;35;35;36;100;96;88;94;97,task:3;informational:45;navigational:1;commercial:37;transactional:14
Lavadoras que não giram: diagnóstico e soluções,br,33,76,4,3222,77;91;91;100;97;97;97;84;91;91;94;97,task:12;informational:67;navigational:8;commercial:5;transactional:8
Peças e acessórios para Geladeiras Consul/Brastemp,br,33,57,7,3096,39;53;54;71;97;100;100;76;77;76;75;74,task:8;informational:35;navigational:6;commercial:29;transactional:22
Fogões e eletrodomésticos no Mercado Livre,br,33,42,8,2951,85;99;100;51;50;53;54;55;47;47;47;46,task:2;informational:10;navigational:37;commercial:32;transactional:19
Geladeira não liga: problemas comuns,br,33,79,3,2178,20;25;26;60;85;86;87;84;98;99;100;100,task:5;informational:74;navigational:3;commercial:10;transactional:8
Adegas climatizadas para vinhos,br,33,45,14,2114,63;74;75;53;73;73;74;70;75;75;96;100,task:2;informational:37;navigational:3;commercial:51;transactional:7
Micro-ondas sem prato e flat,br,33,76,4,1919,38;45;46;31;28;29;30;100;50;50;50;50,task:2;informational:62;navigational:4;commercial:25;transactional:7
Fogões 4 Bocas Consul Casas Bahia,br,33,72,3,1892,5;11;12;8;18;12;26;100;44;42;52;91,task:7;informational:16;navigational:39;commercial:7;transactional:31
Fogões brancos de 5 bocas,br,33,57,5,1826,71;96;97;86;80;86;87;100;96;87;87;86,task:3;informational:38;navigational:4;commercial:34;transactional:21
Micro-ondas Samsung,br,33,86,2,1808,44;67;68;41;43;33;34;100;43;51;55;61,task:2;informational:68;navigational:10;commercial:15;transactional:5
Acessórios para Fogões 4 Bocas,br,33,54,11,1599,36;47;50;44;56;59;53;100;93;88;86;99,task:2;informational:30;navigational:2;commercial:46;transactional:20
Termostatos e controle de temperatura,br,33,35,5,1587,17;20;21;86;81;82;79;82;84;100;97;100,task:2;informational:56;navigational:4;commercial:20;transactional:18
Geladeiras Vermelhas,br,33,59,13,1159,22;29;29;26;34;40;44;61;42;100;80;76,task:10;informational:40;navigational:7;commercial:32;transactional:11
Freezers com Ponto Frio,br,33,50,5,1015,13;30;29;42;36;45;44;63;37;42;35;100,task:1;informational:19;navigational:48;commercial:12;transactional:20
Fogões e Fornos de Cozinha,br,33,47,4,677,35;56;67;47;60;57;71;100;72;75;68;87,task:8;informational:66;navigational:8;commercial:14;transactional:4
Refrigeração Cascadura,br,33,30,4,661,50;64;67;64;63;100;66;79;76;76;75;74,task:3;informational:25;navigational:37;commercial:25;transactional:10
Lavadoras Electrolux 17kg Perfect Care,br,33,88,2,659,16;100;97;82;80;42;42;24;60;73;48;51,task:3;informational:53;navigational:18;commercial:12;transactional:14
Cooktops: medidas e instalação,br,33,56,5,582,36;99;100;62;83;66;63;47;62;74;72;71,task:8;informational:69;navigational:2;commercial:18;transactional:3
Vedação e borracha para fogão e cooktop,br,33,46,15,537,34;50;52;49;95;100;67;89;89;100;91;92,task:10;informational:57;navigational:1;commercial:28;transactional:4
Freezers verticais 231 L,br,33,54,6,503,14;83;97;74;71;46;38;97;95;100;36;51,informational:54;navigational:4;commercial:28;transactional:14
Fogões de Indução Brancos,br,33,29,7,476,40;78;100;84;84;61;76;96;96;84;66;74,task:13;informational:43;navigational:4;commercial:32;transactional:8
Geladeiras com senha,br,33,81,3,467,4;87;88;49;40;76;59;100;57;72;58;59,task:3;informational:67;navigational:5;commercial:15;transactional:10
Forno Embutido Panasonic,br,33,63,2,306,36;44;43;41;39;92;70;96;65;100;73;69,task:7;informational:31;navigational:18;commercial:19;transactional:25
Geladeiras e Eletrodomésticos Brasil,br,33,60,9,304,17;58;62;44;37;33;33;100;65;17;17;18,task:2;informational:62;navigational:10;commercial:23;transactional:3
Interfrio Refrigeração,br,33,35,2,265,36;42;45;43;43;44;44;45;92;100;50;49,informational:41;navigational:33;commercial:23;transactional:3
Pousadas Casa Verde Petrópolis,br,33,50,2,242,73;100;100;98;84;85;80;74;99;97;76;75,task:1;informational:40;navigational:40;commercial:13;transactional:6
Conserto de Geladeiras em São Paulo,br,33,39,7,174,69;79;84;85;75;89;92;77;95;96;87;100,task:3;informational:24;commercial:58;transactional:15
Conserto de Geladeiras Recife,br,33,36,12,158,62;81;80;72;72;87;94;100;70;75;82;87,task:3;informational:24;navigational:46;commercial:22;transactional:5
Forno Embutido a Gás/Elétrico,br,32,43,13,60574,88;88;36;61;75;75;75;100;80;80;80;80,task:5;informational:56;navigational:3;commercial:23;transactional:13
Fogões 4 Bocas com Tampo de Vidro,br,32,32,7,13323,91;94;100;96;91;91;91;92;93;93;93;93,task:3;informational:46;navigational:1;commercial:37;transactional:13
Geladeiras no Carrefour em promoção,br,32,49,17,11986,90;96;99;51;97;98;98;94;100;96;95;95,task:2;informational:22;navigational:7;commercial:30;transactional:39
Lavadoras que não Enchem Água,br,32,69,6,10085,84;86;90;94;97;97;98;100;99;100;100;99,task:7;informational:78;navigational:6;commercial:5;transactional:4
Máquinas de lavar 12 kg,br,32,63,17,8424,57;66;76;80;95;97;97;100;100;100;100;99,task:5;informational:44;navigational:4;commercial:35;transactional:12
Forno elétrico de embutir Consul,br,32,78,5,6259,81;93;100;99;86;88;88;87;89;88;88;87,task:1;informational:34;navigational:40;commercial:13;transactional:12
Máquinas de lavar no varejo brasileiro,br,32,65,17,5363,86;98;100;68;68;69;69;57;69;69;69;69,task:5;informational:39;navigational:12;commercial:15;transactional:29
Agratto Micro-ondas 32L,br,32,45,3,2668,23;31;31;25;33;37;43;78;70;82;78;100,task:2;informational:41;navigational:25;commercial:10;transactional:22
Fogões Itatiaia e Cooktops,br,32,47,3,2245,43;27;30;50;75;75;77;100;91;72;71;77,task:5;informational:53;navigational:12;commercial:19;transactional:11
Geladeiras Electrolux DF42,br,32,62,3,1746,58;39;48;87;91;100;95;99;93;100;97;100,task:3;informational:43;navigational:22;commercial:23;transactional:9
Wine Coolers & Refrigerators,br,32,80,5,1716,70;83;83;80;96;100;100;91;95;94;100;100,task:2;informational:47;navigational:4;commercial:31;transactional:16
Lavadoras Electrolux 10 kg,br,32,44,3,1686,29;42;48;40;39;41;41;76;66;73;70;100,task:3;informational:46;navigational:11;commercial:29;transactional:11
Lavadoras Panasonic 17kg,br,32,60,2,1396,26;36;43;56;79;81;71;100;71;61;77;97,task:2;informational:58;navigational:10;commercial:20;transactional:10
Cooktop 4 bocas e móveis de cozinha,br,32,39,5,1301,61;84;85;80;78;83;85;84;90;100;83;83,task:7;informational:49;navigational:6;commercial:30;transactional:8
Geladeiras Novo Mundo,br,32,48,12,1290,56;73;77;76;100;76;76;41;46;39;66;82,task:5;informational:32;navigational:20;commercial:13;transactional:30
Peças de Geladeira,br,32,39,7,1243,41;43;44;63;71;74;59;100;98;99;100;100,task:2;informational:69;navigational:5;commercial:13;transactional:11
Cooktops e Fogões de Inox e Aço Escovado,br,32,48,7,1162,62;95;100;86;72;77;80;77;77;77;78;77,task:3;informational:43;navigational:4;commercial:38;transactional:12
Micro-ondas: prato não gira,br,32,74,4,1025,63;64;64;64;84;85;85;88;88;100;95;99,task:8;informational:70;navigational:2;commercial:8;transactional:12
Suportes para Fogões,br,32,72,3,993,50;65;63;67;99;99;100;85;96;100;78;78,task:5;informational:41;navigational:14;commercial:30;transactional:10
geladeiras Consul biplex antigas,br,32,43,3,842,85;99;100;98;68;71;72;65;67;68;65;66,task:2;informational:69;navigational:5;commercial:21;transactional:3
Polar Refrigeração e Assitência Técnica,br,32,26,3,826,40;57;58;53;44;49;50;100;81;84;52;51,task:3;informational:23;navigational:51;commercial:15;transactional:8
Tambor e cesto soltos em máquinas de lavar,br,32,85,5,746,63;63;66;62;95;95;95;95;89;89;89;100,task:7;informational:72;navigational:5;commercial:8;transactional:8
Fogões de mesa a gás inox,br,32,40,5,645,64;89;94;88;92;97;100;100;94;100;89;91,task:10;informational:35;navigational:4;commercial:32;transactional:19
Coifas Oster para ilha e parede,br,32,60,2,638,59;84;87;74;78;80;75;77;89;92;95;100,task:3;informational:42;navigational:1;commercial:29;transactional:25
Rodízios para Geladeira,br,32,42,5,628,28;38;38;82;82;58;100;87;79;75;76;75,task:2;informational:59;navigational:5;commercial:24;transactional:10
Refrigeração Cacique,br,32,51,2,554,62;93;93;88;71;75;74;94;99;100;86;85,task:3;informational:15;navigational:67;commercial:10;transactional:5
Fogões Dako Magister 4 bocas,br,32,48,3,511,9;67;72;55;22;65;36;100;84;72;73;71,task:2;informational:30;navigational:33;commercial:18;transactional:17
Tanquinhos Colormaq 6kg e lavadoras de roupas 6kg,br,32,45,2,390,16;23;23;20;18;39;35;100;29;35;20;22,task:7;informational:43;navigational:8;commercial:32;transactional:10
Assistência técnica de eletrodomésticos em Barueri,br,32,66,8,372,20;43;48;41;56;46;46;96;51;78;97;100,task:3;informational:18;navigational:36;commercial:34;transactional:9
Frigobares Magalu,br,32,46,6,357,65;84;84;81;74;73;68;80;89;99;100;91,task:3;informational:30;navigational:34;commercial:12;transactional:21
Bosch lava-louças,br,32,70,2,354,60;95;94;92;92;96;75;100;95;87;85;97,task:1;informational:49;navigational:10;commercial:34;transactional:6
Braspeças Autopeças,br,32,33,3,260,34;40;44;41;39;100;97;47;43;46;46;49,task:3;informational:16;navigational:53;commercial:23;transactional:5
Refrigeração Castelão Guarujá,br,32,21,4,224,39;43;40;45;45;61;54;44;45;60;100;84,task:3;informational:12;navigational:40;commercial:40;transactional:5
Refrigeração: Freezers Refrimate,br,32,42,2,112,30;63;45;40;53;51;32;100;78;32;32;32,task:3;informational:64;navigational:10;commercial:16;transactional:7
Mercado Livre Micro-ondas Inox,br,32,72,14,103,4;52;49;52;21;81;70;100;64;23;20;20,task:3;informational:28;navigational:35;commercial:12;transactional:22
Coifas e Depuradores de Cozinha,br,31,52,20,86718,23;26;28;86;90;90;90;100;100;100;100;100,task:4;informational:57;navigational:9;commercial:22;transactional:8
Gás Encano e Conversão de Fogões,br,31,74,25,63285,44;41;45;65;86;86;86;98;100;100;100;100,task:2;informational:69;navigational:5;commercial:20;transactional:4
Termostatos de Geladeira,br,31,50,8,47539,23;22;24;85;97;97;97;100;100;100;100;100,task:2;informational:69;navigational:5;commercial:14;transactional:10
Cooktops Consul 4-5 bocas,br,31,73,4,5950,93;97;100;100;38;39;39;40;41;41;41;40,task:3;informational:50;navigational:15;commercial:15;transactional:17
Motores de Micro-ondas,br,31,49,9,5359,33;40;40;55;85;85;85;100;96;96;97;97,task:2;informational:62;navigational:4;commercial:19;transactional:13
Lavadoras Panasonic 12kg Titanio,br,31,46,3,2693,25;39;41;37;37;40;45;81;72;89;100;97,task:1;informational:59;navigational:15;commercial:17;transactional:8
Máquinas de lavar no Brasil,br,31,43,14,2468,82;98;100;58;51;54;55;56;56;68;57;63,task:2;informational:50;navigational:12;commercial:17;transactional:19
Forno elétrico de embutir Carrefour,br,31,49,4,2082,53;78;77;41;80;80;79;42;44;43;97;100,task:1;informational:19;navigational:48;commercial:7;transactional:25
Freezers Casas Bahia,br,31,73,8,2003,62;88;91;88;81;86;89;79;89;91;100;94,task:3;informational:22;navigational:43;commercial:15;transactional:17
Fogões Online Fogaonet,br,31,54,2,1998,55;81;85;89;85;91;91;94;100;100;98;97,task:3;informational:13;navigational:69;commercial:10;transactional:5
Melhores Máquinas de Lavar Roupas,br,31,60,16,1915,23;27;32;31;52;49;52;100;79;86;80;96,task:2;informational:30;commercial:60;transactional:8
Fogatti fornos elétricos,br,31,37,3,1879,60;70;38;41;100;99;99;95;90;93;89;89,informational:44;navigational:23;commercial:23;transactional:10
Micro-ondas de 42 litros,br,31,47,5,1666,83;100;63;57;71;74;79;80;65;75;74;77,task:1;informational:59;navigational:9;commercial:25;transactional:6
Lavadoras Mueller 13kg,br,31,39,4,1555,7;8;8;17;17;33;27;73;64;100;88;95,task:3;informational:36;navigational:4;commercial:41;transactional:16
Geladeiras 451 litros com frost free (CRM56FB e similares),br,31,44,6,1466,25;78;78;61;57;52;49;78;61;69;100;99,task:3;informational:62;navigational:7;commercial:21;transactional:7
Melhores Frigobares,br,31,44,13,1363,26;30;30;69;84;84;94;100;85;82;81;81,task:8;informational:22;navigational:2;commercial:58;transactional:10
Crissair Fogões e Cooktops,br,31,38,2,1332,73;83;84;93;92;94;95;95;98;97;100;100,task:2;informational:44;navigational:37;commercial:7;transactional:10
Geladeiras Midea 4 Portas,br,31,43,4,1249,11;36;37;29;29;26;31;13;17;100;61;95,task:4;informational:41;navigational:1;commercial:32;transactional:22
Secadoras SFP12 12kg,br,31,78,2,1242,13;52;54;46;46;43;37;17;18;80;79;100,task:1;informational:41;navigational:39;commercial:14;transactional:5
Refrigeração e Expositores Refrimate,br,31,18,3,1010,61;84;86;82;87;93;94;96;96;97;100;100,task:3;informational:20;navigational:49;commercial:12;transactional:16
Lavadoras Midea 13kg no Reclame Aqui,br,31,63,2,873,16;100;90;60;57;34;33;79;46;80;60;95,task:13;informational:18;navigational:48;commercial:10;transactional:11
Geladeiras com adega para vinho,br,31,71,4,861,12;29;33;28;28;12;12;12;12;25;22;100,task:10;informational:45;navigational:5;commercial:25;transactional:15
Eletrofrigor Brasil,br,31,42,6,819,39;56;57;55;53;57;57;100;68;63;64;60,task:3;informational:18;navigational:67;commercial:7;transactional:5
Liquidificadores Brastemp,br,31,51,15,768,16;64;79;59;44;28;44;96;53;97;100;100,task:10;informational:18;navigational:17;commercial:43;transactional:12
Freezers verticais Electrolux 162 L,br,31,40,3,766,43;52;55;53;65;60;54;99;100;86;84;93,task:2;informational:41;navigational:15;commercial:16;transactional:26
Em2u80hlp Compressor,br,31,35,5,760,20;20;21;21;66;70;72;100;88;81;78;78,task:2;informational:65;navigational:10;commercial:18;transactional:5
Geladeiras Ferreira Costa,br,31,48,13,744,16;56;64;40;40;39;60;100;64;74;66;79,task:1;informational:18;navigational:48;commercial:11;transactional:22
Electrolux GF75X Cooktop,br,31,71,2,658,6;33;53;17;18;24;36;79;60;100;30;43,task:1;informational:43;navigational:39;commercial:15;transactional:2
Forno Flex Brasil: preços e modelos,br,31,47,2,562,29;94;100;32;31;45;46;40;35;46;39;39,informational:44;navigational:12;commercial:23;transactional:21
Fogões Mueller,br,31,54,2,553,23;27;25;30;35;31;37;100;80;34;32;32,task:5;informational:42;navigational:27;commercial:12;transactional:14
Tampa e sensor da tampa de máquina de lavar Consul 10–11kg,br,31,80,2,463,31;39;40;36;36;36;74;69;58;98;90;100,task:12;informational:55;navigational:5;commercial:8;transactional:20
Perin Refrigeração e Peças – Ribeirão Preto,br,31,29,3,398,27;32;34;40;49;96;100;42;40;35;37;76,task:1;informational:12;navigational:81;commercial:3;transactional:3
Fornos Ramalho,br,31,26,3,393,87;97;100;96;97;99;98;58;59;68;68;70,task:2;informational:20;navigational:33;commercial:33;transactional:12
Lava-louças Electrolux LL08B,br,31,73,2,377,17;19;20;59;59;100;57;47;45;70;65;71,task:3;informational:34;navigational:45;commercial:9;transactional:9
Rei dos Fogões,br,31,62,4,376,35;47;84;66;77;49;31;100;47;50;35;38,task:2;informational:39;navigational:36;commercial:17;transactional:6
Friolar Peças e Refrigeração,br,31,28,4,357,54;69;68;67;70;96;93;91;99;100;94;93,task:3;informational:20;navigational:47;commercial:25;transactional:5
Forno de Embutir a Gás/Elétrico 70L,br,31,51,12,356,28;43;46;36;46;42;53;100;71;96;83;63,task:10;informational:37;navigational:7;commercial:41;transactional:5
Maytag Home Appliances,br,31,34,5,297,43;71;99;89;100;95;94;77;66;67;87;88,task:3;informational:40;navigational:36;commercial:11;transactional:10
Conserto de Geladeiras e Refrigeração em Vila Velha,br,31,43,9,256,61;67;68;68;71;74;75;78;94;94;97;100,task:7;informational:12;navigational:23;commercial:43;transactional:15
Fogões de vidro brancos,br,31,35,4,146,17;53;64;36;31;19;19;92;100;50;46;22,task:3;informational:58;navigational:4;commercial:29;transactional:6
Micro-ondas Bemol,br,31,65,5,141,4;9;9;12;14;11;9;100;53;14;12;15,task:7;informational:32;navigational:19;commercial:15;transactional:27
fornos elétricos digitais,br,31,61,5,127,14;17;21;19;36;43;30;100;61;18;17;17,task:3;informational:49;navigational:4;commercial:33;transactional:11
Geladeiras de Tomate,br,31,36,3,62,14;89;90;51;51;39;100;15;16;16;16;16,task:3;informational:52;navigational:5;commercial:23;transactional:17
Fornos Elétricos,br,30,79,63,147415,42;40;41;53;100;100;100;97;79;79;79;79,task:2;informational:40;navigational:4;commercial:39;transactional:15
Fogões e Cooktops 5 Bocas,br,30,69,32,65411,25;25;26;31;100;100;100;43;34;34;34;34,task:3;informational:41;navigational:4;commercial:39;transactional:13
Limpeza de Máquina de Lavar,br,30,52,16,58643,69;69;75;88;88;88;88;99;100;100;100;100,task:3;informational:77;navigational:5;commercial:8;transactional:7
Magnetron de Micro-ondas,br,30,53,15,30430,25;28;17;84;84;84;84;100;100;100;100;100,task:2;informational:60;navigational:5;commercial:19;transactional:14
Lavadoras Consul 12kg e similares,br,30,43,11,29801,72;74;78;78;86;86;86;100;99;99;99;99,informational:35;navigational:30;commercial:24;transactional:11
Geladeiras: barulhos e falhas comuns,br,30,40,8,16378,73;77;81;93;96;97;97;97;100;100;100;100,task:4;informational:80;navigational:5;commercial:7;transactional:4
Peças para Geladeira e Fogão Electrolux/Consul,br,30,68,7,14892,29;35;40;65;90;90;91;96;100;100;100;100,task:5;informational:30;navigational:12;commercial:34;transactional:19
Compra Certa: cupons e confiança em lojas brasileiras,br,30,55,30,14376,81;93;99;100;100;100;100;100;100;100;100;100,informational:46;navigational:11;commercial:15;transactional:28
Lava-louças Compactas e Instalação,br,30,64,6,12635,70;78;80;84;99;100;100;95;94;94;94;94,task:5;informational:68;navigational:5;commercial:18;transactional:4
Freezers Verticais e Mini Freezers,br,30,59,14,11943,96;100;48;51;54;54;54;52;53;53;53;53,task:5;informational:46;navigational:1;commercial:37;transactional:11
Itajobi Fogões,br,30,19,2,11324,33;39;40;39;38;39;40;29;100;100;100;100,task:2;informational:36;navigational:44;commercial:10;transactional:8
Máquinas de lavar frontais,br,30,72,7,7810,91;97;100;51;55;56;56;62;60;60;60;59,informational:46;navigational:5;commercial:35;transactional:14
Geladeiras Hisense,br,30,38,3,5552,43;54;56;56;79;82;82;88;100;100;100;100,task:2;informational:50;navigational:12;commercial:19;transactional:17
Lavadoras LG com Torre de Lava e Seca,br,30,89,2,3032,80;98;100;98;93;96;97;93;70;72;71;71,task:2;informational:39;navigational:29;commercial:16;transactional:14
Pastilhas para lava-louça,br,30,26,4,1807,76;85;86;49;51;53;53;100;92;93;92;92,task:2;informational:39;navigational:2;commercial:36;transactional:21
Casas Bahia – lojas no Brasil,br,30,50,2,1743,83;99;100;62;62;65;67;70;61;61;62;61,informational:41;navigational:42;commercial:5;transactional:12
Lava-Louças (usados e usados/revendidos),br,30,44,12,1548,50;57;57;38;40;41;41;79;67;68;100;99,task:2;informational:60;navigational:5;commercial:17;transactional:16
Relés de Geladeira Consul,br,30,68,2,1516,26;29;38;78;84;84;84;95;99;100;100;100,task:5;informational:54;navigational:4;commercial:16;transactional:21
Coifas de Cozinha 60 cm,br,30,60,5,1396,69;98;100;97;85;91;90;88;90;90;90;89,task:3;informational:46;navigational:4;commercial:39;transactional:8
Adegas com compressor,br,30,53,6,1288,77;89;90;57;98;100;100;81;65;65;65;65,task:2;informational:49;navigational:4;commercial:36;transactional:9
Fogões Retrô no Brasil,br,30,52,9,1238,84;100;100;56;54;57;59;93;70;78;60;82,task:2;informational:38;navigational:10;commercial:19;transactional:31
Geladeiras Electrolux is9s 520L,br,30,45,3,1168,9;41;52;23;22;41;42;100;56;88;68;91,task:7;informational:46;navigational:12;commercial:24;transactional:11
Bombas Samsung Lava e Seca,br,30,53,2,1138,9;35;32;34;40;29;33;41;25;39;30;100,task:10;informational:48;navigational:5;commercial:22;transactional:15
Adegas e refrigeradores para 12 garrafas,br,30,43,12,1063,53;79;81;79;78;82;84;88;93;100;90;90,task:3;informational:35;navigational:1;commercial:47;transactional:14
Geladeiras Frost Free - Buscapé,br,30,81,7,1047,13;26;35;41;40;25;16;100;63;18;16;98,task:3;informational:18;navigational:58;commercial:7;transactional:14
ServTec — Serviços Técnicos,br,30,24,2,828,37;47;46;44;59;64;63;60;90;100;65;65,task:2;informational:30;navigational:32;commercial:30;transactional:6
Geladeiras Gazin,br,30,41,12,820,33;44;50;43;40;39;41;100;63;64;37;39,task:4;informational:41;navigational:19;commercial:18;transactional:18
Rode Smartlavs — Lavadoras Inteligentes,br,30,47,3,731,16;20;21;30;30;28;38;33;31;100;85;88,task:3;informational:42;navigational:13;commercial:38;transactional:4
Assistência Técnica e Eletrodomésticos,br,30,46,4,684,23;24;24;86;86;86;100;85;23;41;40;49,task:5;informational:20;navigational:53;commercial:12;transactional:10
Forno elétrico embutido,br,30,43,7,620,42;61;65;57;70;71;44;45;50;48;85;100,task:1;informational:54;navigational:4;commercial:33;transactional:8
Studio Roca,br,30,27,2,550,26;34;100;100;100;35;38;36;98;41;42;79,task:3;informational:25;navigational:60;commercial:7;transactional:5
Grupo Grand Chef Eletrodomésticos,br,30,27,3,521,63;90;92;87;81;85;72;100;92;96;91;91,task:3;informational:42;navigational:29;commercial:11;transactional:15
Aparelhos de Corte e Barbear Britânia,br,30,57,2,436,26;38;39;36;34;37;36;100;69;40;39;41,task:3;informational:47;navigational:21;commercial:13;transactional:16
Lofra Fogões,br,30,26,3,323,45;63;79;61;66;70;80;72;73;81;84;100,task:6;informational:39;navigational:18;commercial:26;transactional:11
Conserbras Serviços e Assistência Técnica,br,30,28,2,309,19;23;23;23;62;100;80;67;35;37;30;33,task:3;informational:38;navigational:33;commercial:11;transactional:15
Benhur Eletrodomésticos e Assistência,br,30,35,3,305,45;57;59;55;56;100;77;61;61;58;65;61,task:7;informational:20;navigational:40;commercial:15;transactional:18
Forno elétrico no OLX,br,30,64,4,303,23;94;100;29;40;34;36;38;39;50;44;47,task:3;informational:18;navigational:49;commercial:11;transactional:19
Geladeiras inverse frost free pretas,br,30,59,6,266,4;39;50;12;15;25;30;100;58;20;18;21,task:3;informational:28;navigational:11;commercial:47;transactional:11
Assistência técnica em eletrodomésticos Osasco,br,30,59,7,99,14;93;100;84;84;28;38;25;23;37;37;37,task:3;informational:47;navigational:11;commercial:31;transactional:8
Termostatos CRA30 para Refrigeração,br,30,34,3,62,8;32;41;21;40;100;73;28;31;31;27;26,task:13;informational:42;navigational:2;commercial:37;transactional:6
Geladeiras side by side,br,29,49,12,64112,76;76;35;64;100;100;100;98;94;94;94;94,task:2;informational:53;navigational:2;commercial:30;transactional:13
Máquinas de lavar não centrifugam,br,29,60,10,24969,58;62;72;82;87;87;87;96;100;100;100;100,task:2;informational:82;navigational:5;commercial:8;transactional:3
Geladeiras de 3 portas,br,29,61,6,21573,99;100;44;49;58;58;58;60;54;54;54;54,task:8;informational:54;navigational:4;commercial:26;transactional:8
Fogões e Cooktops por Indução Fischer,br,29,36,5,4855,86;97;99;99;99;100;100;57;63;64;64;63,task:2;informational:37;navigational:15;commercial:21;transactional:25
Garantias Electrolux & LG no Brasil,br,29,55,3,4649,42;52;75;77;77;78;80;99;98;98;100;100,task:3;informational:46;navigational:27;commercial:15;transactional:9
Geladeiras usadas e seminovas,br,29,47,8,4232,54;67;82;74;87;90;90;86;98;100;98;97,task:5;informational:35;navigational:5;commercial:33;transactional:22
Fogões Carrefour,br,29,65,14,4023,89;99;100;48;47;49;50;42;50;50;58;58,task:2;informational:28;navigational:36;commercial:7;transactional:27
Geladeiras Electrolux 590L,br,29,76,3,3954,81;98;100;100;79;80;81;67;70;74;73;70,task:2;informational:53;navigational:5;commercial:24;transactional:16
Bicos e Injetores para Fogões a Gás,br,29,45,9,3878,18;23;39;62;66;67;67;100;91;91;92;91,task:3;informational:52;navigational:4;commercial:29;transactional:12
Lavadoras: problemas comuns e soluções,br,29,61,4,3846,44;48;48;66;66;69;69;83;100;100;100;100,task:6;informational:72;navigational:7;commercial:7;transactional:8
Máquinas de lavar inox com cesto,br,29,67,10,1838,41;58;61;62;66;63;64;61;90;98;87;100,task:2;informational:56;navigational:2;commercial:29;transactional:11
Cybelar Móveis e Eletrodomésticos,br,29,42,3,1685,60;85;89;86;87;93;96;98;99;99;100;99,informational:21;navigational:56;commercial:11;transactional:12
Lavadoras GE,br,29,61,6,1601,12;26;26;29;41;36;38;95;66;100;89;84,task:2;informational:52;navigational:15;commercial:21;transactional:10
Tampas de Fogão,br,29,73,5,1580,51;64;64;61;77;80;81;68;100;100;80;80,task:8;informational:56;navigational:4;commercial:22;transactional:10
Secadoras de roupas a gás,br,29,54,3,1337,35;49;54;48;48;46;39;82;53;55;53;100,task:1;informational:55;navigational:4;commercial:35;transactional:5
Geladeiras e Máquinas de Lavar,br,29,56,9,1253,28;53;55;43;66;56;56;100;56;70;78;95,task:3;informational:51;navigational:13;commercial:23;transactional:10
Geladeiras 370 litros Frost Free,br,29,42,4,1218,66;76;76;73;75;75;81;100;87;86;94;99,task:2;informational:44;navigational:5;commercial:33;transactional:16
Geladeiras Frost Free,br,29,52,6,1150,26;66;74;53;66;43;41;90;100;45;43;100,task:8;informational:53;navigational:3;commercial:35;transactional:1
Lavadoras inteligentes com Wi‑Fi,br,29,74,4,1118,15;56;63;46;57;57;59;89;63;100;83;91,task:2;informational:51;navigational:4;commercial:36;transactional:7
Forno para Pão,br,29,40,4,1010,40;58;73;63;45;46;46;100;63;68;68;71,task:3;informational:54;navigational:7;commercial:20;transactional:16
Geladeiras Electrolux 598 litros (DB84X),br,29,54,3,966,59;87;100;60;53;45;56;100;81;88;56;66,task:2;informational:35;navigational:9;commercial:40;transactional:14
Gavetas e Tampas de Geladeira Consul,br,29,73,2,852,45;61;63;60;59;64;66;63;92;100;66;65,task:9;informational:42;navigational:9;commercial:21;transactional:19
Sabão Lava-Louças Unik,br,29,39,2,784,45;49;49;47;67;67;55;39;59;100;94;94,task:2;informational:43;navigational:15;commercial:23;transactional:17
Acessórios de fixação e proteção para geladeiras,br,29,32,4,699,23;56;82;72;48;48;61;55;72;100;97;96,task:7;informational:46;navigational:7;commercial:35;transactional:5
Capas para Micro-ondas,br,29,71,3,385,21;57;53;55;34;28;67;49;45;100;86;80,task:7;informational:45;navigational:5;commercial:25;transactional:18
Conserto de Geladeiras RJ,br,29,38,8,381,27;29;30;29;32;33;32;100;61;65;30;29,task:10;informational:28;navigational:1;commercial:47;transactional:14
Refrigeração e conserto de geladeiras em Taguatinga,br,29,34,9,317,22;29;31;31;30;85;98;71;45;66;72;100,task:7;informational:23;navigational:11;commercial:36;transactional:23
Conserto de Geladeiras e Lavadoras em Sorocaba,br,29,46,7,275,46;53;100;89;55;68;71;63;67;66;69;79,task:37;informational:12;navigational:3;commercial:33;transactional:15
Peças para máquina de lavar Consul,br,29,38,4,272,31;41;44;40;81;78;70;100;56;61;56;58,task:5;informational:35;navigational:5;commercial:17;transactional:38
Fogatti: cooktops e fogões,br,29,33,3,237,16;42;57;43;45;26;23;100;73;31;28;36,task:3;informational:25;navigational:45;commercial:15;transactional:12
Conserto de Geladeira em BH,br,29,52,12,214,100;47;72;61;60;58;61;86;72;86;49;50,task:5;informational:43;navigational:9;commercial:34;transactional:9
Cooktops embutidos de 4 e 5 bocas,br,29,51,7,127,38;69;85;57;100;61;63;83;67;63;93;73,task:3;informational:49;navigational:1;commercial:36;transactional:11
Coifa de cozinha Crissair,br,29,46,2,94,47;49;57;64;82;100;75;59;54;63;73;64,task:3;informational:32;navigational:39;commercial:8;transactional:18
Micro-ondas 30 litros: guia de compra,br,28,54,7,22674,99;100;46;52;53;53;53;61;53;53;53;53,task:2;informational:57;navigational:2;commercial:31;transactional:8
Gás de Geladeira,br,28,68,6,18106,69;68;71;83;92;93;93;100;100;100;100;100,task:2;informational:74;navigational:5;commercial:12;transactional:7
Lavadoras com secadora,br,28,50,4,10710,41;49;50;28;69;70;70;90;99;99;100;100,task:4;informational:41;navigational:2;commercial:38;transactional:15
Casas Bahia Eletrodomésticos,br,28,65,6,8874,96;100;48;54;54;54;54;45;46;45;45;45,informational:30;navigational:48;commercial:8;transactional:14
Placas Eletrônicas,br,28,42,2,8552,42;49;55;54;78;79;79;99;100;100;100;100,task:8;informational:70;navigational:9;commercial:10;transactional:3
Lava-louças Samsung no Brasil,br,28,75,3,7829,85;97;100;100;99;100;100;88;93;93;91;90,task:5;informational:37;navigational:21;commercial:20;transactional:17
Lavadoras Electrolux 13kg,br,28,51,4,4458,87;99;100;100;62;64;64;58;62;64;60;61,task:2;informational:50;navigational:10;commercial:21;transactional:17
Geladeiras Samsung RB50,br,28,57,2,3574,23;50;49;44;42;36;32;26;37;100;92;99,task:3;informational:36;navigational:30;commercial:11;transactional:20
Mini geladeiras para quarto,br,28,36,5,3007,84;99;100;61;54;57;58;62;65;65;65;64,task:8;informational:47;navigational:1;commercial:31;transactional:13
Termostatos para Freezers,br,28,49,8,2587,23;29;32;60;82;82;82;96;99;100;100;99,informational:64;navigational:2;commercial:19;transactional:15
Buscapé e Eletrodomésticos,br,28,66,6,2585,100;59;63;66;62;64;65;55;62;62;67;69,task:2;informational:23;navigational:55;commercial:4;transactional:16
Máquinas de lavar com defeito: compra e venda,br,28,71,5,2408,100;98;92;92;80;80;75;76;82;81;76;81,task:12;informational:51;navigational:3;commercial:5;transactional:29
Geladeiras Panasonic 483 litros,br,28,74,2,2049,92;99;100;47;40;41;42;43;50;60;60;66,task:2;informational:65;navigational:5;commercial:20;transactional:8
Lavadoras Samsung 23kg,br,28,87,2,1941,20;71;75;59;55;39;41;100;50;72;75;90,task:10;informational:38;navigational:4;commercial:29;transactional:19
Forno de Embutir com Ventilação,br,28,40,9,1918,15;20;24;70;85;83;84;100;99;97;96;96,task:3;informational:61;navigational:2;commercial:26;transactional:8
Fogões e Cooktops Chamalux,br,28,29,2,1896,38;52;58;48;51;51;51;100;82;84;91;97,task:2;informational:28;navigational:31;commercial:26;transactional:13
fogões Itatiaia com vidro,br,28,51,2,1647,11;22;27;22;21;21;16;8;8;100;84;78,task:10;informational:28;navigational:4;commercial:44;transactional:14
Conserto de geladeiras e motores,br,28,86,4,1419,38;40;63;100;79;80;80;55;56;55;56;56,task:20;informational:63;navigational:5;commercial:8;transactional:4
Cooktops de indução Britânia,br,28,51,2,1411,54;73;73;68;64;66;70;54;78;88;100;100,task:3;informational:53;navigational:13;commercial:16;transactional:15
Geladeiras com dispenser de água,br,28,58,4,1373,22;38;42;33;53;49;48;100;38;36;60;71,task:2;informational:60;navigational:4;commercial:28;transactional:6
Hotpoint Appliances,br,28,52,5,1338,75;80;81;92;100;94;94;91;92;93;93;95,informational:32;navigational:31;commercial:12;transactional:25
Casas Bahia: Micro-ondas e Eletrodomésticos,br,28,56,12,1236,37;55;51;47;45;49;50;81;62;58;100;83,task:4;informational:22;navigational:40;commercial:11;transactional:23
Purificadores de água Midea,br,28,59,2,1222,87;100;100;62;71;75;74;65;74;74;74;75,task:3;informational:47;navigational:9;commercial:25;transactional:16
Descarte e venda de eletrodomésticos no Brasil,br,28,65,8,1209,37;52;53;39;92;91;100;84;63;70;56;57,task:5;informational:75;navigational:5;commercial:10;transactional:5
Geladeiras Electrolux 410L,br,28,57,2,1034,42;58;61;55;55;65;62;45;67;100;52;48,task:7;informational:44;navigational:11;commercial:22;transactional:16
Compressores Embraco e Egas,br,28,41,2,868,53;59;89;89;77;86;86;100;90;90;90;90,informational:61;navigational:12;commercial:19;transactional:8
Cartões Brastemp no Brasil,br,28,70,18,863,18;46;41;51;50;64;44;72;72;57;52;100,task:2;informational:49;navigational:23;commercial:10;transactional:16
Cooktop Safanelli,br,28,33,2,736,24;66;73;39;45;38;25;100;86;44;42;47,task:2;informational:17;navigational:47;commercial:9;transactional:25
portas de micro-ondas,br,28,61,4,643,65;85;87;89;77;98;100;77;78;81;81;80,task:10;informational:53;navigational:6;commercial:16;transactional:15
Forno Elétrico Espelhado,br,28,54,4,630,44;49;44;46;47;54;53;43;44;70;90;100,task:3;informational:31;navigational:38;commercial:24;transactional:4
Peças e Acessórios para Fogões,br,28,37,4,601,68;78;57;100;100;100;99;72;91;93;92;92,task:5;informational:37;navigational:1;commercial:41;transactional:16
Freezers verticais de dupla função,br,28,59,3,528,35;45;47;42;62;72;67;72;85;94;100;97,task:7;informational:52;navigational:4;commercial:36;transactional:1
Dietrich Materiais de Construção,br,28,33,2,437,6;10;19;8;8;19;18;27;18;9;100;20,task:3;informational:27;navigational:38;commercial:18;transactional:14
Refrigeradores e freezers 450 litros,br,28,59,3,417,3;27;42;31;23;25;16;100;38;32;31;43,task:3;informational:49;commercial:40;transactional:8
Pés e suportes para frigobar,br,28,41,9,381,47;62;60;65;71;57;54;100;63;59;56;66,task:17;informational:33;navigational:1;commercial:38;transactional:11
Fogões Zema e Eletrozema,br,28,33,9,351,39;48;49;45;46;72;100;60;62;72;49;53,task:3;informational:35;navigational:23;commercial:21;transactional:18
Refrigeração e Ar-condicionado em Anápolis,br,28,49,6,337,10;99;100;17;18;13;41;22;18;55;43;52,task:3;informational:34;navigational:17;commercial:38;transactional:8
Geladeiras Electrolux DB44,br,28,49,2,283,8;66;63;52;51;16;21;100;68;19;18;17,informational:47;navigational:28;commercial:21;transactional:4
Fogões 6 bocas,br,28,57,9,236,21;43;59;49;49;53;58;100;55;75;74;81,task:3;informational:50;navigational:5;commercial:20;transactional:22
Frigobar com Termostato Digital,br,28,39,7,143,7;78;100;61;65;25;55;26;24;34;31;37,task:3;informational:70;navigational:5;commercial:19;transactional:3
Frio Sul Refrigeração,br,28,29,2,98,14;15;16;15;15;16;16;100;62;15;15;15,task:3;informational:15;navigational:34;commercial:40;transactional:8
Acessórios para cervejeiras Consul,br,28,62,2,85,7;41;54;64;17;18;100;12;11;39;30;28,task:1;informational:38;navigational:18;commercial:18;transactional:25
Coolers de Vinho e Bebidas,br,27,65,6,28677,17;20;24;85;86;86;87;99;100;100;100;100,task:5;informational:61;navigational:4;commercial:22;transactional:8
Frigobares Consul,br,27,75,3,21522,97;100;45;50;63;63;63;97;97;99;98;98,informational:38;navigational:30;commercial:23;transactional:9
Fusíveis de Micro-ondas,br,27,57,6,12844,30;34;30;54;85;87;87;100;99;99;100;99,task:5;informational:65;navigational:5;commercial:16;transactional:9
Lava-Louças Portátil,br,27,48,3,11938,92;100;49;44;39;39;39;43;43;43;43;43,task:5;informational:40;navigational:7;commercial:34;transactional:14
Capacitores de Micro-ondas,br,27,56,5,11704,31;21;23;25;78;80;80;94;100;100;100;100,task:4;informational:57;navigational:3;commercial:15;transactional:21
Compressores de Geladeira,br,27,29,6,8648,19;26;27;33;68;69;70;92;100;100;100;100,task:2;informational:65;navigational:2;commercial:21;transactional:10
Geladeiras em Promoção Casas Bahia,br,27,47,11,6504,9;32;31;22;23;13;18;19;23;23;44;100,task:2;informational:25;navigational:19;commercial:22;transactional:32
"Geladeiras: Potência, Voltagem e Frost Free",br,27,76,2,6235,42;71;69;74;99;100;100;94;96;96;95;95,task:2;informational:66;navigational:4;commercial:24;transactional:4
Filtros de Geladeira Consul,br,27,65,4,6084,62;75;81;79;73;74;74;99;99;99;100;100,task:2;informational:54;navigational:15;commercial:15;transactional:14
Reparos Online,br,27,44,3,5323,26;31;31;31;98;99;97;98;100;100;100;100,task:2;informational:62;navigational:20;commercial:10;transactional:6
Carrefour Micro-ondas,br,27,50,13,3537,70;81;41;49;98;100;100;42;56;55;56;55,task:2;informational:22;navigational:35;commercial:12;transactional:29
Lava-louças Hobart,br,27,13,2,3127,89;95;96;100;89;91;91;100;99;99;98;98,task:3;informational:63;navigational:17;commercial:12;transactional:5
Entrega Agendada - lojas brasileiras,br,27,59,5,3022,60;65;68;60;59;59;60;64;75;79;100;97,task:18;informational:52;navigational:5;commercial:10;transactional:15
Maquinas de Refrigerante,br,27,46,3,2548,31;40;37;33;39;42;43;100;44;42;43;43,task:5;informational:55;navigational:3;commercial:28;transactional:9
Geladeiras Electrolux 4 portas IQ8S,br,27,56,2,2202,88;100;53;57;58;54;55;72;62;66;69;70,informational:56;navigational:15;commercial:18;transactional:11
Geladeiras Panasonic BB41,br,27,59,3,1862,37;79;77;58;63;53;46;98;90;100;66;74,task:2;informational:48;navigational:9;commercial:33;transactional:8
Capacitores para Geladeira,br,27,36,5,1842,50;58;58;59;61;61;60;80;84;100;100;97,task:2;informational:73;navigational:3;commercial:10;transactional:12
Máquinas de lavar lava e seca na Black Friday,br,27,49,5,1792,36;73;83;66;88;82;86;100;69;55;50;69,task:2;informational:15;navigational:1;commercial:67;transactional:15
Fogões Esmaltec 6 Bocas,br,27,30,3,1757,27;44;48;40;39;34;34;74;90;100;71;83,task:7;informational:44;navigational:6;commercial:28;transactional:15
Geladeiras Electrolux 475 litros com DC51,br,27,54,2,1682,62;74;82;73;71;73;74;100;57;63;62;65,task:5;informational:35;navigational:11;commercial:17;transactional:32
Cliptech - indústria e comércio no Brasil,br,27,31,2,1604,11;32;30;28;29;49;46;18;17;17;17;100,task:7;informational:42;navigational:31;commercial:16;transactional:4
Geladeiras Embutidas,br,27,34,7,1547,66;97;100;84;80;84;87;75;84;96;84;83,task:7;informational:54;navigational:6;commercial:24;transactional:9
Geladeiras Electrolux DF44,br,27,51,2,1387,28;29;29;29;49;46;37;100;52;56;84;77,task:2;informational:71;navigational:8;commercial:13;transactional:6
Lavadoras que pulam na centrifugação,br,27,64,2,1362,13;17;19;34;54;55;57;69;64;51;52;100,task:2;informational:89;navigational:4;commercial:4;transactional:1
Frigoríficos Zimmer,br,27,19,2,1295,21;27;75;68;54;60;73;100;87;78;79;78,informational:55;navigational:39;commercial:4;transactional:2
Lavadoras Electrolux 15kg Turbo LTD15,br,27,53,2,1280,33;56;67;57;88;86;100;43;40;87;80;89,task:2;informational:49;navigational:14;commercial:29;transactional:6
Prateleiras de Geladeira,br,27,53,7,1225,27;57;71;35;31;34;40;37;44;100;84;95,task:4;informational:63;navigational:4;commercial:22;transactional:7
Forno elétrico 65 litros,br,27,38,3,1185,8;52;61;29;30;30;38;68;59;100;92;89,task:7;informational:37;navigational:5;commercial:40;transactional:11
Cozinhas com Eletrodomésticos Pretos e Inox,br,27,60,3,1116,43;93;100;80;94;48;47;49;42;84;78;94,task:8;informational:65;navigational:5;commercial:15;transactional:7
Placas de Indução e Fogões,br,27,44,5,942,44;51;43;76;74;74;74;96;86;89;78;100,task:5;informational:58;navigational:4;commercial:24;transactional:9
Refrigeração e Refrigigas no Brasil,br,27,37,5,832,63;91;92;89;67;79;70;91;95;100;88;88,task:3;informational:56;navigational:21;commercial:11;transactional:9
Coifa de Parede Branca,br,27,35,5,784,12;31;35;32;37;34;33;100;100;95;83;89,task:3;informational:44;navigational:11;commercial:28;transactional:14
Lavadoras Midea MF200,br,27,59,2,753,26;34;39;35;94;97;98;100;51;61;23;27,task:2;informational:52;navigational:5;commercial:15;transactional:26
Pinguim Lojas e Peças,br,27,32,3,725,20;30;31;26;26;85;81;100;28;28;46;52,task:3;informational:14;navigational:40;commercial:29;transactional:14
fornos e eletrodomésticos no Brasil,br,27,55,5,720,6;6;7;19;14;13;23;100;75;56;47;45,task:10;informational:56;navigational:8;commercial:12;transactional:14
Dimensões de frigobar,br,27,79,3,707,19;23;25;35;69;69;70;68;100;66;65;65,task:8;informational:63;navigational:4;commercial:22;transactional:3
Lavadoras com Inverter,br,27,81,3,697,20;38;40;39;78;72;77;100;44;26;26;28,task:4;informational:62;navigational:2;commercial:24;transactional:8
Freezers do Magazine Luiza,br,27,78,4,652,73;96;98;93;82;87;87;100;89;87;87;87,task:4;informational:24;navigational:30;commercial:19;transactional:23
Lavadoras Panasonic 17kg NA-F170P6T,br,27,52,2,574,22;76;76;58;57;52;49;100;73;49;44;30,task:2;informational:42;navigational:29;commercial:26;transactional:1
Casas Bahia em Sorocaba,br,27,50,2,501,9;14;19;26;26;28;13;64;45;97;100;80,task:1;informational:21;navigational:53;commercial:8;transactional:17
Freezers nas Lojas Americanas,br,27,58,4,327,17;60;82;36;36;63;70;59;80;100;38;48,task:3;informational:27;navigational:34;commercial:11;transactional:25
Compressores e motores de geladeira Embraco,br,27,34,2,318,64;96;100;95;92;90;89;73;76;90;99;100,task:10;informational:68;navigational:1;commercial:16;transactional:5
Refrigeração e Ar Condicionado em Campina Grande,br,27,47,6,281,11;28;29;28;39;36;39;100;48;64;53;58,task:3;informational:46;navigational:9;commercial:34;transactional:8
Panasonic Eletrodomésticos Reclame Aqui,br,27,64,2,277,28;30;33;33;100;71;64;100;40;41;71;72,task:3;informational:18;navigational:56;commercial:11;transactional:12
Refrigeradores com adega,br,27,29,4,269,68;95;94;87;87;78;74;90;87;100;98;96,task:3;informational:61;navigational:1;commercial:31;transactional:4
Armários para vinhos,br,27,49,4,250,48;90;94;76;54;57;77;86;72;89;82;100,task:10;informational:36;navigational:8;commercial:32;transactional:14
Reparo de Geladeiras em Ribeirão Preto,br,27,34,7,243,50;52;51;46;51;49;48;45;54;52;95;100,task:3;informational:18;navigational:34;commercial:40;transactional:5
Conserto de Geladeiras Zona Sul,br,27,43,11,218,23;24;27;26;24;47;43;23;23;23;23;100,task:3;informational:30;navigational:27;commercial:29;transactional:11
Assistência Técnica Eletrotec,br,27,53,3,207,21;93;100;81;81;33;28;18;18;79;25;32,task:7;informational:24;navigational:37;commercial:20;transactional:12
Conserto de lava e seca em Curitiba,br,27,46,8,69,14;27;30;27;27;27;22;88;98;100;93;48,task:40;informational:12;commercial:30;transactional:18
Freezers e Geladeiras,br,26,83,25,113169,66;67;70;78;88;88;88;99;100;100;100;100,task:5;informational:45;navigational:4;commercial:31;transactional:15
Cooktop 4 bocas: guia e medidas,br,26,33,9,48675,38;41;46;52;100;100;100;72;73;73;73;73,task:2;informational:63;navigational:5;commercial:22;transactional:8
Conserto e Manutenção de Máquinas de Lavar,br,26,46,7,32866,49;46;49;47;48;48;48;54;100;100;100;100,task:12;informational:44;navigational:6;commercial:26;transactional:12
Bombas Lava Jato,br,26,71,10,16499,32;36;38;53;87;88;88;98;100;100;100;100,task:5;informational:55;navigational:7;commercial:22;transactional:11
Washing Machines,br,26,55,5,10891,24;32;34;34;99;100;100;67;68;67;68;68,task:2;informational:51;navigational:6;commercial:26;transactional:15
Eletrodomésticos e móveis Magazine Luiza,br,26,83,9,8989,50;58;63;78;84;85;85;100;89;89;88;88,task:4;informational:21;navigational:48;commercial:5;transactional:22
OLX Ribeirão Preto e Região,br,26,96,1,6630,76;88;95;93;94;96;97;99;100;100;100;99,task:7;informational:12;navigational:70;commercial:3;transactional:8
Geladeiras Continental Frost Free,br,26,46,4,6346,90;97;100;86;51;52;52;48;48;48;48;47,task:2;informational:46;navigational:12;commercial:22;transactional:18
OLX Alagoas Anúncios,br,26,92,1,6075,71;87;94;94;93;94;95;98;100;100;99;98,task:3;informational:18;navigational:67;commercial:7;transactional:5
Forno de Embutir 50L,br,26,39,4,5876,92;98;100;44;43;44;44;43;44;44;44;43,task:2;informational:52;navigational:4;commercial:29;transactional:13
Cooktops e fogões elétricos 4 bocas 110V,br,26,39,4,3494,87;99;100;55;61;64;65;73;75;78;77;74,task:1;informational:54;navigational:4;commercial:34;transactional:7
Fogões 4-5 bocas com timer digital,br,26,61,4,3118,85;100;59;66;58;60;60;70;76;76;76;78,task:5;informational:49;navigational:4;commercial:31;transactional:11
Refrigeração Basso – SP,br,26,33,5,2956,51;59;59;38;77;78;78;100;96;96;95;94,task:5;informational:48;navigational:22;commercial:17;transactional:8
Geladeiras Panasonic 435 litros,br,26,46,2,2369,75;87;87;59;53;54;49;69;72;92;96;100,task:2;informational:47;navigational:4;commercial:38;transactional:9
Borrachas para Freezer,br,26,41,7,2309,36;19;20;53;68;71;71;83;97;100;100;100,task:2;informational:43;navigational:10;commercial:28;transactional:17
Máquinas de lavar Havan,br,26,73,9,2106,36;43;46;56;43;44;44;57;58;51;78;100,task:2;informational:38;navigational:28;commercial:10;transactional:22
Casa do Fogão no Brasil,br,26,22,4,2036,100;61;62;60;60;64;66;72;76;80;74;73,task:2;informational:50;navigational:25;commercial:19;transactional:4
lava-louças Philco,br,26,49,2,1815,74;98;100;97;77;81;85;78;86;85;87;86,task:1;informational:47;navigational:24;commercial:12;transactional:16
Lavadoras Panasonic 18kg Antibacterianas NA-F180P7T,br,26,46,2,1793,4;4;6;33;39;37;31;90;58;98;79;100,task:3;informational:45;navigational:18;commercial:15;transactional:19
Forno Elétrico 80 Litros,br,26,43,4,1470,83;96;96;95;92;95;95;100;48;48;49;49,task:5;informational:30;navigational:6;commercial:42;transactional:17
Máquinas de lavar no Pontofrio,br,26,49,10,1347,56;92;92;83;67;69;70;89;76;84;100;100,informational:25;navigational:49;commercial:11;transactional:15
Geladeiras Panasonic Frost Free 425L com vidro,br,26,47,2,1199,20;21;22;23;23;23;38;100;66;77;65;71,task:5;informational:60;navigational:5;commercial:22;transactional:8
Forno elétrico embutido Itatiaia,br,26,43,3,1046,12;48;60;43;43;38;27;48;35;100;86;95,informational:33;navigational:24;commercial:29;transactional:14
Magnetrons Galanz M24FB 610A,br,26,52,13,925,27;35;36;74;95;100;100;78;67;55;51;51,task:2;informational:65;navigational:10;commercial:20;transactional:3
LG Washing Machines,br,26,86,1,620,57;64;68;68;49;50;49;86;93;100;48;48,task:2;informational:38;navigational:15;commercial:15;transactional:30
Fogões Atlas de 6 bocas,br,26,67,2,609,58;81;100;80;90;90;95;79;80;81;78;81,task:3;informational:26;navigational:11;commercial:42;transactional:18
Micro-ondas Midea 27 litros,br,26,82,1,521,45;85;85;82;76;69;57;72;64;84;76;100,task:3;informational:35;navigational:28;commercial:21;transactional:13
Conserto de geladeiras em Contagem,br,26,71,7,386,20;24;28;27;24;22;22;23;24;51;91;100,task:13;informational:12;navigational:3;commercial:47;transactional:25
Lava-louças Electrolux LL14B/LV14X,br,26,92,1,370,18;20;22;21;79;47;35;59;45;100;84;84,task:3;informational:38;navigational:36;commercial:12;transactional:11
Refrigeração e Ar Condicionado em João Pessoa,br,26,35,4,327,40;47;49;48;70;80;64;76;84;100;79;74,task:3;informational:32;navigational:17;commercial:40;transactional:8
Adega Dual Zone,br,26,34,4,304,40;52;57;54;54;54;53;55;55;100;59;62,task:7;informational:42;navigational:18;commercial:26;transactional:7
Brascabos e Brascabo: Cabos Elétricos,br,26,24,2,275,47;74;100;52;78;75;71;61;58;59;57;57,task:7;informational:49;navigational:23;commercial:11;transactional:10
OMO lavanda: detergente líquido,br,26,68,1,264,79;97;100;98;96;97;98;99;95;95;95;96,task:7;informational:54;navigational:5;commercial:18;transactional:16
Refrigeração Electrolux Curitiba,br,26,31,2,262,46;63;63;61;61;62;60;73;69;68;68;100,task:1;informational:30;navigational:44;commercial:19;transactional:6
Magazine Luiza em Caxias do Sul,br,26,94,1,238,36;41;63;62;60;40;38;37;37;100;42;44,task:3;informational:18;navigational:58;commercial:10;transactional:11
Micro-ondas LG MS3095LR,br,26,90,1,231,9;27;29;28;49;44;30;64;75;100;79;83,task:3;informational:47;navigational:36;commercial:10;transactional:4
Cooktops e Ponto Frio,br,26,54,9,213,12;46;74;50;64;36;32;79;61;100;89;99,task:7;informational:18;navigational:47;commercial:10;transactional:18
Refrigeração Teixeira — Volta Redonda,br,26,31,2,198,25;29;29;30;30;100;100;27;28;47;34;36,task:3;informational:21;navigational:40;commercial:31;transactional:5
Eletroar Bragança Paulista,br,26,45,1,188,75;82;96;95;94;99;97;98;97;97;97;100,task:1;informational:39;navigational:46;commercial:5;transactional:9
Fogões pretos 4 bocas,br,26,58,6,187,14;19;22;36;36;30;43;100;99;19;17;22,task:7;informational:39;navigational:1;commercial:35;transactional:18
Conserto de Geladeiras e Lavadoras em Canoas,br,26,44,9,95,94;89;93;71;63;100;77;75;64;72;70;72,task:17;informational:12;navigational:3;commercial:56;transactional:12
Geladeira Não gela: Vazamento de gás e falhas,br,25,55,11,53308,71;72;72;81;95;95;95;96;100;100;100;100,task:5;informational:73;navigational:2;commercial:6;transactional:14
Lava e Seca: Melhores Máquinas 2024,br,25,66,14,52918,19;20;23;34;84;84;84;100;89;89;89;89,task:2;informational:38;navigational:1;commercial:53;transactional:6
Sensores de temperatura,br,25,47,4,32902,19;16;31;34;92;92;93;100;100;100;100;100,task:2;informational:69;navigational:5;commercial:16;transactional:8
OLX Espírito Santo,br,25,92,1,19509,89;94;100;100;99;99;99;99;100;100;100;100,task:3;informational:15;navigational:69;commercial:4;transactional:9
Geladeiras Electrolux DF50,br,25,64,3,10795,17;24;25;38;62;63;63;100;97;98;98;97,task:2;informational:61;navigational:15;commercial:15;transactional:7
Secadoras Enxutas no Brasil,br,25,54,7,9455,83;77;78;76;90;91;92;97;98;100;99;97,task:2;informational:55;navigational:10;commercial:26;transactional:7
Cooktops 4 bocas: promoções e melhores marcas,br,25,60,17,8835,45;25;26;45;86;88;88;92;98;99;95;100,task:2;informational:26;navigational:3;commercial:59;transactional:10
Geladeiras Consul 334 L,br,25,50,3,7205,26;35;36;50;54;56;56;84;100;100;96;94,informational:59;navigational:10;commercial:22;transactional:9
Fogões Itatiaia 4/5 Bocas,br,25,43,2,7113,76;90;100;95;92;94;94;95;97;97;97;97,task:3;informational:42;navigational:13;commercial:33;transactional:9
Fogões Electrolux 5 Bocas Inox,br,25,82,2,6901,91;98;100;81;99;100;100;59;61;62;61;62,task:2;informational:47;navigational:15;commercial:19;transactional:17
Fogões Electrolux 4 a 6 bocas com forno duplo,br,25,50,2,6322,92;100;50;65;85;86;86;58;56;65;63;62,task:5;informational:48;navigational:5;commercial:24;transactional:18
Freezers usados,br,25,50,8,4374,48;66;70;80;99;100;100;81;84;84;84;83,task:5;informational:42;navigational:5;commercial:31;transactional:17
OLX Goiás e Região,br,25,94,1,4253,76;98;100;100;93;95;96;95;98;98;97;95,task:5;informational:11;navigational:71;commercial:5;transactional:8
Geladeiras/Frigobares Red Bull,br,25,45,3,3359,65;93;98;96;92;99;96;94;100;100;100;100,task:2;informational:45;navigational:7;commercial:36;transactional:10
Geladeiras Electrolux Apitando,br,25,81,2,3271,80;84;90;96;90;91;91;99;97;97;98;100,task:4;informational:76;navigational:5;commercial:10;transactional:5
OLX Petrópolis - itens usados,br,25,78,1,3094,59;83;87;80;95;100;100;99;100;100;100;100,task:1;informational:12;navigational:81;commercial:3;transactional:3
Jet Clean: Lavadoras,br,25,42,2,2918,16;22;28;24;32;32;33;60;92;97;94;100,task:5;informational:64;navigational:10;commercial:21
Geladeiras Mabe no Brasil,br,25,33,3,2526,27;28;28;35;57;54;58;62;85;100;94;100,task:2;informational:70;navigational:7;commercial:18;transactional:3
Tampas para tanques de lavar roupa,br,25,52,6,2269,17;50;48;32;31;34;36;59;57;66;62;100,task:7;informational:48;navigational:5;commercial:25;transactional:15
Freezers Mercado Livre pt,br,25,75,6,1965,85;99;100;95;51;56;56;73;69;84;75;68,task:2;informational:13;navigational:50;commercial:9;transactional:26
Secadoras Samsung 12kg,br,25,93,1,1963,3;39;42;30;30;18;12;84;66;100;52;68,task:3;informational:41;navigational:11;commercial:28;transactional:17
Geladeiras Panasonic 397 L e Frost Free,br,25,41,2,1959,26;47;50;56;53;55;57;54;84;100;64;71,task:7;informational:54;navigational:2;commercial:20;transactional:17
Peças de Geladeira Consul,br,25,35,2,1957,34;38;38;36;61;62;62;62;85;100;86;86,task:5;informational:53;navigational:10;commercial:22;transactional:10
Micro-ondas Continental,br,25,38,2,1787,10;28;34;24;23;22;17;82;73;100;96;93,task:3;informational:43;navigational:11;commercial:32;transactional:11
Rangetop e fogões embutidos,br,25,30,6,1703,83;99;100;97;95;98;100;56;58;58;58;57,task:5;informational:41;navigational:9;commercial:37;transactional:8
Falhas em Fornos e Fogões que Desligam,br,25,74,2,1695,88;91;89;98;95;93;93;100;95;95;100;100,task:2;informational:80;navigational:5;commercial:8;transactional:5
Cozinha Retrô e Vintage,br,25,64,1,1528,71;98;100;94;87;92;87;82;91;91;83;82,task:13;informational:46;navigational:5;commercial:25;transactional:11
Lavadoras de Roupas Silenciosas,br,25,67,4,1523,19;43;49;58;55;55;50;91;76;67;66;100,task:4;informational:46;navigational:3;commercial:40;transactional:7
Samsung front-load washers,br,25,86,1,1346,2;26;37;30;22;20;20;63;69;100;28;47,task:1;informational:42;navigational:14;commercial:18;transactional:25
Finish: tabletes para lava-louças,br,25,53,2,1315,85;94;93;52;96;98;97;93;79;79;93;100,task:5;informational:32;navigational:13;commercial:40;transactional:10
"Samsung EcoBubble 8,5 kg – Máquinas de lavar",br,25,89,1,1284,3;63;69;49;45;26;28;100;48;100;72;91,task:3;informational:32;navigational:38;commercial:18;transactional:9
Cooktops 4 e 5 bocas Esmaltec,br,25,42,2,1217,14;36;46;35;34;29;36;56;53;17;17;100,task:3;informational:49;navigational:8;commercial:25;transactional:15
olx caxias do sul,br,25,84,1,1194,64;85;87;85;85;91;92;91;93;97;98;100,task:7;informational:11;navigational:68;commercial:4;transactional:10
Geladeiras Koerich,br,25,38,11,1159,41;61;67;55;55;74;100;42;36;80;75;86,task:2;informational:19;navigational:30;commercial:10;transactional:39
Cookers e fogões,br,25,49,3,1083,70;74;74;75;93;93;99;100;38;39;39;43,task:2;informational:75;navigational:10;commercial:10;transactional:3
Adegas climatizadas 34 garrafas,br,25,37,7,1047,7;18;22;12;14;21;26;100;100;99;86;85,task:3;informational:30;navigational:1;commercial:55;transactional:11
fogões Consul 6 bocas,br,25,38,2,925,67;78;80;45;43;47;52;100;69;73;49;52,task:2;informational:22;navigational:21;commercial:48;transactional:7
Máquinas Amazon no Brasil,br,25,41,5,923,50;95;100;85;76;66;64;69;55;57;56;76,task:5;informational:51;navigational:10;commercial:11;transactional:23
Fogões e Cooktops Híbridos,br,25,65,2,866,50;58;100;81;61;37;37;50;51;50;52;53,task:5;informational:53;navigational:4;commercial:30;transactional:8
Filtros para Coifa,br,25,71,3,740,89;100;75;68;79;81;82;84;75;75;84;84,task:8;informational:71;navigational:2;commercial:15;transactional:4
Filtros de exaustor de cozinha,br,25,55,4,660,86;97;98;96;98;100;100;61;61;66;66;66,task:2;informational:63;navigational:5;commercial:22;transactional:8
Geladeiras Palito Consul,br,25,54,2,615,22;31;32;29;25;28;35;45;38;100;37;40,task:4;informational:45;navigational:11;commercial:24;transactional:16
Fogao Cooktop Vermelho 4 e 5 Bocas,br,25,27,3,596,21;42;51;39;25;32;35;46;77;100;34;44,task:17;informational:35;navigational:1;commercial:41;transactional:6
Magazine Luiza Cascavel,br,25,76,1,592,53;66;65;65;65;80;78;100;85;99;76;83,task:1;informational:22;navigational:56;commercial:11;transactional:10
OMO Sabão em Pó 8 kg,br,25,64,1,566,46;50;50;51;50;49;48;49;46;80;72;100,task:5;informational:40;navigational:14;commercial:32;transactional:9
Fogões e Cooktops Franke,br,25,44,1,564,30;33;34;33;47;61;52;58;51;35;35;100,task:4;informational:42;navigational:19;commercial:18;transactional:17
Frigobar no Mercado Livre,br,25,56,7,548,29;83;100;71;58;65;56;64;53;57;52;53,task:1;informational:23;navigational:45;commercial:11;transactional:20
Refrigeração e Ar Condicionado – Rio Verde,br,25,56,5,495,15;65;65;62;51;47;26;36;34;58;48;100,task:3;informational:18;navigational:34;commercial:40;transactional:5
Colombo Móveis e Lojas,br,25,59,1,405,53;71;72;66;65;67;67;64;67;100;73;72,task:7;informational:14;navigational:61;commercial:7;transactional:11
Amaciante Comfort Concentrado 500ml,br,25,61,1,384,36;85;97;82;75;56;46;31;32;80;80;100,task:3;informational:54;navigational:11;commercial:22;transactional:10
Ar Condicionado e Refrigeração em Americana,br,25,48,3,377,20;81;100;38;71;61;63;39;31;31;45;61,task:3;informational:28;navigational:17;commercial:47;transactional:5
Casas Arco em Porto Alegre,br,25,47,2,312,69;85;88;88;89;94;88;93;90;96;100;93,task:1;informational:15;navigational:77;commercial:4;transactional:3
Fogões no Armazém Paraíba,br,25,50,2,285,36;48;51;48;45;42;42;100;86;73;50;56,informational:44;navigational:49;commercial:6;transactional:1
Micro-ondas Ponto Frio 30L,br,25,66,2,283,21;42;45;44;37;28;83;100;69;38;34;35,informational:38;navigational:35;commercial:11;transactional:16
Conserto de Geladeiras em Fortaleza,br,25,49,11,262,100;98;97;95;93;95;96;48;51;51;46;47,task:12;informational:9;navigational:24;commercial:53;transactional:2
Coifas Máximas,br,25,21,2,210,11;52;100;14;17;37;31;36;43;46;44;50,task:1;informational:40;navigational:34;commercial:19;transactional:6
Conserto de Geladeiras em Brasília,br,25,51,8,168,17;51;60;44;44;33;37;100;61;50;60;59,task:3;informational:18;navigational:40;commercial:34;transactional:5
Magazine Luiza em Presidente Prudente,br,25,77,1,166,51;56;52;56;56;100;84;54;55;55;56;55,task:3;informational:14;navigational:72;commercial:5;transactional:6
Consertos de Eletrodomésticos em Mogi das Cruzes,br,25,44,6,88,62;80;92;75;100;74;71;69;71;96;83;95,task:7;informational:18;navigational:3;commercial:60;transactional:12
Brastek Refrigeração Brasil,br,25,46,1,80,95;99;88;90;90;92;92;99;100;100;100;100,task:7;informational:15;navigational:67;commercial:6;transactional:5
Conserto de Fogões em Guarulhos,br,25,57,7,63,34;89;100;74;86;58;49;56;45;54;46;50,task:10;informational:11;commercial:67;transactional:12
Refrigeração e Ar Condicionado Ribeiro,br,25,39,1,52,9;98;100;11;11;10;10;10;10;10;10;10,task:5;informational:12;navigational:44;commercial:34;transactional:5
Conserto de Eletrodomésticos,br,24,65,7,10588,34;42;46;43;40;41;41;55;100;100;100;100,task:17;informational:35;navigational:2;commercial:29;transactional:17
OLX Brasil: imóveis e carros em Campo Grande (MS),br,24,69,1,10080,82;90;99;99;99;100;100;99;100;100;100;100,task:3;informational:18;navigational:62;commercial:7;transactional:10
Geladeiras GE e assistência (General Electric),br,24,49,3,7034,27;72;74;81;96;98;98;93;100;99;100;100,task:2;informational:60;navigational:9;commercial:22;transactional:7
Geladeiras Esmaltec,br,24,50,2,6493,53;59;61;32;93;94;94;100;46;46;46;46,task:2;informational:53;navigational:14;commercial:22;transactional:9
Geladeiras Samsung com tela e tecnologia Hub,br,24,79,2,6328,86;98;100;50;71;72;73;83;92;98;91;91,task:5;informational:55;navigational:8;commercial:21;transactional:11
Refrigeração de Fiorino,br,24,26,2,5393,100;32;30;29;26;27;27;100;100;100;100;100,task:13;informational:66;navigational:2;commercial:13;transactional:6
Transformadores de Microondas,br,24,44,8,4087,22;30;30;33;79;81;81;100;84;84;85;84,task:8;informational:62;navigational:5;commercial:16;transactional:9
Geladeiras Havan e eletrodomésticos,br,24,49,13,3427,86;99;100;56;50;53;53;57;61;69;65;75,task:2;informational:35;navigational:24;commercial:19;transactional:20
OLX Roraima Classificados,br,24,71,1,3306,63;91;95;91;91;96;96;100;100;100;100;97,task:1;informational:11;navigational:77;commercial:4;transactional:7
"Sabão para lava e seca: tipos, usos e dicas",br,24,46,3,3299,80;79;83;92;69;67;66;83;87;90;90;100,informational:77;navigational:5;commercial:14;transactional:4
Fornos Elétricos com Vapor,br,24,30,6,2129,66;75;47;73;81;82;82;92;99;99;100;100,task:6;informational:63;navigational:4;commercial:25;transactional:2
Geladeiras Panasonic com Econavi,br,24,67,1,1739,14;35;35;42;34;28;28;52;44;100;65;73,task:2;informational:64;navigational:12;commercial:16;transactional:6
Cooktops de Indução Philco,br,24,87,1,1633,11;30;33;29;28;34;31;73;67;100;92;81,task:2;informational:63;navigational:3;commercial:22;transactional:10
Travas e Fechaduras para Geladeira,br,24,57,2,1581,97;53;51;52;55;62;62;73;72;72;93;100,task:2;informational:62;navigational:5;commercial:20;transactional:11
Máquinas de lavar Colormaq Pioneer,br,24,45,1,1363,8;20;28;22;25;17;13;10;9;100;86;88,task:3;informational:33;navigational:38;commercial:22;transactional:4
Secadoras Fischer 8kg,br,24,32,2,1349,48;64;67;57;62;64;56;100;82;95;60;65,task:1;informational:47;navigational:30;commercial:14;transactional:8
Fogões Continental 4 a 5 Bocas,br,24,69,1,1219,80;99;100;93;87;92;93;94;97;97;100;100,task:3;informational:44;navigational:11;commercial:32;transactional:10
Philco Retro: Geladeiras e Pipoqueiras,br,24,75,1,1194,87;100;54;56;46;48;49;43;51;53;47;46,task:2;informational:73;navigational:6;commercial:13;transactional:6
Mercado Livre Micro-ondas,br,24,63,4,1189,64;96;100;91;97;82;82;83;81;81;79;77,task:3;informational:17;navigational:42;commercial:15;transactional:23
Frigobares 120 litros e similares,br,24,51,6,1079,33;100;100;85;71;64;58;85;89;97;67;77,task:1;informational:49;navigational:4;commercial:39;transactional:7
Freezers de 250 litros,br,24,49,4,995,5;11;13;9;9;9;25;17;21;100;80;80,task:3;informational:49;navigational:4;commercial:33;transactional:11
Freezers 530–534 litros,br,24,39,3,956,17;24;34;31;31;28;58;61;38;89;68;100,task:3;informational:46;navigational:11;commercial:32;transactional:8
Freezers de 400 litros,br,24,54,2,923,43;61;63;59;58;61;61;56;90;100;70;66,task:10;informational:39;navigational:4;commercial:34;transactional:13
Casas Bahia: Aspiradores e Fogões,br,24,53,3,866,19;28;27;25;36;37;51;48;42;100;92;62,task:3;informational:16;navigational:52;commercial:12;transactional:17
Fogões GE 4 a 6 bocas,br,24,33,2,825,49;62;64;67;65;67;65;100;79;80;76;77,task:1;informational:47;navigational:5;commercial:37;transactional:10
Magazine Luiza em Cuiabá e Pantanal,br,24,44,2,788,61;90;92;89;83;88;88;100;79;76;84;85,task:5;informational:36;navigational:42;commercial:8;transactional:9
OLX São Bernardo do Campo,br,24,89,1,740,43;62;65;63;51;100;92;58;57;62;62;99,task:7;informational:11;navigational:67;commercial:4;transactional:11
Cooktops 2 bocas Tramontina e marcas similares,br,24,43,3,734,19;51;78;43;48;37;30;63;40;33;31;100,task:3;informational:42;navigational:5;commercial:32;transactional:18
Lavadoras Consul 16kg,br,24,85,1,718,50;72;73;66;64;81;93;98;68;74;94;100,task:3;informational:44;navigational:8;commercial:29;transactional:16
Leleo Móveis Brasil,br,24,58,1,714,65;84;84;83;68;74;73;100;87;74;74;73,task:1;informational:11;navigational:72;commercial:7;transactional:9
Adegas e Cervejeiras Elettromec,br,24,30,1,639,74;92;94;89;83;97;97;100;93;94;93;92,task:7;informational:38;navigational:18;commercial:16;transactional:21
Reparo de Geladeiras e Lavadoras em Joinville,br,24,31,7,600,16;22;21;22;22;18;18;21;17;18;82;100,task:3;informational:35;navigational:10;commercial:47;transactional:5
Lavadoras Britânia,br,24,77,1,598,58;78;85;76;75;87;88;76;74;75;78;100,task:4;informational:45;navigational:13;commercial:18;transactional:20
Machines à laver,br,24,34,2,598,24;66;70;56;52;42;40;100;76;53;51;52,task:4;informational:64;navigational:4;commercial:22;transactional:6
Lavadoras Electrolux 7kg,br,24,39,2,539,44;97;100;89;55;56;58;57;55;46;41;52,task:3;informational:39;navigational:7;commercial:21;transactional:30
Fogões Dako Supreme com Timer de Vidro,br,24,62,1,464,37;41;46;44;37;36;85;34;35;100;79;97,task:13;informational:42;navigational:5;commercial:20;transactional:20
Peças para Ar Condicionado Consul,br,24,33,3,446,57;66;68;52;51;50;54;72;43;99;87;100,task:2;informational:29;navigational:7;commercial:48;transactional:14
Hiper Móveis e Eletro,br,24,47,1,423,34;37;37;36;64;37;38;100;36;40;23;23,task:2;informational:40;navigational:36;commercial:14;transactional:8
Tecnolar: Distribuição de Peças e Acessórios,br,24,64,5,417,52;94;100;94;91;75;75;94;83;79;71;73,task:7;informational:20;navigational:38;commercial:27;transactional:8
Coifas para fogão de 6 bocas,br,24,52,4,386,33;56;80;66;55;51;37;100;81;35;32;38,task:2;informational:35;navigational:4;commercial:49;transactional:10
Fogões Gazin,br,24,48,3,372,33;46;46;39;52;58;72;40;91;100;38;39,task:7;informational:27;navigational:36;commercial:11;transactional:19
Frases populares brasileiras,br,24,64,3,372,26;73;76;66;64;43;29;100;46;29;35;34,task:3;informational:65;navigational:7;commercial:19;transactional:6
Geladeiras CRB36 Consul,br,24,81,1,354,59;72;78;72;71;72;69;57;53;100;90;92,task:2;informational:64;navigational:10;commercial:21;transactional:3
Geladeiras Liebherr,br,24,49,1,352,10;12;14;22;100;80;53;30;21;62;45;84,task:3;informational:43;navigational:12;commercial:15;transactional:27
Refrigeração Refricenter Brasil,br,24,30,12,343,41;72;75;100;58;71;69;72;70;79;81;81,task:3;informational:12;navigational:70;commercial:10;transactional:5
"Lavadoras de roupas 8,5 kg",br,24,59,2,303,13;29;29;22;24;35;40;100;66;66;39;43,task:10;informational:48;navigational:4;commercial:34;transactional:4
Vantec Máquinas e Soluções,br,24,29,1,262,33;60;70;43;81;100;40;38;38;76;68;65,task:3;informational:28;navigational:57;commercial:7;transactional:5
Adegas com Coolers,br,24,41,7,242,43;72;83;59;87;75;66;77;66;100;90;100,task:7;informational:53;navigational:5;commercial:23;transactional:12
Consel Serviços e Concursos,br,24,44,2,225,11;11;12;60;61;69;48;100;81;77;66;17,task:7;informational:33;navigational:42;commercial:11;transactional:7
Luzitana Refrigeração e Assistência Técnica,br,24,33,1,217,29;38;44;40;30;32;31;45;81;100;31;31,task:4;informational:40;navigational:30;commercial:16;transactional:10
Botões de Cooktop Fischer,br,24,72,1,215,92;98;100;96;94;93;94;94;78;80;79;79,task:5;informational:54;navigational:4;commercial:25;transactional:12
Cervejeiras Esmaltec,br,24,53,1,209,10;15;19;16;16;26;19;100;82;23;20;22,task:3;informational:43;navigational:33;commercial:8;transactional:13
Fogões Gourmet e Profissionais,br,24,38,9,209,13;16;17;20;19;19;38;100;76;28;26;33,task:7;informational:41;navigational:8;commercial:33;transactional:11
Peças grátis Freemaq Campinas,br,24,48,3,184,48;53;58;54;55;73;70;100;81;69;72;67,task:3;informational:39;navigational:30;commercial:20;transactional:8
Refrigeração Pinguim,br,24,64,1,181,79;90;96;94;94;97;97;98;96;100;100;100,task:3;informational:28;navigational:34;commercial:31;transactional:4
Fogões Smeg e Cooktops,br,24,28,1,179,33;36;39;99;100;43;42;53;49;47;49;47,task:3;informational:44;navigational:12;commercial:18;transactional:23
Geladeiras Consul 360 litros,br,24,87,1,175,16;23;27;21;34;30;50;100;62;30;30;21,task:3;informational:38;navigational:23;commercial:31;transactional:5
Fornos Kilocal,br,24,42,1,142,78;78;86;88;86;87;88;94;96;96;100;96,task:7;informational:21;navigational:51;commercial:10;transactional:11
Refrigeração Reconfrio,br,24,38,1,136,76;82;84;84;84;86;86;92;100;100;100;100,task:3;informational:12;navigational:67;commercial:10;transactional:8
Glacial Refrigeração e Peças,br,24,33,1,112,21;22;23;21;35;20;20;20;24;24;100;27,task:3;informational:21;navigational:41;commercial:31;transactional:4
Metalurgia e Bimetal Cuiabá,br,24,46,1,97,49;100;91;59;61;60;60;63;61;57;57;57,task:7;informational:25;navigational:33;commercial:20;transactional:15
Cozinha Modular com Cooktop,br,24,58,1,79,26;48;74;72;100;100;66;57;58;24;24;24,task:3;informational:59;navigational:1;commercial:29;transactional:8
União Refrigeração,br,24,47,1,53,22;25;30;29;37;27;27;28;100;97;41;26,task:1;informational:34;navigational:35;commercial:28;transactional:2
Micro-ondas: Não Esquentando,br,23,60,5,27577,79;85;88;94;97;98;98;99;100;100;100;100,task:8;informational:75;navigational:4;commercial:5;transactional:8
Vedação de Geladeira: borrachas e gaxetas,br,23,62,9,23867,21;24;33;67;91;91;91;99;100;100;100;100,task:5;informational:63;navigational:4;commercial:16;transactional:12
Açúcar para cozinha e fogão,br,23,69,4,21388,33;34;35;42;87;88;87;99;100;100;100;100,task:5;informational:49;navigational:4;commercial:34;transactional:8
Panelas para lava-louças,br,23,33,3,12385,26;32;49;62;93;94;95;94;100;100;100;100,task:5;informational:61;navigational:6;commercial:19;transactional:9
Pratos de Micro-ondas,br,23,40,4,10088,22;28;35;50;91;93;93;100;94;94;94;94,task:5;informational:56;navigational:4;commercial:26;transactional:9
Resistências de fornos elétricos,br,23,33,4,8648,27;31;19;48;76;77;77;100;95;95;94;94,task:2;informational:64;navigational:4;commercial:20;transactional:10
Geladeiras Electrolux 480 litros,br,23,46,3,8543,71;80;45;100;48;49;50;52;55;55;55;55,task:2;informational:60;navigational:10;commercial:20;transactional:8
Peças de Refrigeração,br,23,63,3,7894,67;97;100;92;64;65;65;69;72;72;72;71,task:8;informational:48;navigational:20;commercial:16;transactional:8
Cooktops Philco de Indução,br,23,70,3,5195,88;97;100;100;46;47;47;47;50;50;50;49,task:2;informational:45;navigational:16;commercial:18;transactional:19
Fogões Dako Diplomata 5 Bocas com Grill,br,23,50,2,4951,85;97;100;55;74;75;76;63;62;63;67;64,task:8;informational:37;navigational:5;commercial:25;transactional:25
Casas Bahia Tech: iPhones e Eletrodomésticos,br,23,44,3,4906,89;98;100;48;47;48;49;50;51;51;52;51,task:2;informational:50;navigational:20;commercial:10;transactional:18
Micro-ondas Electrolux 36L,br,23,48,2,4535,86;97;100;53;54;55;55;54;54;64;61;59,task:2;informational:41;navigational:15;commercial:21;transactional:21
Peças para Micro-ondas e Eletrodomésticos,br,23,60,12,4114,23;33;40;55;98;100;100;73;61;61;62;62,task:10;informational:42;navigational:4;commercial:28;transactional:16
Kitchen Renovation & Makeover Ideas,br,23,63,1,3693,77;95;100;83;37;38;38;82;78;78;78;78,task:8;informational:75;navigational:2;commercial:10;transactional:5
Coifas de Parede 90 cm,br,23,28,6,3677,88;100;100;68;87;90;91;74;70;70;73;73,informational:31;navigational:1;commercial:55;transactional:13
Microwave Appliances & Terminology,br,23,57,3,2996,31;37;37;37;97;97;95;100;97;97;98;98,task:2;informational:61;navigational:1;commercial:32;transactional:4
Forno a gás no Brasil,br,23,20,4,2880,84;98;99;62;96;100;100;91;93;93;92;92,task:2;informational:56;navigational:4;commercial:32;transactional:6
Freezers: melhores preços e marcas,br,23,48,13,2330,23;31;30;73;96;99;100;83;100;100;97;100,task:5;informational:24;navigational:4;commercial:57;transactional:10
Eletrobombas para eletrodomésticos,br,23,51,13,2251,54;62;63;41;42;44;44;84;84;85;95;100,informational:54;navigational:4;commercial:30;transactional:12
Eletrodomésticos Havan,br,23,47,9,2021,83;100;54;63;63;67;68;60;58;56;57;57,task:1;informational:26;navigational:41;commercial:9;transactional:23
Forno de Embutir Philco,br,23,87,1,1916,69;95;95;89;76;82;87;70;78;78;95;100,task:3;informational:30;navigational:26;commercial:20;transactional:21
Geladeiras Samsung Inverter RT46,br,23,92,1,1849,39;81;82;71;75;49;48;100;61;86;73;79,task:5;informational:50;navigational:28;commercial:8;transactional:9
Geladeiras LG 451 L,br,23,75,1,1800,10;34;37;32;41;36;31;54;83;100;73;84,task:3;informational:41;navigational:18;commercial:17;transactional:21
Geladeiras Electrolux de vidro preto,br,23,77,1,1697,6;20;25;7;36;24;24;71;59;100;89;91,task:3;informational:54;navigational:2;commercial:21;transactional:20
Micro-ondas Fischer Embutir,br,23,61,1,1662,79;89;87;63;63;64;67;85;91;99;100;97,task:2;informational:41;navigational:15;commercial:18;transactional:24
Geladeiras Midea 411 litros,br,23,81,1,1643,70;81;83;72;67;71;72;61;85;100;67;67,task:5;informational:61;navigational:6;commercial:16;transactional:12
fornos elétricos Fischer 44L,br,23,42,2,1623,84;96;96;93;96;98;100;88;52;53;100;100,task:2;informational:49;navigational:22;commercial:15;transactional:12
Forno Elétrico de Embutir,br,23,40,5,1560,84;99;100;98;86;88;97;66;67;69;69;69,task:5;informational:41;navigational:4;commercial:39;transactional:11
Fogões Esmaltec Ágata de 5 bocas,br,23,58,1,1454,71;99;100;92;83;88;89;85;95;95;95;94,task:3;informational:24;navigational:24;commercial:31;transactional:18
Geladeiras Smeg,br,23,55,1,1443,54;74;75;71;78;89;90;91;95;96;98;100,task:10;informational:53;navigational:6;commercial:18;transactional:13
Fogões a gás: tipos e modelos,br,23,56,3,1320,56;66;70;100;97;99;99;47;56;75;68;70,task:3;informational:63;navigational:2;commercial:24;transactional:8
Miele Eletrodomésticos Brasil,br,23,48,1,1311,21;26;27;27;99;100;98;30;30;30;30;30,informational:46;navigational:41;commercial:9;transactional:4
Consórcios de Eletrodomésticos e Móveis,br,23,33,3,1293,51;56;56;43;57;62;62;100;54;60;69;64,task:2;informational:52;navigational:4;commercial:38;transactional:4
LG lava e seca 10kg,br,23,54,3,1254,48;81;91;76;64;51;50;98;63;77;85;100,task:5;informational:21;navigational:10;commercial:20;transactional:44
Fogões Esmaltec Veneza 4 Bocas,br,23,46,2,1225,64;93;100;57;57;53;62;96;72;95;75;92,task:2;informational:36;navigational:24;commercial:33;transactional:5
geladeira Electrolux IB54S,br,23,73,1,1223,11;52;61;41;29;30;50;100;67;85;59;75,task:3;informational:43;navigational:35;commercial:9;transactional:10
Grelhas e Grades para Forno,br,23,55,8,1210,29;37;38;48;74;83;77;58;93;100;98;100,task:5;informational:34;navigational:1;commercial:46;transactional:14
Geladeiras BB53 Panasonic Frost Free 425L,br,23,46,2,1190,7;35;40;28;24;28;26;67;45;100;76;71,task:7;informational:37;navigational:8;commercial:28;transactional:20
borrachas para máquina de lavar,br,23,55,12,1181,28;35;34;58;67;53;48;100;62;69;66;76,task:2;informational:55;navigational:5;commercial:18;transactional:20
